/* GENERATED FILE — DO NOT EDIT.
 *
 * Regenerate with:  tools/build_shaders.py action_skybox
 * Source:           src/shaders/action_skybox.vert.glsl
 *
 * Committed on purpose: the hermetic build (`snesbuild build --hermetic`)
 * compiles with a pinned `zig cc` and nothing else, so no shader toolchain may
 * be required at build time. See tools/build_shaders.py for the full rationale.
 *
 * MSL is NUL-terminated source text (Metal compiles it at load); SPIR-V and
 * DXIL are binary modules consumed by Vulkan and D3D12. Pass the matching
 * *Size constant to SDL_GPUShaderCreateInfo.code_size — for MSL that EXCLUDES
 * the terminator.
 */
#ifndef AR_SHADER_ACTION_SKYBOX_VERT_H
#define AR_SHADER_ACTION_SKYBOX_VERT_H

static const unsigned char kActionSkyboxVertMSL[] = {
    0x23, 0x70, 0x72, 0x61, 0x67, 0x6d, 0x61, 0x20, 0x63, 0x6c, 0x61, 0x6e,
    0x67, 0x20, 0x64, 0x69, 0x61, 0x67, 0x6e, 0x6f, 0x73, 0x74, 0x69, 0x63,
    0x20, 0x69, 0x67, 0x6e, 0x6f, 0x72, 0x65, 0x64, 0x20, 0x22, 0x2d, 0x57,
    0x6d, 0x69, 0x73, 0x73, 0x69, 0x6e, 0x67, 0x2d, 0x70, 0x72, 0x6f, 0x74,
    0x6f, 0x74, 0x79, 0x70, 0x65, 0x73, 0x22, 0x0a, 0x23, 0x70, 0x72, 0x61,
    0x67, 0x6d, 0x61, 0x20, 0x63, 0x6c, 0x61, 0x6e, 0x67, 0x20, 0x64, 0x69,
    0x61, 0x67, 0x6e, 0x6f, 0x73, 0x74, 0x69, 0x63, 0x20, 0x69, 0x67, 0x6e,
    0x6f, 0x72, 0x65, 0x64, 0x20, 0x22, 0x2d, 0x57, 0x6d, 0x69, 0x73, 0x73,
    0x69, 0x6e, 0x67, 0x2d, 0x62, 0x72, 0x61, 0x63, 0x65, 0x73, 0x22, 0x0a,
    0x0a, 0x23, 0x69, 0x6e, 0x63, 0x6c, 0x75, 0x64, 0x65, 0x20, 0x3c, 0x6d,
    0x65, 0x74, 0x61, 0x6c, 0x5f, 0x73, 0x74, 0x64, 0x6c, 0x69, 0x62, 0x3e,
    0x0a, 0x23, 0x69, 0x6e, 0x63, 0x6c, 0x75, 0x64, 0x65, 0x20, 0x3c, 0x73,
    0x69, 0x6d, 0x64, 0x2f, 0x73, 0x69, 0x6d, 0x64, 0x2e, 0x68, 0x3e, 0x0a,
    0x0a, 0x75, 0x73, 0x69, 0x6e, 0x67, 0x20, 0x6e, 0x61, 0x6d, 0x65, 0x73,
    0x70, 0x61, 0x63, 0x65, 0x20, 0x6d, 0x65, 0x74, 0x61, 0x6c, 0x3b, 0x0a,
    0x0a, 0x74, 0x65, 0x6d, 0x70, 0x6c, 0x61, 0x74, 0x65, 0x3c, 0x74, 0x79,
    0x70, 0x65, 0x6e, 0x61, 0x6d, 0x65, 0x20, 0x54, 0x2c, 0x20, 0x73, 0x69,
    0x7a, 0x65, 0x5f, 0x74, 0x20, 0x4e, 0x75, 0x6d, 0x3e, 0x0a, 0x73, 0x74,
    0x72, 0x75, 0x63, 0x74, 0x20, 0x73, 0x70, 0x76, 0x55, 0x6e, 0x73, 0x61,
    0x66, 0x65, 0x41, 0x72, 0x72, 0x61, 0x79, 0x0a, 0x7b, 0x0a, 0x20, 0x20,
    0x20, 0x20, 0x54, 0x20, 0x65, 0x6c, 0x65, 0x6d, 0x65, 0x6e, 0x74, 0x73,
    0x5b, 0x4e, 0x75, 0x6d, 0x20, 0x3f, 0x20, 0x4e, 0x75, 0x6d, 0x20, 0x3a,
    0x20, 0x31, 0x5d, 0x3b, 0x0a, 0x20, 0x20, 0x20, 0x20, 0x0a, 0x20, 0x20,
    0x20, 0x20, 0x74, 0x68, 0x72, 0x65, 0x61, 0x64, 0x20, 0x54, 0x26, 0x20,
    0x6f, 0x70, 0x65, 0x72, 0x61, 0x74, 0x6f, 0x72, 0x20, 0x5b, 0x5d, 0x20,
    0x28, 0x73, 0x69, 0x7a, 0x65, 0x5f, 0x74, 0x20, 0x70, 0x6f, 0x73, 0x29,
    0x20, 0x74, 0x68, 0x72, 0x65, 0x61, 0x64, 0x0a, 0x20, 0x20, 0x20, 0x20,
    0x7b, 0x0a, 0x20, 0x20, 0x20, 0x20, 0x20, 0x20, 0x20, 0x20, 0x72, 0x65,
    0x74, 0x75, 0x72, 0x6e, 0x20, 0x65, 0x6c, 0x65, 0x6d, 0x65, 0x6e, 0x74,
    0x73, 0x5b, 0x70, 0x6f, 0x73, 0x5d, 0x3b, 0x0a, 0x20, 0x20, 0x20, 0x20,
    0x7d, 0x0a, 0x20, 0x20, 0x20, 0x20, 0x63, 0x6f, 0x6e, 0x73, 0x74, 0x65,
    0x78, 0x70, 0x72, 0x20, 0x63, 0x6f, 0x6e, 0x73, 0x74, 0x20, 0x74, 0x68,
    0x72, 0x65, 0x61, 0x64, 0x20, 0x54, 0x26, 0x20, 0x6f, 0x70, 0x65, 0x72,
    0x61, 0x74, 0x6f, 0x72, 0x20, 0x5b, 0x5d, 0x20, 0x28, 0x73, 0x69, 0x7a,
    0x65, 0x5f, 0x74, 0x20, 0x70, 0x6f, 0x73, 0x29, 0x20, 0x63, 0x6f, 0x6e,
    0x73, 0x74, 0x20, 0x74, 0x68, 0x72, 0x65, 0x61, 0x64, 0x0a, 0x20, 0x20,
    0x20, 0x20, 0x7b, 0x0a, 0x20, 0x20, 0x20, 0x20, 0x20, 0x20, 0x20, 0x20,
    0x72, 0x65, 0x74, 0x75, 0x72, 0x6e, 0x20, 0x65, 0x6c, 0x65, 0x6d, 0x65,
    0x6e, 0x74, 0x73, 0x5b, 0x70, 0x6f, 0x73, 0x5d, 0x3b, 0x0a, 0x20, 0x20,
    0x20, 0x20, 0x7d, 0x0a, 0x20, 0x20, 0x20, 0x20, 0x0a, 0x20, 0x20, 0x20,
    0x20, 0x64, 0x65, 0x76, 0x69, 0x63, 0x65, 0x20, 0x54, 0x26, 0x20, 0x6f,
    0x70, 0x65, 0x72, 0x61, 0x74, 0x6f, 0x72, 0x20, 0x5b, 0x5d, 0x20, 0x28,
    0x73, 0x69, 0x7a, 0x65, 0x5f, 0x74, 0x20, 0x70, 0x6f, 0x73, 0x29, 0x20,
    0x64, 0x65, 0x76, 0x69, 0x63, 0x65, 0x0a, 0x20, 0x20, 0x20, 0x20, 0x7b,
    0x0a, 0x20, 0x20, 0x20, 0x20, 0x20, 0x20, 0x20, 0x20, 0x72, 0x65, 0x74,
    0x75, 0x72, 0x6e, 0x20, 0x65, 0x6c, 0x65, 0x6d, 0x65, 0x6e, 0x74, 0x73,
    0x5b, 0x70, 0x6f, 0x73, 0x5d, 0x3b, 0x0a, 0x20, 0x20, 0x20, 0x20, 0x7d,
    0x0a, 0x20, 0x20, 0x20, 0x20, 0x63, 0x6f, 0x6e, 0x73, 0x74, 0x65, 0x78,
    0x70, 0x72, 0x20, 0x63, 0x6f, 0x6e, 0x73, 0x74, 0x20, 0x64, 0x65, 0x76,
    0x69, 0x63, 0x65, 0x20, 0x54, 0x26, 0x20, 0x6f, 0x70, 0x65, 0x72, 0x61,
    0x74, 0x6f, 0x72, 0x20, 0x5b, 0x5d, 0x20, 0x28, 0x73, 0x69, 0x7a, 0x65,
    0x5f, 0x74, 0x20, 0x70, 0x6f, 0x73, 0x29, 0x20, 0x63, 0x6f, 0x6e, 0x73,
    0x74, 0x20, 0x64, 0x65, 0x76, 0x69, 0x63, 0x65, 0x0a, 0x20, 0x20, 0x20,
    0x20, 0x7b, 0x0a, 0x20, 0x20, 0x20, 0x20, 0x20, 0x20, 0x20, 0x20, 0x72,
    0x65, 0x74, 0x75, 0x72, 0x6e, 0x20, 0x65, 0x6c, 0x65, 0x6d, 0x65, 0x6e,
    0x74, 0x73, 0x5b, 0x70, 0x6f, 0x73, 0x5d, 0x3b, 0x0a, 0x20, 0x20, 0x20,
    0x20, 0x7d, 0x0a, 0x20, 0x20, 0x20, 0x20, 0x0a, 0x20, 0x20, 0x20, 0x20,
    0x63, 0x6f, 0x6e, 0x73, 0x74, 0x65, 0x78, 0x70, 0x72, 0x20, 0x63, 0x6f,
    0x6e, 0x73, 0x74, 0x20, 0x63, 0x6f, 0x6e, 0x73, 0x74, 0x61, 0x6e, 0x74,
    0x20, 0x54, 0x26, 0x20, 0x6f, 0x70, 0x65, 0x72, 0x61, 0x74, 0x6f, 0x72,
    0x20, 0x5b, 0x5d, 0x20, 0x28, 0x73, 0x69, 0x7a, 0x65, 0x5f, 0x74, 0x20,
    0x70, 0x6f, 0x73, 0x29, 0x20, 0x63, 0x6f, 0x6e, 0x73, 0x74, 0x20, 0x63,
    0x6f, 0x6e, 0x73, 0x74, 0x61, 0x6e, 0x74, 0x0a, 0x20, 0x20, 0x20, 0x20,
    0x7b, 0x0a, 0x20, 0x20, 0x20, 0x20, 0x20, 0x20, 0x20, 0x20, 0x72, 0x65,
    0x74, 0x75, 0x72, 0x6e, 0x20, 0x65, 0x6c, 0x65, 0x6d, 0x65, 0x6e, 0x74,
    0x73, 0x5b, 0x70, 0x6f, 0x73, 0x5d, 0x3b, 0x0a, 0x20, 0x20, 0x20, 0x20,
    0x7d, 0x0a, 0x20, 0x20, 0x20, 0x20, 0x0a, 0x20, 0x20, 0x20, 0x20, 0x74,
    0x68, 0x72, 0x65, 0x61, 0x64, 0x67, 0x72, 0x6f, 0x75, 0x70, 0x20, 0x54,
    0x26, 0x20, 0x6f, 0x70, 0x65, 0x72, 0x61, 0x74, 0x6f, 0x72, 0x20, 0x5b,
    0x5d, 0x20, 0x28, 0x73, 0x69, 0x7a, 0x65, 0x5f, 0x74, 0x20, 0x70, 0x6f,
    0x73, 0x29, 0x20, 0x74, 0x68, 0x72, 0x65, 0x61, 0x64, 0x67, 0x72, 0x6f,
    0x75, 0x70, 0x0a, 0x20, 0x20, 0x20, 0x20, 0x7b, 0x0a, 0x20, 0x20, 0x20,
    0x20, 0x20, 0x20, 0x20, 0x20, 0x72, 0x65, 0x74, 0x75, 0x72, 0x6e, 0x20,
    0x65, 0x6c, 0x65, 0x6d, 0x65, 0x6e, 0x74, 0x73, 0x5b, 0x70, 0x6f, 0x73,
    0x5d, 0x3b, 0x0a, 0x20, 0x20, 0x20, 0x20, 0x7d, 0x0a, 0x20, 0x20, 0x20,
    0x20, 0x63, 0x6f, 0x6e, 0x73, 0x74, 0x65, 0x78, 0x70, 0x72, 0x20, 0x63,
    0x6f, 0x6e, 0x73, 0x74, 0x20, 0x74, 0x68, 0x72, 0x65, 0x61, 0x64, 0x67,
    0x72, 0x6f, 0x75, 0x70, 0x20, 0x54, 0x26, 0x20, 0x6f, 0x70, 0x65, 0x72,
    0x61, 0x74, 0x6f, 0x72, 0x20, 0x5b, 0x5d, 0x20, 0x28, 0x73, 0x69, 0x7a,
    0x65, 0x5f, 0x74, 0x20, 0x70, 0x6f, 0x73, 0x29, 0x20, 0x63, 0x6f, 0x6e,
    0x73, 0x74, 0x20, 0x74, 0x68, 0x72, 0x65, 0x61, 0x64, 0x67, 0x72, 0x6f,
    0x75, 0x70, 0x0a, 0x20, 0x20, 0x20, 0x20, 0x7b, 0x0a, 0x20, 0x20, 0x20,
    0x20, 0x20, 0x20, 0x20, 0x20, 0x72, 0x65, 0x74, 0x75, 0x72, 0x6e, 0x20,
    0x65, 0x6c, 0x65, 0x6d, 0x65, 0x6e, 0x74, 0x73, 0x5b, 0x70, 0x6f, 0x73,
    0x5d, 0x3b, 0x0a, 0x20, 0x20, 0x20, 0x20, 0x7d, 0x0a, 0x7d, 0x3b, 0x0a,
    0x0a, 0x74, 0x65, 0x6d, 0x70, 0x6c, 0x61, 0x74, 0x65, 0x3c, 0x74, 0x79,
    0x70, 0x65, 0x6e, 0x61, 0x6d, 0x65, 0x20, 0x54, 0x3e, 0x0a, 0x5b, 0x5b,
    0x63, 0x6c, 0x61, 0x6e, 0x67, 0x3a, 0x3a, 0x6f, 0x70, 0x74, 0x6e, 0x6f,
    0x6e, 0x65, 0x5d, 0x5d, 0x20, 0x54, 0x20, 0x73, 0x70, 0x76, 0x46, 0x4d,
    0x75, 0x6c, 0x28, 0x54, 0x20, 0x6c, 0x2c, 0x20, 0x54, 0x20, 0x72, 0x29,
    0x0a, 0x7b, 0x0a, 0x20, 0x20, 0x20, 0x20, 0x72, 0x65, 0x74, 0x75, 0x72,
    0x6e, 0x20, 0x66, 0x6d, 0x61, 0x28, 0x6c, 0x2c, 0x20, 0x72, 0x2c, 0x20,
    0x54, 0x28, 0x30, 0x29, 0x29, 0x3b, 0x0a, 0x7d, 0x0a, 0x0a, 0x74, 0x65,
    0x6d, 0x70, 0x6c, 0x61, 0x74, 0x65, 0x3c, 0x74, 0x79, 0x70, 0x65, 0x6e,
    0x61, 0x6d, 0x65, 0x20, 0x54, 0x2c, 0x20, 0x69, 0x6e, 0x74, 0x20, 0x43,
    0x6f, 0x6c, 0x73, 0x2c, 0x20, 0x69, 0x6e, 0x74, 0x20, 0x52, 0x6f, 0x77,
    0x73, 0x3e, 0x0a, 0x5b, 0x5b, 0x63, 0x6c, 0x61, 0x6e, 0x67, 0x3a, 0x3a,
    0x6f, 0x70, 0x74, 0x6e, 0x6f, 0x6e, 0x65, 0x5d, 0x5d, 0x20, 0x76, 0x65,
    0x63, 0x3c, 0x54, 0x2c, 0x20, 0x43, 0x6f, 0x6c, 0x73, 0x3e, 0x20, 0x73,
    0x70, 0x76, 0x46, 0x4d, 0x75, 0x6c, 0x56, 0x65, 0x63, 0x74, 0x6f, 0x72,
    0x4d, 0x61, 0x74, 0x72, 0x69, 0x78, 0x28, 0x76, 0x65, 0x63, 0x3c, 0x54,
    0x2c, 0x20, 0x52, 0x6f, 0x77, 0x73, 0x3e, 0x20, 0x76, 0x2c, 0x20, 0x6d,
    0x61, 0x74, 0x72, 0x69, 0x78, 0x3c, 0x54, 0x2c, 0x20, 0x43, 0x6f, 0x6c,
    0x73, 0x2c, 0x20, 0x52, 0x6f, 0x77, 0x73, 0x3e, 0x20, 0x6d, 0x29, 0x0a,
    0x7b, 0x0a, 0x20, 0x20, 0x20, 0x20, 0x76, 0x65, 0x63, 0x3c, 0x54, 0x2c,
    0x20, 0x43, 0x6f, 0x6c, 0x73, 0x3e, 0x20, 0x72, 0x65, 0x73, 0x20, 0x3d,
    0x20, 0x76, 0x65, 0x63, 0x3c, 0x54, 0x2c, 0x20, 0x43, 0x6f, 0x6c, 0x73,
    0x3e, 0x28, 0x30, 0x29, 0x3b, 0x0a, 0x20, 0x20, 0x20, 0x20, 0x66, 0x6f,
    0x72, 0x20, 0x28, 0x75, 0x69, 0x6e, 0x74, 0x20, 0x69, 0x20, 0x3d, 0x20,
    0x52, 0x6f, 0x77, 0x73, 0x3b, 0x20, 0x69, 0x20, 0x3e, 0x20, 0x30, 0x3b,
    0x20, 0x2d, 0x2d, 0x69, 0x29, 0x0a, 0x20, 0x20, 0x20, 0x20, 0x7b, 0x0a,
    0x20, 0x20, 0x20, 0x20, 0x20, 0x20, 0x20, 0x20, 0x76, 0x65, 0x63, 0x3c,
    0x54, 0x2c, 0x20, 0x43, 0x6f, 0x6c, 0x73, 0x3e, 0x20, 0x74, 0x6d, 0x70,
    0x28, 0x30, 0x29, 0x3b, 0x0a, 0x20, 0x20, 0x20, 0x20, 0x20, 0x20, 0x20,
    0x20, 0x66, 0x6f, 0x72, 0x20, 0x28, 0x75, 0x69, 0x6e, 0x74, 0x20, 0x6a,
    0x20, 0x3d, 0x20, 0x30, 0x3b, 0x20, 0x6a, 0x20, 0x3c, 0x20, 0x43, 0x6f,
    0x6c, 0x73, 0x3b, 0x20, 0x2b, 0x2b, 0x6a, 0x29, 0x0a, 0x20, 0x20, 0x20,
    0x20, 0x20, 0x20, 0x20, 0x20, 0x7b, 0x0a, 0x20, 0x20, 0x20, 0x20, 0x20,
    0x20, 0x20, 0x20, 0x20, 0x20, 0x20, 0x20, 0x74, 0x6d, 0x70, 0x5b, 0x6a,
    0x5d, 0x20, 0x3d, 0x20, 0x6d, 0x5b, 0x6a, 0x5d, 0x5b, 0x69, 0x20, 0x2d,
    0x20, 0x31, 0x5d, 0x3b, 0x0a, 0x20, 0x20, 0x20, 0x20, 0x20, 0x20, 0x20,
    0x20, 0x7d, 0x0a, 0x20, 0x20, 0x20, 0x20, 0x20, 0x20, 0x20, 0x20, 0x72,
    0x65, 0x73, 0x20, 0x3d, 0x20, 0x66, 0x6d, 0x61, 0x28, 0x74, 0x6d, 0x70,
    0x2c, 0x20, 0x76, 0x65, 0x63, 0x3c, 0x54, 0x2c, 0x20, 0x43, 0x6f, 0x6c,
    0x73, 0x3e, 0x28, 0x76, 0x5b, 0x69, 0x20, 0x2d, 0x20, 0x31, 0x5d, 0x29,
    0x2c, 0x20, 0x72, 0x65, 0x73, 0x29, 0x3b, 0x0a, 0x20, 0x20, 0x20, 0x20,
    0x7d, 0x0a, 0x20, 0x20, 0x20, 0x20, 0x72, 0x65, 0x74, 0x75, 0x72, 0x6e,
    0x20, 0x72, 0x65, 0x73, 0x3b, 0x0a, 0x7d, 0x0a, 0x0a, 0x74, 0x65, 0x6d,
    0x70, 0x6c, 0x61, 0x74, 0x65, 0x3c, 0x74, 0x79, 0x70, 0x65, 0x6e, 0x61,
    0x6d, 0x65, 0x20, 0x54, 0x2c, 0x20, 0x69, 0x6e, 0x74, 0x20, 0x43, 0x6f,
    0x6c, 0x73, 0x2c, 0x20, 0x69, 0x6e, 0x74, 0x20, 0x52, 0x6f, 0x77, 0x73,
    0x3e, 0x0a, 0x5b, 0x5b, 0x63, 0x6c, 0x61, 0x6e, 0x67, 0x3a, 0x3a, 0x6f,
    0x70, 0x74, 0x6e, 0x6f, 0x6e, 0x65, 0x5d, 0x5d, 0x20, 0x76, 0x65, 0x63,
    0x3c, 0x54, 0x2c, 0x20, 0x52, 0x6f, 0x77, 0x73, 0x3e, 0x20, 0x73, 0x70,
    0x76, 0x46, 0x4d, 0x75, 0x6c, 0x4d, 0x61, 0x74, 0x72, 0x69, 0x78, 0x56,
    0x65, 0x63, 0x74, 0x6f, 0x72, 0x28, 0x6d, 0x61, 0x74, 0x72, 0x69, 0x78,
    0x3c, 0x54, 0x2c, 0x20, 0x43, 0x6f, 0x6c, 0x73, 0x2c, 0x20, 0x52, 0x6f,
    0x77, 0x73, 0x3e, 0x20, 0x6d, 0x2c, 0x20, 0x76, 0x65, 0x63, 0x3c, 0x54,
    0x2c, 0x20, 0x43, 0x6f, 0x6c, 0x73, 0x3e, 0x20, 0x76, 0x29, 0x0a, 0x7b,
    0x0a, 0x20, 0x20, 0x20, 0x20, 0x76, 0x65, 0x63, 0x3c, 0x54, 0x2c, 0x20,
    0x52, 0x6f, 0x77, 0x73, 0x3e, 0x20, 0x72, 0x65, 0x73, 0x20, 0x3d, 0x20,
    0x76, 0x65, 0x63, 0x3c, 0x54, 0x2c, 0x20, 0x52, 0x6f, 0x77, 0x73, 0x3e,
    0x28, 0x30, 0x29, 0x3b, 0x0a, 0x20, 0x20, 0x20, 0x20, 0x66, 0x6f, 0x72,
    0x20, 0x28, 0x75, 0x69, 0x6e, 0x74, 0x20, 0x69, 0x20, 0x3d, 0x20, 0x43,
    0x6f, 0x6c, 0x73, 0x3b, 0x20, 0x69, 0x20, 0x3e, 0x20, 0x30, 0x3b, 0x20,
    0x2d, 0x2d, 0x69, 0x29, 0x0a, 0x20, 0x20, 0x20, 0x20, 0x7b, 0x0a, 0x20,
    0x20, 0x20, 0x20, 0x20, 0x20, 0x20, 0x20, 0x72, 0x65, 0x73, 0x20, 0x3d,
    0x20, 0x66, 0x6d, 0x61, 0x28, 0x6d, 0x5b, 0x69, 0x20, 0x2d, 0x20, 0x31,
    0x5d, 0x2c, 0x20, 0x76, 0x65, 0x63, 0x3c, 0x54, 0x2c, 0x20, 0x52, 0x6f,
    0x77, 0x73, 0x3e, 0x28, 0x76, 0x5b, 0x69, 0x20, 0x2d, 0x20, 0x31, 0x5d,
    0x29, 0x2c, 0x20, 0x72, 0x65, 0x73, 0x29, 0x3b, 0x0a, 0x20, 0x20, 0x20,
    0x20, 0x7d, 0x0a, 0x20, 0x20, 0x20, 0x20, 0x72, 0x65, 0x74, 0x75, 0x72,
    0x6e, 0x20, 0x72, 0x65, 0x73, 0x3b, 0x0a, 0x7d, 0x0a, 0x0a, 0x74, 0x65,
    0x6d, 0x70, 0x6c, 0x61, 0x74, 0x65, 0x3c, 0x74, 0x79, 0x70, 0x65, 0x6e,
    0x61, 0x6d, 0x65, 0x20, 0x54, 0x2c, 0x20, 0x69, 0x6e, 0x74, 0x20, 0x4c,
    0x43, 0x6f, 0x6c, 0x73, 0x2c, 0x20, 0x69, 0x6e, 0x74, 0x20, 0x4c, 0x52,
    0x6f, 0x77, 0x73, 0x2c, 0x20, 0x69, 0x6e, 0x74, 0x20, 0x52, 0x43, 0x6f,
    0x6c, 0x73, 0x2c, 0x20, 0x69, 0x6e, 0x74, 0x20, 0x52, 0x52, 0x6f, 0x77,
    0x73, 0x3e, 0x0a, 0x5b, 0x5b, 0x63, 0x6c, 0x61, 0x6e, 0x67, 0x3a, 0x3a,
    0x6f, 0x70, 0x74, 0x6e, 0x6f, 0x6e, 0x65, 0x5d, 0x5d, 0x20, 0x6d, 0x61,
    0x74, 0x72, 0x69, 0x78, 0x3c, 0x54, 0x2c, 0x20, 0x52, 0x43, 0x6f, 0x6c,
    0x73, 0x2c, 0x20, 0x4c, 0x52, 0x6f, 0x77, 0x73, 0x3e, 0x20, 0x73, 0x70,
    0x76, 0x46, 0x4d, 0x75, 0x6c, 0x4d, 0x61, 0x74, 0x72, 0x69, 0x78, 0x4d,
    0x61, 0x74, 0x72, 0x69, 0x78, 0x28, 0x6d, 0x61, 0x74, 0x72, 0x69, 0x78,
    0x3c, 0x54, 0x2c, 0x20, 0x4c, 0x43, 0x6f, 0x6c, 0x73, 0x2c, 0x20, 0x4c,
    0x52, 0x6f, 0x77, 0x73, 0x3e, 0x20, 0x6c, 0x2c, 0x20, 0x6d, 0x61, 0x74,
    0x72, 0x69, 0x78, 0x3c, 0x54, 0x2c, 0x20, 0x52, 0x43, 0x6f, 0x6c, 0x73,
    0x2c, 0x20, 0x52, 0x52, 0x6f, 0x77, 0x73, 0x3e, 0x20, 0x72, 0x29, 0x0a,
    0x7b, 0x0a, 0x20, 0x20, 0x20, 0x20, 0x6d, 0x61, 0x74, 0x72, 0x69, 0x78,
    0x3c, 0x54, 0x2c, 0x20, 0x52, 0x43, 0x6f, 0x6c, 0x73, 0x2c, 0x20, 0x4c,
    0x52, 0x6f, 0x77, 0x73, 0x3e, 0x20, 0x72, 0x65, 0x73, 0x3b, 0x0a, 0x20,
    0x20, 0x20, 0x20, 0x66, 0x6f, 0x72, 0x20, 0x28, 0x75, 0x69, 0x6e, 0x74,
    0x20, 0x69, 0x20, 0x3d, 0x20, 0x30, 0x3b, 0x20, 0x69, 0x20, 0x3c, 0x20,
    0x52, 0x43, 0x6f, 0x6c, 0x73, 0x3b, 0x20, 0x69, 0x2b, 0x2b, 0x29, 0x0a,
    0x20, 0x20, 0x20, 0x20, 0x7b, 0x0a, 0x20, 0x20, 0x20, 0x20, 0x20, 0x20,
    0x20, 0x20, 0x76, 0x65, 0x63, 0x3c, 0x54, 0x2c, 0x20, 0x52, 0x43, 0x6f,
    0x6c, 0x73, 0x3e, 0x20, 0x74, 0x6d, 0x70, 0x28, 0x30, 0x29, 0x3b, 0x0a,
    0x20, 0x20, 0x20, 0x20, 0x20, 0x20, 0x20, 0x20, 0x66, 0x6f, 0x72, 0x20,
    0x28, 0x75, 0x69, 0x6e, 0x74, 0x20, 0x6a, 0x20, 0x3d, 0x20, 0x30, 0x3b,
    0x20, 0x6a, 0x20, 0x3c, 0x20, 0x4c, 0x43, 0x6f, 0x6c, 0x73, 0x3b, 0x20,
    0x6a, 0x2b, 0x2b, 0x29, 0x0a, 0x20, 0x20, 0x20, 0x20, 0x20, 0x20, 0x20,
    0x20, 0x7b, 0x0a, 0x20, 0x20, 0x20, 0x20, 0x20, 0x20, 0x20, 0x20, 0x20,
    0x20, 0x20, 0x20, 0x74, 0x6d, 0x70, 0x20, 0x3d, 0x20, 0x66, 0x6d, 0x61,
    0x28, 0x76, 0x65, 0x63, 0x3c, 0x54, 0x2c, 0x20, 0x52, 0x43, 0x6f, 0x6c,
    0x73, 0x3e, 0x28, 0x72, 0x5b, 0x69, 0x5d, 0x5b, 0x6a, 0x5d, 0x29, 0x2c,
    0x20, 0x6c, 0x5b, 0x6a, 0x5d, 0x2c, 0x20, 0x74, 0x6d, 0x70, 0x29, 0x3b,
    0x0a, 0x20, 0x20, 0x20, 0x20, 0x20, 0x20, 0x20, 0x20, 0x7d, 0x0a, 0x20,
    0x20, 0x20, 0x20, 0x20, 0x20, 0x20, 0x20, 0x72, 0x65, 0x73, 0x5b, 0x69,
    0x5d, 0x20, 0x3d, 0x20, 0x74, 0x6d, 0x70, 0x3b, 0x0a, 0x20, 0x20, 0x20,
    0x20, 0x7d, 0x0a, 0x20, 0x20, 0x20, 0x20, 0x72, 0x65, 0x74, 0x75, 0x72,
    0x6e, 0x20, 0x72, 0x65, 0x73, 0x3b, 0x0a, 0x7d, 0x0a, 0x0a, 0x74, 0x65,
    0x6d, 0x70, 0x6c, 0x61, 0x74, 0x65, 0x3c, 0x74, 0x79, 0x70, 0x65, 0x6e,
    0x61, 0x6d, 0x65, 0x20, 0x54, 0x3e, 0x0a, 0x5b, 0x5b, 0x63, 0x6c, 0x61,
    0x6e, 0x67, 0x3a, 0x3a, 0x6f, 0x70, 0x74, 0x6e, 0x6f, 0x6e, 0x65, 0x5d,
    0x5d, 0x20, 0x54, 0x20, 0x73, 0x70, 0x76, 0x46, 0x41, 0x64, 0x64, 0x28,
    0x54, 0x20, 0x6c, 0x2c, 0x20, 0x54, 0x20, 0x72, 0x29, 0x0a, 0x7b, 0x0a,
    0x20, 0x20, 0x20, 0x20, 0x72, 0x65, 0x74, 0x75, 0x72, 0x6e, 0x20, 0x66,
    0x6d, 0x61, 0x28, 0x54, 0x28, 0x31, 0x29, 0x2c, 0x20, 0x6c, 0x2c, 0x20,
    0x72, 0x29, 0x3b, 0x0a, 0x7d, 0x0a, 0x0a, 0x74, 0x65, 0x6d, 0x70, 0x6c,
    0x61, 0x74, 0x65, 0x3c, 0x74, 0x79, 0x70, 0x65, 0x6e, 0x61, 0x6d, 0x65,
    0x20, 0x54, 0x3e, 0x0a, 0x5b, 0x5b, 0x63, 0x6c, 0x61, 0x6e, 0x67, 0x3a,
    0x3a, 0x6f, 0x70, 0x74, 0x6e, 0x6f, 0x6e, 0x65, 0x5d, 0x5d, 0x20, 0x54,
    0x20, 0x73, 0x70, 0x76, 0x46, 0x53, 0x75, 0x62, 0x28, 0x54, 0x20, 0x6c,
    0x2c, 0x20, 0x54, 0x20, 0x72, 0x29, 0x0a, 0x7b, 0x0a, 0x20, 0x20, 0x20,
    0x20, 0x72, 0x65, 0x74, 0x75, 0x72, 0x6e, 0x20, 0x66, 0x6d, 0x61, 0x28,
    0x54, 0x28, 0x2d, 0x31, 0x29, 0x2c, 0x20, 0x72, 0x2c, 0x20, 0x6c, 0x29,
    0x3b, 0x0a, 0x7d, 0x0a, 0x0a, 0x73, 0x74, 0x72, 0x75, 0x63, 0x74, 0x20,
    0x53, 0x6b, 0x79, 0x4d, 0x61, 0x70, 0x70, 0x69, 0x6e, 0x67, 0x0a, 0x7b,
    0x0a, 0x20, 0x20, 0x20, 0x20, 0x66, 0x6c, 0x6f, 0x61, 0x74, 0x34, 0x20,
    0x6d, 0x65, 0x74, 0x61, 0x3b, 0x0a, 0x20, 0x20, 0x20, 0x20, 0x66, 0x6c,
    0x6f, 0x61, 0x74, 0x34, 0x20, 0x6f, 0x75, 0x74, 0x70, 0x75, 0x74, 0x5f,
    0x73, 0x69, 0x7a, 0x65, 0x3b, 0x0a, 0x20, 0x20, 0x20, 0x20, 0x66, 0x6c,
    0x6f, 0x61, 0x74, 0x34, 0x20, 0x76, 0x65, 0x72, 0x74, 0x69, 0x63, 0x61,
    0x6c, 0x3b, 0x0a, 0x20, 0x20, 0x20, 0x20, 0x66, 0x6c, 0x6f, 0x61, 0x74,
    0x34, 0x20, 0x66, 0x6f, 0x6c, 0x6c, 0x6f, 0x77, 0x3b, 0x0a, 0x20, 0x20,
    0x20, 0x20, 0x66, 0x6c, 0x6f, 0x61, 0x74, 0x34, 0x20, 0x66, 0x69, 0x74,
    0x3b, 0x0a, 0x20, 0x20, 0x20, 0x20, 0x73, 0x70, 0x76, 0x55, 0x6e, 0x73,
    0x61, 0x66, 0x65, 0x41, 0x72, 0x72, 0x61, 0x79, 0x3c, 0x66, 0x6c, 0x6f,
    0x61, 0x74, 0x34, 0x2c, 0x20, 0x31, 0x31, 0x3e, 0x20, 0x62, 0x61, 0x6e,
    0x64, 0x73, 0x3b, 0x0a, 0x7d, 0x3b, 0x0a, 0x0a, 0x73, 0x74, 0x72, 0x75,
    0x63, 0x74, 0x20, 0x53, 0x6b, 0x79, 0x4d, 0x61, 0x70, 0x70, 0x69, 0x6e,
    0x67, 0x5f, 0x31, 0x0a, 0x7b, 0x0a, 0x20, 0x20, 0x20, 0x20, 0x66, 0x6c,
    0x6f, 0x61, 0x74, 0x34, 0x20, 0x6d, 0x65, 0x74, 0x61, 0x3b, 0x0a, 0x20,
    0x20, 0x20, 0x20, 0x66, 0x6c, 0x6f, 0x61, 0x74, 0x34, 0x20, 0x6f, 0x75,
    0x74, 0x70, 0x75, 0x74, 0x5f, 0x73, 0x69, 0x7a, 0x65, 0x3b, 0x0a, 0x20,
    0x20, 0x20, 0x20, 0x66, 0x6c, 0x6f, 0x61, 0x74, 0x34, 0x20, 0x76, 0x65,
    0x72, 0x74, 0x69, 0x63, 0x61, 0x6c, 0x3b, 0x0a, 0x20, 0x20, 0x20, 0x20,
    0x66, 0x6c, 0x6f, 0x61, 0x74, 0x34, 0x20, 0x66, 0x6f, 0x6c, 0x6c, 0x6f,
    0x77, 0x3b, 0x0a, 0x20, 0x20, 0x20, 0x20, 0x66, 0x6c, 0x6f, 0x61, 0x74,
    0x34, 0x20, 0x66, 0x69, 0x74, 0x3b, 0x0a, 0x20, 0x20, 0x20, 0x20, 0x66,
    0x6c, 0x6f, 0x61, 0x74, 0x34, 0x20, 0x62, 0x61, 0x6e, 0x64, 0x73, 0x5b,
    0x31, 0x31, 0x5d, 0x3b, 0x0a, 0x7d, 0x3b, 0x0a, 0x0a, 0x73, 0x74, 0x72,
    0x75, 0x63, 0x74, 0x20, 0x43, 0x6f, 0x6e, 0x74, 0x65, 0x78, 0x74, 0x0a,
    0x7b, 0x0a, 0x20, 0x20, 0x20, 0x20, 0x66, 0x6c, 0x6f, 0x61, 0x74, 0x34,
    0x20, 0x74, 0x61, 0x72, 0x67, 0x65, 0x74, 0x3b, 0x0a, 0x20, 0x20, 0x20,
    0x20, 0x66, 0x6c, 0x6f, 0x61, 0x74, 0x34, 0x20, 0x6d, 0x6f, 0x74, 0x69,
    0x6f, 0x6e, 0x5f, 0x69, 0x6e, 0x66, 0x6f, 0x3b, 0x0a, 0x20, 0x20, 0x20,
    0x20, 0x53, 0x6b, 0x79, 0x4d, 0x61, 0x70, 0x70, 0x69, 0x6e, 0x67, 0x5f,
    0x31, 0x20, 0x6d, 0x61, 0x70, 0x70, 0x69, 0x6e, 0x67, 0x3b, 0x0a, 0x7d,
    0x3b, 0x0a, 0x0a, 0x73, 0x74, 0x72, 0x75, 0x63, 0x74, 0x20, 0x4d, 0x6f,
    0x74, 0x69, 0x6f, 0x6e, 0x0a, 0x7b, 0x0a, 0x20, 0x20, 0x20, 0x20, 0x69,
    0x6e, 0x74, 0x34, 0x20, 0x76, 0x61, 0x6c, 0x75, 0x65, 0x73, 0x5b, 0x31,
    0x5d, 0x3b, 0x0a, 0x7d, 0x3b, 0x0a, 0x0a, 0x73, 0x74, 0x72, 0x75, 0x63,
    0x74, 0x20, 0x6d, 0x61, 0x69, 0x6e, 0x30, 0x5f, 0x6f, 0x75, 0x74, 0x0a,
    0x7b, 0x0a, 0x20, 0x20, 0x20, 0x20, 0x66, 0x6c, 0x6f, 0x61, 0x74, 0x34,
    0x20, 0x76, 0x65, 0x72, 0x74, 0x65, 0x78, 0x5f, 0x63, 0x6f, 0x6c, 0x6f,
    0x72, 0x20, 0x5b, 0x5b, 0x75, 0x73, 0x65, 0x72, 0x28, 0x6c, 0x6f, 0x63,
    0x6e, 0x30, 0x29, 0x5d, 0x5d, 0x3b, 0x0a, 0x20, 0x20, 0x20, 0x20, 0x66,
    0x6c, 0x6f, 0x61, 0x74, 0x32, 0x20, 0x74, 0x65, 0x78, 0x74, 0x75, 0x72,
    0x65, 0x5f, 0x75, 0x76, 0x20, 0x5b, 0x5b, 0x75, 0x73, 0x65, 0x72, 0x28,
    0x6c, 0x6f, 0x63, 0x6e, 0x31, 0x29, 0x5d, 0x5d, 0x3b, 0x0a, 0x20, 0x20,
    0x20, 0x20, 0x66, 0x6c, 0x6f, 0x61, 0x74, 0x34, 0x20, 0x67, 0x6c, 0x5f,
    0x50, 0x6f, 0x73, 0x69, 0x74, 0x69, 0x6f, 0x6e, 0x20, 0x5b, 0x5b, 0x70,
    0x6f, 0x73, 0x69, 0x74, 0x69, 0x6f, 0x6e, 0x5d, 0x5d, 0x3b, 0x0a, 0x7d,
    0x3b, 0x0a, 0x0a, 0x73, 0x74, 0x72, 0x75, 0x63, 0x74, 0x20, 0x6d, 0x61,
    0x69, 0x6e, 0x30, 0x5f, 0x69, 0x6e, 0x0a, 0x7b, 0x0a, 0x20, 0x20, 0x20,
    0x20, 0x66, 0x6c, 0x6f, 0x61, 0x74, 0x32, 0x20, 0x70, 0x6f, 0x73, 0x69,
    0x74, 0x69, 0x6f, 0x6e, 0x20, 0x5b, 0x5b, 0x61, 0x74, 0x74, 0x72, 0x69,
    0x62, 0x75, 0x74, 0x65, 0x28, 0x30, 0x29, 0x5d, 0x5d, 0x3b, 0x0a, 0x20,
    0x20, 0x20, 0x20, 0x66, 0x6c, 0x6f, 0x61, 0x74, 0x34, 0x20, 0x63, 0x6f,
    0x6c, 0x6f, 0x72, 0x20, 0x5b, 0x5b, 0x61, 0x74, 0x74, 0x72, 0x69, 0x62,
    0x75, 0x74, 0x65, 0x28, 0x31, 0x29, 0x5d, 0x5d, 0x3b, 0x0a, 0x20, 0x20,
    0x20, 0x20, 0x66, 0x6c, 0x6f, 0x61, 0x74, 0x32, 0x20, 0x75, 0x76, 0x20,
    0x5b, 0x5b, 0x61, 0x74, 0x74, 0x72, 0x69, 0x62, 0x75, 0x74, 0x65, 0x28,
    0x32, 0x29, 0x5d, 0x5d, 0x3b, 0x0a, 0x7d, 0x3b, 0x0a, 0x0a, 0x73, 0x74,
    0x61, 0x74, 0x69, 0x63, 0x20, 0x69, 0x6e, 0x6c, 0x69, 0x6e, 0x65, 0x20,
    0x5f, 0x5f, 0x61, 0x74, 0x74, 0x72, 0x69, 0x62, 0x75, 0x74, 0x65, 0x5f,
    0x5f, 0x28, 0x28, 0x61, 0x6c, 0x77, 0x61, 0x79, 0x73, 0x5f, 0x69, 0x6e,
    0x6c, 0x69, 0x6e, 0x65, 0x29, 0x29, 0x0a, 0x66, 0x6c, 0x6f, 0x61, 0x74,
    0x20, 0x72, 0x6f, 0x75, 0x6e, 0x64, 0x65, 0x64, 0x5f, 0x64, 0x69, 0x76,
    0x69, 0x64, 0x65, 0x28, 0x74, 0x68, 0x72, 0x65, 0x61, 0x64, 0x20, 0x63,
    0x6f, 0x6e, 0x73, 0x74, 0x20, 0x66, 0x6c, 0x6f, 0x61, 0x74, 0x26, 0x20,
    0x78, 0x2c, 0x20, 0x74, 0x68, 0x72, 0x65, 0x61, 0x64, 0x20, 0x63, 0x6f,
    0x6e, 0x73, 0x74, 0x20, 0x66, 0x6c, 0x6f, 0x61, 0x74, 0x26, 0x20, 0x79,
    0x29, 0x0a, 0x7b, 0x0a, 0x20, 0x20, 0x20, 0x20, 0x66, 0x6c, 0x6f, 0x61,
    0x74, 0x20, 0x71, 0x20, 0x3d, 0x20, 0x78, 0x20, 0x2f, 0x20, 0x79, 0x3b,
    0x0a, 0x20, 0x20, 0x20, 0x20, 0x66, 0x6c, 0x6f, 0x61, 0x74, 0x20, 0x72,
    0x65, 0x73, 0x69, 0x64, 0x75, 0x61, 0x6c, 0x20, 0x3d, 0x20, 0x66, 0x6d,
    0x61, 0x28, 0x2d, 0x71, 0x2c, 0x20, 0x79, 0x2c, 0x20, 0x78, 0x29, 0x3b,
    0x0a, 0x20, 0x20, 0x20, 0x20, 0x66, 0x6c, 0x6f, 0x61, 0x74, 0x20, 0x63,
    0x6f, 0x72, 0x72, 0x65, 0x63, 0x74, 0x65, 0x64, 0x20, 0x3d, 0x20, 0x73,
    0x70, 0x76, 0x46, 0x41, 0x64, 0x64, 0x28, 0x71, 0x2c, 0x20, 0x72, 0x65,
    0x73, 0x69, 0x64, 0x75, 0x61, 0x6c, 0x20, 0x2f, 0x20, 0x79, 0x29, 0x3b,
    0x0a, 0x20, 0x20, 0x20, 0x20, 0x72, 0x65, 0x74, 0x75, 0x72, 0x6e, 0x20,
    0x63, 0x6f, 0x72, 0x72, 0x65, 0x63, 0x74, 0x65, 0x64, 0x3b, 0x0a, 0x7d,
    0x0a, 0x0a, 0x73, 0x74, 0x61, 0x74, 0x69, 0x63, 0x20, 0x69, 0x6e, 0x6c,
    0x69, 0x6e, 0x65, 0x20, 0x5f, 0x5f, 0x61, 0x74, 0x74, 0x72, 0x69, 0x62,
    0x75, 0x74, 0x65, 0x5f, 0x5f, 0x28, 0x28, 0x61, 0x6c, 0x77, 0x61, 0x79,
    0x73, 0x5f, 0x69, 0x6e, 0x6c, 0x69, 0x6e, 0x65, 0x29, 0x29, 0x0a, 0x62,
    0x6f, 0x6f, 0x6c, 0x20, 0x72, 0x65, 0x73, 0x6f, 0x6c, 0x76, 0x65, 0x5f,
    0x73, 0x6b, 0x79, 0x5f, 0x62, 0x61, 0x6e, 0x64, 0x28, 0x74, 0x68, 0x72,
    0x65, 0x61, 0x64, 0x20, 0x63, 0x6f, 0x6e, 0x73, 0x74, 0x20, 0x53, 0x6b,
    0x79, 0x4d, 0x61, 0x70, 0x70, 0x69, 0x6e, 0x67, 0x26, 0x20, 0x6d, 0x2c,
    0x20, 0x74, 0x68, 0x72, 0x65, 0x61, 0x64, 0x20, 0x63, 0x6f, 0x6e, 0x73,
    0x74, 0x20, 0x69, 0x6e, 0x74, 0x26, 0x20, 0x69, 0x6e, 0x64, 0x65, 0x78,
    0x2c, 0x20, 0x74, 0x68, 0x72, 0x65, 0x61, 0x64, 0x20, 0x63, 0x6f, 0x6e,
    0x73, 0x74, 0x20, 0x66, 0x6c, 0x6f, 0x61, 0x74, 0x26, 0x20, 0x64, 0x79,
    0x2c, 0x20, 0x74, 0x68, 0x72, 0x65, 0x61, 0x64, 0x20, 0x66, 0x6c, 0x6f,
    0x61, 0x74, 0x34, 0x26, 0x20, 0x75, 0x76, 0x2c, 0x20, 0x74, 0x68, 0x72,
    0x65, 0x61, 0x64, 0x20, 0x66, 0x6c, 0x6f, 0x61, 0x74, 0x32, 0x26, 0x20,
    0x72, 0x6f, 0x77, 0x73, 0x29, 0x0a, 0x7b, 0x0a, 0x20, 0x20, 0x20, 0x20,
    0x66, 0x6c, 0x6f, 0x61, 0x74, 0x34, 0x20, 0x77, 0x69, 0x6e, 0x64, 0x6f,
    0x77, 0x20, 0x3d, 0x20, 0x6d, 0x2e, 0x76, 0x65, 0x72, 0x74, 0x69, 0x63,
    0x61, 0x6c, 0x3b, 0x0a, 0x20, 0x20, 0x20, 0x20, 0x69, 0x66, 0x20, 0x28,
    0x6d, 0x2e, 0x66, 0x69, 0x74, 0x2e, 0x78, 0x20, 0x3e, 0x20, 0x30, 0x2e,
    0x30, 0x29, 0x0a, 0x20, 0x20, 0x20, 0x20, 0x7b, 0x0a, 0x20, 0x20, 0x20,
    0x20, 0x20, 0x20, 0x20, 0x20, 0x66, 0x6c, 0x6f, 0x61, 0x74, 0x20, 0x74,
    0x6f, 0x70, 0x20, 0x3d, 0x20, 0x66, 0x61, 0x73, 0x74, 0x3a, 0x3a, 0x63,
    0x6c, 0x61, 0x6d, 0x70, 0x28, 0x73, 0x70, 0x76, 0x46, 0x41, 0x64, 0x64,
    0x28, 0x6d, 0x2e, 0x66, 0x6f, 0x6c, 0x6c, 0x6f, 0x77, 0x2e, 0x77, 0x2c,
    0x20, 0x73, 0x70, 0x76, 0x46, 0x41, 0x64, 0x64, 0x28, 0x6d, 0x2e, 0x66,
    0x6f, 0x6c, 0x6c, 0x6f, 0x77, 0x2e, 0x7a, 0x2c, 0x20, 0x64, 0x79, 0x29,
    0x29, 0x2c, 0x20, 0x6d, 0x2e, 0x66, 0x6f, 0x6c, 0x6c, 0x6f, 0x77, 0x2e,
    0x78, 0x2c, 0x20, 0x6d, 0x2e, 0x66, 0x6f, 0x6c, 0x6c, 0x6f, 0x77, 0x2e,
    0x79, 0x29, 0x3b, 0x0a, 0x20, 0x20, 0x20, 0x20, 0x20, 0x20, 0x20, 0x20,
    0x66, 0x6c, 0x6f, 0x61, 0x74, 0x20, 0x70, 0x61, 0x72, 0x61, 0x6d, 0x20,
    0x3d, 0x20, 0x74, 0x6f, 0x70, 0x3b, 0x0a, 0x20, 0x20, 0x20, 0x20, 0x20,
    0x20, 0x20, 0x20, 0x66, 0x6c, 0x6f, 0x61, 0x74, 0x20, 0x70, 0x61, 0x72,
    0x61, 0x6d, 0x5f, 0x31, 0x20, 0x3d, 0x20, 0x6d, 0x2e, 0x6d, 0x65, 0x74,
    0x61, 0x2e, 0x7a, 0x3b, 0x0a, 0x20, 0x20, 0x20, 0x20, 0x20, 0x20, 0x20,
    0x20, 0x66, 0x6c, 0x6f, 0x61, 0x74, 0x20, 0x70, 0x61, 0x72, 0x61, 0x6d,
    0x5f, 0x32, 0x20, 0x3d, 0x20, 0x73, 0x70, 0x76, 0x46, 0x41, 0x64, 0x64,
    0x28, 0x74, 0x6f, 0x70, 0x2c, 0x20, 0x6d, 0x2e, 0x66, 0x69, 0x74, 0x2e,
    0x78, 0x29, 0x3b, 0x0a, 0x20, 0x20, 0x20, 0x20, 0x20, 0x20, 0x20, 0x20,
    0x66, 0x6c, 0x6f, 0x61, 0x74, 0x20, 0x70, 0x61, 0x72, 0x61, 0x6d, 0x5f,
    0x33, 0x20, 0x3d, 0x20, 0x6d, 0x2e, 0x6d, 0x65, 0x74, 0x61, 0x2e, 0x7a,
    0x3b, 0x0a, 0x20, 0x20, 0x20, 0x20, 0x20, 0x20, 0x20, 0x20, 0x77, 0x69,
    0x6e, 0x64, 0x6f, 0x77, 0x20, 0x3d, 0x20, 0x66, 0x6c, 0x6f, 0x61, 0x74,
    0x34, 0x28, 0x74, 0x6f, 0x70, 0x2c, 0x20, 0x73, 0x70, 0x76, 0x46, 0x41,
    0x64, 0x64, 0x28, 0x74, 0x6f, 0x70, 0x2c, 0x20, 0x6d, 0x2e, 0x66, 0x69,
    0x74, 0x2e, 0x78, 0x29, 0x2c, 0x20, 0x72, 0x6f, 0x75, 0x6e, 0x64, 0x65,
    0x64, 0x5f, 0x64, 0x69, 0x76, 0x69, 0x64, 0x65, 0x28, 0x70, 0x61, 0x72,
    0x61, 0x6d, 0x2c, 0x20, 0x70, 0x61, 0x72, 0x61, 0x6d, 0x5f, 0x31, 0x29,
    0x2c, 0x20, 0x72, 0x6f, 0x75, 0x6e, 0x64, 0x65, 0x64, 0x5f, 0x64, 0x69,
    0x76, 0x69, 0x64, 0x65, 0x28, 0x70, 0x61, 0x72, 0x61, 0x6d, 0x5f, 0x32,
    0x2c, 0x20, 0x70, 0x61, 0x72, 0x61, 0x6d, 0x5f, 0x33, 0x29, 0x29, 0x3b,
    0x0a, 0x20, 0x20, 0x20, 0x20, 0x7d, 0x0a, 0x20, 0x20, 0x20, 0x20, 0x66,
    0x6c, 0x6f, 0x61, 0x74, 0x20, 0x61, 0x76, 0x61, 0x69, 0x6c, 0x61, 0x62,
    0x6c, 0x65, 0x20, 0x3d, 0x20, 0x31, 0x30, 0x30, 0x30, 0x30, 0x30, 0x30,
    0x30, 0x31, 0x35, 0x30, 0x34, 0x37, 0x34, 0x36, 0x36, 0x32, 0x31, 0x39,
    0x38, 0x37, 0x36, 0x36, 0x38, 0x38, 0x38, 0x35, 0x35, 0x30, 0x34, 0x30,
    0x2e, 0x30, 0x3b, 0x0a, 0x20, 0x20, 0x20, 0x20, 0x66, 0x6f, 0x72, 0x20,
    0x28, 0x69, 0x6e, 0x74, 0x20, 0x69, 0x20, 0x3d, 0x20, 0x30, 0x3b, 0x20,
    0x69, 0x20, 0x3c, 0x20, 0x69, 0x6e, 0x74, 0x28, 0x6d, 0x2e, 0x6d, 0x65,
    0x74, 0x61, 0x2e, 0x78, 0x29, 0x3b, 0x20, 0x69, 0x2b, 0x2b, 0x29, 0x0a,
    0x20, 0x20, 0x20, 0x20, 0x7b, 0x0a, 0x20, 0x20, 0x20, 0x20, 0x20, 0x20,
    0x20, 0x20, 0x66, 0x6c, 0x6f, 0x61, 0x74, 0x34, 0x20, 0x62, 0x20, 0x3d,
    0x20, 0x6d, 0x2e, 0x62, 0x61, 0x6e, 0x64, 0x73, 0x5b, 0x69, 0x5d, 0x3b,
    0x0a, 0x20, 0x20, 0x20, 0x20, 0x20, 0x20, 0x20, 0x20, 0x62, 0x6f, 0x6f,
    0x6c, 0x20, 0x5f, 0x31, 0x32, 0x35, 0x20, 0x3d, 0x20, 0x62, 0x2e, 0x79,
    0x20, 0x3e, 0x20, 0x62, 0x2e, 0x78, 0x3b, 0x0a, 0x20, 0x20, 0x20, 0x20,
    0x20, 0x20, 0x20, 0x20, 0x62, 0x6f, 0x6f, 0x6c, 0x20, 0x5f, 0x31, 0x33,
    0x33, 0x3b, 0x0a, 0x20, 0x20, 0x20, 0x20, 0x20, 0x20, 0x20, 0x20, 0x69,
    0x66, 0x20, 0x28, 0x5f, 0x31, 0x32, 0x35, 0x29, 0x0a, 0x20, 0x20, 0x20,
    0x20, 0x20, 0x20, 0x20, 0x20, 0x7b, 0x0a, 0x20, 0x20, 0x20, 0x20, 0x20,
    0x20, 0x20, 0x20, 0x20, 0x20, 0x20, 0x20, 0x5f, 0x31, 0x33, 0x33, 0x20,
    0x3d, 0x20, 0x62, 0x2e, 0x77, 0x20, 0x3e, 0x20, 0x77, 0x69, 0x6e, 0x64,
    0x6f, 0x77, 0x2e, 0x78, 0x3b, 0x0a, 0x20, 0x20, 0x20, 0x20, 0x20, 0x20,
    0x20, 0x20, 0x7d, 0x0a, 0x20, 0x20, 0x20, 0x20, 0x20, 0x20, 0x20, 0x20,
    0x65, 0x6c, 0x73, 0x65, 0x0a, 0x20, 0x20, 0x20, 0x20, 0x20, 0x20, 0x20,
    0x20, 0x7b, 0x0a, 0x20, 0x20, 0x20, 0x20, 0x20, 0x20, 0x20, 0x20, 0x20,
    0x20, 0x20, 0x20, 0x5f, 0x31, 0x33, 0x33, 0x20, 0x3d, 0x20, 0x5f, 0x31,
    0x32, 0x35, 0x3b, 0x0a, 0x20, 0x20, 0x20, 0x20, 0x20, 0x20, 0x20, 0x20,
    0x7d, 0x0a, 0x20, 0x20, 0x20, 0x20, 0x20, 0x20, 0x20, 0x20, 0x62, 0x6f,
    0x6f, 0x6c, 0x20, 0x5f, 0x31, 0x34, 0x31, 0x3b, 0x0a, 0x20, 0x20, 0x20,
    0x20, 0x20, 0x20, 0x20, 0x20, 0x69, 0x66, 0x20, 0x28, 0x5f, 0x31, 0x33,
    0x33, 0x29, 0x0a, 0x20, 0x20, 0x20, 0x20, 0x20, 0x20, 0x20, 0x20, 0x7b,
    0x0a, 0x20, 0x20, 0x20, 0x20, 0x20, 0x20, 0x20, 0x20, 0x20, 0x20, 0x20,
    0x20, 0x5f, 0x31, 0x34, 0x31, 0x20, 0x3d, 0x20, 0x62, 0x2e, 0x7a, 0x20,
    0x3c, 0x20, 0x77, 0x69, 0x6e, 0x64, 0x6f, 0x77, 0x2e, 0x79, 0x3b, 0x0a,
    0x20, 0x20, 0x20, 0x20, 0x20, 0x20, 0x20, 0x20, 0x7d, 0x0a, 0x20, 0x20,
    0x20, 0x20, 0x20, 0x20, 0x20, 0x20, 0x65, 0x6c, 0x73, 0x65, 0x0a, 0x20,
    0x20, 0x20, 0x20, 0x20, 0x20, 0x20, 0x20, 0x7b, 0x0a, 0x20, 0x20, 0x20,
    0x20, 0x20, 0x20, 0x20, 0x20, 0x20, 0x20, 0x20, 0x20, 0x5f, 0x31, 0x34,
    0x31, 0x20, 0x3d, 0x20, 0x5f, 0x31, 0x33, 0x33, 0x3b, 0x0a, 0x20, 0x20,
    0x20, 0x20, 0x20, 0x20, 0x20, 0x20, 0x7d, 0x0a, 0x20, 0x20, 0x20, 0x20,
    0x20, 0x20, 0x20, 0x20, 0x69, 0x66, 0x20, 0x28, 0x5f, 0x31, 0x34, 0x31,
    0x29, 0x0a, 0x20, 0x20, 0x20, 0x20, 0x20, 0x20, 0x20, 0x20, 0x7b, 0x0a,
    0x20, 0x20, 0x20, 0x20, 0x20, 0x20, 0x20, 0x20, 0x20, 0x20, 0x20, 0x20,
    0x61, 0x76, 0x61, 0x69, 0x6c, 0x61, 0x62, 0x6c, 0x65, 0x20, 0x3d, 0x20,
    0x66, 0x61, 0x73, 0x74, 0x3a, 0x3a, 0x6d, 0x69, 0x6e, 0x28, 0x61, 0x76,
    0x61, 0x69, 0x6c, 0x61, 0x62, 0x6c, 0x65, 0x2c, 0x20, 0x73, 0x70, 0x76,
    0x46, 0x4d, 0x75, 0x6c, 0x28, 0x73, 0x70, 0x76, 0x46, 0x53, 0x75, 0x62,
    0x28, 0x62, 0x2e, 0x79, 0x2c, 0x20, 0x62, 0x2e, 0x78, 0x29, 0x2c, 0x20,
    0x6d, 0x2e, 0x6d, 0x65, 0x74, 0x61, 0x2e, 0x79, 0x29, 0x29, 0x3b, 0x0a,
    0x20, 0x20, 0x20, 0x20, 0x20, 0x20, 0x20, 0x20, 0x7d, 0x0a, 0x20, 0x20,
    0x20, 0x20, 0x7d, 0x0a, 0x20, 0x20, 0x20, 0x20, 0x66, 0x6c, 0x6f, 0x61,
    0x74, 0x20, 0x68, 0x65, 0x69, 0x67, 0x68, 0x74, 0x20, 0x3d, 0x20, 0x73,
    0x70, 0x76, 0x46, 0x4d, 0x75, 0x6c, 0x28, 0x73, 0x70, 0x76, 0x46, 0x53,
    0x75, 0x62, 0x28, 0x77, 0x69, 0x6e, 0x64, 0x6f, 0x77, 0x2e, 0x77, 0x2c,
    0x20, 0x77, 0x69, 0x6e, 0x64, 0x6f, 0x77, 0x2e, 0x7a, 0x29, 0x2c, 0x20,
    0x6d, 0x2e, 0x6d, 0x65, 0x74, 0x61, 0x2e, 0x7a, 0x29, 0x3b, 0x0a, 0x20,
    0x20, 0x20, 0x20, 0x66, 0x6c, 0x6f, 0x61, 0x74, 0x20, 0x70, 0x61, 0x72,
    0x61, 0x6d, 0x5f, 0x34, 0x20, 0x3d, 0x20, 0x6d, 0x2e, 0x6f, 0x75, 0x74,
    0x70, 0x75, 0x74, 0x5f, 0x73, 0x69, 0x7a, 0x65, 0x2e, 0x78, 0x3b, 0x0a,
    0x20, 0x20, 0x20, 0x20, 0x66, 0x6c, 0x6f, 0x61, 0x74, 0x20, 0x70, 0x61,
    0x72, 0x61, 0x6d, 0x5f, 0x35, 0x20, 0x3d, 0x20, 0x6d, 0x2e, 0x6f, 0x75,
    0x74, 0x70, 0x75, 0x74, 0x5f, 0x73, 0x69, 0x7a, 0x65, 0x2e, 0x79, 0x3b,
    0x0a, 0x20, 0x20, 0x20, 0x20, 0x66, 0x6c, 0x6f, 0x61, 0x74, 0x20, 0x61,
    0x73, 0x70, 0x65, 0x63, 0x74, 0x20, 0x3d, 0x20, 0x72, 0x6f, 0x75, 0x6e,
    0x64, 0x65, 0x64, 0x5f, 0x64, 0x69, 0x76, 0x69, 0x64, 0x65, 0x28, 0x70,
    0x61, 0x72, 0x61, 0x6d, 0x5f, 0x34, 0x2c, 0x20, 0x70, 0x61, 0x72, 0x61,
    0x6d, 0x5f, 0x35, 0x29, 0x3b, 0x0a, 0x20, 0x20, 0x20, 0x20, 0x66, 0x6c,
    0x6f, 0x61, 0x74, 0x20, 0x70, 0x61, 0x72, 0x61, 0x6d, 0x5f, 0x36, 0x20,
    0x3d, 0x20, 0x61, 0x73, 0x70, 0x65, 0x63, 0x74, 0x3b, 0x0a, 0x20, 0x20,
    0x20, 0x20, 0x66, 0x6c, 0x6f, 0x61, 0x74, 0x20, 0x70, 0x61, 0x72, 0x61,
    0x6d, 0x5f, 0x37, 0x20, 0x3d, 0x20, 0x6d, 0x2e, 0x6d, 0x65, 0x74, 0x61,
    0x2e, 0x77, 0x3b, 0x0a, 0x20, 0x20, 0x20, 0x20, 0x66, 0x6c, 0x6f, 0x61,
    0x74, 0x20, 0x77, 0x69, 0x64, 0x74, 0x68, 0x20, 0x3d, 0x20, 0x73, 0x70,
    0x76, 0x46, 0x4d, 0x75, 0x6c, 0x28, 0x68, 0x65, 0x69, 0x67, 0x68, 0x74,
    0x2c, 0x20, 0x72, 0x6f, 0x75, 0x6e, 0x64, 0x65, 0x64, 0x5f, 0x64, 0x69,
    0x76, 0x69, 0x64, 0x65, 0x28, 0x70, 0x61, 0x72, 0x61, 0x6d, 0x5f, 0x36,
    0x2c, 0x20, 0x70, 0x61, 0x72, 0x61, 0x6d, 0x5f, 0x37, 0x29, 0x29, 0x3b,
    0x0a, 0x20, 0x20, 0x20, 0x20, 0x69, 0x66, 0x20, 0x28, 0x77, 0x69, 0x64,
    0x74, 0x68, 0x20, 0x3e, 0x20, 0x61, 0x76, 0x61, 0x69, 0x6c, 0x61, 0x62,
    0x6c, 0x65, 0x29, 0x0a, 0x20, 0x20, 0x20, 0x20, 0x7b, 0x0a, 0x20, 0x20,
    0x20, 0x20, 0x20, 0x20, 0x20, 0x20, 0x66, 0x6c, 0x6f, 0x61, 0x74, 0x20,
    0x70, 0x61, 0x72, 0x61, 0x6d, 0x5f, 0x38, 0x20, 0x3d, 0x20, 0x61, 0x76,
    0x61, 0x69, 0x6c, 0x61, 0x62, 0x6c, 0x65, 0x3b, 0x0a, 0x20, 0x20, 0x20,
    0x20, 0x20, 0x20, 0x20, 0x20, 0x66, 0x6c, 0x6f, 0x61, 0x74, 0x20, 0x70,
    0x61, 0x72, 0x61, 0x6d, 0x5f, 0x39, 0x20, 0x3d, 0x20, 0x77, 0x69, 0x64,
    0x74, 0x68, 0x3b, 0x0a, 0x20, 0x20, 0x20, 0x20, 0x20, 0x20, 0x20, 0x20,
    0x66, 0x6c, 0x6f, 0x61, 0x74, 0x20, 0x69, 0x6e, 0x73, 0x65, 0x74, 0x20,
    0x3d, 0x20, 0x73, 0x70, 0x76, 0x46, 0x4d, 0x75, 0x6c, 0x28, 0x30, 0x2e,
    0x35, 0x2c, 0x20, 0x73, 0x70, 0x76, 0x46, 0x53, 0x75, 0x62, 0x28, 0x31,
    0x2e, 0x30, 0x2c, 0x20, 0x72, 0x6f, 0x75, 0x6e, 0x64, 0x65, 0x64, 0x5f,
    0x64, 0x69, 0x76, 0x69, 0x64, 0x65, 0x28, 0x70, 0x61, 0x72, 0x61, 0x6d,
    0x5f, 0x38, 0x2c, 0x20, 0x70, 0x61, 0x72, 0x61, 0x6d, 0x5f, 0x39, 0x29,
    0x29, 0x29, 0x3b, 0x0a, 0x20, 0x20, 0x20, 0x20, 0x20, 0x20, 0x20, 0x20,
    0x66, 0x6c, 0x6f, 0x61, 0x74, 0x20, 0x63, 0x61, 0x70, 0x74, 0x75, 0x72,
    0x65, 0x5f, 0x69, 0x6e, 0x73, 0x65, 0x74, 0x20, 0x3d, 0x20, 0x73, 0x70,
    0x76, 0x46, 0x4d, 0x75, 0x6c, 0x28, 0x73, 0x70, 0x76, 0x46, 0x53, 0x75,
    0x62, 0x28, 0x77, 0x69, 0x6e, 0x64, 0x6f, 0x77, 0x2e, 0x79, 0x2c, 0x20,
    0x77, 0x69, 0x6e, 0x64, 0x6f, 0x77, 0x2e, 0x78, 0x29, 0x2c, 0x20, 0x69,
    0x6e, 0x73, 0x65, 0x74, 0x29, 0x3b, 0x0a, 0x20, 0x20, 0x20, 0x20, 0x20,
    0x20, 0x20, 0x20, 0x66, 0x6c, 0x6f, 0x61, 0x74, 0x20, 0x74, 0x65, 0x78,
    0x74, 0x75, 0x72, 0x65, 0x5f, 0x69, 0x6e, 0x73, 0x65, 0x74, 0x20, 0x3d,
    0x20, 0x73, 0x70, 0x76, 0x46, 0x4d, 0x75, 0x6c, 0x28, 0x73, 0x70, 0x76,
    0x46, 0x53, 0x75, 0x62, 0x28, 0x77, 0x69, 0x6e, 0x64, 0x6f, 0x77, 0x2e,
    0x77, 0x2c, 0x20, 0x77, 0x69, 0x6e, 0x64, 0x6f, 0x77, 0x2e, 0x7a, 0x29,
    0x2c, 0x20, 0x69, 0x6e, 0x73, 0x65, 0x74, 0x29, 0x3b, 0x0a, 0x20, 0x20,
    0x20, 0x20, 0x20, 0x20, 0x20, 0x20, 0x77, 0x69, 0x6e, 0x64, 0x6f, 0x77,
    0x20, 0x3d, 0x20, 0x73, 0x70, 0x76, 0x46, 0x41, 0x64, 0x64, 0x28, 0x77,
    0x69, 0x6e, 0x64, 0x6f, 0x77, 0x2c, 0x20, 0x66, 0x6c, 0x6f, 0x61, 0x74,
    0x34, 0x28, 0x63, 0x61, 0x70, 0x74, 0x75, 0x72, 0x65, 0x5f, 0x69, 0x6e,
    0x73, 0x65, 0x74, 0x2c, 0x20, 0x2d, 0x63, 0x61, 0x70, 0x74, 0x75, 0x72,
    0x65, 0x5f, 0x69, 0x6e, 0x73, 0x65, 0x74, 0x2c, 0x20, 0x74, 0x65, 0x78,
    0x74, 0x75, 0x72, 0x65, 0x5f, 0x69, 0x6e, 0x73, 0x65, 0x74, 0x2c, 0x20,
    0x2d, 0x74, 0x65, 0x78, 0x74, 0x75, 0x72, 0x65, 0x5f, 0x69, 0x6e, 0x73,
    0x65, 0x74, 0x29, 0x29, 0x3b, 0x0a, 0x20, 0x20, 0x20, 0x20, 0x20, 0x20,
    0x20, 0x20, 0x77, 0x69, 0x64, 0x74, 0x68, 0x20, 0x3d, 0x20, 0x61, 0x76,
    0x61, 0x69, 0x6c, 0x61, 0x62, 0x6c, 0x65, 0x3b, 0x0a, 0x20, 0x20, 0x20,
    0x20, 0x7d, 0x0a, 0x20, 0x20, 0x20, 0x20, 0x66, 0x6c, 0x6f, 0x61, 0x74,
    0x34, 0x20, 0x62, 0x61, 0x6e, 0x64, 0x20, 0x3d, 0x20, 0x6d, 0x2e, 0x62,
    0x61, 0x6e, 0x64, 0x73, 0x5b, 0x69, 0x6e, 0x64, 0x65, 0x78, 0x5d, 0x3b,
    0x0a, 0x20, 0x20, 0x20, 0x20, 0x66, 0x6c, 0x6f, 0x61, 0x74, 0x20, 0x79,
    0x30, 0x20, 0x3d, 0x20, 0x66, 0x61, 0x73, 0x74, 0x3a, 0x3a, 0x6d, 0x61,
    0x78, 0x28, 0x62, 0x61, 0x6e, 0x64, 0x2e, 0x7a, 0x2c, 0x20, 0x77, 0x69,
    0x6e, 0x64, 0x6f, 0x77, 0x2e, 0x78, 0x29, 0x3b, 0x0a, 0x20, 0x20, 0x20,
    0x20, 0x66, 0x6c, 0x6f, 0x61, 0x74, 0x20, 0x79, 0x31, 0x20, 0x3d, 0x20,
    0x66, 0x61, 0x73, 0x74, 0x3a, 0x3a, 0x6d, 0x69, 0x6e, 0x28, 0x62, 0x61,
    0x6e, 0x64, 0x2e, 0x77, 0x2c, 0x20, 0x77, 0x69, 0x6e, 0x64, 0x6f, 0x77,
    0x2e, 0x79, 0x29, 0x3b, 0x0a, 0x20, 0x20, 0x20, 0x20, 0x62, 0x6f, 0x6f,
    0x6c, 0x20, 0x5f, 0x32, 0x34, 0x35, 0x20, 0x3d, 0x20, 0x28, 0x79, 0x31,
    0x20, 0x3c, 0x3d, 0x20, 0x79, 0x30, 0x29, 0x20, 0x7c, 0x7c, 0x20, 0x28,
    0x77, 0x69, 0x64, 0x74, 0x68, 0x20, 0x3c, 0x3d, 0x20, 0x30, 0x2e, 0x30,
    0x29, 0x3b, 0x0a, 0x20, 0x20, 0x20, 0x20, 0x62, 0x6f, 0x6f, 0x6c, 0x20,
    0x5f, 0x32, 0x35, 0x34, 0x3b, 0x0a, 0x20, 0x20, 0x20, 0x20, 0x69, 0x66,
    0x20, 0x28, 0x21, 0x5f, 0x32, 0x34, 0x35, 0x29, 0x0a, 0x20, 0x20, 0x20,
    0x20, 0x7b, 0x0a, 0x20, 0x20, 0x20, 0x20, 0x20, 0x20, 0x20, 0x20, 0x5f,
    0x32, 0x35, 0x34, 0x20, 0x3d, 0x20, 0x62, 0x61, 0x6e, 0x64, 0x2e, 0x79,
    0x20, 0x3c, 0x3d, 0x20, 0x62, 0x61, 0x6e, 0x64, 0x2e, 0x78, 0x3b, 0x0a,
    0x20, 0x20, 0x20, 0x20, 0x7d, 0x0a, 0x20, 0x20, 0x20, 0x20, 0x65, 0x6c,
    0x73, 0x65, 0x0a, 0x20, 0x20, 0x20, 0x20, 0x7b, 0x0a, 0x20, 0x20, 0x20,
    0x20, 0x20, 0x20, 0x20, 0x20, 0x5f, 0x32, 0x35, 0x34, 0x20, 0x3d, 0x20,
    0x5f, 0x32, 0x34, 0x35, 0x3b, 0x0a, 0x20, 0x20, 0x20, 0x20, 0x7d, 0x0a,
    0x20, 0x20, 0x20, 0x20, 0x69, 0x66, 0x20, 0x28, 0x5f, 0x32, 0x35, 0x34,
    0x29, 0x0a, 0x20, 0x20, 0x20, 0x20, 0x7b, 0x0a, 0x20, 0x20, 0x20, 0x20,
    0x20, 0x20, 0x20, 0x20, 0x75, 0x76, 0x20, 0x3d, 0x20, 0x66, 0x6c, 0x6f,
    0x61, 0x74, 0x34, 0x28, 0x30, 0x2e, 0x30, 0x29, 0x3b, 0x0a, 0x20, 0x20,
    0x20, 0x20, 0x20, 0x20, 0x20, 0x20, 0x72, 0x6f, 0x77, 0x73, 0x20, 0x3d,
    0x20, 0x66, 0x6c, 0x6f, 0x61, 0x74, 0x32, 0x28, 0x30, 0x2e, 0x30, 0x29,
    0x3b, 0x0a, 0x20, 0x20, 0x20, 0x20, 0x20, 0x20, 0x20, 0x20, 0x72, 0x65,
    0x74, 0x75, 0x72, 0x6e, 0x20, 0x66, 0x61, 0x6c, 0x73, 0x65, 0x3b, 0x0a,
    0x20, 0x20, 0x20, 0x20, 0x7d, 0x0a, 0x20, 0x20, 0x20, 0x20, 0x66, 0x6c,
    0x6f, 0x61, 0x74, 0x20, 0x70, 0x61, 0x72, 0x61, 0x6d, 0x5f, 0x31, 0x30,
    0x20, 0x3d, 0x20, 0x73, 0x70, 0x76, 0x46, 0x53, 0x75, 0x62, 0x28, 0x79,
    0x30, 0x2c, 0x20, 0x77, 0x69, 0x6e, 0x64, 0x6f, 0x77, 0x2e, 0x78, 0x29,
    0x3b, 0x0a, 0x20, 0x20, 0x20, 0x20, 0x66, 0x6c, 0x6f, 0x61, 0x74, 0x20,
    0x70, 0x61, 0x72, 0x61, 0x6d, 0x5f, 0x31, 0x31, 0x20, 0x3d, 0x20, 0x73,
    0x70, 0x76, 0x46, 0x53, 0x75, 0x62, 0x28, 0x77, 0x69, 0x6e, 0x64, 0x6f,
    0x77, 0x2e, 0x79, 0x2c, 0x20, 0x77, 0x69, 0x6e, 0x64, 0x6f, 0x77, 0x2e,
    0x78, 0x29, 0x3b, 0x0a, 0x20, 0x20, 0x20, 0x20, 0x66, 0x6c, 0x6f, 0x61,
    0x74, 0x20, 0x70, 0x61, 0x72, 0x61, 0x6d, 0x5f, 0x31, 0x32, 0x20, 0x3d,
    0x20, 0x73, 0x70, 0x76, 0x46, 0x53, 0x75, 0x62, 0x28, 0x79, 0x31, 0x2c,
    0x20, 0x77, 0x69, 0x6e, 0x64, 0x6f, 0x77, 0x2e, 0x78, 0x29, 0x3b, 0x0a,
    0x20, 0x20, 0x20, 0x20, 0x66, 0x6c, 0x6f, 0x61, 0x74, 0x20, 0x70, 0x61,
    0x72, 0x61, 0x6d, 0x5f, 0x31, 0x33, 0x20, 0x3d, 0x20, 0x73, 0x70, 0x76,
    0x46, 0x53, 0x75, 0x62, 0x28, 0x77, 0x69, 0x6e, 0x64, 0x6f, 0x77, 0x2e,
    0x79, 0x2c, 0x20, 0x77, 0x69, 0x6e, 0x64, 0x6f, 0x77, 0x2e, 0x78, 0x29,
    0x3b, 0x0a, 0x20, 0x20, 0x20, 0x20, 0x72, 0x6f, 0x77, 0x73, 0x20, 0x3d,
    0x20, 0x66, 0x6c, 0x6f, 0x61, 0x74, 0x32, 0x28, 0x72, 0x6f, 0x75, 0x6e,
    0x64, 0x65, 0x64, 0x5f, 0x64, 0x69, 0x76, 0x69, 0x64, 0x65, 0x28, 0x70,
    0x61, 0x72, 0x61, 0x6d, 0x5f, 0x31, 0x30, 0x2c, 0x20, 0x70, 0x61, 0x72,
    0x61, 0x6d, 0x5f, 0x31, 0x31, 0x29, 0x2c, 0x20, 0x72, 0x6f, 0x75, 0x6e,
    0x64, 0x65, 0x64, 0x5f, 0x64, 0x69, 0x76, 0x69, 0x64, 0x65, 0x28, 0x70,
    0x61, 0x72, 0x61, 0x6d, 0x5f, 0x31, 0x32, 0x2c, 0x20, 0x70, 0x61, 0x72,
    0x61, 0x6d, 0x5f, 0x31, 0x33, 0x29, 0x29, 0x3b, 0x0a, 0x20, 0x20, 0x20,
    0x20, 0x66, 0x6c, 0x6f, 0x61, 0x74, 0x20, 0x63, 0x65, 0x6e, 0x74, 0x65,
    0x72, 0x20, 0x3d, 0x20, 0x73, 0x70, 0x76, 0x46, 0x4d, 0x75, 0x6c, 0x28,
    0x30, 0x2e, 0x35, 0x2c, 0x20, 0x73, 0x70, 0x76, 0x46, 0x41, 0x64, 0x64,
    0x28, 0x62, 0x61, 0x6e, 0x64, 0x2e, 0x78, 0x2c, 0x20, 0x62, 0x61, 0x6e,
    0x64, 0x2e, 0x79, 0x29, 0x29, 0x3b, 0x0a, 0x20, 0x20, 0x20, 0x20, 0x66,
    0x6c, 0x6f, 0x61, 0x74, 0x20, 0x70, 0x61, 0x72, 0x61, 0x6d, 0x5f, 0x31,
    0x34, 0x20, 0x3d, 0x20, 0x73, 0x70, 0x76, 0x46, 0x4d, 0x75, 0x6c, 0x28,
    0x30, 0x2e, 0x35, 0x2c, 0x20, 0x77, 0x69, 0x64, 0x74, 0x68, 0x29, 0x3b,
    0x0a, 0x20, 0x20, 0x20, 0x20, 0x66, 0x6c, 0x6f, 0x61, 0x74, 0x20, 0x70,
    0x61, 0x72, 0x61, 0x6d, 0x5f, 0x31, 0x35, 0x20, 0x3d, 0x20, 0x6d, 0x2e,
    0x6d, 0x65, 0x74, 0x61, 0x2e, 0x79, 0x3b, 0x0a, 0x20, 0x20, 0x20, 0x20,
    0x66, 0x6c, 0x6f, 0x61, 0x74, 0x20, 0x68, 0x61, 0x6c, 0x66, 0x5f, 0x77,
    0x69, 0x64, 0x74, 0x68, 0x20, 0x3d, 0x20, 0x72, 0x6f, 0x75, 0x6e, 0x64,
    0x65, 0x64, 0x5f, 0x64, 0x69, 0x76, 0x69, 0x64, 0x65, 0x28, 0x70, 0x61,
    0x72, 0x61, 0x6d, 0x5f, 0x31, 0x34, 0x2c, 0x20, 0x70, 0x61, 0x72, 0x61,
    0x6d, 0x5f, 0x31, 0x35, 0x29, 0x3b, 0x0a, 0x20, 0x20, 0x20, 0x20, 0x66,
    0x6c, 0x6f, 0x61, 0x74, 0x20, 0x76, 0x30, 0x20, 0x3d, 0x20, 0x73, 0x70,
    0x76, 0x46, 0x41, 0x64, 0x64, 0x28, 0x77, 0x69, 0x6e, 0x64, 0x6f, 0x77,
    0x2e, 0x7a, 0x2c, 0x20, 0x73, 0x70, 0x76, 0x46, 0x4d, 0x75, 0x6c, 0x28,
    0x73, 0x70, 0x76, 0x46, 0x53, 0x75, 0x62, 0x28, 0x77, 0x69, 0x6e, 0x64,
    0x6f, 0x77, 0x2e, 0x77, 0x2c, 0x20, 0x77, 0x69, 0x6e, 0x64, 0x6f, 0x77,
    0x2e, 0x7a, 0x29, 0x2c, 0x20, 0x72, 0x6f, 0x77, 0x73, 0x2e, 0x78, 0x29,
    0x29, 0x3b, 0x0a, 0x20, 0x20, 0x20, 0x20, 0x66, 0x6c, 0x6f, 0x61, 0x74,
    0x20, 0x76, 0x31, 0x20, 0x3d, 0x20, 0x73, 0x70, 0x76, 0x46, 0x41, 0x64,
    0x64, 0x28, 0x77, 0x69, 0x6e, 0x64, 0x6f, 0x77, 0x2e, 0x7a, 0x2c, 0x20,
    0x73, 0x70, 0x76, 0x46, 0x4d, 0x75, 0x6c, 0x28, 0x73, 0x70, 0x76, 0x46,
    0x53, 0x75, 0x62, 0x28, 0x77, 0x69, 0x6e, 0x64, 0x6f, 0x77, 0x2e, 0x77,
    0x2c, 0x20, 0x77, 0x69, 0x6e, 0x64, 0x6f, 0x77, 0x2e, 0x7a, 0x29, 0x2c,
    0x20, 0x72, 0x6f, 0x77, 0x73, 0x2e, 0x79, 0x29, 0x29, 0x3b, 0x0a, 0x20,
    0x20, 0x20, 0x20, 0x75, 0x76, 0x20, 0x3d, 0x20, 0x66, 0x6c, 0x6f, 0x61,
    0x74, 0x34, 0x28, 0x63, 0x65, 0x6e, 0x74, 0x65, 0x72, 0x20, 0x2d, 0x20,
    0x68, 0x61, 0x6c, 0x66, 0x5f, 0x77, 0x69, 0x64, 0x74, 0x68, 0x2c, 0x20,
    0x76, 0x30, 0x2c, 0x20, 0x63, 0x65, 0x6e, 0x74, 0x65, 0x72, 0x20, 0x2b,
    0x20, 0x68, 0x61, 0x6c, 0x66, 0x5f, 0x77, 0x69, 0x64, 0x74, 0x68, 0x2c,
    0x20, 0x76, 0x31, 0x29, 0x3b, 0x0a, 0x20, 0x20, 0x20, 0x20, 0x72, 0x65,
    0x74, 0x75, 0x72, 0x6e, 0x20, 0x74, 0x72, 0x75, 0x65, 0x3b, 0x0a, 0x7d,
    0x0a, 0x0a, 0x76, 0x65, 0x72, 0x74, 0x65, 0x78, 0x20, 0x6d, 0x61, 0x69,
    0x6e, 0x30, 0x5f, 0x6f, 0x75, 0x74, 0x20, 0x6d, 0x61, 0x69, 0x6e, 0x30,
    0x28, 0x6d, 0x61, 0x69, 0x6e, 0x30, 0x5f, 0x69, 0x6e, 0x20, 0x69, 0x6e,
    0x20, 0x5b, 0x5b, 0x73, 0x74, 0x61, 0x67, 0x65, 0x5f, 0x69, 0x6e, 0x5d,
    0x5d, 0x2c, 0x20, 0x63, 0x6f, 0x6e, 0x73, 0x74, 0x61, 0x6e, 0x74, 0x20,
    0x43, 0x6f, 0x6e, 0x74, 0x65, 0x78, 0x74, 0x26, 0x20, 0x73, 0x65, 0x74,
    0x74, 0x69, 0x6e, 0x67, 0x73, 0x20, 0x5b, 0x5b, 0x62, 0x75, 0x66, 0x66,
    0x65, 0x72, 0x28, 0x30, 0x29, 0x5d, 0x5d, 0x2c, 0x20, 0x63, 0x6f, 0x6e,
    0x73, 0x74, 0x20, 0x64, 0x65, 0x76, 0x69, 0x63, 0x65, 0x20, 0x4d, 0x6f,
    0x74, 0x69, 0x6f, 0x6e, 0x26, 0x20, 0x6d, 0x6f, 0x74, 0x69, 0x6f, 0x6e,
    0x20, 0x5b, 0x5b, 0x62, 0x75, 0x66, 0x66, 0x65, 0x72, 0x28, 0x31, 0x29,
    0x5d, 0x5d, 0x29, 0x0a, 0x7b, 0x0a, 0x20, 0x20, 0x20, 0x20, 0x6d, 0x61,
    0x69, 0x6e, 0x30, 0x5f, 0x6f, 0x75, 0x74, 0x20, 0x6f, 0x75, 0x74, 0x20,
    0x3d, 0x20, 0x7b, 0x7d, 0x3b, 0x0a, 0x20, 0x20, 0x20, 0x20, 0x66, 0x6c,
    0x6f, 0x61, 0x74, 0x32, 0x20, 0x6f, 0x66, 0x66, 0x73, 0x65, 0x74, 0x20,
    0x3d, 0x20, 0x66, 0x6c, 0x6f, 0x61, 0x74, 0x32, 0x28, 0x30, 0x2e, 0x30,
    0x29, 0x3b, 0x0a, 0x20, 0x20, 0x20, 0x20, 0x69, 0x6e, 0x74, 0x20, 0x73,
    0x6c, 0x6f, 0x74, 0x20, 0x3d, 0x20, 0x69, 0x6e, 0x74, 0x28, 0x73, 0x65,
    0x74, 0x74, 0x69, 0x6e, 0x67, 0x73, 0x2e, 0x6d, 0x6f, 0x74, 0x69, 0x6f,
    0x6e, 0x5f, 0x69, 0x6e, 0x66, 0x6f, 0x2e, 0x78, 0x29, 0x3b, 0x0a, 0x20,
    0x20, 0x20, 0x20, 0x62, 0x6f, 0x6f, 0x6c, 0x20, 0x5f, 0x33, 0x34, 0x39,
    0x20, 0x3d, 0x20, 0x73, 0x6c, 0x6f, 0x74, 0x20, 0x3e, 0x3d, 0x20, 0x30,
    0x3b, 0x0a, 0x20, 0x20, 0x20, 0x20, 0x62, 0x6f, 0x6f, 0x6c, 0x20, 0x5f,
    0x33, 0x36, 0x34, 0x3b, 0x0a, 0x20, 0x20, 0x20, 0x20, 0x69, 0x66, 0x20,
    0x28, 0x5f, 0x33, 0x34, 0x39, 0x29, 0x0a, 0x20, 0x20, 0x20, 0x20, 0x7b,
    0x0a, 0x20, 0x20, 0x20, 0x20, 0x20, 0x20, 0x20, 0x20, 0x5f, 0x33, 0x36,
    0x34, 0x20, 0x3d, 0x20, 0x28, 0x28, 0x64, 0x65, 0x76, 0x69, 0x63, 0x65,
    0x20, 0x69, 0x6e, 0x74, 0x2a, 0x29, 0x26, 0x6d, 0x6f, 0x74, 0x69, 0x6f,
    0x6e, 0x2e, 0x76, 0x61, 0x6c, 0x75, 0x65, 0x73, 0x5b, 0x28, 0x73, 0x6c,
    0x6f, 0x74, 0x20, 0x2a, 0x20, 0x32, 0x29, 0x20, 0x2b, 0x20, 0x31, 0x5d,
    0x29, 0x5b, 0x30, 0x75, 0x5d, 0x20, 0x21, 0x3d, 0x20, 0x30, 0x3b, 0x0a,
    0x20, 0x20, 0x20, 0x20, 0x7d, 0x0a, 0x20, 0x20, 0x20, 0x20, 0x65, 0x6c,
    0x73, 0x65, 0x0a, 0x20, 0x20, 0x20, 0x20, 0x7b, 0x0a, 0x20, 0x20, 0x20,
    0x20, 0x20, 0x20, 0x20, 0x20, 0x5f, 0x33, 0x36, 0x34, 0x20, 0x3d, 0x20,
    0x5f, 0x33, 0x34, 0x39, 0x3b, 0x0a, 0x20, 0x20, 0x20, 0x20, 0x7d, 0x0a,
    0x20, 0x20, 0x20, 0x20, 0x69, 0x66, 0x20, 0x28, 0x5f, 0x33, 0x36, 0x34,
    0x29, 0x0a, 0x20, 0x20, 0x20, 0x20, 0x7b, 0x0a, 0x20, 0x20, 0x20, 0x20,
    0x20, 0x20, 0x20, 0x20, 0x66, 0x6c, 0x6f, 0x61, 0x74, 0x34, 0x20, 0x6d,
    0x20, 0x3d, 0x20, 0x66, 0x6c, 0x6f, 0x61, 0x74, 0x34, 0x28, 0x6d, 0x6f,
    0x74, 0x69, 0x6f, 0x6e, 0x2e, 0x76, 0x61, 0x6c, 0x75, 0x65, 0x73, 0x5b,
    0x73, 0x6c, 0x6f, 0x74, 0x20, 0x2a, 0x20, 0x32, 0x5d, 0x29, 0x3b, 0x0a,
    0x20, 0x20, 0x20, 0x20, 0x20, 0x20, 0x20, 0x20, 0x66, 0x6c, 0x6f, 0x61,
    0x74, 0x20, 0x70, 0x68, 0x61, 0x73, 0x65, 0x20, 0x3d, 0x20, 0x73, 0x65,
    0x74, 0x74, 0x69, 0x6e, 0x67, 0x73, 0x2e, 0x6d, 0x6f, 0x74, 0x69, 0x6f,
    0x6e, 0x5f, 0x69, 0x6e, 0x66, 0x6f, 0x2e, 0x79, 0x3b, 0x0a, 0x20, 0x20,
    0x20, 0x20, 0x20, 0x20, 0x20, 0x20, 0x66, 0x6c, 0x6f, 0x61, 0x74, 0x32,
    0x20, 0x5f, 0x33, 0x37, 0x39, 0x3b, 0x0a, 0x20, 0x20, 0x20, 0x20, 0x20,
    0x20, 0x20, 0x20, 0x69, 0x66, 0x20, 0x28, 0x70, 0x68, 0x61, 0x73, 0x65,
    0x20, 0x3c, 0x20, 0x30, 0x2e, 0x35, 0x29, 0x0a, 0x20, 0x20, 0x20, 0x20,
    0x20, 0x20, 0x20, 0x20, 0x7b, 0x0a, 0x20, 0x20, 0x20, 0x20, 0x20, 0x20,
    0x20, 0x20, 0x20, 0x20, 0x20, 0x20, 0x5f, 0x33, 0x37, 0x39, 0x20, 0x3d,
    0x20, 0x6d, 0x2e, 0x7a, 0x77, 0x20, 0x2b, 0x20, 0x28, 0x6d, 0x2e, 0x78,
    0x79, 0x20, 0x2a, 0x20, 0x70, 0x68, 0x61, 0x73, 0x65, 0x29, 0x3b, 0x0a,
    0x20, 0x20, 0x20, 0x20, 0x20, 0x20, 0x20, 0x20, 0x7d, 0x0a, 0x20, 0x20,
    0x20, 0x20, 0x20, 0x20, 0x20, 0x20, 0x65, 0x6c, 0x73, 0x65, 0x0a, 0x20,
    0x20, 0x20, 0x20, 0x20, 0x20, 0x20, 0x20, 0x7b, 0x0a, 0x20, 0x20, 0x20,
    0x20, 0x20, 0x20, 0x20, 0x20, 0x20, 0x20, 0x20, 0x20, 0x5f, 0x33, 0x37,
    0x39, 0x20, 0x3d, 0x20, 0x6d, 0x2e, 0x7a, 0x77, 0x20, 0x2a, 0x20, 0x28,
    0x31, 0x2e, 0x30, 0x20, 0x2d, 0x20, 0x70, 0x68, 0x61, 0x73, 0x65, 0x29,
    0x3b, 0x0a, 0x20, 0x20, 0x20, 0x20, 0x20, 0x20, 0x20, 0x20, 0x7d, 0x0a,
    0x20, 0x20, 0x20, 0x20, 0x20, 0x20, 0x20, 0x20, 0x6f, 0x66, 0x66, 0x73,
    0x65, 0x74, 0x20, 0x3d, 0x20, 0x5f, 0x33, 0x37, 0x39, 0x3b, 0x0a, 0x20,
    0x20, 0x20, 0x20, 0x7d, 0x0a, 0x20, 0x20, 0x20, 0x20, 0x6f, 0x75, 0x74,
    0x2e, 0x74, 0x65, 0x78, 0x74, 0x75, 0x72, 0x65, 0x5f, 0x75, 0x76, 0x20,
    0x3d, 0x20, 0x69, 0x6e, 0x2e, 0x75, 0x76, 0x3b, 0x0a, 0x20, 0x20, 0x20,
    0x20, 0x66, 0x6c, 0x6f, 0x61, 0x74, 0x32, 0x20, 0x70, 0x69, 0x78, 0x65,
    0x6c, 0x20, 0x3d, 0x20, 0x69, 0x6e, 0x2e, 0x70, 0x6f, 0x73, 0x69, 0x74,
    0x69, 0x6f, 0x6e, 0x3b, 0x0a, 0x20, 0x20, 0x20, 0x20, 0x69, 0x66, 0x20,
    0x28, 0x73, 0x65, 0x74, 0x74, 0x69, 0x6e, 0x67, 0x73, 0x2e, 0x6d, 0x6f,
    0x74, 0x69, 0x6f, 0x6e, 0x5f, 0x69, 0x6e, 0x66, 0x6f, 0x2e, 0x7a, 0x20,
    0x21, 0x3d, 0x20, 0x30, 0x2e, 0x30, 0x29, 0x0a, 0x20, 0x20, 0x20, 0x20,
    0x7b, 0x0a, 0x20, 0x20, 0x20, 0x20, 0x20, 0x20, 0x20, 0x20, 0x6f, 0x75,
    0x74, 0x2e, 0x74, 0x65, 0x78, 0x74, 0x75, 0x72, 0x65, 0x5f, 0x75, 0x76,
    0x20, 0x2d, 0x3d, 0x20, 0x28, 0x6f, 0x66, 0x66, 0x73, 0x65, 0x74, 0x20,
    0x2f, 0x20, 0x66, 0x6c, 0x6f, 0x61, 0x74, 0x32, 0x28, 0x32, 0x35, 0x36,
    0x2e, 0x30, 0x29, 0x29, 0x3b, 0x0a, 0x20, 0x20, 0x20, 0x20, 0x7d, 0x0a,
    0x20, 0x20, 0x20, 0x20, 0x65, 0x6c, 0x73, 0x65, 0x0a, 0x20, 0x20, 0x20,
    0x20, 0x7b, 0x0a, 0x20, 0x20, 0x20, 0x20, 0x20, 0x20, 0x20, 0x20, 0x69,
    0x66, 0x20, 0x28, 0x73, 0x65, 0x74, 0x74, 0x69, 0x6e, 0x67, 0x73, 0x2e,
    0x6d, 0x61, 0x70, 0x70, 0x69, 0x6e, 0x67, 0x2e, 0x6d, 0x65, 0x74, 0x61,
    0x2e, 0x78, 0x20, 0x3e, 0x20, 0x30, 0x2e, 0x30, 0x29, 0x0a, 0x20, 0x20,
    0x20, 0x20, 0x20, 0x20, 0x20, 0x20, 0x7b, 0x0a, 0x20, 0x20, 0x20, 0x20,
    0x20, 0x20, 0x20, 0x20, 0x20, 0x20, 0x20, 0x20, 0x53, 0x6b, 0x79, 0x4d,
    0x61, 0x70, 0x70, 0x69, 0x6e, 0x67, 0x20, 0x70, 0x61, 0x72, 0x61, 0x6d,
    0x3b, 0x0a, 0x20, 0x20, 0x20, 0x20, 0x20, 0x20, 0x20, 0x20, 0x20, 0x20,
    0x20, 0x20, 0x70, 0x61, 0x72, 0x61, 0x6d, 0x2e, 0x6d, 0x65, 0x74, 0x61,
    0x20, 0x3d, 0x20, 0x73, 0x65, 0x74, 0x74, 0x69, 0x6e, 0x67, 0x73, 0x2e,
    0x6d, 0x61, 0x70, 0x70, 0x69, 0x6e, 0x67, 0x2e, 0x6d, 0x65, 0x74, 0x61,
    0x3b, 0x0a, 0x20, 0x20, 0x20, 0x20, 0x20, 0x20, 0x20, 0x20, 0x20, 0x20,
    0x20, 0x20, 0x70, 0x61, 0x72, 0x61, 0x6d, 0x2e, 0x6f, 0x75, 0x74, 0x70,
    0x75, 0x74, 0x5f, 0x73, 0x69, 0x7a, 0x65, 0x20, 0x3d, 0x20, 0x73, 0x65,
    0x74, 0x74, 0x69, 0x6e, 0x67, 0x73, 0x2e, 0x6d, 0x61, 0x70, 0x70, 0x69,
    0x6e, 0x67, 0x2e, 0x6f, 0x75, 0x74, 0x70, 0x75, 0x74, 0x5f, 0x73, 0x69,
    0x7a, 0x65, 0x3b, 0x0a, 0x20, 0x20, 0x20, 0x20, 0x20, 0x20, 0x20, 0x20,
    0x20, 0x20, 0x20, 0x20, 0x70, 0x61, 0x72, 0x61, 0x6d, 0x2e, 0x76, 0x65,
    0x72, 0x74, 0x69, 0x63, 0x61, 0x6c, 0x20, 0x3d, 0x20, 0x73, 0x65, 0x74,
    0x74, 0x69, 0x6e, 0x67, 0x73, 0x2e, 0x6d, 0x61, 0x70, 0x70, 0x69, 0x6e,
    0x67, 0x2e, 0x76, 0x65, 0x72, 0x74, 0x69, 0x63, 0x61, 0x6c, 0x3b, 0x0a,
    0x20, 0x20, 0x20, 0x20, 0x20, 0x20, 0x20, 0x20, 0x20, 0x20, 0x20, 0x20,
    0x70, 0x61, 0x72, 0x61, 0x6d, 0x2e, 0x66, 0x6f, 0x6c, 0x6c, 0x6f, 0x77,
    0x20, 0x3d, 0x20, 0x73, 0x65, 0x74, 0x74, 0x69, 0x6e, 0x67, 0x73, 0x2e,
    0x6d, 0x61, 0x70, 0x70, 0x69, 0x6e, 0x67, 0x2e, 0x66, 0x6f, 0x6c, 0x6c,
    0x6f, 0x77, 0x3b, 0x0a, 0x20, 0x20, 0x20, 0x20, 0x20, 0x20, 0x20, 0x20,
    0x20, 0x20, 0x20, 0x20, 0x70, 0x61, 0x72, 0x61, 0x6d, 0x2e, 0x66, 0x69,
    0x74, 0x20, 0x3d, 0x20, 0x73, 0x65, 0x74, 0x74, 0x69, 0x6e, 0x67, 0x73,
    0x2e, 0x6d, 0x61, 0x70, 0x70, 0x69, 0x6e, 0x67, 0x2e, 0x66, 0x69, 0x74,
    0x3b, 0x0a, 0x20, 0x20, 0x20, 0x20, 0x20, 0x20, 0x20, 0x20, 0x20, 0x20,
    0x20, 0x20, 0x70, 0x61, 0x72, 0x61, 0x6d, 0x2e, 0x62, 0x61, 0x6e, 0x64,
    0x73, 0x5b, 0x30, 0x5d, 0x20, 0x3d, 0x20, 0x73, 0x65, 0x74, 0x74, 0x69,
    0x6e, 0x67, 0x73, 0x2e, 0x6d, 0x61, 0x70, 0x70, 0x69, 0x6e, 0x67, 0x2e,
    0x62, 0x61, 0x6e, 0x64, 0x73, 0x5b, 0x30, 0x5d, 0x3b, 0x0a, 0x20, 0x20,
    0x20, 0x20, 0x20, 0x20, 0x20, 0x20, 0x20, 0x20, 0x20, 0x20, 0x70, 0x61,
    0x72, 0x61, 0x6d, 0x2e, 0x62, 0x61, 0x6e, 0x64, 0x73, 0x5b, 0x31, 0x5d,
    0x20, 0x3d, 0x20, 0x73, 0x65, 0x74, 0x74, 0x69, 0x6e, 0x67, 0x73, 0x2e,
    0x6d, 0x61, 0x70, 0x70, 0x69, 0x6e, 0x67, 0x2e, 0x62, 0x61, 0x6e, 0x64,
    0x73, 0x5b, 0x31, 0x5d, 0x3b, 0x0a, 0x20, 0x20, 0x20, 0x20, 0x20, 0x20,
    0x20, 0x20, 0x20, 0x20, 0x20, 0x20, 0x70, 0x61, 0x72, 0x61, 0x6d, 0x2e,
    0x62, 0x61, 0x6e, 0x64, 0x73, 0x5b, 0x32, 0x5d, 0x20, 0x3d, 0x20, 0x73,
    0x65, 0x74, 0x74, 0x69, 0x6e, 0x67, 0x73, 0x2e, 0x6d, 0x61, 0x70, 0x70,
    0x69, 0x6e, 0x67, 0x2e, 0x62, 0x61, 0x6e, 0x64, 0x73, 0x5b, 0x32, 0x5d,
    0x3b, 0x0a, 0x20, 0x20, 0x20, 0x20, 0x20, 0x20, 0x20, 0x20, 0x20, 0x20,
    0x20, 0x20, 0x70, 0x61, 0x72, 0x61, 0x6d, 0x2e, 0x62, 0x61, 0x6e, 0x64,
    0x73, 0x5b, 0x33, 0x5d, 0x20, 0x3d, 0x20, 0x73, 0x65, 0x74, 0x74, 0x69,
    0x6e, 0x67, 0x73, 0x2e, 0x6d, 0x61, 0x70, 0x70, 0x69, 0x6e, 0x67, 0x2e,
    0x62, 0x61, 0x6e, 0x64, 0x73, 0x5b, 0x33, 0x5d, 0x3b, 0x0a, 0x20, 0x20,
    0x20, 0x20, 0x20, 0x20, 0x20, 0x20, 0x20, 0x20, 0x20, 0x20, 0x70, 0x61,
    0x72, 0x61, 0x6d, 0x2e, 0x62, 0x61, 0x6e, 0x64, 0x73, 0x5b, 0x34, 0x5d,
    0x20, 0x3d, 0x20, 0x73, 0x65, 0x74, 0x74, 0x69, 0x6e, 0x67, 0x73, 0x2e,
    0x6d, 0x61, 0x70, 0x70, 0x69, 0x6e, 0x67, 0x2e, 0x62, 0x61, 0x6e, 0x64,
    0x73, 0x5b, 0x34, 0x5d, 0x3b, 0x0a, 0x20, 0x20, 0x20, 0x20, 0x20, 0x20,
    0x20, 0x20, 0x20, 0x20, 0x20, 0x20, 0x70, 0x61, 0x72, 0x61, 0x6d, 0x2e,
    0x62, 0x61, 0x6e, 0x64, 0x73, 0x5b, 0x35, 0x5d, 0x20, 0x3d, 0x20, 0x73,
    0x65, 0x74, 0x74, 0x69, 0x6e, 0x67, 0x73, 0x2e, 0x6d, 0x61, 0x70, 0x70,
    0x69, 0x6e, 0x67, 0x2e, 0x62, 0x61, 0x6e, 0x64, 0x73, 0x5b, 0x35, 0x5d,
    0x3b, 0x0a, 0x20, 0x20, 0x20, 0x20, 0x20, 0x20, 0x20, 0x20, 0x20, 0x20,
    0x20, 0x20, 0x70, 0x61, 0x72, 0x61, 0x6d, 0x2e, 0x62, 0x61, 0x6e, 0x64,
    0x73, 0x5b, 0x36, 0x5d, 0x20, 0x3d, 0x20, 0x73, 0x65, 0x74, 0x74, 0x69,
    0x6e, 0x67, 0x73, 0x2e, 0x6d, 0x61, 0x70, 0x70, 0x69, 0x6e, 0x67, 0x2e,
    0x62, 0x61, 0x6e, 0x64, 0x73, 0x5b, 0x36, 0x5d, 0x3b, 0x0a, 0x20, 0x20,
    0x20, 0x20, 0x20, 0x20, 0x20, 0x20, 0x20, 0x20, 0x20, 0x20, 0x70, 0x61,
    0x72, 0x61, 0x6d, 0x2e, 0x62, 0x61, 0x6e, 0x64, 0x73, 0x5b, 0x37, 0x5d,
    0x20, 0x3d, 0x20, 0x73, 0x65, 0x74, 0x74, 0x69, 0x6e, 0x67, 0x73, 0x2e,
    0x6d, 0x61, 0x70, 0x70, 0x69, 0x6e, 0x67, 0x2e, 0x62, 0x61, 0x6e, 0x64,
    0x73, 0x5b, 0x37, 0x5d, 0x3b, 0x0a, 0x20, 0x20, 0x20, 0x20, 0x20, 0x20,
    0x20, 0x20, 0x20, 0x20, 0x20, 0x20, 0x70, 0x61, 0x72, 0x61, 0x6d, 0x2e,
    0x62, 0x61, 0x6e, 0x64, 0x73, 0x5b, 0x38, 0x5d, 0x20, 0x3d, 0x20, 0x73,
    0x65, 0x74, 0x74, 0x69, 0x6e, 0x67, 0x73, 0x2e, 0x6d, 0x61, 0x70, 0x70,
    0x69, 0x6e, 0x67, 0x2e, 0x62, 0x61, 0x6e, 0x64, 0x73, 0x5b, 0x38, 0x5d,
    0x3b, 0x0a, 0x20, 0x20, 0x20, 0x20, 0x20, 0x20, 0x20, 0x20, 0x20, 0x20,
    0x20, 0x20, 0x70, 0x61, 0x72, 0x61, 0x6d, 0x2e, 0x62, 0x61, 0x6e, 0x64,
    0x73, 0x5b, 0x39, 0x5d, 0x20, 0x3d, 0x20, 0x73, 0x65, 0x74, 0x74, 0x69,
    0x6e, 0x67, 0x73, 0x2e, 0x6d, 0x61, 0x70, 0x70, 0x69, 0x6e, 0x67, 0x2e,
    0x62, 0x61, 0x6e, 0x64, 0x73, 0x5b, 0x39, 0x5d, 0x3b, 0x0a, 0x20, 0x20,
    0x20, 0x20, 0x20, 0x20, 0x20, 0x20, 0x20, 0x20, 0x20, 0x20, 0x70, 0x61,
    0x72, 0x61, 0x6d, 0x2e, 0x62, 0x61, 0x6e, 0x64, 0x73, 0x5b, 0x31, 0x30,
    0x5d, 0x20, 0x3d, 0x20, 0x73, 0x65, 0x74, 0x74, 0x69, 0x6e, 0x67, 0x73,
    0x2e, 0x6d, 0x61, 0x70, 0x70, 0x69, 0x6e, 0x67, 0x2e, 0x62, 0x61, 0x6e,
    0x64, 0x73, 0x5b, 0x31, 0x30, 0x5d, 0x3b, 0x0a, 0x20, 0x20, 0x20, 0x20,
    0x20, 0x20, 0x20, 0x20, 0x20, 0x20, 0x20, 0x20, 0x69, 0x6e, 0x74, 0x20,
    0x70, 0x61, 0x72, 0x61, 0x6d, 0x5f, 0x31, 0x20, 0x3d, 0x20, 0x69, 0x6e,
    0x74, 0x28, 0x73, 0x65, 0x74, 0x74, 0x69, 0x6e, 0x67, 0x73, 0x2e, 0x6d,
    0x6f, 0x74, 0x69, 0x6f, 0x6e, 0x5f, 0x69, 0x6e, 0x66, 0x6f, 0x2e, 0x77,
    0x29, 0x3b, 0x0a, 0x20, 0x20, 0x20, 0x20, 0x20, 0x20, 0x20, 0x20, 0x20,
    0x20, 0x20, 0x20, 0x66, 0x6c, 0x6f, 0x61, 0x74, 0x20, 0x70, 0x61, 0x72,
    0x61, 0x6d, 0x5f, 0x32, 0x20, 0x3d, 0x20, 0x6f, 0x66, 0x66, 0x73, 0x65,
    0x74, 0x2e, 0x79, 0x3b, 0x0a, 0x20, 0x20, 0x20, 0x20, 0x20, 0x20, 0x20,
    0x20, 0x20, 0x20, 0x20, 0x20, 0x66, 0x6c, 0x6f, 0x61, 0x74, 0x34, 0x20,
    0x70, 0x61, 0x72, 0x61, 0x6d, 0x5f, 0x33, 0x3b, 0x0a, 0x20, 0x20, 0x20,
    0x20, 0x20, 0x20, 0x20, 0x20, 0x20, 0x20, 0x20, 0x20, 0x66, 0x6c, 0x6f,
    0x61, 0x74, 0x32, 0x20, 0x70, 0x61, 0x72, 0x61, 0x6d, 0x5f, 0x34, 0x3b,
    0x0a, 0x20, 0x20, 0x20, 0x20, 0x20, 0x20, 0x20, 0x20, 0x20, 0x20, 0x20,
    0x20, 0x62, 0x6f, 0x6f, 0x6c, 0x20, 0x5f, 0x34, 0x37, 0x38, 0x20, 0x3d,
    0x20, 0x72, 0x65, 0x73, 0x6f, 0x6c, 0x76, 0x65, 0x5f, 0x73, 0x6b, 0x79,
    0x5f, 0x62, 0x61, 0x6e, 0x64, 0x28, 0x70, 0x61, 0x72, 0x61, 0x6d, 0x2c,
    0x20, 0x70, 0x61, 0x72, 0x61, 0x6d, 0x5f, 0x31, 0x2c, 0x20, 0x70, 0x61,
    0x72, 0x61, 0x6d, 0x5f, 0x32, 0x2c, 0x20, 0x70, 0x61, 0x72, 0x61, 0x6d,
    0x5f, 0x33, 0x2c, 0x20, 0x70, 0x61, 0x72, 0x61, 0x6d, 0x5f, 0x34, 0x29,
    0x3b, 0x0a, 0x20, 0x20, 0x20, 0x20, 0x20, 0x20, 0x20, 0x20, 0x20, 0x20,
    0x20, 0x20, 0x66, 0x6c, 0x6f, 0x61, 0x74, 0x34, 0x20, 0x62, 0x6f, 0x75,
    0x6e, 0x64, 0x73, 0x20, 0x3d, 0x20, 0x70, 0x61, 0x72, 0x61, 0x6d, 0x5f,
    0x33, 0x3b, 0x0a, 0x20, 0x20, 0x20, 0x20, 0x20, 0x20, 0x20, 0x20, 0x20,
    0x20, 0x20, 0x20, 0x66, 0x6c, 0x6f, 0x61, 0x74, 0x32, 0x20, 0x72, 0x6f,
    0x77, 0x73, 0x20, 0x3d, 0x20, 0x70, 0x61, 0x72, 0x61, 0x6d, 0x5f, 0x34,
    0x3b, 0x0a, 0x20, 0x20, 0x20, 0x20, 0x20, 0x20, 0x20, 0x20, 0x20, 0x20,
    0x20, 0x20, 0x62, 0x6f, 0x6f, 0x6c, 0x20, 0x76, 0x61, 0x6c, 0x69, 0x64,
    0x20, 0x3d, 0x20, 0x5f, 0x34, 0x37, 0x38, 0x3b, 0x0a, 0x20, 0x20, 0x20,
    0x20, 0x20, 0x20, 0x20, 0x20, 0x20, 0x20, 0x20, 0x20, 0x66, 0x6c, 0x6f,
    0x61, 0x74, 0x20, 0x5f, 0x34, 0x38, 0x35, 0x3b, 0x0a, 0x20, 0x20, 0x20,
    0x20, 0x20, 0x20, 0x20, 0x20, 0x20, 0x20, 0x20, 0x20, 0x69, 0x66, 0x20,
    0x28, 0x69, 0x6e, 0x2e, 0x70, 0x6f, 0x73, 0x69, 0x74, 0x69, 0x6f, 0x6e,
    0x2e, 0x78, 0x20, 0x3d, 0x3d, 0x20, 0x30, 0x2e, 0x30, 0x29, 0x0a, 0x20,
    0x20, 0x20, 0x20, 0x20, 0x20, 0x20, 0x20, 0x20, 0x20, 0x20, 0x20, 0x7b,
    0x0a, 0x20, 0x20, 0x20, 0x20, 0x20, 0x20, 0x20, 0x20, 0x20, 0x20, 0x20,
    0x20, 0x20, 0x20, 0x20, 0x20, 0x5f, 0x34, 0x38, 0x35, 0x20, 0x3d, 0x20,
    0x62, 0x6f, 0x75, 0x6e, 0x64, 0x73, 0x2e, 0x78, 0x3b, 0x0a, 0x20, 0x20,
    0x20, 0x20, 0x20, 0x20, 0x20, 0x20, 0x20, 0x20, 0x20, 0x20, 0x7d, 0x0a,
    0x20, 0x20, 0x20, 0x20, 0x20, 0x20, 0x20, 0x20, 0x20, 0x20, 0x20, 0x20,
    0x65, 0x6c, 0x73, 0x65, 0x0a, 0x20, 0x20, 0x20, 0x20, 0x20, 0x20, 0x20,
    0x20, 0x20, 0x20, 0x20, 0x20, 0x7b, 0x0a, 0x20, 0x20, 0x20, 0x20, 0x20,
    0x20, 0x20, 0x20, 0x20, 0x20, 0x20, 0x20, 0x20, 0x20, 0x20, 0x20, 0x5f,
    0x34, 0x38, 0x35, 0x20, 0x3d, 0x20, 0x62, 0x6f, 0x75, 0x6e, 0x64, 0x73,
    0x2e, 0x7a, 0x3b, 0x0a, 0x20, 0x20, 0x20, 0x20, 0x20, 0x20, 0x20, 0x20,
    0x20, 0x20, 0x20, 0x20, 0x7d, 0x0a, 0x20, 0x20, 0x20, 0x20, 0x20, 0x20,
    0x20, 0x20, 0x20, 0x20, 0x20, 0x20, 0x66, 0x6c, 0x6f, 0x61, 0x74, 0x20,
    0x5f, 0x34, 0x39, 0x37, 0x3b, 0x0a, 0x20, 0x20, 0x20, 0x20, 0x20, 0x20,
    0x20, 0x20, 0x20, 0x20, 0x20, 0x20, 0x69, 0x66, 0x20, 0x28, 0x69, 0x6e,
    0x2e, 0x70, 0x6f, 0x73, 0x69, 0x74, 0x69, 0x6f, 0x6e, 0x2e, 0x79, 0x20,
    0x3d, 0x3d, 0x20, 0x30, 0x2e, 0x30, 0x29, 0x0a, 0x20, 0x20, 0x20, 0x20,
    0x20, 0x20, 0x20, 0x20, 0x20, 0x20, 0x20, 0x20, 0x7b, 0x0a, 0x20, 0x20,
    0x20, 0x20, 0x20, 0x20, 0x20, 0x20, 0x20, 0x20, 0x20, 0x20, 0x20, 0x20,
    0x20, 0x20, 0x5f, 0x34, 0x39, 0x37, 0x20, 0x3d, 0x20, 0x62, 0x6f, 0x75,
    0x6e, 0x64, 0x73, 0x2e, 0x79, 0x3b, 0x0a, 0x20, 0x20, 0x20, 0x20, 0x20,
    0x20, 0x20, 0x20, 0x20, 0x20, 0x20, 0x20, 0x7d, 0x0a, 0x20, 0x20, 0x20,
    0x20, 0x20, 0x20, 0x20, 0x20, 0x20, 0x20, 0x20, 0x20, 0x65, 0x6c, 0x73,
    0x65, 0x0a, 0x20, 0x20, 0x20, 0x20, 0x20, 0x20, 0x20, 0x20, 0x20, 0x20,
    0x20, 0x20, 0x7b, 0x0a, 0x20, 0x20, 0x20, 0x20, 0x20, 0x20, 0x20, 0x20,
    0x20, 0x20, 0x20, 0x20, 0x20, 0x20, 0x20, 0x20, 0x5f, 0x34, 0x39, 0x37,
    0x20, 0x3d, 0x20, 0x62, 0x6f, 0x75, 0x6e, 0x64, 0x73, 0x2e, 0x77, 0x3b,
    0x0a, 0x20, 0x20, 0x20, 0x20, 0x20, 0x20, 0x20, 0x20, 0x20, 0x20, 0x20,
    0x20, 0x7d, 0x0a, 0x20, 0x20, 0x20, 0x20, 0x20, 0x20, 0x20, 0x20, 0x20,
    0x20, 0x20, 0x20, 0x6f, 0x75, 0x74, 0x2e, 0x74, 0x65, 0x78, 0x74, 0x75,
    0x72, 0x65, 0x5f, 0x75, 0x76, 0x20, 0x3d, 0x20, 0x66, 0x6c, 0x6f, 0x61,
    0x74, 0x32, 0x28, 0x5f, 0x34, 0x38, 0x35, 0x2c, 0x20, 0x5f, 0x34, 0x39,
    0x37, 0x29, 0x3b, 0x0a, 0x20, 0x20, 0x20, 0x20, 0x20, 0x20, 0x20, 0x20,
    0x20, 0x20, 0x20, 0x20, 0x66, 0x6c, 0x6f, 0x61, 0x74, 0x20, 0x5f, 0x35,
    0x31, 0x30, 0x3b, 0x0a, 0x20, 0x20, 0x20, 0x20, 0x20, 0x20, 0x20, 0x20,
    0x20, 0x20, 0x20, 0x20, 0x69, 0x66, 0x20, 0x28, 0x69, 0x6e, 0x2e, 0x70,
    0x6f, 0x73, 0x69, 0x74, 0x69, 0x6f, 0x6e, 0x2e, 0x79, 0x20, 0x3d, 0x3d,
    0x20, 0x30, 0x2e, 0x30, 0x29, 0x0a, 0x20, 0x20, 0x20, 0x20, 0x20, 0x20,
    0x20, 0x20, 0x20, 0x20, 0x20, 0x20, 0x7b, 0x0a, 0x20, 0x20, 0x20, 0x20,
    0x20, 0x20, 0x20, 0x20, 0x20, 0x20, 0x20, 0x20, 0x20, 0x20, 0x20, 0x20,
    0x5f, 0x35, 0x31, 0x30, 0x20, 0x3d, 0x20, 0x72, 0x6f, 0x77, 0x73, 0x2e,
    0x78, 0x3b, 0x0a, 0x20, 0x20, 0x20, 0x20, 0x20, 0x20, 0x20, 0x20, 0x20,
    0x20, 0x20, 0x20, 0x7d, 0x0a, 0x20, 0x20, 0x20, 0x20, 0x20, 0x20, 0x20,
    0x20, 0x20, 0x20, 0x20, 0x20, 0x65, 0x6c, 0x73, 0x65, 0x0a, 0x20, 0x20,
    0x20, 0x20, 0x20, 0x20, 0x20, 0x20, 0x20, 0x20, 0x20, 0x20, 0x7b, 0x0a,
    0x20, 0x20, 0x20, 0x20, 0x20, 0x20, 0x20, 0x20, 0x20, 0x20, 0x20, 0x20,
    0x20, 0x20, 0x20, 0x20, 0x5f, 0x35, 0x31, 0x30, 0x20, 0x3d, 0x20, 0x72,
    0x6f, 0x77, 0x73, 0x2e, 0x79, 0x3b, 0x0a, 0x20, 0x20, 0x20, 0x20, 0x20,
    0x20, 0x20, 0x20, 0x20, 0x20, 0x20, 0x20, 0x7d, 0x0a, 0x20, 0x20, 0x20,
    0x20, 0x20, 0x20, 0x20, 0x20, 0x20, 0x20, 0x20, 0x20, 0x70, 0x69, 0x78,
    0x65, 0x6c, 0x2e, 0x79, 0x20, 0x3d, 0x20, 0x5f, 0x35, 0x31, 0x30, 0x20,
    0x2a, 0x20, 0x73, 0x65, 0x74, 0x74, 0x69, 0x6e, 0x67, 0x73, 0x2e, 0x6d,
    0x61, 0x70, 0x70, 0x69, 0x6e, 0x67, 0x2e, 0x6f, 0x75, 0x74, 0x70, 0x75,
    0x74, 0x5f, 0x73, 0x69, 0x7a, 0x65, 0x2e, 0x79, 0x3b, 0x0a, 0x20, 0x20,
    0x20, 0x20, 0x20, 0x20, 0x20, 0x20, 0x20, 0x20, 0x20, 0x20, 0x69, 0x66,
    0x20, 0x28, 0x21, 0x76, 0x61, 0x6c, 0x69, 0x64, 0x29, 0x0a, 0x20, 0x20,
    0x20, 0x20, 0x20, 0x20, 0x20, 0x20, 0x20, 0x20, 0x20, 0x20, 0x7b, 0x0a,
    0x20, 0x20, 0x20, 0x20, 0x20, 0x20, 0x20, 0x20, 0x20, 0x20, 0x20, 0x20,
    0x20, 0x20, 0x20, 0x20, 0x70, 0x69, 0x78, 0x65, 0x6c, 0x20, 0x3d, 0x20,
    0x66, 0x6c, 0x6f, 0x61, 0x74, 0x32, 0x28, 0x2d, 0x31, 0x2e, 0x30, 0x29,
    0x3b, 0x0a, 0x20, 0x20, 0x20, 0x20, 0x20, 0x20, 0x20, 0x20, 0x20, 0x20,
    0x20, 0x20, 0x7d, 0x0a, 0x20, 0x20, 0x20, 0x20, 0x20, 0x20, 0x20, 0x20,
    0x7d, 0x0a, 0x20, 0x20, 0x20, 0x20, 0x7d, 0x0a, 0x20, 0x20, 0x20, 0x20,
    0x6f, 0x75, 0x74, 0x2e, 0x76, 0x65, 0x72, 0x74, 0x65, 0x78, 0x5f, 0x63,
    0x6f, 0x6c, 0x6f, 0x72, 0x20, 0x3d, 0x20, 0x69, 0x6e, 0x2e, 0x63, 0x6f,
    0x6c, 0x6f, 0x72, 0x3b, 0x0a, 0x20, 0x20, 0x20, 0x20, 0x6f, 0x75, 0x74,
    0x2e, 0x67, 0x6c, 0x5f, 0x50, 0x6f, 0x73, 0x69, 0x74, 0x69, 0x6f, 0x6e,
    0x20, 0x3d, 0x20, 0x66, 0x6c, 0x6f, 0x61, 0x74, 0x34, 0x28, 0x28, 0x28,
    0x28, 0x70, 0x69, 0x78, 0x65, 0x6c, 0x20, 0x2b, 0x20, 0x73, 0x65, 0x74,
    0x74, 0x69, 0x6e, 0x67, 0x73, 0x2e, 0x74, 0x61, 0x72, 0x67, 0x65, 0x74,
    0x2e, 0x7a, 0x77, 0x29, 0x20, 0x2f, 0x20, 0x73, 0x65, 0x74, 0x74, 0x69,
    0x6e, 0x67, 0x73, 0x2e, 0x74, 0x61, 0x72, 0x67, 0x65, 0x74, 0x2e, 0x78,
    0x79, 0x29, 0x20, 0x2a, 0x20, 0x66, 0x6c, 0x6f, 0x61, 0x74, 0x32, 0x28,
    0x32, 0x2e, 0x30, 0x2c, 0x20, 0x2d, 0x32, 0x2e, 0x30, 0x29, 0x29, 0x20,
    0x2b, 0x20, 0x66, 0x6c, 0x6f, 0x61, 0x74, 0x32, 0x28, 0x2d, 0x31, 0x2e,
    0x30, 0x2c, 0x20, 0x31, 0x2e, 0x30, 0x29, 0x2c, 0x20, 0x30, 0x2e, 0x30,
    0x2c, 0x20, 0x31, 0x2e, 0x30, 0x29, 0x3b, 0x0a, 0x20, 0x20, 0x20, 0x20,
    0x72, 0x65, 0x74, 0x75, 0x72, 0x6e, 0x20, 0x6f, 0x75, 0x74, 0x3b, 0x0a,
    0x7d, 0x0a, 0x0a,
    0x00
};
static const unsigned int kActionSkyboxVertMSLSize = 9759u;

static const unsigned char kActionSkyboxVertSPV[] = {
    0x03, 0x02, 0x23, 0x07, 0x00, 0x00, 0x01, 0x00, 0x0b, 0x00, 0x0d, 0x00,
    0x5e, 0x04, 0x00, 0x00, 0x00, 0x00, 0x00, 0x00, 0x11, 0x00, 0x02, 0x00,
    0x01, 0x00, 0x00, 0x00, 0x0b, 0x00, 0x06, 0x00, 0x01, 0x00, 0x00, 0x00,
    0x47, 0x4c, 0x53, 0x4c, 0x2e, 0x73, 0x74, 0x64, 0x2e, 0x34, 0x35, 0x30,
    0x00, 0x00, 0x00, 0x00, 0x0e, 0x00, 0x03, 0x00, 0x00, 0x00, 0x00, 0x00,
    0x01, 0x00, 0x00, 0x00, 0x0f, 0x00, 0x0b, 0x00, 0x00, 0x00, 0x00, 0x00,
    0x04, 0x00, 0x00, 0x00, 0x6d, 0x61, 0x69, 0x6e, 0x00, 0x00, 0x00, 0x00,
    0x8d, 0x01, 0x00, 0x00, 0x8f, 0x01, 0x00, 0x00, 0x92, 0x01, 0x00, 0x00,
    0x12, 0x02, 0x00, 0x00, 0x14, 0x02, 0x00, 0x00, 0x19, 0x02, 0x00, 0x00,
    0x47, 0x00, 0x04, 0x00, 0x53, 0x01, 0x00, 0x00, 0x06, 0x00, 0x00, 0x00,
    0x10, 0x00, 0x00, 0x00, 0x48, 0x00, 0x05, 0x00, 0x54, 0x01, 0x00, 0x00,
    0x00, 0x00, 0x00, 0x00, 0x23, 0x00, 0x00, 0x00, 0x00, 0x00, 0x00, 0x00,
    0x48, 0x00, 0x05, 0x00, 0x54, 0x01, 0x00, 0x00, 0x01, 0x00, 0x00, 0x00,
    0x23, 0x00, 0x00, 0x00, 0x10, 0x00, 0x00, 0x00, 0x48, 0x00, 0x05, 0x00,
    0x54, 0x01, 0x00, 0x00, 0x02, 0x00, 0x00, 0x00, 0x23, 0x00, 0x00, 0x00,
    0x20, 0x00, 0x00, 0x00, 0x48, 0x00, 0x05, 0x00, 0x54, 0x01, 0x00, 0x00,
    0x03, 0x00, 0x00, 0x00, 0x23, 0x00, 0x00, 0x00, 0x30, 0x00, 0x00, 0x00,
    0x48, 0x00, 0x05, 0x00, 0x54, 0x01, 0x00, 0x00, 0x04, 0x00, 0x00, 0x00,
    0x23, 0x00, 0x00, 0x00, 0x40, 0x00, 0x00, 0x00, 0x48, 0x00, 0x05, 0x00,
    0x54, 0x01, 0x00, 0x00, 0x05, 0x00, 0x00, 0x00, 0x23, 0x00, 0x00, 0x00,
    0x50, 0x00, 0x00, 0x00, 0x47, 0x00, 0x03, 0x00, 0x55, 0x01, 0x00, 0x00,
    0x02, 0x00, 0x00, 0x00, 0x48, 0x00, 0x05, 0x00, 0x55, 0x01, 0x00, 0x00,
    0x00, 0x00, 0x00, 0x00, 0x23, 0x00, 0x00, 0x00, 0x00, 0x00, 0x00, 0x00,
    0x48, 0x00, 0x05, 0x00, 0x55, 0x01, 0x00, 0x00, 0x01, 0x00, 0x00, 0x00,
    0x23, 0x00, 0x00, 0x00, 0x10, 0x00, 0x00, 0x00, 0x48, 0x00, 0x05, 0x00,
    0x55, 0x01, 0x00, 0x00, 0x02, 0x00, 0x00, 0x00, 0x23, 0x00, 0x00, 0x00,
    0x20, 0x00, 0x00, 0x00, 0x47, 0x00, 0x04, 0x00, 0x57, 0x01, 0x00, 0x00,
    0x21, 0x00, 0x00, 0x00, 0x00, 0x00, 0x00, 0x00, 0x47, 0x00, 0x04, 0x00,
    0x57, 0x01, 0x00, 0x00, 0x22, 0x00, 0x00, 0x00, 0x01, 0x00, 0x00, 0x00,
    0x47, 0x00, 0x04, 0x00, 0x61, 0x01, 0x00, 0x00, 0x06, 0x00, 0x00, 0x00,
    0x10, 0x00, 0x00, 0x00, 0x47, 0x00, 0x03, 0x00, 0x62, 0x01, 0x00, 0x00,
    0x03, 0x00, 0x00, 0x00, 0x48, 0x00, 0x04, 0x00, 0x62, 0x01, 0x00, 0x00,
    0x00, 0x00, 0x00, 0x00, 0x18, 0x00, 0x00, 0x00, 0x48, 0x00, 0x05, 0x00,
    0x62, 0x01, 0x00, 0x00, 0x00, 0x00, 0x00, 0x00, 0x23, 0x00, 0x00, 0x00,
    0x00, 0x00, 0x00, 0x00, 0x47, 0x00, 0x03, 0x00, 0x64, 0x01, 0x00, 0x00,
    0x18, 0x00, 0x00, 0x00, 0x47, 0x00, 0x04, 0x00, 0x64, 0x01, 0x00, 0x00,
    0x21, 0x00, 0x00, 0x00, 0x00, 0x00, 0x00, 0x00, 0x47, 0x00, 0x04, 0x00,
    0x64, 0x01, 0x00, 0x00, 0x22, 0x00, 0x00, 0x00, 0x00, 0x00, 0x00, 0x00,
    0x47, 0x00, 0x04, 0x00, 0x8d, 0x01, 0x00, 0x00, 0x1e, 0x00, 0x00, 0x00,
    0x01, 0x00, 0x00, 0x00, 0x47, 0x00, 0x04, 0x00, 0x8f, 0x01, 0x00, 0x00,
    0x1e, 0x00, 0x00, 0x00, 0x02, 0x00, 0x00, 0x00, 0x47, 0x00, 0x04, 0x00,
    0x92, 0x01, 0x00, 0x00, 0x1e, 0x00, 0x00, 0x00, 0x00, 0x00, 0x00, 0x00,
    0x47, 0x00, 0x04, 0x00, 0x12, 0x02, 0x00, 0x00, 0x1e, 0x00, 0x00, 0x00,
    0x00, 0x00, 0x00, 0x00, 0x47, 0x00, 0x04, 0x00, 0x14, 0x02, 0x00, 0x00,
    0x1e, 0x00, 0x00, 0x00, 0x01, 0x00, 0x00, 0x00, 0x47, 0x00, 0x03, 0x00,
    0x17, 0x02, 0x00, 0x00, 0x02, 0x00, 0x00, 0x00, 0x48, 0x00, 0x05, 0x00,
    0x17, 0x02, 0x00, 0x00, 0x00, 0x00, 0x00, 0x00, 0x0b, 0x00, 0x00, 0x00,
    0x00, 0x00, 0x00, 0x00, 0x48, 0x00, 0x05, 0x00, 0x17, 0x02, 0x00, 0x00,
    0x01, 0x00, 0x00, 0x00, 0x0b, 0x00, 0x00, 0x00, 0x01, 0x00, 0x00, 0x00,
    0x48, 0x00, 0x05, 0x00, 0x17, 0x02, 0x00, 0x00, 0x02, 0x00, 0x00, 0x00,
    0x0b, 0x00, 0x00, 0x00, 0x03, 0x00, 0x00, 0x00, 0x48, 0x00, 0x05, 0x00,
    0x17, 0x02, 0x00, 0x00, 0x03, 0x00, 0x00, 0x00, 0x0b, 0x00, 0x00, 0x00,
    0x04, 0x00, 0x00, 0x00, 0x47, 0x00, 0x03, 0x00, 0x65, 0x02, 0x00, 0x00,
    0x2a, 0x00, 0x00, 0x00, 0x47, 0x00, 0x03, 0x00, 0x66, 0x02, 0x00, 0x00,
    0x2a, 0x00, 0x00, 0x00, 0x47, 0x00, 0x03, 0x00, 0x70, 0x02, 0x00, 0x00,
    0x2a, 0x00, 0x00, 0x00, 0x47, 0x00, 0x03, 0x00, 0xa4, 0x02, 0x00, 0x00,
    0x2a, 0x00, 0x00, 0x00, 0x47, 0x00, 0x03, 0x00, 0xa7, 0x02, 0x00, 0x00,
    0x2a, 0x00, 0x00, 0x00, 0x47, 0x00, 0x03, 0x00, 0xb2, 0x02, 0x00, 0x00,
    0x2a, 0x00, 0x00, 0x00, 0x47, 0x00, 0x03, 0x00, 0xb5, 0x02, 0x00, 0x00,
    0x2a, 0x00, 0x00, 0x00, 0x47, 0x00, 0x03, 0x00, 0xc0, 0x02, 0x00, 0x00,
    0x2a, 0x00, 0x00, 0x00, 0x47, 0x00, 0x03, 0x00, 0xc8, 0x02, 0x00, 0x00,
    0x2a, 0x00, 0x00, 0x00, 0x47, 0x00, 0x03, 0x00, 0xc9, 0x02, 0x00, 0x00,
    0x2a, 0x00, 0x00, 0x00, 0x47, 0x00, 0x03, 0x00, 0xce, 0x02, 0x00, 0x00,
    0x2a, 0x00, 0x00, 0x00, 0x47, 0x00, 0x03, 0x00, 0xd0, 0x02, 0x00, 0x00,
    0x2a, 0x00, 0x00, 0x00, 0x47, 0x00, 0x03, 0x00, 0xd7, 0x02, 0x00, 0x00,
    0x2a, 0x00, 0x00, 0x00, 0x47, 0x00, 0x03, 0x00, 0xda, 0x02, 0x00, 0x00,
    0x2a, 0x00, 0x00, 0x00, 0x47, 0x00, 0x03, 0x00, 0xdd, 0x02, 0x00, 0x00,
    0x2a, 0x00, 0x00, 0x00, 0x47, 0x00, 0x03, 0x00, 0xe0, 0x02, 0x00, 0x00,
    0x2a, 0x00, 0x00, 0x00, 0x47, 0x00, 0x03, 0x00, 0x04, 0x03, 0x00, 0x00,
    0x2a, 0x00, 0x00, 0x00, 0x47, 0x00, 0x03, 0x00, 0x09, 0x03, 0x00, 0x00,
    0x2a, 0x00, 0x00, 0x00, 0x47, 0x00, 0x03, 0x00, 0x0e, 0x03, 0x00, 0x00,
    0x2a, 0x00, 0x00, 0x00, 0x47, 0x00, 0x03, 0x00, 0x1a, 0x03, 0x00, 0x00,
    0x2a, 0x00, 0x00, 0x00, 0x47, 0x00, 0x03, 0x00, 0x1b, 0x03, 0x00, 0x00,
    0x2a, 0x00, 0x00, 0x00, 0x47, 0x00, 0x03, 0x00, 0x1d, 0x03, 0x00, 0x00,
    0x2a, 0x00, 0x00, 0x00, 0x47, 0x00, 0x03, 0x00, 0x27, 0x03, 0x00, 0x00,
    0x2a, 0x00, 0x00, 0x00, 0x47, 0x00, 0x03, 0x00, 0x2a, 0x03, 0x00, 0x00,
    0x2a, 0x00, 0x00, 0x00, 0x47, 0x00, 0x03, 0x00, 0x2b, 0x03, 0x00, 0x00,
    0x2a, 0x00, 0x00, 0x00, 0x47, 0x00, 0x03, 0x00, 0x35, 0x03, 0x00, 0x00,
    0x2a, 0x00, 0x00, 0x00, 0x47, 0x00, 0x03, 0x00, 0x36, 0x03, 0x00, 0x00,
    0x2a, 0x00, 0x00, 0x00, 0x47, 0x00, 0x03, 0x00, 0x49, 0x03, 0x00, 0x00,
    0x2a, 0x00, 0x00, 0x00, 0x47, 0x00, 0x03, 0x00, 0x4b, 0x03, 0x00, 0x00,
    0x2a, 0x00, 0x00, 0x00, 0x47, 0x00, 0x03, 0x00, 0x52, 0x03, 0x00, 0x00,
    0x2a, 0x00, 0x00, 0x00, 0x47, 0x00, 0x03, 0x00, 0x53, 0x03, 0x00, 0x00,
    0x2a, 0x00, 0x00, 0x00, 0x47, 0x00, 0x03, 0x00, 0x5c, 0x03, 0x00, 0x00,
    0x2a, 0x00, 0x00, 0x00, 0x47, 0x00, 0x03, 0x00, 0x5e, 0x03, 0x00, 0x00,
    0x2a, 0x00, 0x00, 0x00, 0x47, 0x00, 0x03, 0x00, 0x65, 0x03, 0x00, 0x00,
    0x2a, 0x00, 0x00, 0x00, 0x47, 0x00, 0x03, 0x00, 0x66, 0x03, 0x00, 0x00,
    0x2a, 0x00, 0x00, 0x00, 0x47, 0x00, 0x03, 0x00, 0x6f, 0x03, 0x00, 0x00,
    0x2a, 0x00, 0x00, 0x00, 0x47, 0x00, 0x03, 0x00, 0x71, 0x03, 0x00, 0x00,
    0x2a, 0x00, 0x00, 0x00, 0x47, 0x00, 0x03, 0x00, 0x78, 0x03, 0x00, 0x00,
    0x2a, 0x00, 0x00, 0x00, 0x47, 0x00, 0x03, 0x00, 0x79, 0x03, 0x00, 0x00,
    0x2a, 0x00, 0x00, 0x00, 0x47, 0x00, 0x03, 0x00, 0x82, 0x03, 0x00, 0x00,
    0x2a, 0x00, 0x00, 0x00, 0x47, 0x00, 0x03, 0x00, 0x84, 0x03, 0x00, 0x00,
    0x2a, 0x00, 0x00, 0x00, 0x47, 0x00, 0x03, 0x00, 0x8b, 0x03, 0x00, 0x00,
    0x2a, 0x00, 0x00, 0x00, 0x47, 0x00, 0x03, 0x00, 0x8c, 0x03, 0x00, 0x00,
    0x2a, 0x00, 0x00, 0x00, 0x47, 0x00, 0x03, 0x00, 0x95, 0x03, 0x00, 0x00,
    0x2a, 0x00, 0x00, 0x00, 0x47, 0x00, 0x03, 0x00, 0x97, 0x03, 0x00, 0x00,
    0x2a, 0x00, 0x00, 0x00, 0x47, 0x00, 0x03, 0x00, 0x9e, 0x03, 0x00, 0x00,
    0x2a, 0x00, 0x00, 0x00, 0x47, 0x00, 0x03, 0x00, 0x9f, 0x03, 0x00, 0x00,
    0x2a, 0x00, 0x00, 0x00, 0x47, 0x00, 0x03, 0x00, 0xa8, 0x03, 0x00, 0x00,
    0x2a, 0x00, 0x00, 0x00, 0x47, 0x00, 0x03, 0x00, 0xaa, 0x03, 0x00, 0x00,
    0x2a, 0x00, 0x00, 0x00, 0x47, 0x00, 0x03, 0x00, 0xb1, 0x03, 0x00, 0x00,
    0x2a, 0x00, 0x00, 0x00, 0x47, 0x00, 0x03, 0x00, 0xb2, 0x03, 0x00, 0x00,
    0x2a, 0x00, 0x00, 0x00, 0x47, 0x00, 0x03, 0x00, 0xbb, 0x03, 0x00, 0x00,
    0x2a, 0x00, 0x00, 0x00, 0x47, 0x00, 0x03, 0x00, 0xbd, 0x03, 0x00, 0x00,
    0x2a, 0x00, 0x00, 0x00, 0x47, 0x00, 0x03, 0x00, 0xc4, 0x03, 0x00, 0x00,
    0x2a, 0x00, 0x00, 0x00, 0x47, 0x00, 0x03, 0x00, 0xc5, 0x03, 0x00, 0x00,
    0x2a, 0x00, 0x00, 0x00, 0x47, 0x00, 0x03, 0x00, 0xce, 0x03, 0x00, 0x00,
    0x2a, 0x00, 0x00, 0x00, 0x47, 0x00, 0x03, 0x00, 0xd0, 0x03, 0x00, 0x00,
    0x2a, 0x00, 0x00, 0x00, 0x47, 0x00, 0x03, 0x00, 0xd7, 0x03, 0x00, 0x00,
    0x2a, 0x00, 0x00, 0x00, 0x47, 0x00, 0x03, 0x00, 0xd8, 0x03, 0x00, 0x00,
    0x2a, 0x00, 0x00, 0x00, 0x13, 0x00, 0x02, 0x00, 0x02, 0x00, 0x00, 0x00,
    0x21, 0x00, 0x03, 0x00, 0x03, 0x00, 0x00, 0x00, 0x02, 0x00, 0x00, 0x00,
    0x16, 0x00, 0x03, 0x00, 0x06, 0x00, 0x00, 0x00, 0x20, 0x00, 0x00, 0x00,
    0x17, 0x00, 0x04, 0x00, 0x0d, 0x00, 0x00, 0x00, 0x06, 0x00, 0x00, 0x00,
    0x04, 0x00, 0x00, 0x00, 0x15, 0x00, 0x04, 0x00, 0x0e, 0x00, 0x00, 0x00,
    0x20, 0x00, 0x00, 0x00, 0x00, 0x00, 0x00, 0x00, 0x2b, 0x00, 0x04, 0x00,
    0x0e, 0x00, 0x00, 0x00, 0x0f, 0x00, 0x00, 0x00, 0x0b, 0x00, 0x00, 0x00,
    0x1c, 0x00, 0x04, 0x00, 0x10, 0x00, 0x00, 0x00, 0x0d, 0x00, 0x00, 0x00,
    0x0f, 0x00, 0x00, 0x00, 0x15, 0x00, 0x04, 0x00, 0x13, 0x00, 0x00, 0x00,
    0x20, 0x00, 0x00, 0x00, 0x01, 0x00, 0x00, 0x00, 0x20, 0x00, 0x04, 0x00,
    0x15, 0x00, 0x00, 0x00, 0x07, 0x00, 0x00, 0x00, 0x0d, 0x00, 0x00, 0x00,
    0x17, 0x00, 0x04, 0x00, 0x16, 0x00, 0x00, 0x00, 0x06, 0x00, 0x00, 0x00,
    0x02, 0x00, 0x00, 0x00, 0x14, 0x00, 0x02, 0x00, 0x18, 0x00, 0x00, 0x00,
    0x2b, 0x00, 0x04, 0x00, 0x13, 0x00, 0x00, 0x00, 0x35, 0x00, 0x00, 0x00,
    0x02, 0x00, 0x00, 0x00, 0x2b, 0x00, 0x04, 0x00, 0x13, 0x00, 0x00, 0x00,
    0x38, 0x00, 0x00, 0x00, 0x04, 0x00, 0x00, 0x00, 0x2b, 0x00, 0x04, 0x00,
    0x0e, 0x00, 0x00, 0x00, 0x39, 0x00, 0x00, 0x00, 0x00, 0x00, 0x00, 0x00,
    0x2b, 0x00, 0x04, 0x00, 0x06, 0x00, 0x00, 0x00, 0x3c, 0x00, 0x00, 0x00,
    0x00, 0x00, 0x00, 0x00, 0x2b, 0x00, 0x04, 0x00, 0x13, 0x00, 0x00, 0x00,
    0x41, 0x00, 0x00, 0x00, 0x03, 0x00, 0x00, 0x00, 0x2b, 0x00, 0x04, 0x00,
    0x0e, 0x00, 0x00, 0x00, 0x42, 0x00, 0x00, 0x00, 0x03, 0x00, 0x00, 0x00,
    0x2b, 0x00, 0x04, 0x00, 0x0e, 0x00, 0x00, 0x00, 0x45, 0x00, 0x00, 0x00,
    0x02, 0x00, 0x00, 0x00, 0x2b, 0x00, 0x04, 0x00, 0x0e, 0x00, 0x00, 0x00,
    0x4d, 0x00, 0x00, 0x00, 0x01, 0x00, 0x00, 0x00, 0x2b, 0x00, 0x04, 0x00,
    0x13, 0x00, 0x00, 0x00, 0x56, 0x00, 0x00, 0x00, 0x00, 0x00, 0x00, 0x00,
    0x2b, 0x00, 0x04, 0x00, 0x06, 0x00, 0x00, 0x00, 0x68, 0x00, 0x00, 0x00,
    0xca, 0xf2, 0x49, 0x71, 0x2b, 0x00, 0x04, 0x00, 0x13, 0x00, 0x00, 0x00,
    0x75, 0x00, 0x00, 0x00, 0x05, 0x00, 0x00, 0x00, 0x2b, 0x00, 0x04, 0x00,
    0x13, 0x00, 0x00, 0x00, 0x9b, 0x00, 0x00, 0x00, 0x01, 0x00, 0x00, 0x00,
    0x2b, 0x00, 0x04, 0x00, 0x06, 0x00, 0x00, 0x00, 0xbd, 0x00, 0x00, 0x00,
    0x00, 0x00, 0x00, 0x3f, 0x2b, 0x00, 0x04, 0x00, 0x06, 0x00, 0x00, 0x00,
    0xbe, 0x00, 0x00, 0x00, 0x00, 0x00, 0x80, 0x3f, 0x2c, 0x00, 0x07, 0x00,
    0x0d, 0x00, 0x00, 0x00, 0x01, 0x01, 0x00, 0x00, 0x3c, 0x00, 0x00, 0x00,
    0x3c, 0x00, 0x00, 0x00, 0x3c, 0x00, 0x00, 0x00, 0x3c, 0x00, 0x00, 0x00,
    0x2c, 0x00, 0x05, 0x00, 0x16, 0x00, 0x00, 0x00, 0x02, 0x01, 0x00, 0x00,
    0x3c, 0x00, 0x00, 0x00, 0x3c, 0x00, 0x00, 0x00, 0x2a, 0x00, 0x03, 0x00,
    0x18, 0x00, 0x00, 0x00, 0x03, 0x01, 0x00, 0x00, 0x29, 0x00, 0x03, 0x00,
    0x18, 0x00, 0x00, 0x00, 0x4e, 0x01, 0x00, 0x00, 0x1c, 0x00, 0x04, 0x00,
    0x53, 0x01, 0x00, 0x00, 0x0d, 0x00, 0x00, 0x00, 0x0f, 0x00, 0x00, 0x00,
    0x1e, 0x00, 0x08, 0x00, 0x54, 0x01, 0x00, 0x00, 0x0d, 0x00, 0x00, 0x00,
    0x0d, 0x00, 0x00, 0x00, 0x0d, 0x00, 0x00, 0x00, 0x0d, 0x00, 0x00, 0x00,
    0x0d, 0x00, 0x00, 0x00, 0x53, 0x01, 0x00, 0x00, 0x1e, 0x00, 0x05, 0x00,
    0x55, 0x01, 0x00, 0x00, 0x0d, 0x00, 0x00, 0x00, 0x0d, 0x00, 0x00, 0x00,
    0x54, 0x01, 0x00, 0x00, 0x20, 0x00, 0x04, 0x00, 0x56, 0x01, 0x00, 0x00,
    0x02, 0x00, 0x00, 0x00, 0x55, 0x01, 0x00, 0x00, 0x3b, 0x00, 0x04, 0x00,
    0x56, 0x01, 0x00, 0x00, 0x57, 0x01, 0x00, 0x00, 0x02, 0x00, 0x00, 0x00,
    0x20, 0x00, 0x04, 0x00, 0x58, 0x01, 0x00, 0x00, 0x02, 0x00, 0x00, 0x00,
    0x06, 0x00, 0x00, 0x00, 0x17, 0x00, 0x04, 0x00, 0x60, 0x01, 0x00, 0x00,
    0x13, 0x00, 0x00, 0x00, 0x04, 0x00, 0x00, 0x00, 0x1d, 0x00, 0x03, 0x00,
    0x61, 0x01, 0x00, 0x00, 0x60, 0x01, 0x00, 0x00, 0x1e, 0x00, 0x03, 0x00,
    0x62, 0x01, 0x00, 0x00, 0x61, 0x01, 0x00, 0x00, 0x20, 0x00, 0x04, 0x00,
    0x63, 0x01, 0x00, 0x00, 0x02, 0x00, 0x00, 0x00, 0x62, 0x01, 0x00, 0x00,
    0x3b, 0x00, 0x04, 0x00, 0x63, 0x01, 0x00, 0x00, 0x64, 0x01, 0x00, 0x00,
    0x02, 0x00, 0x00, 0x00, 0x20, 0x00, 0x04, 0x00, 0x68, 0x01, 0x00, 0x00,
    0x02, 0x00, 0x00, 0x00, 0x13, 0x00, 0x00, 0x00, 0x20, 0x00, 0x04, 0x00,
    0x72, 0x01, 0x00, 0x00, 0x02, 0x00, 0x00, 0x00, 0x60, 0x01, 0x00, 0x00,
    0x20, 0x00, 0x04, 0x00, 0x8c, 0x01, 0x00, 0x00, 0x03, 0x00, 0x00, 0x00,
    0x16, 0x00, 0x00, 0x00, 0x3b, 0x00, 0x04, 0x00, 0x8c, 0x01, 0x00, 0x00,
    0x8d, 0x01, 0x00, 0x00, 0x03, 0x00, 0x00, 0x00, 0x20, 0x00, 0x04, 0x00,
    0x8e, 0x01, 0x00, 0x00, 0x01, 0x00, 0x00, 0x00, 0x16, 0x00, 0x00, 0x00,
    0x3b, 0x00, 0x04, 0x00, 0x8e, 0x01, 0x00, 0x00, 0x8f, 0x01, 0x00, 0x00,
    0x01, 0x00, 0x00, 0x00, 0x3b, 0x00, 0x04, 0x00, 0x8e, 0x01, 0x00, 0x00,
    0x92, 0x01, 0x00, 0x00, 0x01, 0x00, 0x00, 0x00, 0x20, 0x00, 0x04, 0x00,
    0xad, 0x01, 0x00, 0x00, 0x02, 0x00, 0x00, 0x00, 0x54, 0x01, 0x00, 0x00,
    0x20, 0x00, 0x04, 0x00, 0xbb, 0x01, 0x00, 0x00, 0x07, 0x00, 0x00, 0x00,
    0x10, 0x00, 0x00, 0x00, 0x2b, 0x00, 0x04, 0x00, 0x13, 0x00, 0x00, 0x00,
    0xca, 0x01, 0x00, 0x00, 0x06, 0x00, 0x00, 0x00, 0x2b, 0x00, 0x04, 0x00,
    0x13, 0x00, 0x00, 0x00, 0xcd, 0x01, 0x00, 0x00, 0x07, 0x00, 0x00, 0x00,
    0x2b, 0x00, 0x04, 0x00, 0x13, 0x00, 0x00, 0x00, 0xd0, 0x01, 0x00, 0x00,
    0x08, 0x00, 0x00, 0x00, 0x2b, 0x00, 0x04, 0x00, 0x13, 0x00, 0x00, 0x00,
    0xd3, 0x01, 0x00, 0x00, 0x09, 0x00, 0x00, 0x00, 0x2b, 0x00, 0x04, 0x00,
    0x13, 0x00, 0x00, 0x00, 0xd6, 0x01, 0x00, 0x00, 0x0a, 0x00, 0x00, 0x00,
    0x20, 0x00, 0x04, 0x00, 0xe1, 0x01, 0x00, 0x00, 0x01, 0x00, 0x00, 0x00,
    0x06, 0x00, 0x00, 0x00, 0x2b, 0x00, 0x04, 0x00, 0x06, 0x00, 0x00, 0x00,
    0x0f, 0x02, 0x00, 0x00, 0x00, 0x00, 0x80, 0xbf, 0x2c, 0x00, 0x05, 0x00,
    0x16, 0x00, 0x00, 0x00, 0x10, 0x02, 0x00, 0x00, 0x0f, 0x02, 0x00, 0x00,
    0x0f, 0x02, 0x00, 0x00, 0x20, 0x00, 0x04, 0x00, 0x11, 0x02, 0x00, 0x00,
    0x03, 0x00, 0x00, 0x00, 0x0d, 0x00, 0x00, 0x00, 0x3b, 0x00, 0x04, 0x00,
    0x11, 0x02, 0x00, 0x00, 0x12, 0x02, 0x00, 0x00, 0x03, 0x00, 0x00, 0x00,
    0x20, 0x00, 0x04, 0x00, 0x13, 0x02, 0x00, 0x00, 0x01, 0x00, 0x00, 0x00,
    0x0d, 0x00, 0x00, 0x00, 0x3b, 0x00, 0x04, 0x00, 0x13, 0x02, 0x00, 0x00,
    0x14, 0x02, 0x00, 0x00, 0x01, 0x00, 0x00, 0x00, 0x1c, 0x00, 0x04, 0x00,
    0x16, 0x02, 0x00, 0x00, 0x06, 0x00, 0x00, 0x00, 0x4d, 0x00, 0x00, 0x00,
    0x1e, 0x00, 0x06, 0x00, 0x17, 0x02, 0x00, 0x00, 0x0d, 0x00, 0x00, 0x00,
    0x06, 0x00, 0x00, 0x00, 0x16, 0x02, 0x00, 0x00, 0x16, 0x02, 0x00, 0x00,
    0x20, 0x00, 0x04, 0x00, 0x18, 0x02, 0x00, 0x00, 0x03, 0x00, 0x00, 0x00,
    0x17, 0x02, 0x00, 0x00, 0x3b, 0x00, 0x04, 0x00, 0x18, 0x02, 0x00, 0x00,
    0x19, 0x02, 0x00, 0x00, 0x03, 0x00, 0x00, 0x00, 0x20, 0x00, 0x04, 0x00,
    0x1b, 0x02, 0x00, 0x00, 0x02, 0x00, 0x00, 0x00, 0x0d, 0x00, 0x00, 0x00,
    0x2b, 0x00, 0x04, 0x00, 0x06, 0x00, 0x00, 0x00, 0x24, 0x02, 0x00, 0x00,
    0x00, 0x00, 0x00, 0x40, 0x2b, 0x00, 0x04, 0x00, 0x06, 0x00, 0x00, 0x00,
    0x25, 0x02, 0x00, 0x00, 0x00, 0x00, 0x00, 0xc0, 0x2c, 0x00, 0x05, 0x00,
    0x16, 0x00, 0x00, 0x00, 0x26, 0x02, 0x00, 0x00, 0x24, 0x02, 0x00, 0x00,
    0x25, 0x02, 0x00, 0x00, 0x2c, 0x00, 0x05, 0x00, 0x16, 0x00, 0x00, 0x00,
    0x28, 0x02, 0x00, 0x00, 0x0f, 0x02, 0x00, 0x00, 0xbe, 0x00, 0x00, 0x00,
    0x2b, 0x00, 0x04, 0x00, 0x06, 0x00, 0x00, 0x00, 0x58, 0x04, 0x00, 0x00,
    0x00, 0x00, 0x80, 0x3b, 0x2c, 0x00, 0x05, 0x00, 0x16, 0x00, 0x00, 0x00,
    0x59, 0x04, 0x00, 0x00, 0x58, 0x04, 0x00, 0x00, 0x58, 0x04, 0x00, 0x00,
    0x17, 0x00, 0x04, 0x00, 0x5b, 0x04, 0x00, 0x00, 0x18, 0x00, 0x00, 0x00,
    0x02, 0x00, 0x00, 0x00, 0x36, 0x00, 0x05, 0x00, 0x02, 0x00, 0x00, 0x00,
    0x04, 0x00, 0x00, 0x00, 0x00, 0x00, 0x00, 0x00, 0x03, 0x00, 0x00, 0x00,
    0xf8, 0x00, 0x02, 0x00, 0x05, 0x00, 0x00, 0x00, 0x3b, 0x00, 0x04, 0x00,
    0xbb, 0x01, 0x00, 0x00, 0xdf, 0x03, 0x00, 0x00, 0x07, 0x00, 0x00, 0x00,
    0x41, 0x00, 0x06, 0x00, 0x58, 0x01, 0x00, 0x00, 0x59, 0x01, 0x00, 0x00,
    0x57, 0x01, 0x00, 0x00, 0x9b, 0x00, 0x00, 0x00, 0x39, 0x00, 0x00, 0x00,
    0x3d, 0x00, 0x04, 0x00, 0x06, 0x00, 0x00, 0x00, 0x5a, 0x01, 0x00, 0x00,
    0x59, 0x01, 0x00, 0x00, 0x6e, 0x00, 0x04, 0x00, 0x13, 0x00, 0x00, 0x00,
    0x5b, 0x01, 0x00, 0x00, 0x5a, 0x01, 0x00, 0x00, 0xaf, 0x00, 0x05, 0x00,
    0x18, 0x00, 0x00, 0x00, 0x5d, 0x01, 0x00, 0x00, 0x5b, 0x01, 0x00, 0x00,
    0x56, 0x00, 0x00, 0x00, 0xf7, 0x00, 0x03, 0x00, 0x5f, 0x01, 0x00, 0x00,
    0x00, 0x00, 0x00, 0x00, 0xfa, 0x00, 0x04, 0x00, 0x5d, 0x01, 0x00, 0x00,
    0x5e, 0x01, 0x00, 0x00, 0x5f, 0x01, 0x00, 0x00, 0xf8, 0x00, 0x02, 0x00,
    0x5e, 0x01, 0x00, 0x00, 0x84, 0x00, 0x05, 0x00, 0x13, 0x00, 0x00, 0x00,
    0x66, 0x01, 0x00, 0x00, 0x5b, 0x01, 0x00, 0x00, 0x35, 0x00, 0x00, 0x00,
    0x80, 0x00, 0x05, 0x00, 0x13, 0x00, 0x00, 0x00, 0x67, 0x01, 0x00, 0x00,
    0x66, 0x01, 0x00, 0x00, 0x9b, 0x00, 0x00, 0x00, 0x41, 0x00, 0x07, 0x00,
    0x68, 0x01, 0x00, 0x00, 0x69, 0x01, 0x00, 0x00, 0x64, 0x01, 0x00, 0x00,
    0x56, 0x00, 0x00, 0x00, 0x67, 0x01, 0x00, 0x00, 0x39, 0x00, 0x00, 0x00,
    0x3d, 0x00, 0x04, 0x00, 0x13, 0x00, 0x00, 0x00, 0x6a, 0x01, 0x00, 0x00,
    0x69, 0x01, 0x00, 0x00, 0xab, 0x00, 0x05, 0x00, 0x18, 0x00, 0x00, 0x00,
    0x6b, 0x01, 0x00, 0x00, 0x6a, 0x01, 0x00, 0x00, 0x56, 0x00, 0x00, 0x00,
    0xf9, 0x00, 0x02, 0x00, 0x5f, 0x01, 0x00, 0x00, 0xf8, 0x00, 0x02, 0x00,
    0x5f, 0x01, 0x00, 0x00, 0xf5, 0x00, 0x07, 0x00, 0x18, 0x00, 0x00, 0x00,
    0x6c, 0x01, 0x00, 0x00, 0x5d, 0x01, 0x00, 0x00, 0x05, 0x00, 0x00, 0x00,
    0x6b, 0x01, 0x00, 0x00, 0x5e, 0x01, 0x00, 0x00, 0xf7, 0x00, 0x03, 0x00,
    0x6e, 0x01, 0x00, 0x00, 0x00, 0x00, 0x00, 0x00, 0xfa, 0x00, 0x04, 0x00,
    0x6c, 0x01, 0x00, 0x00, 0x6d, 0x01, 0x00, 0x00, 0x6e, 0x01, 0x00, 0x00,
    0xf8, 0x00, 0x02, 0x00, 0x6d, 0x01, 0x00, 0x00, 0x84, 0x00, 0x05, 0x00,
    0x13, 0x00, 0x00, 0x00, 0x71, 0x01, 0x00, 0x00, 0x5b, 0x01, 0x00, 0x00,
    0x35, 0x00, 0x00, 0x00, 0x41, 0x00, 0x06, 0x00, 0x72, 0x01, 0x00, 0x00,
    0x73, 0x01, 0x00, 0x00, 0x64, 0x01, 0x00, 0x00, 0x56, 0x00, 0x00, 0x00,
    0x71, 0x01, 0x00, 0x00, 0x3d, 0x00, 0x04, 0x00, 0x60, 0x01, 0x00, 0x00,
    0x74, 0x01, 0x00, 0x00, 0x73, 0x01, 0x00, 0x00, 0x6f, 0x00, 0x04, 0x00,
    0x0d, 0x00, 0x00, 0x00, 0x75, 0x01, 0x00, 0x00, 0x74, 0x01, 0x00, 0x00,
    0x41, 0x00, 0x06, 0x00, 0x58, 0x01, 0x00, 0x00, 0x77, 0x01, 0x00, 0x00,
    0x57, 0x01, 0x00, 0x00, 0x9b, 0x00, 0x00, 0x00, 0x4d, 0x00, 0x00, 0x00,
    0x3d, 0x00, 0x04, 0x00, 0x06, 0x00, 0x00, 0x00, 0x78, 0x01, 0x00, 0x00,
    0x77, 0x01, 0x00, 0x00, 0xb8, 0x00, 0x05, 0x00, 0x18, 0x00, 0x00, 0x00,
    0x7a, 0x01, 0x00, 0x00, 0x78, 0x01, 0x00, 0x00, 0xbd, 0x00, 0x00, 0x00,
    0xf7, 0x00, 0x03, 0x00, 0x7d, 0x01, 0x00, 0x00, 0x00, 0x00, 0x00, 0x00,
    0xfa, 0x00, 0x04, 0x00, 0x7a, 0x01, 0x00, 0x00, 0x7c, 0x01, 0x00, 0x00,
    0x85, 0x01, 0x00, 0x00, 0xf8, 0x00, 0x02, 0x00, 0x7c, 0x01, 0x00, 0x00,
    0x4f, 0x00, 0x07, 0x00, 0x16, 0x00, 0x00, 0x00, 0x7f, 0x01, 0x00, 0x00,
    0x75, 0x01, 0x00, 0x00, 0x75, 0x01, 0x00, 0x00, 0x02, 0x00, 0x00, 0x00,
    0x03, 0x00, 0x00, 0x00, 0x4f, 0x00, 0x07, 0x00, 0x16, 0x00, 0x00, 0x00,
    0x81, 0x01, 0x00, 0x00, 0x75, 0x01, 0x00, 0x00, 0x75, 0x01, 0x00, 0x00,
    0x00, 0x00, 0x00, 0x00, 0x01, 0x00, 0x00, 0x00, 0x8e, 0x00, 0x05, 0x00,
    0x16, 0x00, 0x00, 0x00, 0x83, 0x01, 0x00, 0x00, 0x81, 0x01, 0x00, 0x00,
    0x78, 0x01, 0x00, 0x00, 0x81, 0x00, 0x05, 0x00, 0x16, 0x00, 0x00, 0x00,
    0x84, 0x01, 0x00, 0x00, 0x7f, 0x01, 0x00, 0x00, 0x83, 0x01, 0x00, 0x00,
    0xf9, 0x00, 0x02, 0x00, 0x7d, 0x01, 0x00, 0x00, 0xf8, 0x00, 0x02, 0x00,
    0x85, 0x01, 0x00, 0x00, 0x4f, 0x00, 0x07, 0x00, 0x16, 0x00, 0x00, 0x00,
    0x87, 0x01, 0x00, 0x00, 0x75, 0x01, 0x00, 0x00, 0x75, 0x01, 0x00, 0x00,
    0x02, 0x00, 0x00, 0x00, 0x03, 0x00, 0x00, 0x00, 0x83, 0x00, 0x05, 0x00,
    0x06, 0x00, 0x00, 0x00, 0x89, 0x01, 0x00, 0x00, 0xbe, 0x00, 0x00, 0x00,
    0x78, 0x01, 0x00, 0x00, 0x8e, 0x00, 0x05, 0x00, 0x16, 0x00, 0x00, 0x00,
    0x8a, 0x01, 0x00, 0x00, 0x87, 0x01, 0x00, 0x00, 0x89, 0x01, 0x00, 0x00,
    0xf9, 0x00, 0x02, 0x00, 0x7d, 0x01, 0x00, 0x00, 0xf8, 0x00, 0x02, 0x00,
    0x7d, 0x01, 0x00, 0x00, 0xf5, 0x00, 0x07, 0x00, 0x16, 0x00, 0x00, 0x00,
    0x2f, 0x04, 0x00, 0x00, 0x84, 0x01, 0x00, 0x00, 0x7c, 0x01, 0x00, 0x00,
    0x8a, 0x01, 0x00, 0x00, 0x85, 0x01, 0x00, 0x00, 0xf9, 0x00, 0x02, 0x00,
    0x6e, 0x01, 0x00, 0x00, 0xf8, 0x00, 0x02, 0x00, 0x6e, 0x01, 0x00, 0x00,
    0xf5, 0x00, 0x07, 0x00, 0x16, 0x00, 0x00, 0x00, 0x30, 0x04, 0x00, 0x00,
    0x02, 0x01, 0x00, 0x00, 0x5f, 0x01, 0x00, 0x00, 0x2f, 0x04, 0x00, 0x00,
    0x7d, 0x01, 0x00, 0x00, 0x3d, 0x00, 0x04, 0x00, 0x16, 0x00, 0x00, 0x00,
    0x90, 0x01, 0x00, 0x00, 0x8f, 0x01, 0x00, 0x00, 0x3e, 0x00, 0x03, 0x00,
    0x8d, 0x01, 0x00, 0x00, 0x90, 0x01, 0x00, 0x00, 0x3d, 0x00, 0x04, 0x00,
    0x16, 0x00, 0x00, 0x00, 0x93, 0x01, 0x00, 0x00, 0x92, 0x01, 0x00, 0x00,
    0x41, 0x00, 0x06, 0x00, 0x58, 0x01, 0x00, 0x00, 0x94, 0x01, 0x00, 0x00,
    0x57, 0x01, 0x00, 0x00, 0x9b, 0x00, 0x00, 0x00, 0x45, 0x00, 0x00, 0x00,
    0x3d, 0x00, 0x04, 0x00, 0x06, 0x00, 0x00, 0x00, 0x95, 0x01, 0x00, 0x00,
    0x94, 0x01, 0x00, 0x00, 0xb7, 0x00, 0x05, 0x00, 0x18, 0x00, 0x00, 0x00,
    0x96, 0x01, 0x00, 0x00, 0x95, 0x01, 0x00, 0x00, 0x3c, 0x00, 0x00, 0x00,
    0xf7, 0x00, 0x03, 0x00, 0x98, 0x01, 0x00, 0x00, 0x00, 0x00, 0x00, 0x00,
    0xfa, 0x00, 0x04, 0x00, 0x96, 0x01, 0x00, 0x00, 0x97, 0x01, 0x00, 0x00,
    0x9f, 0x01, 0x00, 0x00, 0xf8, 0x00, 0x02, 0x00, 0x97, 0x01, 0x00, 0x00,
    0x85, 0x00, 0x05, 0x00, 0x16, 0x00, 0x00, 0x00, 0x9c, 0x01, 0x00, 0x00,
    0x30, 0x04, 0x00, 0x00, 0x59, 0x04, 0x00, 0x00, 0x3d, 0x00, 0x04, 0x00,
    0x16, 0x00, 0x00, 0x00, 0x9d, 0x01, 0x00, 0x00, 0x8d, 0x01, 0x00, 0x00,
    0x83, 0x00, 0x05, 0x00, 0x16, 0x00, 0x00, 0x00, 0x9e, 0x01, 0x00, 0x00,
    0x9d, 0x01, 0x00, 0x00, 0x9c, 0x01, 0x00, 0x00, 0x3e, 0x00, 0x03, 0x00,
    0x8d, 0x01, 0x00, 0x00, 0x9e, 0x01, 0x00, 0x00, 0xf9, 0x00, 0x02, 0x00,
    0x98, 0x01, 0x00, 0x00, 0xf8, 0x00, 0x02, 0x00, 0x9f, 0x01, 0x00, 0x00,
    0x41, 0x00, 0x07, 0x00, 0x58, 0x01, 0x00, 0x00, 0xa0, 0x01, 0x00, 0x00,
    0x57, 0x01, 0x00, 0x00, 0x35, 0x00, 0x00, 0x00, 0x56, 0x00, 0x00, 0x00,
    0x39, 0x00, 0x00, 0x00, 0x3d, 0x00, 0x04, 0x00, 0x06, 0x00, 0x00, 0x00,
    0xa1, 0x01, 0x00, 0x00, 0xa0, 0x01, 0x00, 0x00, 0xba, 0x00, 0x05, 0x00,
    0x18, 0x00, 0x00, 0x00, 0xa2, 0x01, 0x00, 0x00, 0xa1, 0x01, 0x00, 0x00,
    0x3c, 0x00, 0x00, 0x00, 0xf7, 0x00, 0x03, 0x00, 0xa4, 0x01, 0x00, 0x00,
    0x00, 0x00, 0x00, 0x00, 0xfa, 0x00, 0x04, 0x00, 0xa2, 0x01, 0x00, 0x00,
    0xa3, 0x01, 0x00, 0x00, 0xa4, 0x01, 0x00, 0x00, 0xf8, 0x00, 0x02, 0x00,
    0xa3, 0x01, 0x00, 0x00, 0x41, 0x00, 0x06, 0x00, 0x58, 0x01, 0x00, 0x00,
    0xa7, 0x01, 0x00, 0x00, 0x57, 0x01, 0x00, 0x00, 0x9b, 0x00, 0x00, 0x00,
    0x42, 0x00, 0x00, 0x00, 0x3d, 0x00, 0x04, 0x00, 0x06, 0x00, 0x00, 0x00,
    0xa8, 0x01, 0x00, 0x00, 0xa7, 0x01, 0x00, 0x00, 0x6e, 0x00, 0x04, 0x00,
    0x13, 0x00, 0x00, 0x00, 0xa9, 0x01, 0x00, 0x00, 0xa8, 0x01, 0x00, 0x00,
    0x41, 0x00, 0x05, 0x00, 0xad, 0x01, 0x00, 0x00, 0xae, 0x01, 0x00, 0x00,
    0x57, 0x01, 0x00, 0x00, 0x35, 0x00, 0x00, 0x00, 0x3d, 0x00, 0x04, 0x00,
    0x54, 0x01, 0x00, 0x00, 0xaf, 0x01, 0x00, 0x00, 0xae, 0x01, 0x00, 0x00,
    0x51, 0x00, 0x05, 0x00, 0x0d, 0x00, 0x00, 0x00, 0xb0, 0x01, 0x00, 0x00,
    0xaf, 0x01, 0x00, 0x00, 0x00, 0x00, 0x00, 0x00, 0x51, 0x00, 0x05, 0x00,
    0x0d, 0x00, 0x00, 0x00, 0xb2, 0x01, 0x00, 0x00, 0xaf, 0x01, 0x00, 0x00,
    0x01, 0x00, 0x00, 0x00, 0x51, 0x00, 0x05, 0x00, 0x0d, 0x00, 0x00, 0x00,
    0xb4, 0x01, 0x00, 0x00, 0xaf, 0x01, 0x00, 0x00, 0x02, 0x00, 0x00, 0x00,
    0x51, 0x00, 0x05, 0x00, 0x0d, 0x00, 0x00, 0x00, 0xb6, 0x01, 0x00, 0x00,
    0xaf, 0x01, 0x00, 0x00, 0x03, 0x00, 0x00, 0x00, 0x51, 0x00, 0x05, 0x00,
    0x0d, 0x00, 0x00, 0x00, 0xb8, 0x01, 0x00, 0x00, 0xaf, 0x01, 0x00, 0x00,
    0x04, 0x00, 0x00, 0x00, 0x51, 0x00, 0x05, 0x00, 0x53, 0x01, 0x00, 0x00,
    0xba, 0x01, 0x00, 0x00, 0xaf, 0x01, 0x00, 0x00, 0x05, 0x00, 0x00, 0x00,
    0x51, 0x00, 0x05, 0x00, 0x0d, 0x00, 0x00, 0x00, 0xbd, 0x01, 0x00, 0x00,
    0xba, 0x01, 0x00, 0x00, 0x00, 0x00, 0x00, 0x00, 0x41, 0x00, 0x05, 0x00,
    0x15, 0x00, 0x00, 0x00, 0xbe, 0x01, 0x00, 0x00, 0xdf, 0x03, 0x00, 0x00,
    0x56, 0x00, 0x00, 0x00, 0x3e, 0x00, 0x03, 0x00, 0xbe, 0x01, 0x00, 0x00,
    0xbd, 0x01, 0x00, 0x00, 0x51, 0x00, 0x05, 0x00, 0x0d, 0x00, 0x00, 0x00,
    0xbf, 0x01, 0x00, 0x00, 0xba, 0x01, 0x00, 0x00, 0x01, 0x00, 0x00, 0x00,
    0x41, 0x00, 0x05, 0x00, 0x15, 0x00, 0x00, 0x00, 0xc0, 0x01, 0x00, 0x00,
    0xdf, 0x03, 0x00, 0x00, 0x9b, 0x00, 0x00, 0x00, 0x3e, 0x00, 0x03, 0x00,
    0xc0, 0x01, 0x00, 0x00, 0xbf, 0x01, 0x00, 0x00, 0x51, 0x00, 0x05, 0x00,
    0x0d, 0x00, 0x00, 0x00, 0xc1, 0x01, 0x00, 0x00, 0xba, 0x01, 0x00, 0x00,
    0x02, 0x00, 0x00, 0x00, 0x41, 0x00, 0x05, 0x00, 0x15, 0x00, 0x00, 0x00,
    0xc2, 0x01, 0x00, 0x00, 0xdf, 0x03, 0x00, 0x00, 0x35, 0x00, 0x00, 0x00,
    0x3e, 0x00, 0x03, 0x00, 0xc2, 0x01, 0x00, 0x00, 0xc1, 0x01, 0x00, 0x00,
    0x51, 0x00, 0x05, 0x00, 0x0d, 0x00, 0x00, 0x00, 0xc3, 0x01, 0x00, 0x00,
    0xba, 0x01, 0x00, 0x00, 0x03, 0x00, 0x00, 0x00, 0x41, 0x00, 0x05, 0x00,
    0x15, 0x00, 0x00, 0x00, 0xc4, 0x01, 0x00, 0x00, 0xdf, 0x03, 0x00, 0x00,
    0x41, 0x00, 0x00, 0x00, 0x3e, 0x00, 0x03, 0x00, 0xc4, 0x01, 0x00, 0x00,
    0xc3, 0x01, 0x00, 0x00, 0x51, 0x00, 0x05, 0x00, 0x0d, 0x00, 0x00, 0x00,
    0xc5, 0x01, 0x00, 0x00, 0xba, 0x01, 0x00, 0x00, 0x04, 0x00, 0x00, 0x00,
    0x41, 0x00, 0x05, 0x00, 0x15, 0x00, 0x00, 0x00, 0xc6, 0x01, 0x00, 0x00,
    0xdf, 0x03, 0x00, 0x00, 0x38, 0x00, 0x00, 0x00, 0x3e, 0x00, 0x03, 0x00,
    0xc6, 0x01, 0x00, 0x00, 0xc5, 0x01, 0x00, 0x00, 0x51, 0x00, 0x05, 0x00,
    0x0d, 0x00, 0x00, 0x00, 0xc7, 0x01, 0x00, 0x00, 0xba, 0x01, 0x00, 0x00,
    0x05, 0x00, 0x00, 0x00, 0x41, 0x00, 0x05, 0x00, 0x15, 0x00, 0x00, 0x00,
    0xc8, 0x01, 0x00, 0x00, 0xdf, 0x03, 0x00, 0x00, 0x75, 0x00, 0x00, 0x00,
    0x3e, 0x00, 0x03, 0x00, 0xc8, 0x01, 0x00, 0x00, 0xc7, 0x01, 0x00, 0x00,
    0x51, 0x00, 0x05, 0x00, 0x0d, 0x00, 0x00, 0x00, 0xc9, 0x01, 0x00, 0x00,
    0xba, 0x01, 0x00, 0x00, 0x06, 0x00, 0x00, 0x00, 0x41, 0x00, 0x05, 0x00,
    0x15, 0x00, 0x00, 0x00, 0xcb, 0x01, 0x00, 0x00, 0xdf, 0x03, 0x00, 0x00,
    0xca, 0x01, 0x00, 0x00, 0x3e, 0x00, 0x03, 0x00, 0xcb, 0x01, 0x00, 0x00,
    0xc9, 0x01, 0x00, 0x00, 0x51, 0x00, 0x05, 0x00, 0x0d, 0x00, 0x00, 0x00,
    0xcc, 0x01, 0x00, 0x00, 0xba, 0x01, 0x00, 0x00, 0x07, 0x00, 0x00, 0x00,
    0x41, 0x00, 0x05, 0x00, 0x15, 0x00, 0x00, 0x00, 0xce, 0x01, 0x00, 0x00,
    0xdf, 0x03, 0x00, 0x00, 0xcd, 0x01, 0x00, 0x00, 0x3e, 0x00, 0x03, 0x00,
    0xce, 0x01, 0x00, 0x00, 0xcc, 0x01, 0x00, 0x00, 0x51, 0x00, 0x05, 0x00,
    0x0d, 0x00, 0x00, 0x00, 0xcf, 0x01, 0x00, 0x00, 0xba, 0x01, 0x00, 0x00,
    0x08, 0x00, 0x00, 0x00, 0x41, 0x00, 0x05, 0x00, 0x15, 0x00, 0x00, 0x00,
    0xd1, 0x01, 0x00, 0x00, 0xdf, 0x03, 0x00, 0x00, 0xd0, 0x01, 0x00, 0x00,
    0x3e, 0x00, 0x03, 0x00, 0xd1, 0x01, 0x00, 0x00, 0xcf, 0x01, 0x00, 0x00,
    0x51, 0x00, 0x05, 0x00, 0x0d, 0x00, 0x00, 0x00, 0xd2, 0x01, 0x00, 0x00,
    0xba, 0x01, 0x00, 0x00, 0x09, 0x00, 0x00, 0x00, 0x41, 0x00, 0x05, 0x00,
    0x15, 0x00, 0x00, 0x00, 0xd4, 0x01, 0x00, 0x00, 0xdf, 0x03, 0x00, 0x00,
    0xd3, 0x01, 0x00, 0x00, 0x3e, 0x00, 0x03, 0x00, 0xd4, 0x01, 0x00, 0x00,
    0xd2, 0x01, 0x00, 0x00, 0x51, 0x00, 0x05, 0x00, 0x0d, 0x00, 0x00, 0x00,
    0xd5, 0x01, 0x00, 0x00, 0xba, 0x01, 0x00, 0x00, 0x0a, 0x00, 0x00, 0x00,
    0x41, 0x00, 0x05, 0x00, 0x15, 0x00, 0x00, 0x00, 0xd7, 0x01, 0x00, 0x00,
    0xdf, 0x03, 0x00, 0x00, 0xd6, 0x01, 0x00, 0x00, 0x3e, 0x00, 0x03, 0x00,
    0xd7, 0x01, 0x00, 0x00, 0xd5, 0x01, 0x00, 0x00, 0x51, 0x00, 0x05, 0x00,
    0x06, 0x00, 0x00, 0x00, 0xdb, 0x01, 0x00, 0x00, 0x30, 0x04, 0x00, 0x00,
    0x01, 0x00, 0x00, 0x00, 0xf7, 0x00, 0x03, 0x00, 0x40, 0x03, 0x00, 0x00,
    0x00, 0x00, 0x00, 0x00, 0xfb, 0x00, 0x03, 0x00, 0x39, 0x00, 0x00, 0x00,
    0x59, 0x02, 0x00, 0x00, 0xf8, 0x00, 0x02, 0x00, 0x59, 0x02, 0x00, 0x00,
    0x51, 0x00, 0x05, 0x00, 0x06, 0x00, 0x00, 0x00, 0x5d, 0x02, 0x00, 0x00,
    0xb8, 0x01, 0x00, 0x00, 0x00, 0x00, 0x00, 0x00, 0xba, 0x00, 0x05, 0x00,
    0x18, 0x00, 0x00, 0x00, 0x5e, 0x02, 0x00, 0x00, 0x5d, 0x02, 0x00, 0x00,
    0x3c, 0x00, 0x00, 0x00, 0xf7, 0x00, 0x03, 0x00, 0x7d, 0x02, 0x00, 0x00,
    0x00, 0x00, 0x00, 0x00, 0xfa, 0x00, 0x04, 0x00, 0x5e, 0x02, 0x00, 0x00,
    0x5f, 0x02, 0x00, 0x00, 0x7d, 0x02, 0x00, 0x00, 0xf8, 0x00, 0x02, 0x00,
    0x5f, 0x02, 0x00, 0x00, 0x51, 0x00, 0x05, 0x00, 0x06, 0x00, 0x00, 0x00,
    0x61, 0x02, 0x00, 0x00, 0xb6, 0x01, 0x00, 0x00, 0x03, 0x00, 0x00, 0x00,
    0x51, 0x00, 0x05, 0x00, 0x06, 0x00, 0x00, 0x00, 0x63, 0x02, 0x00, 0x00,
    0xb6, 0x01, 0x00, 0x00, 0x02, 0x00, 0x00, 0x00, 0x81, 0x00, 0x05, 0x00,
    0x06, 0x00, 0x00, 0x00, 0x65, 0x02, 0x00, 0x00, 0x63, 0x02, 0x00, 0x00,
    0xdb, 0x01, 0x00, 0x00, 0x81, 0x00, 0x05, 0x00, 0x06, 0x00, 0x00, 0x00,
    0x66, 0x02, 0x00, 0x00, 0x61, 0x02, 0x00, 0x00, 0x65, 0x02, 0x00, 0x00,
    0x51, 0x00, 0x05, 0x00, 0x06, 0x00, 0x00, 0x00, 0x68, 0x02, 0x00, 0x00,
    0xb6, 0x01, 0x00, 0x00, 0x00, 0x00, 0x00, 0x00, 0x51, 0x00, 0x05, 0x00,
    0x06, 0x00, 0x00, 0x00, 0x6a, 0x02, 0x00, 0x00, 0xb6, 0x01, 0x00, 0x00,
    0x01, 0x00, 0x00, 0x00, 0x0c, 0x00, 0x08, 0x00, 0x06, 0x00, 0x00, 0x00,
    0x6b, 0x02, 0x00, 0x00, 0x01, 0x00, 0x00, 0x00, 0x2b, 0x00, 0x00, 0x00,
    0x66, 0x02, 0x00, 0x00, 0x68, 0x02, 0x00, 0x00, 0x6a, 0x02, 0x00, 0x00,
    0x81, 0x00, 0x05, 0x00, 0x06, 0x00, 0x00, 0x00, 0x70, 0x02, 0x00, 0x00,
    0x6b, 0x02, 0x00, 0x00, 0x5d, 0x02, 0x00, 0x00, 0x51, 0x00, 0x05, 0x00,
    0x06, 0x00, 0x00, 0x00, 0x73, 0x02, 0x00, 0x00, 0xb0, 0x01, 0x00, 0x00,
    0x02, 0x00, 0x00, 0x00, 0x88, 0x00, 0x05, 0x00, 0x06, 0x00, 0x00, 0x00,
    0x49, 0x03, 0x00, 0x00, 0x6b, 0x02, 0x00, 0x00, 0x73, 0x02, 0x00, 0x00,
    0x7f, 0x00, 0x04, 0x00, 0x06, 0x00, 0x00, 0x00, 0x4b, 0x03, 0x00, 0x00,
    0x49, 0x03, 0x00, 0x00, 0x0c, 0x00, 0x08, 0x00, 0x06, 0x00, 0x00, 0x00,
    0x4e, 0x03, 0x00, 0x00, 0x01, 0x00, 0x00, 0x00, 0x32, 0x00, 0x00, 0x00,
    0x4b, 0x03, 0x00, 0x00, 0x73, 0x02, 0x00, 0x00, 0x6b, 0x02, 0x00, 0x00,
    0x88, 0x00, 0x05, 0x00, 0x06, 0x00, 0x00, 0x00, 0x52, 0x03, 0x00, 0x00,
    0x4e, 0x03, 0x00, 0x00, 0x73, 0x02, 0x00, 0x00, 0x81, 0x00, 0x05, 0x00,
    0x06, 0x00, 0x00, 0x00, 0x53, 0x03, 0x00, 0x00, 0x49, 0x03, 0x00, 0x00,
    0x52, 0x03, 0x00, 0x00, 0x88, 0x00, 0x05, 0x00, 0x06, 0x00, 0x00, 0x00,
    0x5c, 0x03, 0x00, 0x00, 0x70, 0x02, 0x00, 0x00, 0x73, 0x02, 0x00, 0x00,
    0x7f, 0x00, 0x04, 0x00, 0x06, 0x00, 0x00, 0x00, 0x5e, 0x03, 0x00, 0x00,
    0x5c, 0x03, 0x00, 0x00, 0x0c, 0x00, 0x08, 0x00, 0x06, 0x00, 0x00, 0x00,
    0x61, 0x03, 0x00, 0x00, 0x01, 0x00, 0x00, 0x00, 0x32, 0x00, 0x00, 0x00,
    0x5e, 0x03, 0x00, 0x00, 0x73, 0x02, 0x00, 0x00, 0x70, 0x02, 0x00, 0x00,
    0x88, 0x00, 0x05, 0x00, 0x06, 0x00, 0x00, 0x00, 0x65, 0x03, 0x00, 0x00,
    0x61, 0x03, 0x00, 0x00, 0x73, 0x02, 0x00, 0x00, 0x81, 0x00, 0x05, 0x00,
    0x06, 0x00, 0x00, 0x00, 0x66, 0x03, 0x00, 0x00, 0x5c, 0x03, 0x00, 0x00,
    0x65, 0x03, 0x00, 0x00, 0x50, 0x00, 0x07, 0x00, 0x0d, 0x00, 0x00, 0x00,
    0x7c, 0x02, 0x00, 0x00, 0x6b, 0x02, 0x00, 0x00, 0x70, 0x02, 0x00, 0x00,
    0x53, 0x03, 0x00, 0x00, 0x66, 0x03, 0x00, 0x00, 0xf9, 0x00, 0x02, 0x00,
    0x7d, 0x02, 0x00, 0x00, 0xf8, 0x00, 0x02, 0x00, 0x7d, 0x02, 0x00, 0x00,
    0xf5, 0x00, 0x07, 0x00, 0x0d, 0x00, 0x00, 0x00, 0x34, 0x04, 0x00, 0x00,
    0xb4, 0x01, 0x00, 0x00, 0x59, 0x02, 0x00, 0x00, 0x7c, 0x02, 0x00, 0x00,
    0x5f, 0x02, 0x00, 0x00, 0xf9, 0x00, 0x02, 0x00, 0x7e, 0x02, 0x00, 0x00,
    0xf8, 0x00, 0x02, 0x00, 0x7e, 0x02, 0x00, 0x00, 0xf5, 0x00, 0x07, 0x00,
    0x06, 0x00, 0x00, 0x00, 0x35, 0x04, 0x00, 0x00, 0x68, 0x00, 0x00, 0x00,
    0x7d, 0x02, 0x00, 0x00, 0x53, 0x04, 0x00, 0x00, 0xaa, 0x02, 0x00, 0x00,
    0xf5, 0x00, 0x07, 0x00, 0x13, 0x00, 0x00, 0x00, 0x32, 0x04, 0x00, 0x00,
    0x56, 0x00, 0x00, 0x00, 0x7d, 0x02, 0x00, 0x00, 0xac, 0x02, 0x00, 0x00,
    0xaa, 0x02, 0x00, 0x00, 0x51, 0x00, 0x05, 0x00, 0x06, 0x00, 0x00, 0x00,
    0x82, 0x02, 0x00, 0x00, 0xb0, 0x01, 0x00, 0x00, 0x00, 0x00, 0x00, 0x00,
    0x6e, 0x00, 0x04, 0x00, 0x13, 0x00, 0x00, 0x00, 0x83, 0x02, 0x00, 0x00,
    0x82, 0x02, 0x00, 0x00, 0xb1, 0x00, 0x05, 0x00, 0x18, 0x00, 0x00, 0x00,
    0x84, 0x02, 0x00, 0x00, 0x32, 0x04, 0x00, 0x00, 0x83, 0x02, 0x00, 0x00,
    0xf6, 0x00, 0x04, 0x00, 0xad, 0x02, 0x00, 0x00, 0xaa, 0x02, 0x00, 0x00,
    0x00, 0x00, 0x00, 0x00, 0xfa, 0x00, 0x04, 0x00, 0x84, 0x02, 0x00, 0x00,
    0x85, 0x02, 0x00, 0x00, 0xad, 0x02, 0x00, 0x00, 0xf8, 0x00, 0x02, 0x00,
    0x85, 0x02, 0x00, 0x00, 0x41, 0x00, 0x05, 0x00, 0x15, 0x00, 0x00, 0x00,
    0xea, 0x03, 0x00, 0x00, 0xdf, 0x03, 0x00, 0x00, 0x32, 0x04, 0x00, 0x00,
    0x3d, 0x00, 0x04, 0x00, 0x0d, 0x00, 0x00, 0x00, 0x88, 0x02, 0x00, 0x00,
    0xea, 0x03, 0x00, 0x00, 0x51, 0x00, 0x05, 0x00, 0x06, 0x00, 0x00, 0x00,
    0x8a, 0x02, 0x00, 0x00, 0x88, 0x02, 0x00, 0x00, 0x01, 0x00, 0x00, 0x00,
    0x51, 0x00, 0x05, 0x00, 0x06, 0x00, 0x00, 0x00, 0x8c, 0x02, 0x00, 0x00,
    0x88, 0x02, 0x00, 0x00, 0x00, 0x00, 0x00, 0x00, 0xba, 0x00, 0x05, 0x00,
    0x18, 0x00, 0x00, 0x00, 0x8d, 0x02, 0x00, 0x00, 0x8a, 0x02, 0x00, 0x00,
    0x8c, 0x02, 0x00, 0x00, 0xf7, 0x00, 0x03, 0x00, 0x94, 0x02, 0x00, 0x00,
    0x00, 0x00, 0x00, 0x00, 0xfa, 0x00, 0x04, 0x00, 0x8d, 0x02, 0x00, 0x00,
    0x8e, 0x02, 0x00, 0x00, 0x94, 0x02, 0x00, 0x00, 0xf8, 0x00, 0x02, 0x00,
    0x8e, 0x02, 0x00, 0x00, 0x51, 0x00, 0x05, 0x00, 0x06, 0x00, 0x00, 0x00,
    0x90, 0x02, 0x00, 0x00, 0x88, 0x02, 0x00, 0x00, 0x03, 0x00, 0x00, 0x00,
    0x51, 0x00, 0x05, 0x00, 0x06, 0x00, 0x00, 0x00, 0x92, 0x02, 0x00, 0x00,
    0x34, 0x04, 0x00, 0x00, 0x00, 0x00, 0x00, 0x00, 0xba, 0x00, 0x05, 0x00,
    0x18, 0x00, 0x00, 0x00, 0x93, 0x02, 0x00, 0x00, 0x90, 0x02, 0x00, 0x00,
    0x92, 0x02, 0x00, 0x00, 0xf9, 0x00, 0x02, 0x00, 0x94, 0x02, 0x00, 0x00,
    0xf8, 0x00, 0x02, 0x00, 0x94, 0x02, 0x00, 0x00, 0xf5, 0x00, 0x07, 0x00,
    0x18, 0x00, 0x00, 0x00, 0x95, 0x02, 0x00, 0x00, 0x8d, 0x02, 0x00, 0x00,
    0x85, 0x02, 0x00, 0x00, 0x93, 0x02, 0x00, 0x00, 0x8e, 0x02, 0x00, 0x00,
    0xf7, 0x00, 0x03, 0x00, 0x9c, 0x02, 0x00, 0x00, 0x00, 0x00, 0x00, 0x00,
    0xfa, 0x00, 0x04, 0x00, 0x95, 0x02, 0x00, 0x00, 0x96, 0x02, 0x00, 0x00,
    0x9c, 0x02, 0x00, 0x00, 0xf8, 0x00, 0x02, 0x00, 0x96, 0x02, 0x00, 0x00,
    0x51, 0x00, 0x05, 0x00, 0x06, 0x00, 0x00, 0x00, 0x98, 0x02, 0x00, 0x00,
    0x88, 0x02, 0x00, 0x00, 0x02, 0x00, 0x00, 0x00, 0x51, 0x00, 0x05, 0x00,
    0x06, 0x00, 0x00, 0x00, 0x9a, 0x02, 0x00, 0x00, 0x34, 0x04, 0x00, 0x00,
    0x01, 0x00, 0x00, 0x00, 0xb8, 0x00, 0x05, 0x00, 0x18, 0x00, 0x00, 0x00,
    0x9b, 0x02, 0x00, 0x00, 0x98, 0x02, 0x00, 0x00, 0x9a, 0x02, 0x00, 0x00,
    0xf9, 0x00, 0x02, 0x00, 0x9c, 0x02, 0x00, 0x00, 0xf8, 0x00, 0x02, 0x00,
    0x9c, 0x02, 0x00, 0x00, 0xf5, 0x00, 0x07, 0x00, 0x18, 0x00, 0x00, 0x00,
    0x9d, 0x02, 0x00, 0x00, 0x95, 0x02, 0x00, 0x00, 0x94, 0x02, 0x00, 0x00,
    0x9b, 0x02, 0x00, 0x00, 0x96, 0x02, 0x00, 0x00, 0xf7, 0x00, 0x03, 0x00,
    0xa9, 0x02, 0x00, 0x00, 0x00, 0x00, 0x00, 0x00, 0xfa, 0x00, 0x04, 0x00,
    0x9d, 0x02, 0x00, 0x00, 0x9e, 0x02, 0x00, 0x00, 0xa9, 0x02, 0x00, 0x00,
    0xf8, 0x00, 0x02, 0x00, 0x9e, 0x02, 0x00, 0x00, 0x83, 0x00, 0x05, 0x00,
    0x06, 0x00, 0x00, 0x00, 0xa4, 0x02, 0x00, 0x00, 0x8a, 0x02, 0x00, 0x00,
    0x8c, 0x02, 0x00, 0x00, 0x51, 0x00, 0x05, 0x00, 0x06, 0x00, 0x00, 0x00,
    0xa6, 0x02, 0x00, 0x00, 0xb0, 0x01, 0x00, 0x00, 0x01, 0x00, 0x00, 0x00,
    0x85, 0x00, 0x05, 0x00, 0x06, 0x00, 0x00, 0x00, 0xa7, 0x02, 0x00, 0x00,
    0xa4, 0x02, 0x00, 0x00, 0xa6, 0x02, 0x00, 0x00, 0x0c, 0x00, 0x07, 0x00,
    0x06, 0x00, 0x00, 0x00, 0xa8, 0x02, 0x00, 0x00, 0x01, 0x00, 0x00, 0x00,
    0x25, 0x00, 0x00, 0x00, 0x35, 0x04, 0x00, 0x00, 0xa7, 0x02, 0x00, 0x00,
    0xf9, 0x00, 0x02, 0x00, 0xa9, 0x02, 0x00, 0x00, 0xf8, 0x00, 0x02, 0x00,
    0xa9, 0x02, 0x00, 0x00, 0xf5, 0x00, 0x07, 0x00, 0x06, 0x00, 0x00, 0x00,
    0x53, 0x04, 0x00, 0x00, 0x35, 0x04, 0x00, 0x00, 0x9c, 0x02, 0x00, 0x00,
    0xa8, 0x02, 0x00, 0x00, 0x9e, 0x02, 0x00, 0x00, 0xf9, 0x00, 0x02, 0x00,
    0xaa, 0x02, 0x00, 0x00, 0xf8, 0x00, 0x02, 0x00, 0xaa, 0x02, 0x00, 0x00,
    0x80, 0x00, 0x05, 0x00, 0x13, 0x00, 0x00, 0x00, 0xac, 0x02, 0x00, 0x00,
    0x32, 0x04, 0x00, 0x00, 0x9b, 0x00, 0x00, 0x00, 0xf9, 0x00, 0x02, 0x00,
    0x7e, 0x02, 0x00, 0x00, 0xf8, 0x00, 0x02, 0x00, 0xad, 0x02, 0x00, 0x00,
    0x51, 0x00, 0x05, 0x00, 0x06, 0x00, 0x00, 0x00, 0xaf, 0x02, 0x00, 0x00,
    0x34, 0x04, 0x00, 0x00, 0x03, 0x00, 0x00, 0x00, 0x51, 0x00, 0x05, 0x00,
    0x06, 0x00, 0x00, 0x00, 0xb1, 0x02, 0x00, 0x00, 0x34, 0x04, 0x00, 0x00,
    0x02, 0x00, 0x00, 0x00, 0x83, 0x00, 0x05, 0x00, 0x06, 0x00, 0x00, 0x00,
    0xb2, 0x02, 0x00, 0x00, 0xaf, 0x02, 0x00, 0x00, 0xb1, 0x02, 0x00, 0x00,
    0x51, 0x00, 0x05, 0x00, 0x06, 0x00, 0x00, 0x00, 0xb4, 0x02, 0x00, 0x00,
    0xb0, 0x01, 0x00, 0x00, 0x02, 0x00, 0x00, 0x00, 0x85, 0x00, 0x05, 0x00,
    0x06, 0x00, 0x00, 0x00, 0xb5, 0x02, 0x00, 0x00, 0xb2, 0x02, 0x00, 0x00,
    0xb4, 0x02, 0x00, 0x00, 0x51, 0x00, 0x05, 0x00, 0x06, 0x00, 0x00, 0x00,
    0xb7, 0x02, 0x00, 0x00, 0xb2, 0x01, 0x00, 0x00, 0x00, 0x00, 0x00, 0x00,
    0x51, 0x00, 0x05, 0x00, 0x06, 0x00, 0x00, 0x00, 0xb9, 0x02, 0x00, 0x00,
    0xb2, 0x01, 0x00, 0x00, 0x01, 0x00, 0x00, 0x00, 0x88, 0x00, 0x05, 0x00,
    0x06, 0x00, 0x00, 0x00, 0x6f, 0x03, 0x00, 0x00, 0xb7, 0x02, 0x00, 0x00,
    0xb9, 0x02, 0x00, 0x00, 0x7f, 0x00, 0x04, 0x00, 0x06, 0x00, 0x00, 0x00,
    0x71, 0x03, 0x00, 0x00, 0x6f, 0x03, 0x00, 0x00, 0x0c, 0x00, 0x08, 0x00,
    0x06, 0x00, 0x00, 0x00, 0x74, 0x03, 0x00, 0x00, 0x01, 0x00, 0x00, 0x00,
    0x32, 0x00, 0x00, 0x00, 0x71, 0x03, 0x00, 0x00, 0xb9, 0x02, 0x00, 0x00,
    0xb7, 0x02, 0x00, 0x00, 0x88, 0x00, 0x05, 0x00, 0x06, 0x00, 0x00, 0x00,
    0x78, 0x03, 0x00, 0x00, 0x74, 0x03, 0x00, 0x00, 0xb9, 0x02, 0x00, 0x00,
    0x81, 0x00, 0x05, 0x00, 0x06, 0x00, 0x00, 0x00, 0x79, 0x03, 0x00, 0x00,
    0x6f, 0x03, 0x00, 0x00, 0x78, 0x03, 0x00, 0x00, 0x51, 0x00, 0x05, 0x00,
    0x06, 0x00, 0x00, 0x00, 0xbe, 0x02, 0x00, 0x00, 0xb0, 0x01, 0x00, 0x00,
    0x03, 0x00, 0x00, 0x00, 0x88, 0x00, 0x05, 0x00, 0x06, 0x00, 0x00, 0x00,
    0x82, 0x03, 0x00, 0x00, 0x79, 0x03, 0x00, 0x00, 0xbe, 0x02, 0x00, 0x00,
    0x7f, 0x00, 0x04, 0x00, 0x06, 0x00, 0x00, 0x00, 0x84, 0x03, 0x00, 0x00,
    0x82, 0x03, 0x00, 0x00, 0x0c, 0x00, 0x08, 0x00, 0x06, 0x00, 0x00, 0x00,
    0x87, 0x03, 0x00, 0x00, 0x01, 0x00, 0x00, 0x00, 0x32, 0x00, 0x00, 0x00,
    0x84, 0x03, 0x00, 0x00, 0xbe, 0x02, 0x00, 0x00, 0x79, 0x03, 0x00, 0x00,
    0x88, 0x00, 0x05, 0x00, 0x06, 0x00, 0x00, 0x00, 0x8b, 0x03, 0x00, 0x00,
    0x87, 0x03, 0x00, 0x00, 0xbe, 0x02, 0x00, 0x00, 0x81, 0x00, 0x05, 0x00,
    0x06, 0x00, 0x00, 0x00, 0x8c, 0x03, 0x00, 0x00, 0x82, 0x03, 0x00, 0x00,
    0x8b, 0x03, 0x00, 0x00, 0x85, 0x00, 0x05, 0x00, 0x06, 0x00, 0x00, 0x00,
    0xc0, 0x02, 0x00, 0x00, 0xb5, 0x02, 0x00, 0x00, 0x8c, 0x03, 0x00, 0x00,
    0xba, 0x00, 0x05, 0x00, 0x18, 0x00, 0x00, 0x00, 0xc3, 0x02, 0x00, 0x00,
    0xc0, 0x02, 0x00, 0x00, 0x35, 0x04, 0x00, 0x00, 0xf7, 0x00, 0x03, 0x00,
    0xe2, 0x02, 0x00, 0x00, 0x00, 0x00, 0x00, 0x00, 0xfa, 0x00, 0x04, 0x00,
    0xc3, 0x02, 0x00, 0x00, 0xc4, 0x02, 0x00, 0x00, 0xe2, 0x02, 0x00, 0x00,
    0xf8, 0x00, 0x02, 0x00, 0xc4, 0x02, 0x00, 0x00, 0x88, 0x00, 0x05, 0x00,
    0x06, 0x00, 0x00, 0x00, 0x95, 0x03, 0x00, 0x00, 0x35, 0x04, 0x00, 0x00,
    0xc0, 0x02, 0x00, 0x00, 0x7f, 0x00, 0x04, 0x00, 0x06, 0x00, 0x00, 0x00,
    0x97, 0x03, 0x00, 0x00, 0x95, 0x03, 0x00, 0x00, 0x0c, 0x00, 0x08, 0x00,
    0x06, 0x00, 0x00, 0x00, 0x9a, 0x03, 0x00, 0x00, 0x01, 0x00, 0x00, 0x00,
    0x32, 0x00, 0x00, 0x00, 0x97, 0x03, 0x00, 0x00, 0xc0, 0x02, 0x00, 0x00,
    0x35, 0x04, 0x00, 0x00, 0x88, 0x00, 0x05, 0x00, 0x06, 0x00, 0x00, 0x00,
    0x9e, 0x03, 0x00, 0x00, 0x9a, 0x03, 0x00, 0x00, 0xc0, 0x02, 0x00, 0x00,
    0x81, 0x00, 0x05, 0x00, 0x06, 0x00, 0x00, 0x00, 0x9f, 0x03, 0x00, 0x00,
    0x95, 0x03, 0x00, 0x00, 0x9e, 0x03, 0x00, 0x00, 0x83, 0x00, 0x05, 0x00,
    0x06, 0x00, 0x00, 0x00, 0xc8, 0x02, 0x00, 0x00, 0xbe, 0x00, 0x00, 0x00,
    0x9f, 0x03, 0x00, 0x00, 0x85, 0x00, 0x05, 0x00, 0x06, 0x00, 0x00, 0x00,
    0xc9, 0x02, 0x00, 0x00, 0xbd, 0x00, 0x00, 0x00, 0xc8, 0x02, 0x00, 0x00,
    0x51, 0x00, 0x05, 0x00, 0x06, 0x00, 0x00, 0x00, 0xcb, 0x02, 0x00, 0x00,
    0x34, 0x04, 0x00, 0x00, 0x01, 0x00, 0x00, 0x00, 0x51, 0x00, 0x05, 0x00,
    0x06, 0x00, 0x00, 0x00, 0xcd, 0x02, 0x00, 0x00, 0x34, 0x04, 0x00, 0x00,
    0x00, 0x00, 0x00, 0x00, 0x83, 0x00, 0x05, 0x00, 0x06, 0x00, 0x00, 0x00,
    0xce, 0x02, 0x00, 0x00, 0xcb, 0x02, 0x00, 0x00, 0xcd, 0x02, 0x00, 0x00,
    0x85, 0x00, 0x05, 0x00, 0x06, 0x00, 0x00, 0x00, 0xd0, 0x02, 0x00, 0x00,
    0xce, 0x02, 0x00, 0x00, 0xc9, 0x02, 0x00, 0x00, 0x85, 0x00, 0x05, 0x00,
    0x06, 0x00, 0x00, 0x00, 0xd7, 0x02, 0x00, 0x00, 0xb2, 0x02, 0x00, 0x00,
    0xc9, 0x02, 0x00, 0x00, 0x7f, 0x00, 0x04, 0x00, 0x06, 0x00, 0x00, 0x00,
    0xda, 0x02, 0x00, 0x00, 0xd0, 0x02, 0x00, 0x00, 0x7f, 0x00, 0x04, 0x00,
    0x06, 0x00, 0x00, 0x00, 0xdd, 0x02, 0x00, 0x00, 0xd7, 0x02, 0x00, 0x00,
    0x50, 0x00, 0x07, 0x00, 0x0d, 0x00, 0x00, 0x00, 0xde, 0x02, 0x00, 0x00,
    0xd0, 0x02, 0x00, 0x00, 0xda, 0x02, 0x00, 0x00, 0xd7, 0x02, 0x00, 0x00,
    0xdd, 0x02, 0x00, 0x00, 0x81, 0x00, 0x05, 0x00, 0x0d, 0x00, 0x00, 0x00,
    0xe0, 0x02, 0x00, 0x00, 0x34, 0x04, 0x00, 0x00, 0xde, 0x02, 0x00, 0x00,
    0xf9, 0x00, 0x02, 0x00, 0xe2, 0x02, 0x00, 0x00, 0xf8, 0x00, 0x02, 0x00,
    0xe2, 0x02, 0x00, 0x00, 0xf5, 0x00, 0x07, 0x00, 0x0d, 0x00, 0x00, 0x00,
    0x36, 0x04, 0x00, 0x00, 0x34, 0x04, 0x00, 0x00, 0xad, 0x02, 0x00, 0x00,
    0xe0, 0x02, 0x00, 0x00, 0xc4, 0x02, 0x00, 0x00, 0xa9, 0x00, 0x06, 0x00,
    0x06, 0x00, 0x00, 0x00, 0x5a, 0x04, 0x00, 0x00, 0xc3, 0x02, 0x00, 0x00,
    0x35, 0x04, 0x00, 0x00, 0xc0, 0x02, 0x00, 0x00, 0x41, 0x00, 0x05, 0x00,
    0x15, 0x00, 0x00, 0x00, 0xf0, 0x03, 0x00, 0x00, 0xdf, 0x03, 0x00, 0x00,
    0xa9, 0x01, 0x00, 0x00, 0x3d, 0x00, 0x04, 0x00, 0x0d, 0x00, 0x00, 0x00,
    0xe5, 0x02, 0x00, 0x00, 0xf0, 0x03, 0x00, 0x00, 0x51, 0x00, 0x05, 0x00,
    0x06, 0x00, 0x00, 0x00, 0xe7, 0x02, 0x00, 0x00, 0xe5, 0x02, 0x00, 0x00,
    0x02, 0x00, 0x00, 0x00, 0x51, 0x00, 0x05, 0x00, 0x06, 0x00, 0x00, 0x00,
    0xe9, 0x02, 0x00, 0x00, 0x36, 0x04, 0x00, 0x00, 0x00, 0x00, 0x00, 0x00,
    0x0c, 0x00, 0x07, 0x00, 0x06, 0x00, 0x00, 0x00, 0xea, 0x02, 0x00, 0x00,
    0x01, 0x00, 0x00, 0x00, 0x28, 0x00, 0x00, 0x00, 0xe7, 0x02, 0x00, 0x00,
    0xe9, 0x02, 0x00, 0x00, 0x51, 0x00, 0x05, 0x00, 0x06, 0x00, 0x00, 0x00,
    0xec, 0x02, 0x00, 0x00, 0xe5, 0x02, 0x00, 0x00, 0x03, 0x00, 0x00, 0x00,
    0x51, 0x00, 0x05, 0x00, 0x06, 0x00, 0x00, 0x00, 0xee, 0x02, 0x00, 0x00,
    0x36, 0x04, 0x00, 0x00, 0x01, 0x00, 0x00, 0x00, 0x0c, 0x00, 0x07, 0x00,
    0x06, 0x00, 0x00, 0x00, 0xef, 0x02, 0x00, 0x00, 0x01, 0x00, 0x00, 0x00,
    0x25, 0x00, 0x00, 0x00, 0xec, 0x02, 0x00, 0x00, 0xee, 0x02, 0x00, 0x00,
    0xbc, 0x00, 0x05, 0x00, 0x18, 0x00, 0x00, 0x00, 0xf2, 0x02, 0x00, 0x00,
    0xef, 0x02, 0x00, 0x00, 0xea, 0x02, 0x00, 0x00, 0xbc, 0x00, 0x05, 0x00,
    0x18, 0x00, 0x00, 0x00, 0xf4, 0x02, 0x00, 0x00, 0x5a, 0x04, 0x00, 0x00,
    0x3c, 0x00, 0x00, 0x00, 0xa6, 0x00, 0x05, 0x00, 0x18, 0x00, 0x00, 0x00,
    0xf5, 0x02, 0x00, 0x00, 0xf2, 0x02, 0x00, 0x00, 0xf4, 0x02, 0x00, 0x00,
    0xa8, 0x00, 0x04, 0x00, 0x18, 0x00, 0x00, 0x00, 0xf6, 0x02, 0x00, 0x00,
    0xf5, 0x02, 0x00, 0x00, 0xf7, 0x00, 0x03, 0x00, 0xfd, 0x02, 0x00, 0x00,
    0x00, 0x00, 0x00, 0x00, 0xfa, 0x00, 0x04, 0x00, 0xf6, 0x02, 0x00, 0x00,
    0xf7, 0x02, 0x00, 0x00, 0xfd, 0x02, 0x00, 0x00, 0xf8, 0x00, 0x02, 0x00,
    0xf7, 0x02, 0x00, 0x00, 0x51, 0x00, 0x05, 0x00, 0x06, 0x00, 0x00, 0x00,
    0xf9, 0x02, 0x00, 0x00, 0xe5, 0x02, 0x00, 0x00, 0x01, 0x00, 0x00, 0x00,
    0x51, 0x00, 0x05, 0x00, 0x06, 0x00, 0x00, 0x00, 0xfb, 0x02, 0x00, 0x00,
    0xe5, 0x02, 0x00, 0x00, 0x00, 0x00, 0x00, 0x00, 0xbc, 0x00, 0x05, 0x00,
    0x18, 0x00, 0x00, 0x00, 0xfc, 0x02, 0x00, 0x00, 0xf9, 0x02, 0x00, 0x00,
    0xfb, 0x02, 0x00, 0x00, 0xf9, 0x00, 0x02, 0x00, 0xfd, 0x02, 0x00, 0x00,
    0xf8, 0x00, 0x02, 0x00, 0xfd, 0x02, 0x00, 0x00, 0xf5, 0x00, 0x07, 0x00,
    0x18, 0x00, 0x00, 0x00, 0xfe, 0x02, 0x00, 0x00, 0xf5, 0x02, 0x00, 0x00,
    0xe2, 0x02, 0x00, 0x00, 0xfc, 0x02, 0x00, 0x00, 0xf7, 0x02, 0x00, 0x00,
    0xf7, 0x00, 0x03, 0x00, 0x00, 0x03, 0x00, 0x00, 0x00, 0x00, 0x00, 0x00,
    0xfa, 0x00, 0x04, 0x00, 0xfe, 0x02, 0x00, 0x00, 0xff, 0x02, 0x00, 0x00,
    0x00, 0x03, 0x00, 0x00, 0xf8, 0x00, 0x02, 0x00, 0xff, 0x02, 0x00, 0x00,
    0xf9, 0x00, 0x02, 0x00, 0x40, 0x03, 0x00, 0x00, 0xf8, 0x00, 0x02, 0x00,
    0x00, 0x03, 0x00, 0x00, 0x83, 0x00, 0x05, 0x00, 0x06, 0x00, 0x00, 0x00,
    0x04, 0x03, 0x00, 0x00, 0xea, 0x02, 0x00, 0x00, 0xe9, 0x02, 0x00, 0x00,
    0x83, 0x00, 0x05, 0x00, 0x06, 0x00, 0x00, 0x00, 0x09, 0x03, 0x00, 0x00,
    0xee, 0x02, 0x00, 0x00, 0xe9, 0x02, 0x00, 0x00, 0x88, 0x00, 0x05, 0x00,
    0x06, 0x00, 0x00, 0x00, 0xa8, 0x03, 0x00, 0x00, 0x04, 0x03, 0x00, 0x00,
    0x09, 0x03, 0x00, 0x00, 0x7f, 0x00, 0x04, 0x00, 0x06, 0x00, 0x00, 0x00,
    0xaa, 0x03, 0x00, 0x00, 0xa8, 0x03, 0x00, 0x00, 0x0c, 0x00, 0x08, 0x00,
    0x06, 0x00, 0x00, 0x00, 0xad, 0x03, 0x00, 0x00, 0x01, 0x00, 0x00, 0x00,
    0x32, 0x00, 0x00, 0x00, 0xaa, 0x03, 0x00, 0x00, 0x09, 0x03, 0x00, 0x00,
    0x04, 0x03, 0x00, 0x00, 0x88, 0x00, 0x05, 0x00, 0x06, 0x00, 0x00, 0x00,
    0xb1, 0x03, 0x00, 0x00, 0xad, 0x03, 0x00, 0x00, 0x09, 0x03, 0x00, 0x00,
    0x81, 0x00, 0x05, 0x00, 0x06, 0x00, 0x00, 0x00, 0xb2, 0x03, 0x00, 0x00,
    0xa8, 0x03, 0x00, 0x00, 0xb1, 0x03, 0x00, 0x00, 0x83, 0x00, 0x05, 0x00,
    0x06, 0x00, 0x00, 0x00, 0x0e, 0x03, 0x00, 0x00, 0xef, 0x02, 0x00, 0x00,
    0xe9, 0x02, 0x00, 0x00, 0x88, 0x00, 0x05, 0x00, 0x06, 0x00, 0x00, 0x00,
    0xbb, 0x03, 0x00, 0x00, 0x0e, 0x03, 0x00, 0x00, 0x09, 0x03, 0x00, 0x00,
    0x7f, 0x00, 0x04, 0x00, 0x06, 0x00, 0x00, 0x00, 0xbd, 0x03, 0x00, 0x00,
    0xbb, 0x03, 0x00, 0x00, 0x0c, 0x00, 0x08, 0x00, 0x06, 0x00, 0x00, 0x00,
    0xc0, 0x03, 0x00, 0x00, 0x01, 0x00, 0x00, 0x00, 0x32, 0x00, 0x00, 0x00,
    0xbd, 0x03, 0x00, 0x00, 0x09, 0x03, 0x00, 0x00, 0x0e, 0x03, 0x00, 0x00,
    0x88, 0x00, 0x05, 0x00, 0x06, 0x00, 0x00, 0x00, 0xc4, 0x03, 0x00, 0x00,
    0xc0, 0x03, 0x00, 0x00, 0x09, 0x03, 0x00, 0x00, 0x81, 0x00, 0x05, 0x00,
    0x06, 0x00, 0x00, 0x00, 0xc5, 0x03, 0x00, 0x00, 0xbb, 0x03, 0x00, 0x00,
    0xc4, 0x03, 0x00, 0x00, 0x50, 0x00, 0x05, 0x00, 0x16, 0x00, 0x00, 0x00,
    0x15, 0x03, 0x00, 0x00, 0xb2, 0x03, 0x00, 0x00, 0xc5, 0x03, 0x00, 0x00,
    0x51, 0x00, 0x05, 0x00, 0x06, 0x00, 0x00, 0x00, 0x17, 0x03, 0x00, 0x00,
    0xe5, 0x02, 0x00, 0x00, 0x00, 0x00, 0x00, 0x00, 0x51, 0x00, 0x05, 0x00,
    0x06, 0x00, 0x00, 0x00, 0x19, 0x03, 0x00, 0x00, 0xe5, 0x02, 0x00, 0x00,
    0x01, 0x00, 0x00, 0x00, 0x81, 0x00, 0x05, 0x00, 0x06, 0x00, 0x00, 0x00,
    0x1a, 0x03, 0x00, 0x00, 0x17, 0x03, 0x00, 0x00, 0x19, 0x03, 0x00, 0x00,
    0x85, 0x00, 0x05, 0x00, 0x06, 0x00, 0x00, 0x00, 0x1b, 0x03, 0x00, 0x00,
    0xbd, 0x00, 0x00, 0x00, 0x1a, 0x03, 0x00, 0x00, 0x85, 0x00, 0x05, 0x00,
    0x06, 0x00, 0x00, 0x00, 0x1d, 0x03, 0x00, 0x00, 0xbd, 0x00, 0x00, 0x00,
    0x5a, 0x04, 0x00, 0x00, 0x51, 0x00, 0x05, 0x00, 0x06, 0x00, 0x00, 0x00,
    0x1f, 0x03, 0x00, 0x00, 0xb0, 0x01, 0x00, 0x00, 0x01, 0x00, 0x00, 0x00,
    0x88, 0x00, 0x05, 0x00, 0x06, 0x00, 0x00, 0x00, 0xce, 0x03, 0x00, 0x00,
    0x1d, 0x03, 0x00, 0x00, 0x1f, 0x03, 0x00, 0x00, 0x7f, 0x00, 0x04, 0x00,
    0x06, 0x00, 0x00, 0x00, 0xd0, 0x03, 0x00, 0x00, 0xce, 0x03, 0x00, 0x00,
    0x0c, 0x00, 0x08, 0x00, 0x06, 0x00, 0x00, 0x00, 0xd3, 0x03, 0x00, 0x00,
    0x01, 0x00, 0x00, 0x00, 0x32, 0x00, 0x00, 0x00, 0xd0, 0x03, 0x00, 0x00,
    0x1f, 0x03, 0x00, 0x00, 0x1d, 0x03, 0x00, 0x00, 0x88, 0x00, 0x05, 0x00,
    0x06, 0x00, 0x00, 0x00, 0xd7, 0x03, 0x00, 0x00, 0xd3, 0x03, 0x00, 0x00,
    0x1f, 0x03, 0x00, 0x00, 0x81, 0x00, 0x05, 0x00, 0x06, 0x00, 0x00, 0x00,
    0xd8, 0x03, 0x00, 0x00, 0xce, 0x03, 0x00, 0x00, 0xd7, 0x03, 0x00, 0x00,
    0x51, 0x00, 0x05, 0x00, 0x06, 0x00, 0x00, 0x00, 0x22, 0x03, 0x00, 0x00,
    0x36, 0x04, 0x00, 0x00, 0x02, 0x00, 0x00, 0x00, 0x51, 0x00, 0x05, 0x00,
    0x06, 0x00, 0x00, 0x00, 0x24, 0x03, 0x00, 0x00, 0x36, 0x04, 0x00, 0x00,
    0x03, 0x00, 0x00, 0x00, 0x83, 0x00, 0x05, 0x00, 0x06, 0x00, 0x00, 0x00,
    0x27, 0x03, 0x00, 0x00, 0x24, 0x03, 0x00, 0x00, 0x22, 0x03, 0x00, 0x00,
    0x85, 0x00, 0x05, 0x00, 0x06, 0x00, 0x00, 0x00, 0x2a, 0x03, 0x00, 0x00,
    0x27, 0x03, 0x00, 0x00, 0xb2, 0x03, 0x00, 0x00, 0x81, 0x00, 0x05, 0x00,
    0x06, 0x00, 0x00, 0x00, 0x2b, 0x03, 0x00, 0x00, 0x22, 0x03, 0x00, 0x00,
    0x2a, 0x03, 0x00, 0x00, 0x85, 0x00, 0x05, 0x00, 0x06, 0x00, 0x00, 0x00,
    0x35, 0x03, 0x00, 0x00, 0x27, 0x03, 0x00, 0x00, 0xc5, 0x03, 0x00, 0x00,
    0x81, 0x00, 0x05, 0x00, 0x06, 0x00, 0x00, 0x00, 0x36, 0x03, 0x00, 0x00,
    0x22, 0x03, 0x00, 0x00, 0x35, 0x03, 0x00, 0x00, 0x83, 0x00, 0x05, 0x00,
    0x06, 0x00, 0x00, 0x00, 0x39, 0x03, 0x00, 0x00, 0x1b, 0x03, 0x00, 0x00,
    0xd8, 0x03, 0x00, 0x00, 0x81, 0x00, 0x05, 0x00, 0x06, 0x00, 0x00, 0x00,
    0x3d, 0x03, 0x00, 0x00, 0x1b, 0x03, 0x00, 0x00, 0xd8, 0x03, 0x00, 0x00,
    0x50, 0x00, 0x07, 0x00, 0x0d, 0x00, 0x00, 0x00, 0x3f, 0x03, 0x00, 0x00,
    0x39, 0x03, 0x00, 0x00, 0x2b, 0x03, 0x00, 0x00, 0x3d, 0x03, 0x00, 0x00,
    0x36, 0x03, 0x00, 0x00, 0xf9, 0x00, 0x02, 0x00, 0x40, 0x03, 0x00, 0x00,
    0xf8, 0x00, 0x02, 0x00, 0x40, 0x03, 0x00, 0x00, 0xf5, 0x00, 0x07, 0x00,
    0x16, 0x00, 0x00, 0x00, 0x3c, 0x04, 0x00, 0x00, 0x02, 0x01, 0x00, 0x00,
    0xff, 0x02, 0x00, 0x00, 0x15, 0x03, 0x00, 0x00, 0x00, 0x03, 0x00, 0x00,
    0xf5, 0x00, 0x07, 0x00, 0x0d, 0x00, 0x00, 0x00, 0x3b, 0x04, 0x00, 0x00,
    0x01, 0x01, 0x00, 0x00, 0xff, 0x02, 0x00, 0x00, 0x3f, 0x03, 0x00, 0x00,
    0x00, 0x03, 0x00, 0x00, 0xf5, 0x00, 0x07, 0x00, 0x18, 0x00, 0x00, 0x00,
    0x3a, 0x04, 0x00, 0x00, 0x03, 0x01, 0x00, 0x00, 0xff, 0x02, 0x00, 0x00,
    0x4e, 0x01, 0x00, 0x00, 0x00, 0x03, 0x00, 0x00, 0x41, 0x00, 0x05, 0x00,
    0xe1, 0x01, 0x00, 0x00, 0xe2, 0x01, 0x00, 0x00, 0x92, 0x01, 0x00, 0x00,
    0x39, 0x00, 0x00, 0x00, 0x3d, 0x00, 0x04, 0x00, 0x06, 0x00, 0x00, 0x00,
    0xe3, 0x01, 0x00, 0x00, 0xe2, 0x01, 0x00, 0x00, 0xb4, 0x00, 0x05, 0x00,
    0x18, 0x00, 0x00, 0x00, 0xe4, 0x01, 0x00, 0x00, 0xe3, 0x01, 0x00, 0x00,
    0x3c, 0x00, 0x00, 0x00, 0xf7, 0x00, 0x03, 0x00, 0xe7, 0x01, 0x00, 0x00,
    0x00, 0x00, 0x00, 0x00, 0xfa, 0x00, 0x04, 0x00, 0xe4, 0x01, 0x00, 0x00,
    0xe6, 0x01, 0x00, 0x00, 0xea, 0x01, 0x00, 0x00, 0xf8, 0x00, 0x02, 0x00,
    0xe6, 0x01, 0x00, 0x00, 0x51, 0x00, 0x05, 0x00, 0x06, 0x00, 0x00, 0x00,
    0xe9, 0x01, 0x00, 0x00, 0x3b, 0x04, 0x00, 0x00, 0x00, 0x00, 0x00, 0x00,
    0xf9, 0x00, 0x02, 0x00, 0xe7, 0x01, 0x00, 0x00, 0xf8, 0x00, 0x02, 0x00,
    0xea, 0x01, 0x00, 0x00, 0x51, 0x00, 0x05, 0x00, 0x06, 0x00, 0x00, 0x00,
    0xec, 0x01, 0x00, 0x00, 0x3b, 0x04, 0x00, 0x00, 0x02, 0x00, 0x00, 0x00,
    0xf9, 0x00, 0x02, 0x00, 0xe7, 0x01, 0x00, 0x00, 0xf8, 0x00, 0x02, 0x00,
    0xe7, 0x01, 0x00, 0x00, 0xf5, 0x00, 0x07, 0x00, 0x06, 0x00, 0x00, 0x00,
    0x3d, 0x04, 0x00, 0x00, 0xe9, 0x01, 0x00, 0x00, 0xe6, 0x01, 0x00, 0x00,
    0xec, 0x01, 0x00, 0x00, 0xea, 0x01, 0x00, 0x00, 0x41, 0x00, 0x05, 0x00,
    0xe1, 0x01, 0x00, 0x00, 0xee, 0x01, 0x00, 0x00, 0x92, 0x01, 0x00, 0x00,
    0x4d, 0x00, 0x00, 0x00, 0x3d, 0x00, 0x04, 0x00, 0x06, 0x00, 0x00, 0x00,
    0xef, 0x01, 0x00, 0x00, 0xee, 0x01, 0x00, 0x00, 0xb4, 0x00, 0x05, 0x00,
    0x18, 0x00, 0x00, 0x00, 0xf0, 0x01, 0x00, 0x00, 0xef, 0x01, 0x00, 0x00,
    0x3c, 0x00, 0x00, 0x00, 0xf7, 0x00, 0x03, 0x00, 0xf3, 0x01, 0x00, 0x00,
    0x00, 0x00, 0x00, 0x00, 0xfa, 0x00, 0x04, 0x00, 0xf0, 0x01, 0x00, 0x00,
    0xf2, 0x01, 0x00, 0x00, 0xf6, 0x01, 0x00, 0x00, 0xf8, 0x00, 0x02, 0x00,
    0xf2, 0x01, 0x00, 0x00, 0x51, 0x00, 0x05, 0x00, 0x06, 0x00, 0x00, 0x00,
    0xf5, 0x01, 0x00, 0x00, 0x3b, 0x04, 0x00, 0x00, 0x01, 0x00, 0x00, 0x00,
    0xf9, 0x00, 0x02, 0x00, 0xf3, 0x01, 0x00, 0x00, 0xf8, 0x00, 0x02, 0x00,
    0xf6, 0x01, 0x00, 0x00, 0x51, 0x00, 0x05, 0x00, 0x06, 0x00, 0x00, 0x00,
    0xf8, 0x01, 0x00, 0x00, 0x3b, 0x04, 0x00, 0x00, 0x03, 0x00, 0x00, 0x00,
    0xf9, 0x00, 0x02, 0x00, 0xf3, 0x01, 0x00, 0x00, 0xf8, 0x00, 0x02, 0x00,
    0xf3, 0x01, 0x00, 0x00, 0xf5, 0x00, 0x07, 0x00, 0x06, 0x00, 0x00, 0x00,
    0x3e, 0x04, 0x00, 0x00, 0xf5, 0x01, 0x00, 0x00, 0xf2, 0x01, 0x00, 0x00,
    0xf8, 0x01, 0x00, 0x00, 0xf6, 0x01, 0x00, 0x00, 0x50, 0x00, 0x05, 0x00,
    0x16, 0x00, 0x00, 0x00, 0xfa, 0x01, 0x00, 0x00, 0x3d, 0x04, 0x00, 0x00,
    0x3e, 0x04, 0x00, 0x00, 0x3e, 0x00, 0x03, 0x00, 0x8d, 0x01, 0x00, 0x00,
    0xfa, 0x01, 0x00, 0x00, 0xf7, 0x00, 0x03, 0x00, 0x00, 0x02, 0x00, 0x00,
    0x00, 0x00, 0x00, 0x00, 0xfa, 0x00, 0x04, 0x00, 0xf0, 0x01, 0x00, 0x00,
    0xff, 0x01, 0x00, 0x00, 0x03, 0x02, 0x00, 0x00, 0xf8, 0x00, 0x02, 0x00,
    0xff, 0x01, 0x00, 0x00, 0x51, 0x00, 0x05, 0x00, 0x06, 0x00, 0x00, 0x00,
    0x02, 0x02, 0x00, 0x00, 0x3c, 0x04, 0x00, 0x00, 0x00, 0x00, 0x00, 0x00,
    0xf9, 0x00, 0x02, 0x00, 0x00, 0x02, 0x00, 0x00, 0xf8, 0x00, 0x02, 0x00,
    0x03, 0x02, 0x00, 0x00, 0x51, 0x00, 0x05, 0x00, 0x06, 0x00, 0x00, 0x00,
    0x05, 0x02, 0x00, 0x00, 0x3c, 0x04, 0x00, 0x00, 0x01, 0x00, 0x00, 0x00,
    0xf9, 0x00, 0x02, 0x00, 0x00, 0x02, 0x00, 0x00, 0xf8, 0x00, 0x02, 0x00,
    0x00, 0x02, 0x00, 0x00, 0xf5, 0x00, 0x07, 0x00, 0x06, 0x00, 0x00, 0x00,
    0x3f, 0x04, 0x00, 0x00, 0x02, 0x02, 0x00, 0x00, 0xff, 0x01, 0x00, 0x00,
    0x05, 0x02, 0x00, 0x00, 0x03, 0x02, 0x00, 0x00, 0x41, 0x00, 0x07, 0x00,
    0x58, 0x01, 0x00, 0x00, 0x07, 0x02, 0x00, 0x00, 0x57, 0x01, 0x00, 0x00,
    0x35, 0x00, 0x00, 0x00, 0x9b, 0x00, 0x00, 0x00, 0x4d, 0x00, 0x00, 0x00,
    0x3d, 0x00, 0x04, 0x00, 0x06, 0x00, 0x00, 0x00, 0x08, 0x02, 0x00, 0x00,
    0x07, 0x02, 0x00, 0x00, 0x85, 0x00, 0x05, 0x00, 0x06, 0x00, 0x00, 0x00,
    0x09, 0x02, 0x00, 0x00, 0x3f, 0x04, 0x00, 0x00, 0x08, 0x02, 0x00, 0x00,
    0x52, 0x00, 0x06, 0x00, 0x16, 0x00, 0x00, 0x00, 0x2e, 0x04, 0x00, 0x00,
    0x09, 0x02, 0x00, 0x00, 0x93, 0x01, 0x00, 0x00, 0x01, 0x00, 0x00, 0x00,
    0xa8, 0x00, 0x04, 0x00, 0x18, 0x00, 0x00, 0x00, 0x0c, 0x02, 0x00, 0x00,
    0x3a, 0x04, 0x00, 0x00, 0x50, 0x00, 0x05, 0x00, 0x5b, 0x04, 0x00, 0x00,
    0x5c, 0x04, 0x00, 0x00, 0x0c, 0x02, 0x00, 0x00, 0x0c, 0x02, 0x00, 0x00,
    0xa9, 0x00, 0x06, 0x00, 0x16, 0x00, 0x00, 0x00, 0x5d, 0x04, 0x00, 0x00,
    0x5c, 0x04, 0x00, 0x00, 0x10, 0x02, 0x00, 0x00, 0x2e, 0x04, 0x00, 0x00,
    0xf9, 0x00, 0x02, 0x00, 0xa4, 0x01, 0x00, 0x00, 0xf8, 0x00, 0x02, 0x00,
    0xa4, 0x01, 0x00, 0x00, 0xf5, 0x00, 0x07, 0x00, 0x16, 0x00, 0x00, 0x00,
    0x4f, 0x04, 0x00, 0x00, 0x93, 0x01, 0x00, 0x00, 0x9f, 0x01, 0x00, 0x00,
    0x5d, 0x04, 0x00, 0x00, 0x00, 0x02, 0x00, 0x00, 0xf9, 0x00, 0x02, 0x00,
    0x98, 0x01, 0x00, 0x00, 0xf8, 0x00, 0x02, 0x00, 0x98, 0x01, 0x00, 0x00,
    0xf5, 0x00, 0x07, 0x00, 0x16, 0x00, 0x00, 0x00, 0x4e, 0x04, 0x00, 0x00,
    0x93, 0x01, 0x00, 0x00, 0x97, 0x01, 0x00, 0x00, 0x4f, 0x04, 0x00, 0x00,
    0xa4, 0x01, 0x00, 0x00, 0x3d, 0x00, 0x04, 0x00, 0x0d, 0x00, 0x00, 0x00,
    0x15, 0x02, 0x00, 0x00, 0x14, 0x02, 0x00, 0x00, 0x3e, 0x00, 0x03, 0x00,
    0x12, 0x02, 0x00, 0x00, 0x15, 0x02, 0x00, 0x00, 0x41, 0x00, 0x05, 0x00,
    0x1b, 0x02, 0x00, 0x00, 0x1c, 0x02, 0x00, 0x00, 0x57, 0x01, 0x00, 0x00,
    0x56, 0x00, 0x00, 0x00, 0x3d, 0x00, 0x04, 0x00, 0x0d, 0x00, 0x00, 0x00,
    0x1d, 0x02, 0x00, 0x00, 0x1c, 0x02, 0x00, 0x00, 0x4f, 0x00, 0x07, 0x00,
    0x16, 0x00, 0x00, 0x00, 0x1e, 0x02, 0x00, 0x00, 0x1d, 0x02, 0x00, 0x00,
    0x1d, 0x02, 0x00, 0x00, 0x02, 0x00, 0x00, 0x00, 0x03, 0x00, 0x00, 0x00,
    0x81, 0x00, 0x05, 0x00, 0x16, 0x00, 0x00, 0x00, 0x1f, 0x02, 0x00, 0x00,
    0x4e, 0x04, 0x00, 0x00, 0x1e, 0x02, 0x00, 0x00, 0x4f, 0x00, 0x07, 0x00,
    0x16, 0x00, 0x00, 0x00, 0x22, 0x02, 0x00, 0x00, 0x1d, 0x02, 0x00, 0x00,
    0x1d, 0x02, 0x00, 0x00, 0x00, 0x00, 0x00, 0x00, 0x01, 0x00, 0x00, 0x00,
    0x88, 0x00, 0x05, 0x00, 0x16, 0x00, 0x00, 0x00, 0x23, 0x02, 0x00, 0x00,
    0x1f, 0x02, 0x00, 0x00, 0x22, 0x02, 0x00, 0x00, 0x85, 0x00, 0x05, 0x00,
    0x16, 0x00, 0x00, 0x00, 0x27, 0x02, 0x00, 0x00, 0x23, 0x02, 0x00, 0x00,
    0x26, 0x02, 0x00, 0x00, 0x81, 0x00, 0x05, 0x00, 0x16, 0x00, 0x00, 0x00,
    0x29, 0x02, 0x00, 0x00, 0x27, 0x02, 0x00, 0x00, 0x28, 0x02, 0x00, 0x00,
    0x51, 0x00, 0x05, 0x00, 0x06, 0x00, 0x00, 0x00, 0x2a, 0x02, 0x00, 0x00,
    0x29, 0x02, 0x00, 0x00, 0x00, 0x00, 0x00, 0x00, 0x51, 0x00, 0x05, 0x00,
    0x06, 0x00, 0x00, 0x00, 0x2b, 0x02, 0x00, 0x00, 0x29, 0x02, 0x00, 0x00,
    0x01, 0x00, 0x00, 0x00, 0x50, 0x00, 0x07, 0x00, 0x0d, 0x00, 0x00, 0x00,
    0x2c, 0x02, 0x00, 0x00, 0x2a, 0x02, 0x00, 0x00, 0x2b, 0x02, 0x00, 0x00,
    0x3c, 0x00, 0x00, 0x00, 0xbe, 0x00, 0x00, 0x00, 0x41, 0x00, 0x05, 0x00,
    0x11, 0x02, 0x00, 0x00, 0x2d, 0x02, 0x00, 0x00, 0x19, 0x02, 0x00, 0x00,
    0x56, 0x00, 0x00, 0x00, 0x3e, 0x00, 0x03, 0x00, 0x2d, 0x02, 0x00, 0x00,
    0x2c, 0x02, 0x00, 0x00, 0xfd, 0x00, 0x01, 0x00, 0x38, 0x00, 0x01, 0x00,
};
static const unsigned int kActionSkyboxVertSPVSize = 9000u;

static const unsigned char kActionSkyboxVertDXIL[] = {
    0x44, 0x58, 0x42, 0x43, 0x60, 0x8d, 0xc9, 0x1a, 0xc9, 0x8d, 0x09, 0x62,
    0x2c, 0x98, 0xe6, 0xf2, 0x20, 0x58, 0x6f, 0x65, 0x01, 0x00, 0x00, 0x00,
    0xa4, 0x1b, 0x00, 0x00, 0x07, 0x00, 0x00, 0x00, 0x3c, 0x00, 0x00, 0x00,
    0x4c, 0x00, 0x00, 0x00, 0xc8, 0x00, 0x00, 0x00, 0x50, 0x01, 0x00, 0x00,
    0xa4, 0x02, 0x00, 0x00, 0x2c, 0x0b, 0x00, 0x00, 0x48, 0x0b, 0x00, 0x00,
    0x53, 0x46, 0x49, 0x30, 0x08, 0x00, 0x00, 0x00, 0x00, 0x00, 0x00, 0x00,
    0x00, 0x00, 0x00, 0x00, 0x49, 0x53, 0x47, 0x31, 0x74, 0x00, 0x00, 0x00,
    0x03, 0x00, 0x00, 0x00, 0x08, 0x00, 0x00, 0x00, 0x00, 0x00, 0x00, 0x00,
    0x68, 0x00, 0x00, 0x00, 0x00, 0x00, 0x00, 0x00, 0x00, 0x00, 0x00, 0x00,
    0x03, 0x00, 0x00, 0x00, 0x00, 0x00, 0x00, 0x00, 0x03, 0x03, 0x00, 0x00,
    0x00, 0x00, 0x00, 0x00, 0x00, 0x00, 0x00, 0x00, 0x68, 0x00, 0x00, 0x00,
    0x01, 0x00, 0x00, 0x00, 0x00, 0x00, 0x00, 0x00, 0x03, 0x00, 0x00, 0x00,
    0x01, 0x00, 0x00, 0x00, 0x0f, 0x0f, 0x00, 0x00, 0x00, 0x00, 0x00, 0x00,
    0x00, 0x00, 0x00, 0x00, 0x68, 0x00, 0x00, 0x00, 0x02, 0x00, 0x00, 0x00,
    0x00, 0x00, 0x00, 0x00, 0x03, 0x00, 0x00, 0x00, 0x02, 0x00, 0x00, 0x00,
    0x03, 0x03, 0x00, 0x00, 0x00, 0x00, 0x00, 0x00, 0x54, 0x45, 0x58, 0x43,
    0x4f, 0x4f, 0x52, 0x44, 0x00, 0x00, 0x00, 0x00, 0x4f, 0x53, 0x47, 0x31,
    0x80, 0x00, 0x00, 0x00, 0x03, 0x00, 0x00, 0x00, 0x08, 0x00, 0x00, 0x00,
    0x00, 0x00, 0x00, 0x00, 0x68, 0x00, 0x00, 0x00, 0x00, 0x00, 0x00, 0x00,
    0x00, 0x00, 0x00, 0x00, 0x03, 0x00, 0x00, 0x00, 0x00, 0x00, 0x00, 0x00,
    0x0f, 0x00, 0x00, 0x00, 0x00, 0x00, 0x00, 0x00, 0x00, 0x00, 0x00, 0x00,
    0x68, 0x00, 0x00, 0x00, 0x01, 0x00, 0x00, 0x00, 0x00, 0x00, 0x00, 0x00,
    0x03, 0x00, 0x00, 0x00, 0x01, 0x00, 0x00, 0x00, 0x03, 0x0c, 0x00, 0x00,
    0x00, 0x00, 0x00, 0x00, 0x00, 0x00, 0x00, 0x00, 0x71, 0x00, 0x00, 0x00,
    0x00, 0x00, 0x00, 0x00, 0x01, 0x00, 0x00, 0x00, 0x03, 0x00, 0x00, 0x00,
    0x02, 0x00, 0x00, 0x00, 0x0f, 0x00, 0x00, 0x00, 0x00, 0x00, 0x00, 0x00,
    0x54, 0x45, 0x58, 0x43, 0x4f, 0x4f, 0x52, 0x44, 0x00, 0x53, 0x56, 0x5f,
    0x50, 0x6f, 0x73, 0x69, 0x74, 0x69, 0x6f, 0x6e, 0x00, 0x00, 0x00, 0x00,
    0x50, 0x53, 0x56, 0x30, 0x4c, 0x01, 0x00, 0x00, 0x34, 0x00, 0x00, 0x00,
    0x01, 0x00, 0x00, 0x00, 0x00, 0x00, 0x00, 0x00, 0x00, 0x00, 0x00, 0x00,
    0x00, 0x00, 0x00, 0x00, 0x00, 0x00, 0x00, 0x00, 0xff, 0xff, 0xff, 0xff,
    0x01, 0x00, 0x00, 0x00, 0x03, 0x03, 0x00, 0x03, 0x03, 0x00, 0x00, 0x00,
    0x00, 0x00, 0x00, 0x00, 0x00, 0x00, 0x00, 0x00, 0x00, 0x00, 0x00, 0x00,
    0x2e, 0x00, 0x00, 0x00, 0x02, 0x00, 0x00, 0x00, 0x18, 0x00, 0x00, 0x00,
    0x02, 0x00, 0x00, 0x00, 0x01, 0x00, 0x00, 0x00, 0x00, 0x00, 0x00, 0x00,
    0x00, 0x00, 0x00, 0x00, 0x0d, 0x00, 0x00, 0x00, 0x00, 0x00, 0x00, 0x00,
    0x04, 0x00, 0x00, 0x00, 0x00, 0x00, 0x00, 0x00, 0x00, 0x00, 0x00, 0x00,
    0x00, 0x00, 0x00, 0x00, 0x0b, 0x00, 0x00, 0x00, 0x00, 0x00, 0x00, 0x00,
    0x34, 0x00, 0x00, 0x00, 0x00, 0x54, 0x45, 0x58, 0x43, 0x4f, 0x4f, 0x52,
    0x44, 0x00, 0x54, 0x45, 0x58, 0x43, 0x4f, 0x4f, 0x52, 0x44, 0x00, 0x54,
    0x45, 0x58, 0x43, 0x4f, 0x4f, 0x52, 0x44, 0x00, 0x54, 0x45, 0x58, 0x43,
    0x4f, 0x4f, 0x52, 0x44, 0x00, 0x54, 0x45, 0x58, 0x43, 0x4f, 0x4f, 0x52,
    0x44, 0x00, 0x6d, 0x61, 0x69, 0x6e, 0x00, 0x00, 0x03, 0x00, 0x00, 0x00,
    0x00, 0x00, 0x00, 0x00, 0x01, 0x00, 0x00, 0x00, 0x02, 0x00, 0x00, 0x00,
    0x10, 0x00, 0x00, 0x00, 0x01, 0x00, 0x00, 0x00, 0x00, 0x00, 0x00, 0x00,
    0x01, 0x00, 0x42, 0x00, 0x03, 0x00, 0x00, 0x00, 0x0a, 0x00, 0x00, 0x00,
    0x01, 0x00, 0x00, 0x00, 0x01, 0x01, 0x44, 0x00, 0x03, 0x00, 0x00, 0x00,
    0x13, 0x00, 0x00, 0x00, 0x02, 0x00, 0x00, 0x00, 0x01, 0x02, 0x42, 0x00,
    0x03, 0x00, 0x00, 0x00, 0x1c, 0x00, 0x00, 0x00, 0x00, 0x00, 0x00, 0x00,
    0x01, 0x00, 0x44, 0x00, 0x03, 0x02, 0x00, 0x00, 0x25, 0x00, 0x00, 0x00,
    0x01, 0x00, 0x00, 0x00, 0x01, 0x01, 0x42, 0x00, 0x03, 0x02, 0x00, 0x00,
    0x00, 0x00, 0x00, 0x00, 0x00, 0x00, 0x00, 0x00, 0x01, 0x02, 0x44, 0x03,
    0x03, 0x04, 0x00, 0x00, 0x10, 0x01, 0x00, 0x00, 0x20, 0x02, 0x00, 0x00,
    0x00, 0x00, 0x00, 0x00, 0x00, 0x00, 0x00, 0x00, 0x01, 0x00, 0x00, 0x00,
    0x02, 0x00, 0x00, 0x00, 0x04, 0x00, 0x00, 0x00, 0x08, 0x00, 0x00, 0x00,
    0x10, 0x00, 0x00, 0x00, 0x20, 0x00, 0x00, 0x00, 0x00, 0x00, 0x00, 0x00,
    0x00, 0x00, 0x00, 0x00, 0x53, 0x54, 0x41, 0x54, 0x80, 0x08, 0x00, 0x00,
    0x60, 0x00, 0x01, 0x00, 0x20, 0x02, 0x00, 0x00, 0x44, 0x58, 0x49, 0x4c,
    0x00, 0x01, 0x00, 0x00, 0x10, 0x00, 0x00, 0x00, 0x68, 0x08, 0x00, 0x00,
    0x42, 0x43, 0xc0, 0xde, 0x21, 0x0c, 0x00, 0x00, 0x17, 0x02, 0x00, 0x00,
    0x0b, 0x82, 0x20, 0x00, 0x02, 0x00, 0x00, 0x00, 0x13, 0x00, 0x00, 0x00,
    0x07, 0x81, 0x23, 0x91, 0x41, 0xc8, 0x04, 0x49, 0x06, 0x10, 0x32, 0x39,
    0x92, 0x01, 0x84, 0x0c, 0x25, 0x05, 0x08, 0x19, 0x1e, 0x04, 0x8b, 0x62,
    0x80, 0x18, 0x45, 0x02, 0x42, 0x92, 0x0b, 0x42, 0xc4, 0x10, 0x32, 0x14,
    0x38, 0x08, 0x18, 0x4b, 0x0a, 0x32, 0x62, 0x88, 0x48, 0x90, 0x14, 0x20,
    0x43, 0x46, 0x88, 0xa5, 0x00, 0x19, 0x32, 0x42, 0xe4, 0x48, 0x0e, 0x90,
    0x11, 0x23, 0xc4, 0x50, 0x41, 0x51, 0x81, 0x8c, 0xe1, 0x83, 0xe5, 0x8a,
    0x04, 0x31, 0x46, 0x06, 0x51, 0x18, 0x00, 0x00, 0x08, 0x00, 0x00, 0x00,
    0x1b, 0x8c, 0xe0, 0xff, 0xff, 0xff, 0xff, 0x07, 0x40, 0x02, 0xa8, 0x0d,
    0x84, 0xf0, 0xff, 0xff, 0xff, 0xff, 0x03, 0x20, 0x6d, 0x30, 0x86, 0xff,
    0xff, 0xff, 0xff, 0x1f, 0x00, 0x09, 0xa8, 0x00, 0x49, 0x18, 0x00, 0x00,
    0x03, 0x00, 0x00, 0x00, 0x13, 0x82, 0x60, 0x42, 0x20, 0x4c, 0x08, 0x06,
    0x00, 0x00, 0x00, 0x00, 0x89, 0x20, 0x00, 0x00, 0x37, 0x00, 0x00, 0x00,
    0x32, 0x22, 0x88, 0x09, 0x20, 0x64, 0x85, 0x04, 0x13, 0x23, 0xa4, 0x84,
    0x04, 0x13, 0x23, 0xe3, 0x84, 0xa1, 0x90, 0x14, 0x12, 0x4c, 0x8c, 0x8c,
    0x0b, 0x84, 0xc4, 0x4c, 0x10, 0x8c, 0xc1, 0x08, 0x40, 0x09, 0x00, 0x0a,
    0x66, 0x00, 0xe6, 0x08, 0xc0, 0x60, 0x8e, 0x00, 0x29, 0xc6, 0x40, 0x10,
    0x44, 0x41, 0x90, 0x51, 0x0c, 0x80, 0x20, 0x88, 0x62, 0x20, 0xa4, 0x14,
    0x03, 0x31, 0x0c, 0x03, 0x29, 0x85, 0x18, 0x88, 0x61, 0x20, 0xe6, 0xa8,
    0xe1, 0xf2, 0x27, 0xec, 0x21, 0x24, 0x9f, 0xdb, 0xa8, 0x62, 0x25, 0x26,
    0xbf, 0xb8, 0x6d, 0x44, 0x0c, 0xc3, 0x30, 0x50, 0x71, 0xcf, 0x70, 0xf9,
    0x13, 0xf6, 0x10, 0x92, 0x1f, 0x02, 0xcd, 0xb0, 0x10, 0x28, 0x78, 0x0a,
    0xe1, 0x10, 0x10, 0x41, 0xd1, 0x1c, 0x41, 0x50, 0x0c, 0x88, 0x28, 0x08,
    0x62, 0x22, 0xea, 0xa6, 0xe1, 0xf2, 0x27, 0xec, 0x21, 0x24, 0x7f, 0x25,
    0xa4, 0x95, 0x98, 0x7c, 0xe4, 0xb6, 0x51, 0x41, 0x10, 0x04, 0x41, 0x94,
    0xc2, 0x22, 0x20, 0x82, 0xa0, 0x6b, 0x20, 0xe0, 0x30, 0x69, 0x8a, 0x28,
    0x61, 0xf2, 0x37, 0x6c, 0x22, 0xb4, 0x61, 0x88, 0x08, 0x49, 0xda, 0xa8,
    0xa2, 0x20, 0x22, 0x14, 0x10, 0xa4, 0x0d, 0x23, 0x10, 0x43, 0x2e, 0x70,
    0x17, 0x49, 0x53, 0x44, 0x09, 0x93, 0xcf, 0x2a, 0x98, 0x09, 0x3c, 0x0f,
    0xd2, 0x18, 0xc8, 0xe0, 0x38, 0x8e, 0xe3, 0xba, 0x3b, 0x38, 0xa7, 0x99,
    0x88, 0x6b, 0x42, 0x03, 0xc7, 0x79, 0xf4, 0x25, 0x03, 0x31, 0x47, 0x00,
    0x0a, 0x00, 0x00, 0x00, 0x13, 0x14, 0x72, 0xc0, 0x87, 0x74, 0x60, 0x87,
    0x36, 0x68, 0x87, 0x79, 0x68, 0x03, 0x72, 0xc0, 0x87, 0x0d, 0xaf, 0x50,
    0x0e, 0x6d, 0xd0, 0x0e, 0x7a, 0x50, 0x0e, 0x6d, 0x00, 0x0f, 0x7a, 0x30,
    0x07, 0x72, 0xa0, 0x07, 0x73, 0x20, 0x07, 0x6d, 0x90, 0x0e, 0x71, 0xa0,
    0x07, 0x73, 0x20, 0x07, 0x6d, 0x90, 0x0e, 0x78, 0xa0, 0x07, 0x73, 0x20,
    0x07, 0x6d, 0x90, 0x0e, 0x71, 0x60, 0x07, 0x7a, 0x30, 0x07, 0x72, 0xd0,
    0x06, 0xe9, 0x30, 0x07, 0x72, 0xa0, 0x07, 0x73, 0x20, 0x07, 0x6d, 0x90,
    0x0e, 0x76, 0x40, 0x07, 0x7a, 0x60, 0x07, 0x74, 0xd0, 0x06, 0xe6, 0x10,
    0x07, 0x76, 0xa0, 0x07, 0x73, 0x20, 0x07, 0x6d, 0x60, 0x0e, 0x73, 0x20,
    0x07, 0x7a, 0x30, 0x07, 0x72, 0xd0, 0x06, 0xe6, 0x60, 0x07, 0x74, 0xa0,
    0x07, 0x76, 0x40, 0x07, 0x6d, 0xe0, 0x0e, 0x78, 0xa0, 0x07, 0x71, 0x60,
    0x07, 0x7a, 0x30, 0x07, 0x72, 0xa0, 0x07, 0x76, 0x40, 0x07, 0x43, 0x9e,
    0x00, 0x08, 0x00, 0x00, 0x00, 0x00, 0x00, 0x00, 0x00, 0x00, 0x00, 0x86,
    0x3c, 0x06, 0x10, 0x00, 0x01, 0x00, 0x00, 0x00, 0x00, 0x00, 0x00, 0x00,
    0x0c, 0x79, 0x10, 0x20, 0x00, 0x04, 0x00, 0x00, 0x00, 0x00, 0x00, 0x00,
    0x00, 0x18, 0xf2, 0x28, 0x40, 0x00, 0x04, 0x00, 0x00, 0x00, 0x00, 0x00,
    0x00, 0x00, 0x30, 0xe4, 0x61, 0x80, 0x00, 0x08, 0x00, 0x00, 0x00, 0x00,
    0x00, 0x00, 0x00, 0x60, 0xc8, 0x13, 0x01, 0x01, 0x30, 0x00, 0x00, 0x00,
    0x00, 0x00, 0x00, 0x00, 0xc0, 0x90, 0x87, 0x02, 0x02, 0x60, 0x00, 0x00,
    0x00, 0x00, 0x00, 0x00, 0x00, 0x80, 0x21, 0xcf, 0x05, 0x04, 0xc0, 0x00,
    0x00, 0x00, 0x00, 0x00, 0x00, 0x00, 0x00, 0x59, 0x20, 0x00, 0x00, 0x00,
    0x1a, 0x00, 0x00, 0x00, 0x32, 0x1e, 0x98, 0x18, 0x19, 0x11, 0x4c, 0x90,
    0x8c, 0x09, 0x26, 0x47, 0xc6, 0x04, 0x43, 0x22, 0x4a, 0x60, 0x04, 0xa0,
    0x18, 0xca, 0xa2, 0x80, 0x09, 0x0a, 0x90, 0xa0, 0x0c, 0xca, 0xa1, 0x24,
    0x4a, 0xa3, 0x10, 0x0a, 0xa4, 0x80, 0x0a, 0xac, 0x00, 0x03, 0x0a, 0x34,
    0xa0, 0x3c, 0x8a, 0xa0, 0xc0, 0x05, 0x0a, 0xad, 0xac, 0x03, 0xca, 0xd5,
    0xa0, 0x14, 0x0a, 0xa2, 0x28, 0xa8, 0x28, 0x89, 0x11, 0x80, 0x22, 0x28,
    0x84, 0x32, 0xa0, 0xa9, 0x06, 0x48, 0x2c, 0x10, 0xf2, 0x66, 0x00, 0xe8,
    0x9b, 0x01, 0x20, 0x70, 0x06, 0x80, 0xc2, 0xb1, 0x18, 0x85, 0x81, 0x11,
    0x30, 0x02, 0x80, 0x40, 0x20, 0x10, 0x08, 0x0c, 0x68, 0x9b, 0x01, 0x00,
    0x79, 0x18, 0x00, 0x00, 0xe4, 0x00, 0x00, 0x00, 0x1a, 0x03, 0x4c, 0x90,
    0x46, 0x02, 0x13, 0xc4, 0x8e, 0x0c, 0x6f, 0xec, 0xed, 0x4d, 0x0c, 0x24,
    0xc6, 0x25, 0xc7, 0x45, 0xc6, 0x06, 0x26, 0xc7, 0xa5, 0x06, 0x04, 0x05,
    0x26, 0x46, 0xcc, 0x46, 0x26, 0x8c, 0x8c, 0xe6, 0x26, 0x65, 0x43, 0x10,
    0x4c, 0x10, 0x08, 0x64, 0x82, 0x40, 0x24, 0x1b, 0x84, 0x81, 0xd8, 0x20,
    0x10, 0x04, 0x05, 0xbb, 0xb9, 0x09, 0x02, 0xa1, 0x6c, 0x18, 0x0e, 0x84,
    0x98, 0x20, 0x6c, 0x6c, 0x40, 0xa3, 0xed, 0x8d, 0x2e, 0xed, 0xcd, 0x6d,
    0x82, 0x40, 0x2c, 0x1b, 0x12, 0x42, 0x59, 0x08, 0x62, 0x60, 0x08, 0x60,
    0x43, 0xd0, 0x4c, 0x10, 0xc0, 0x40, 0x0d, 0x78, 0x0c, 0xbd, 0xb9, 0xd1,
    0x95, 0xe1, 0xd1, 0x4d, 0x10, 0x08, 0x66, 0x03, 0x42, 0x3c, 0xd0, 0x40,
    0x0c, 0x11, 0xb0, 0x21, 0x90, 0x36, 0x10, 0x0e, 0x30, 0x01, 0x13, 0x04,
    0x0f, 0x0d, 0x26, 0x08, 0x44, 0x43, 0xa2, 0xad, 0x8c, 0x2e, 0x6c, 0x82,
    0x40, 0x38, 0x13, 0x04, 0xe2, 0x99, 0x20, 0x10, 0xd0, 0x04, 0x81, 0x88,
    0x26, 0x08, 0x84, 0xb4, 0x01, 0x41, 0x2e, 0x8c, 0xc8, 0xb4, 0x8d, 0xe3,
    0xf2, 0x56, 0x47, 0x07, 0x57, 0x47, 0xf7, 0x35, 0x97, 0xa6, 0x57, 0x36,
    0x41, 0x20, 0xa6, 0x0d, 0x08, 0xe2, 0x61, 0x5f, 0xa6, 0x6d, 0x1c, 0x11,
    0xbb, 0x32, 0x39, 0xba, 0xb4, 0xb1, 0x30, 0xb6, 0x09, 0x02, 0x41, 0x6d,
    0x40, 0x90, 0x30, 0xc0, 0xc4, 0x20, 0xd3, 0x36, 0x8e, 0x86, 0xd9, 0x1b,
    0x1b, 0xdb, 0xdb, 0xdd, 0x04, 0x81, 0xa8, 0x36, 0x20, 0x08, 0x19, 0x60,
    0x65, 0x90, 0x69, 0x1b, 0xc7, 0xc1, 0x2c, 0x8d, 0x6e, 0x82, 0x40, 0x58,
    0x1b, 0x10, 0xe4, 0x0c, 0x30, 0x34, 0xc8, 0xb4, 0x8d, 0x63, 0x21, 0x16,
    0xe6, 0x46, 0x36, 0x37, 0x41, 0x20, 0xae, 0x0d, 0x08, 0xa2, 0x06, 0xd8,
    0x1a, 0x64, 0xda, 0xc6, 0x6d, 0x38, 0xac, 0x0e, 0x0c, 0xc6, 0xc0, 0x0c,
    0xd2, 0x80, 0x0d, 0x26, 0x08, 0x5f, 0x1a, 0xf0, 0x99, 0x2b, 0xa3, 0xa3,
    0x4b, 0x73, 0x3b, 0x9b, 0xfb, 0xa2, 0x0b, 0x93, 0x3b, 0x2b, 0xa3, 0x9b,
    0x20, 0x4c, 0x66, 0xb0, 0x41, 0x41, 0xde, 0x00, 0x23, 0x32, 0x4d, 0x83,
    0x83, 0x8d, 0x23, 0x35, 0x57, 0x46, 0x47, 0x97, 0xe6, 0x76, 0x36, 0xf7,
    0xd5, 0xf6, 0x46, 0x97, 0xf6, 0xe6, 0xf6, 0x95, 0xe6, 0x66, 0xf6, 0xb6,
    0x41, 0x41, 0xe4, 0x00, 0xfb, 0x32, 0x4d, 0x83, 0x83, 0x8d, 0x23, 0x34,
    0x57, 0x46, 0x47, 0x97, 0xe6, 0x76, 0x36, 0xf7, 0xd5, 0x16, 0x06, 0x07,
    0x97, 0xe6, 0x76, 0xb6, 0xc1, 0x40, 0xe8, 0x00, 0x13, 0x03, 0x0d, 0x0e,
    0x36, 0x10, 0x51, 0x1c, 0xcc, 0x41, 0x1d, 0x6c, 0x28, 0x88, 0xaa, 0x0d,
    0xdc, 0xc0, 0x0e, 0x26, 0x08, 0x02, 0xb0, 0x01, 0xd8, 0x30, 0x10, 0x79,
    0x90, 0x07, 0x1b, 0x02, 0x3d, 0xd8, 0x30, 0x0c, 0x78, 0xb0, 0x07, 0x13,
    0x84, 0x30, 0x58, 0x83, 0x0d, 0x41, 0x1f, 0x90, 0x68, 0x0b, 0x4b, 0x73,
    0x23, 0x42, 0x55, 0x84, 0x35, 0xf4, 0xf4, 0x24, 0x45, 0x34, 0x41, 0x28,
    0xc2, 0x60, 0x82, 0x50, 0x88, 0xc1, 0x86, 0x80, 0x98, 0x20, 0x14, 0x63,
    0xb0, 0x41, 0xc0, 0xb0, 0x0d, 0x0b, 0x01, 0x0a, 0xa1, 0x20, 0x0a, 0xa3,
    0x20, 0x0a, 0x03, 0x29, 0x10, 0xa2, 0x50, 0x0a, 0x1b, 0x82, 0x61, 0x82,
    0x50, 0x90, 0xc1, 0x04, 0x81, 0xc0, 0x36, 0x08, 0x58, 0x2a, 0x6c, 0x58,
    0x06, 0x50, 0x08, 0x05, 0x51, 0x38, 0x05, 0x51, 0x18, 0x50, 0x61, 0x10,
    0x05, 0x55, 0x98, 0x20, 0x10, 0xd9, 0x86, 0x80, 0x15, 0x36, 0x2c, 0xac,
    0x00, 0x0a, 0xa1, 0x20, 0x0a, 0xad, 0x20, 0x0a, 0x03, 0x29, 0xb0, 0x82,
    0x28, 0x94, 0xc2, 0x86, 0xc1, 0x14, 0x56, 0xc1, 0x15, 0x36, 0x2c, 0x04,
    0x28, 0x84, 0x82, 0x28, 0x8c, 0x02, 0x29, 0x0c, 0xa8, 0x40, 0x88, 0x82,
    0x2a, 0x6c, 0x58, 0x06, 0x50, 0x08, 0x05, 0x51, 0x38, 0x05, 0x52, 0x18,
    0x48, 0x61, 0x10, 0x85, 0x52, 0xe0, 0x32, 0x65, 0xf5, 0x05, 0xf5, 0x36,
    0x97, 0x46, 0x97, 0xf6, 0xe6, 0x36, 0x41, 0x28, 0xca, 0x60, 0xc3, 0xc2,
    0x0a, 0xb2, 0x10, 0x0a, 0xb3, 0x30, 0x0a, 0xa8, 0x30, 0xa0, 0x02, 0x2b,
    0x88, 0x82, 0x2a, 0x6c, 0x18, 0x60, 0x21, 0x16, 0x68, 0x61, 0xc3, 0xf0,
    0x0a, 0xb5, 0x00, 0x4c, 0x10, 0xc4, 0xe0, 0x0c, 0x36, 0x08, 0xc4, 0x2d,
    0x6c, 0x28, 0xf0, 0xe0, 0x0f, 0x6c, 0x81, 0xc2, 0x05, 0x46, 0x61, 0x72,
    0x72, 0x61, 0x79, 0x5f, 0x6c, 0x6f, 0x63, 0x61, 0x6c, 0x5f, 0x62, 0x79,
    0x74, 0x65, 0x73, 0x13, 0x04, 0x42, 0x23, 0x14, 0x26, 0x27, 0x17, 0x96,
    0xf7, 0xc5, 0xf6, 0x36, 0x16, 0xc6, 0xf6, 0xc5, 0x46, 0x36, 0x47, 0x37,
    0x41, 0x20, 0x36, 0x22, 0x62, 0x72, 0x61, 0x6e, 0x63, 0x68, 0x65, 0x73,
    0x34, 0xcc, 0xd8, 0xde, 0xc2, 0xe8, 0xe6, 0x26, 0x08, 0x04, 0xc7, 0x22,
    0xcd, 0x6d, 0x8e, 0x6e, 0x6e, 0x82, 0x40, 0x74, 0x24, 0xd2, 0xdc, 0xe8,
    0xe6, 0x26, 0x08, 0x84, 0x47, 0x63, 0x2e, 0xed, 0xec, 0x8b, 0x8d, 0x6c,
    0x82, 0x40, 0x7c, 0x34, 0xe6, 0xd2, 0xce, 0xbe, 0xe6, 0xe8, 0x26, 0x08,
    0x04, 0x18, 0x10, 0xa1, 0x2b, 0xc3, 0xfb, 0x62, 0x7b, 0x0b, 0x23, 0x63,
    0x51, 0x97, 0xe6, 0x46, 0x37, 0xb7, 0x81, 0xd2, 0x85, 0x5d, 0xe0, 0x85,
    0x5e, 0xf0, 0x05, 0xe6, 0x17, 0xc0, 0x21, 0x1c, 0xc4, 0x61, 0x1c, 0xc8,
    0xa1, 0x1c, 0xcc, 0xe1, 0x1c, 0xd0, 0x21, 0x1d, 0x58, 0x41, 0x1d, 0xb2,
    0x2a, 0x6c, 0x6c, 0x76, 0x6d, 0x2e, 0x69, 0x64, 0x65, 0x6e, 0x74, 0x53,
    0x82, 0xa0, 0x0a, 0x19, 0x9e, 0x8b, 0x5d, 0x99, 0xdc, 0x5c, 0xda, 0x9b,
    0xdb, 0x94, 0x80, 0x68, 0x42, 0x86, 0xe7, 0x62, 0x17, 0xc6, 0x66, 0x57,
    0x26, 0x37, 0x25, 0x28, 0xea, 0x90, 0xe1, 0xb9, 0xcc, 0xa1, 0x85, 0x91,
    0x95, 0xc9, 0x35, 0xbd, 0x91, 0x95, 0xb1, 0x4d, 0x09, 0x90, 0x32, 0x64,
    0x78, 0x2e, 0x72, 0x65, 0x73, 0x6f, 0x75, 0x72, 0x63, 0x65, 0x73, 0x53,
    0x82, 0xa9, 0x12, 0x19, 0x9e, 0x0b, 0x5d, 0x1e, 0x5c, 0x59, 0x90, 0x9b,
    0xdb, 0x1b, 0x5d, 0x18, 0x5d, 0xda, 0x9b, 0xdb, 0xdc, 0x14, 0xc1, 0x0e,
    0xf6, 0xa0, 0x0e, 0x19, 0x9e, 0x8b, 0x5d, 0x5a, 0xd9, 0x5d, 0x12, 0xd9,
    0x14, 0x5d, 0x18, 0x5d, 0xd9, 0x94, 0xa0, 0x0f, 0xea, 0x90, 0xe1, 0xb9,
    0x94, 0xb9, 0xd1, 0xc9, 0xe5, 0x41, 0xbd, 0xa5, 0xb9, 0xd1, 0xcd, 0x4d,
    0x09, 0x70, 0xa1, 0x0b, 0x19, 0x9e, 0xcb, 0xd8, 0x5b, 0x9d, 0x1b, 0x5d,
    0x99, 0xdc, 0xdc, 0x94, 0x40, 0x1d, 0x00, 0x00, 0x79, 0x18, 0x00, 0x00,
    0x55, 0x00, 0x00, 0x00, 0x33, 0x08, 0x80, 0x1c, 0xc4, 0xe1, 0x1c, 0x66,
    0x14, 0x01, 0x3d, 0x88, 0x43, 0x38, 0x84, 0xc3, 0x8c, 0x42, 0x80, 0x07,
    0x79, 0x78, 0x07, 0x73, 0x98, 0x71, 0x0c, 0xe6, 0x00, 0x0f, 0xed, 0x10,
    0x0e, 0xf4, 0x80, 0x0e, 0x33, 0x0c, 0x42, 0x1e, 0xc2, 0xc1, 0x1d, 0xce,
    0xa1, 0x1c, 0x66, 0x30, 0x05, 0x3d, 0x88, 0x43, 0x38, 0x84, 0x83, 0x1b,
    0xcc, 0x03, 0x3d, 0xc8, 0x43, 0x3d, 0x8c, 0x03, 0x3d, 0xcc, 0x78, 0x8c,
    0x74, 0x70, 0x07, 0x7b, 0x08, 0x07, 0x79, 0x48, 0x87, 0x70, 0x70, 0x07,
    0x7a, 0x70, 0x03, 0x76, 0x78, 0x87, 0x70, 0x20, 0x87, 0x19, 0xcc, 0x11,
    0x0e, 0xec, 0x90, 0x0e, 0xe1, 0x30, 0x0f, 0x6e, 0x30, 0x0f, 0xe3, 0xf0,
    0x0e, 0xf0, 0x50, 0x0e, 0x33, 0x10, 0xc4, 0x1d, 0xde, 0x21, 0x1c, 0xd8,
    0x21, 0x1d, 0xc2, 0x61, 0x1e, 0x66, 0x30, 0x89, 0x3b, 0xbc, 0x83, 0x3b,
    0xd0, 0x43, 0x39, 0xb4, 0x03, 0x3c, 0xbc, 0x83, 0x3c, 0x84, 0x03, 0x3b,
    0xcc, 0xf0, 0x14, 0x76, 0x60, 0x07, 0x7b, 0x68, 0x07, 0x37, 0x68, 0x87,
    0x72, 0x68, 0x07, 0x37, 0x80, 0x87, 0x70, 0x90, 0x87, 0x70, 0x60, 0x07,
    0x76, 0x28, 0x07, 0x76, 0xf8, 0x05, 0x76, 0x78, 0x87, 0x77, 0x80, 0x87,
    0x5f, 0x08, 0x87, 0x71, 0x18, 0x87, 0x72, 0x98, 0x87, 0x79, 0x98, 0x81,
    0x2c, 0xee, 0xf0, 0x0e, 0xee, 0xe0, 0x0e, 0xf5, 0xc0, 0x0e, 0xec, 0x30,
    0x03, 0x62, 0xc8, 0xa1, 0x1c, 0xe4, 0xa1, 0x1c, 0xcc, 0xa1, 0x1c, 0xe4,
    0xa1, 0x1c, 0xdc, 0x61, 0x1c, 0xca, 0x21, 0x1c, 0xc4, 0x81, 0x1d, 0xca,
    0x61, 0x06, 0xd6, 0x90, 0x43, 0x39, 0xc8, 0x43, 0x39, 0x98, 0x43, 0x39,
    0xc8, 0x43, 0x39, 0xb8, 0xc3, 0x38, 0x94, 0x43, 0x38, 0x88, 0x03, 0x3b,
    0x94, 0xc3, 0x2f, 0xbc, 0x83, 0x3c, 0xfc, 0x82, 0x3b, 0xd4, 0x03, 0x3b,
    0xb0, 0xc3, 0x0c, 0xc4, 0x21, 0x07, 0x7c, 0x70, 0x03, 0x7a, 0x28, 0x87,
    0x76, 0x80, 0x87, 0x19, 0xcb, 0x43, 0x0e, 0xf8, 0xe0, 0x06, 0xf0, 0x20,
    0x0f, 0xe5, 0x30, 0x0e, 0xe9, 0x30, 0x0f, 0xe5, 0x30, 0x23, 0x82, 0xc8,
    0x01, 0x1f, 0xdc, 0x80, 0x1c, 0xc4, 0xe1, 0x1c, 0xdc, 0xc0, 0x1e, 0xc2,
    0x41, 0x1e, 0xd8, 0x21, 0x1c, 0xf2, 0xe1, 0x1d, 0xea, 0x81, 0x1e, 0x66,
    0x30, 0x11, 0x39, 0xe0, 0x83, 0x1b, 0x88, 0x83, 0x3c, 0x94, 0x43, 0x38,
    0xac, 0x83, 0x1b, 0x88, 0x83, 0x3c, 0x00, 0x00, 0x71, 0x20, 0x00, 0x00,
    0x20, 0x00, 0x00, 0x00, 0x46, 0x00, 0x0d, 0x97, 0xef, 0x3c, 0x7e, 0x80,
    0x34, 0x40, 0x84, 0xf9, 0xc5, 0x6d, 0xdb, 0x01, 0x35, 0x5c, 0xbe, 0xf3,
    0xf8, 0x01, 0x55, 0x14, 0x44, 0x54, 0x3a, 0xc0, 0xe0, 0x23, 0xb7, 0x6d,
    0x05, 0xdb, 0x70, 0xf9, 0xce, 0xe3, 0x0b, 0x01, 0x55, 0x14, 0x44, 0x54,
    0x3a, 0xc0, 0x50, 0x12, 0x06, 0x20, 0x60, 0x7e, 0x71, 0xdb, 0x66, 0x20,
    0x0d, 0x97, 0xef, 0x3c, 0xbe, 0x10, 0x11, 0xc0, 0x44, 0x84, 0x40, 0x33,
    0x2c, 0x84, 0x05, 0x4c, 0xc3, 0xe5, 0x3b, 0x8f, 0xbf, 0x38, 0xc0, 0x20,
    0x36, 0x0f, 0x35, 0xf9, 0xc5, 0x6d, 0x9b, 0x40, 0x35, 0x5c, 0xbe, 0xf3,
    0xf8, 0xd2, 0xe4, 0x44, 0x04, 0x4a, 0x4d, 0x0f, 0x35, 0xf9, 0xc5, 0x6d,
    0xdb, 0x80, 0x34, 0x5c, 0xbe, 0xf3, 0xf8, 0x13, 0x11, 0x4d, 0x08, 0x10,
    0x61, 0x7e, 0x71, 0xdb, 0x06, 0x40, 0x30, 0x00, 0xd2, 0x00, 0x00, 0x00,
    0x00, 0x00, 0x00, 0x00, 0x48, 0x41, 0x53, 0x48, 0x14, 0x00, 0x00, 0x00,
    0x00, 0x00, 0x00, 0x00, 0xb6, 0x71, 0xcb, 0xd7, 0xc9, 0x75, 0x08, 0x3e,
    0x05, 0x9f, 0x3e, 0x62, 0x6f, 0x1a, 0xd9, 0xed, 0x44, 0x58, 0x49, 0x4c,
    0x54, 0x10, 0x00, 0x00, 0x60, 0x00, 0x01, 0x00, 0x15, 0x04, 0x00, 0x00,
    0x44, 0x58, 0x49, 0x4c, 0x00, 0x01, 0x00, 0x00, 0x10, 0x00, 0x00, 0x00,
    0x3c, 0x10, 0x00, 0x00, 0x42, 0x43, 0xc0, 0xde, 0x21, 0x0c, 0x00, 0x00,
    0x0c, 0x04, 0x00, 0x00, 0x0b, 0x82, 0x20, 0x00, 0x02, 0x00, 0x00, 0x00,
    0x13, 0x00, 0x00, 0x00, 0x07, 0x81, 0x23, 0x91, 0x41, 0xc8, 0x04, 0x49,
    0x06, 0x10, 0x32, 0x39, 0x92, 0x01, 0x84, 0x0c, 0x25, 0x05, 0x08, 0x19,
    0x1e, 0x04, 0x8b, 0x62, 0x80, 0x18, 0x45, 0x02, 0x42, 0x92, 0x0b, 0x42,
    0xc4, 0x10, 0x32, 0x14, 0x38, 0x08, 0x18, 0x4b, 0x0a, 0x32, 0x62, 0x88,
    0x48, 0x90, 0x14, 0x20, 0x43, 0x46, 0x88, 0xa5, 0x00, 0x19, 0x32, 0x42,
    0xe4, 0x48, 0x0e, 0x90, 0x11, 0x23, 0xc4, 0x50, 0x41, 0x51, 0x81, 0x8c,
    0xe1, 0x83, 0xe5, 0x8a, 0x04, 0x31, 0x46, 0x06, 0x51, 0x18, 0x00, 0x00,
    0x08, 0x00, 0x00, 0x00, 0x1b, 0x8c, 0xe0, 0xff, 0xff, 0xff, 0xff, 0x07,
    0x40, 0x02, 0xa8, 0x0d, 0x84, 0xf0, 0xff, 0xff, 0xff, 0xff, 0x03, 0x20,
    0x6d, 0x30, 0x86, 0xff, 0xff, 0xff, 0xff, 0x1f, 0x00, 0x09, 0xa8, 0x00,
    0x49, 0x18, 0x00, 0x00, 0x03, 0x00, 0x00, 0x00, 0x13, 0x82, 0x60, 0x42,
    0x20, 0x4c, 0x08, 0x06, 0x00, 0x00, 0x00, 0x00, 0x89, 0x20, 0x00, 0x00,
    0x39, 0x00, 0x00, 0x00, 0x32, 0x22, 0x88, 0x09, 0x20, 0x64, 0x85, 0x04,
    0x13, 0x23, 0xa4, 0x84, 0x04, 0x13, 0x23, 0xe3, 0x84, 0xa1, 0x90, 0x14,
    0x12, 0x4c, 0x8c, 0x8c, 0x0b, 0x84, 0xc4, 0x4c, 0x10, 0x9c, 0xc1, 0x08,
    0x40, 0x09, 0x00, 0x0a, 0x66, 0x00, 0xe6, 0x08, 0xc0, 0x60, 0x8e, 0x00,
    0x29, 0xc6, 0x40, 0x10, 0x44, 0x41, 0x90, 0x51, 0x0c, 0x80, 0x20, 0x88,
    0x62, 0x20, 0xa4, 0x14, 0x03, 0x31, 0x0c, 0x03, 0x29, 0x85, 0x18, 0x88,
    0x61, 0x20, 0xe6, 0xa8, 0xe1, 0xf2, 0x27, 0xec, 0x21, 0x24, 0x9f, 0xdb,
    0xa8, 0x62, 0x25, 0x26, 0xbf, 0xb8, 0x6d, 0x44, 0x0c, 0xc3, 0x30, 0x50,
    0x71, 0xcf, 0x70, 0xf9, 0x13, 0xf6, 0x10, 0x92, 0x1f, 0x02, 0xcd, 0xb0,
    0x10, 0x28, 0x78, 0x0a, 0xe1, 0x10, 0x10, 0x41, 0xd1, 0x1c, 0x41, 0x50,
    0x0c, 0x88, 0x28, 0x08, 0x62, 0x22, 0xea, 0xa6, 0xe1, 0xf2, 0x27, 0xec,
    0x21, 0x24, 0x7f, 0x25, 0xa4, 0x95, 0x98, 0x7c, 0xe4, 0xb6, 0x51, 0x41,
    0x10, 0x04, 0x41, 0x94, 0xc2, 0x22, 0x20, 0x82, 0xa0, 0x6b, 0x20, 0xe0,
    0x30, 0x69, 0x8a, 0x28, 0x61, 0xf2, 0x37, 0x6c, 0x22, 0xb4, 0x61, 0x88,
    0x08, 0x49, 0xda, 0xa8, 0xa2, 0x20, 0x22, 0x14, 0x10, 0xa4, 0x0d, 0x23,
    0x10, 0x43, 0x2e, 0x70, 0x17, 0x49, 0x53, 0x44, 0x09, 0x93, 0xcf, 0x2a,
    0x98, 0x09, 0x3c, 0x0f, 0xd2, 0x18, 0xc8, 0xe0, 0x38, 0x8e, 0xe3, 0xba,
    0x3b, 0x38, 0xa7, 0x99, 0x88, 0x6b, 0x42, 0x03, 0xc7, 0x79, 0xf4, 0x25,
    0x03, 0x31, 0x47, 0x00, 0x0a, 0xb9, 0x30, 0xd0, 0x38, 0x05, 0x40, 0x03,
    0x00, 0x00, 0x00, 0x00, 0x13, 0x14, 0x72, 0xc0, 0x87, 0x74, 0x60, 0x87,
    0x36, 0x68, 0x87, 0x79, 0x68, 0x03, 0x72, 0xc0, 0x87, 0x0d, 0xaf, 0x50,
    0x0e, 0x6d, 0xd0, 0x0e, 0x7a, 0x50, 0x0e, 0x6d, 0x00, 0x0f, 0x7a, 0x30,
    0x07, 0x72, 0xa0, 0x07, 0x73, 0x20, 0x07, 0x6d, 0x90, 0x0e, 0x71, 0xa0,
    0x07, 0x73, 0x20, 0x07, 0x6d, 0x90, 0x0e, 0x78, 0xa0, 0x07, 0x73, 0x20,
    0x07, 0x6d, 0x90, 0x0e, 0x71, 0x60, 0x07, 0x7a, 0x30, 0x07, 0x72, 0xd0,
    0x06, 0xe9, 0x30, 0x07, 0x72, 0xa0, 0x07, 0x73, 0x20, 0x07, 0x6d, 0x90,
    0x0e, 0x76, 0x40, 0x07, 0x7a, 0x60, 0x07, 0x74, 0xd0, 0x06, 0xe6, 0x10,
    0x07, 0x76, 0xa0, 0x07, 0x73, 0x20, 0x07, 0x6d, 0x60, 0x0e, 0x73, 0x20,
    0x07, 0x7a, 0x30, 0x07, 0x72, 0xd0, 0x06, 0xe6, 0x60, 0x07, 0x74, 0xa0,
    0x07, 0x76, 0x40, 0x07, 0x6d, 0xe0, 0x0e, 0x78, 0xa0, 0x07, 0x71, 0x60,
    0x07, 0x7a, 0x30, 0x07, 0x72, 0xa0, 0x07, 0x76, 0x40, 0x07, 0x43, 0x9e,
    0x00, 0x00, 0x00, 0x00, 0x00, 0x00, 0x00, 0x00, 0x00, 0x00, 0x00, 0x86,
    0x3c, 0x06, 0x10, 0x00, 0x01, 0x00, 0x00, 0x00, 0x00, 0x00, 0x00, 0x00,
    0x0c, 0x79, 0x10, 0x20, 0x00, 0x04, 0x00, 0x00, 0x00, 0x00, 0x00, 0x00,
    0x00, 0x18, 0xf2, 0x28, 0x40, 0x00, 0x04, 0x00, 0x00, 0x00, 0x00, 0x00,
    0x00, 0x00, 0x30, 0xe4, 0x61, 0x80, 0x00, 0x08, 0x00, 0x00, 0x00, 0x00,
    0x00, 0x00, 0x00, 0x60, 0xc8, 0x13, 0x01, 0x01, 0x30, 0x00, 0x00, 0x00,
    0x00, 0x00, 0x00, 0x00, 0xc0, 0x90, 0x87, 0x02, 0x02, 0x60, 0x00, 0x00,
    0x00, 0x00, 0x00, 0x00, 0x00, 0x80, 0x21, 0xcf, 0x05, 0x04, 0xc0, 0x00,
    0x00, 0x00, 0x00, 0x00, 0x00, 0x00, 0x00, 0x59, 0x20, 0x00, 0x00, 0x00,
    0x11, 0x00, 0x00, 0x00, 0x32, 0x1e, 0x98, 0x14, 0x19, 0x11, 0x4c, 0x90,
    0x8c, 0x09, 0x26, 0x47, 0xc6, 0x04, 0x43, 0x22, 0x4a, 0x60, 0x04, 0xa0,
    0x24, 0x8a, 0xa1, 0x2c, 0x0a, 0x98, 0xa0, 0x0c, 0xca, 0xa3, 0x08, 0xa8,
    0x28, 0x89, 0x11, 0x80, 0x22, 0x28, 0x84, 0x32, 0x20, 0xb1, 0x40, 0x08,
    0x9c, 0x01, 0xa0, 0x70, 0x2c, 0x46, 0x61, 0x60, 0x04, 0x8c, 0x00, 0x20,
    0x10, 0x08, 0x04, 0x02, 0x03, 0xda, 0x66, 0x00, 0x00, 0x00, 0x00, 0x00,
    0x79, 0x18, 0x00, 0x00, 0x66, 0x00, 0x00, 0x00, 0x1a, 0x03, 0x4c, 0x90,
    0x46, 0x02, 0x13, 0xc4, 0x8e, 0x0c, 0x6f, 0xec, 0xed, 0x4d, 0x0c, 0x24,
    0xc6, 0x25, 0xc7, 0x45, 0xc6, 0x06, 0x26, 0xc7, 0xa5, 0x06, 0x04, 0x05,
    0x26, 0x46, 0xcc, 0x46, 0x26, 0x8c, 0x8c, 0xe6, 0x26, 0x65, 0x43, 0x10,
    0x4c, 0x10, 0x08, 0x64, 0x82, 0x40, 0x24, 0x1b, 0x84, 0x81, 0x98, 0x20,
    0x10, 0xca, 0x06, 0x61, 0x30, 0x28, 0xd8, 0xcd, 0x4d, 0x10, 0x88, 0x65,
    0xc3, 0x80, 0x24, 0xc4, 0x04, 0x61, 0xcb, 0x08, 0x4c, 0x10, 0x08, 0x66,
    0x43, 0x42, 0x2c, 0x0c, 0x41, 0x0c, 0x0d, 0x01, 0x6c, 0x08, 0x9c, 0x09,
    0x02, 0x18, 0x5c, 0x13, 0x04, 0xa2, 0xd9, 0x80, 0x10, 0x10, 0x33, 0x10,
    0x43, 0x04, 0x6c, 0x08, 0xa4, 0x0d, 0xc4, 0x03, 0x4c, 0xc0, 0x04, 0x21,
    0x0c, 0xb0, 0x0d, 0x41, 0x35, 0x41, 0x10, 0x00, 0x12, 0x6d, 0x61, 0x69,
    0x6e, 0x44, 0xa8, 0x8a, 0xb0, 0x86, 0x9e, 0x9e, 0xa4, 0x88, 0x26, 0x08,
    0x45, 0x34, 0x41, 0x28, 0xa4, 0x0d, 0x01, 0x31, 0x41, 0x28, 0xa6, 0x09,
    0x02, 0xe1, 0x6c, 0x10, 0x3c, 0x6f, 0xc3, 0x42, 0x64, 0xda, 0xc6, 0x6d,
    0x43, 0x47, 0x6c, 0xdf, 0x86, 0x60, 0x98, 0x20, 0x14, 0xd4, 0x04, 0x81,
    0x78, 0x36, 0x08, 0xde, 0x18, 0x6c, 0x58, 0x86, 0x4c, 0xdb, 0xc2, 0x60,
    0x1b, 0xc4, 0x60, 0xd8, 0xc8, 0x60, 0x82, 0x40, 0x40, 0x1b, 0x02, 0x33,
    0xd8, 0xb0, 0x98, 0x41, 0xa6, 0x6d, 0x67, 0xb0, 0x0d, 0x9d, 0x19, 0x6c,
    0xdf, 0x86, 0x01, 0x0c, 0xca, 0x00, 0x0d, 0x36, 0x2c, 0x44, 0xa6, 0x6d,
    0x5c, 0x37, 0x88, 0x01, 0xb1, 0x91, 0xc1, 0x86, 0x65, 0xc8, 0xb4, 0x2d,
    0x0c, 0xba, 0xa1, 0x1b, 0xb6, 0x8f, 0xcb, 0x94, 0xd5, 0x17, 0xd4, 0xdb,
    0x5c, 0x1a, 0x5d, 0xda, 0x9b, 0xdb, 0x04, 0xa1, 0xa8, 0x36, 0x2c, 0x66,
    0xc0, 0x06, 0x5a, 0x1b, 0x70, 0x62, 0x30, 0x88, 0x81, 0x19, 0x6c, 0x64,
    0xb0, 0x61, 0x50, 0x83, 0x35, 0x70, 0x83, 0x0d, 0x43, 0x1a, 0xbc, 0x01,
    0x30, 0x41, 0x10, 0x03, 0x6b, 0x83, 0x40, 0xc4, 0xc1, 0x86, 0xe2, 0xc2,
    0xe0, 0x80, 0x92, 0x83, 0x2a, 0x6c, 0x6c, 0x76, 0x6d, 0x2e, 0x69, 0x64,
    0x65, 0x6e, 0x74, 0x53, 0x82, 0xa0, 0x0a, 0x19, 0x9e, 0x8b, 0x5d, 0x99,
    0xdc, 0x5c, 0xda, 0x9b, 0xdb, 0x94, 0x80, 0x68, 0x42, 0x86, 0xe7, 0x62,
    0x17, 0xc6, 0x66, 0x57, 0x26, 0x37, 0x25, 0x30, 0xea, 0x90, 0xe1, 0xb9,
    0xcc, 0xa1, 0x85, 0x91, 0x95, 0xc9, 0x35, 0xbd, 0x91, 0x95, 0xb1, 0x4d,
    0x09, 0x92, 0x32, 0x64, 0x78, 0x2e, 0x72, 0x65, 0x73, 0x6f, 0x75, 0x72,
    0x63, 0x65, 0x73, 0x53, 0x82, 0xa9, 0x0e, 0x19, 0x9e, 0x8b, 0x5d, 0x5a,
    0xd9, 0x5d, 0x12, 0xd9, 0x14, 0x5d, 0x18, 0x5d, 0xd9, 0x94, 0xa0, 0xaa,
    0x43, 0x86, 0xe7, 0x52, 0xe6, 0x46, 0x27, 0x97, 0x07, 0xf5, 0x96, 0xe6,
    0x46, 0x37, 0x37, 0x25, 0x90, 0x03, 0x00, 0x00, 0x79, 0x18, 0x00, 0x00,
    0x55, 0x00, 0x00, 0x00, 0x33, 0x08, 0x80, 0x1c, 0xc4, 0xe1, 0x1c, 0x66,
    0x14, 0x01, 0x3d, 0x88, 0x43, 0x38, 0x84, 0xc3, 0x8c, 0x42, 0x80, 0x07,
    0x79, 0x78, 0x07, 0x73, 0x98, 0x71, 0x0c, 0xe6, 0x00, 0x0f, 0xed, 0x10,
    0x0e, 0xf4, 0x80, 0x0e, 0x33, 0x0c, 0x42, 0x1e, 0xc2, 0xc1, 0x1d, 0xce,
    0xa1, 0x1c, 0x66, 0x30, 0x05, 0x3d, 0x88, 0x43, 0x38, 0x84, 0x83, 0x1b,
    0xcc, 0x03, 0x3d, 0xc8, 0x43, 0x3d, 0x8c, 0x03, 0x3d, 0xcc, 0x78, 0x8c,
    0x74, 0x70, 0x07, 0x7b, 0x08, 0x07, 0x79, 0x48, 0x87, 0x70, 0x70, 0x07,
    0x7a, 0x70, 0x03, 0x76, 0x78, 0x87, 0x70, 0x20, 0x87, 0x19, 0xcc, 0x11,
    0x0e, 0xec, 0x90, 0x0e, 0xe1, 0x30, 0x0f, 0x6e, 0x30, 0x0f, 0xe3, 0xf0,
    0x0e, 0xf0, 0x50, 0x0e, 0x33, 0x10, 0xc4, 0x1d, 0xde, 0x21, 0x1c, 0xd8,
    0x21, 0x1d, 0xc2, 0x61, 0x1e, 0x66, 0x30, 0x89, 0x3b, 0xbc, 0x83, 0x3b,
    0xd0, 0x43, 0x39, 0xb4, 0x03, 0x3c, 0xbc, 0x83, 0x3c, 0x84, 0x03, 0x3b,
    0xcc, 0xf0, 0x14, 0x76, 0x60, 0x07, 0x7b, 0x68, 0x07, 0x37, 0x68, 0x87,
    0x72, 0x68, 0x07, 0x37, 0x80, 0x87, 0x70, 0x90, 0x87, 0x70, 0x60, 0x07,
    0x76, 0x28, 0x07, 0x76, 0xf8, 0x05, 0x76, 0x78, 0x87, 0x77, 0x80, 0x87,
    0x5f, 0x08, 0x87, 0x71, 0x18, 0x87, 0x72, 0x98, 0x87, 0x79, 0x98, 0x81,
    0x2c, 0xee, 0xf0, 0x0e, 0xee, 0xe0, 0x0e, 0xf5, 0xc0, 0x0e, 0xec, 0x30,
    0x03, 0x62, 0xc8, 0xa1, 0x1c, 0xe4, 0xa1, 0x1c, 0xcc, 0xa1, 0x1c, 0xe4,
    0xa1, 0x1c, 0xdc, 0x61, 0x1c, 0xca, 0x21, 0x1c, 0xc4, 0x81, 0x1d, 0xca,
    0x61, 0x06, 0xd6, 0x90, 0x43, 0x39, 0xc8, 0x43, 0x39, 0x98, 0x43, 0x39,
    0xc8, 0x43, 0x39, 0xb8, 0xc3, 0x38, 0x94, 0x43, 0x38, 0x88, 0x03, 0x3b,
    0x94, 0xc3, 0x2f, 0xbc, 0x83, 0x3c, 0xfc, 0x82, 0x3b, 0xd4, 0x03, 0x3b,
    0xb0, 0xc3, 0x0c, 0xc4, 0x21, 0x07, 0x7c, 0x70, 0x03, 0x7a, 0x28, 0x87,
    0x76, 0x80, 0x87, 0x19, 0xcb, 0x43, 0x0e, 0xf8, 0xe0, 0x06, 0xf0, 0x20,
    0x0f, 0xe5, 0x30, 0x0e, 0xe9, 0x30, 0x0f, 0xe5, 0x30, 0x23, 0x82, 0xc8,
    0x01, 0x1f, 0xdc, 0x80, 0x1c, 0xc4, 0xe1, 0x1c, 0xdc, 0xc0, 0x1e, 0xc2,
    0x41, 0x1e, 0xd8, 0x21, 0x1c, 0xf2, 0xe1, 0x1d, 0xea, 0x81, 0x1e, 0x66,
    0x30, 0x11, 0x39, 0xe0, 0x83, 0x1b, 0x88, 0x83, 0x3c, 0x94, 0x43, 0x38,
    0xac, 0x83, 0x1b, 0x88, 0x83, 0x3c, 0x00, 0x00, 0x71, 0x20, 0x00, 0x00,
    0x20, 0x00, 0x00, 0x00, 0x46, 0x00, 0x0d, 0x97, 0xef, 0x3c, 0x7e, 0x80,
    0x34, 0x40, 0x84, 0xf9, 0xc5, 0x6d, 0xdb, 0x01, 0x35, 0x5c, 0xbe, 0xf3,
    0xf8, 0x01, 0x55, 0x14, 0x44, 0x54, 0x3a, 0xc0, 0xe0, 0x23, 0xb7, 0x6d,
    0x05, 0xdb, 0x70, 0xf9, 0xce, 0xe3, 0x0b, 0x01, 0x55, 0x14, 0x44, 0x54,
    0x3a, 0xc0, 0x50, 0x12, 0x06, 0x20, 0x60, 0x7e, 0x71, 0xdb, 0x66, 0x20,
    0x0d, 0x97, 0xef, 0x3c, 0xbe, 0x10, 0x11, 0xc0, 0x44, 0x84, 0x40, 0x33,
    0x2c, 0x84, 0x05, 0x4c, 0xc3, 0xe5, 0x3b, 0x8f, 0xbf, 0x38, 0xc0, 0x20,
    0x36, 0x0f, 0x35, 0xf9, 0xc5, 0x6d, 0x9b, 0x40, 0x35, 0x5c, 0xbe, 0xf3,
    0xf8, 0xd2, 0xe4, 0x44, 0x04, 0x4a, 0x4d, 0x0f, 0x35, 0xf9, 0xc5, 0x6d,
    0xdb, 0x80, 0x34, 0x5c, 0xbe, 0xf3, 0xf8, 0x13, 0x11, 0x4d, 0x08, 0x10,
    0x61, 0x7e, 0x71, 0xdb, 0x06, 0x40, 0x30, 0x00, 0xd2, 0x00, 0x00, 0x00,
    0x61, 0x20, 0x00, 0x00, 0x78, 0x02, 0x00, 0x00, 0x13, 0x04, 0x58, 0x2c,
    0x10, 0x00, 0x00, 0x00, 0x17, 0x00, 0x00, 0x00, 0x34, 0xd5, 0xc0, 0x08,
    0x00, 0x15, 0x25, 0x40, 0x44, 0x89, 0x14, 0x47, 0x69, 0x14, 0x46, 0x0d,
    0x94, 0x5d, 0x29, 0x14, 0xc2, 0x0c, 0x40, 0x71, 0x95, 0x43, 0x41, 0x14,
    0x45, 0x21, 0x95, 0x5c, 0x81, 0x14, 0x62, 0x40, 0x19, 0xd1, 0x30, 0x46,
    0x00, 0x82, 0x20, 0x08, 0x82, 0xc1, 0x18, 0x81, 0x6a, 0xf3, 0x33, 0x8d,
    0x07, 0x63, 0x04, 0x20, 0x08, 0x82, 0x78, 0x37, 0x46, 0x00, 0x82, 0x20,
    0x88, 0xff, 0xc2, 0x18, 0x01, 0x08, 0x82, 0x20, 0xfe, 0x8d, 0x11, 0x80,
    0x20, 0x08, 0xc2, 0xdf, 0x18, 0x01, 0x08, 0x82, 0x20, 0x08, 0x0a, 0x23,
    0x00, 0x00, 0x00, 0x00, 0x23, 0x06, 0x09, 0x00, 0x82, 0x60, 0x40, 0xc5,
    0x01, 0x53, 0x06, 0x6e, 0xe0, 0x06, 0xdc, 0x88, 0x41, 0x02, 0x80, 0x20,
    0x18, 0x50, 0x72, 0xd0, 0x94, 0xc1, 0x1b, 0xbc, 0x41, 0x37, 0x62, 0x90,
    0x00, 0x20, 0x08, 0x06, 0x06, 0x1e, 0x54, 0x69, 0x00, 0x07, 0x67, 0x40,
    0x8d, 0x18, 0x24, 0x00, 0x08, 0x82, 0x81, 0x91, 0x07, 0x96, 0x1a, 0xc4,
    0x81, 0x57, 0x8d, 0x18, 0x24, 0x00, 0x08, 0x82, 0x81, 0xa1, 0x07, 0xd7,
    0x1c, 0xc8, 0x41, 0x1a, 0x58, 0x23, 0x06, 0x09, 0x00, 0x82, 0x60, 0x60,
    0xec, 0x01, 0x46, 0x07, 0x73, 0x00, 0x06, 0xd7, 0x88, 0x41, 0x02, 0x80,
    0x20, 0x18, 0x18, 0x7c, 0x90, 0xd5, 0x01, 0x1d, 0xa8, 0x01, 0x36, 0x62,
    0x90, 0x00, 0x20, 0x08, 0x06, 0x46, 0x1f, 0x68, 0x76, 0x50, 0x07, 0x69,
    0x90, 0x8d, 0x18, 0x24, 0x00, 0x08, 0x82, 0x81, 0xe1, 0x07, 0x9b, 0x1d,
    0xd8, 0x41, 0x1b, 0x68, 0x23, 0x06, 0x09, 0x00, 0x82, 0x60, 0x60, 0xfc,
    0x01, 0x77, 0x07, 0x77, 0x40, 0x06, 0xdb, 0x4c, 0xc4, 0x18, 0x10, 0xc8,
    0x28, 0xcc, 0x44, 0x8c, 0x01, 0x81, 0x8c, 0xc2, 0x4c, 0xc4, 0x18, 0x10,
    0xc8, 0x28, 0xcc, 0x44, 0x8c, 0x01, 0x81, 0x8c, 0xc2, 0x88, 0xc1, 0x01,
    0x80, 0x20, 0x18, 0x44, 0xa0, 0x30, 0x06, 0x4d, 0x1f, 0x8c, 0x26, 0x04,
    0xc0, 0x05, 0x04, 0x0d, 0x37, 0x04, 0x67, 0x60, 0x06, 0xb3, 0x0c, 0x81,
    0x10, 0x94, 0x60, 0x06, 0x57, 0x81, 0xb7, 0x23, 0x06, 0x08, 0x00, 0x82,
    0x60, 0x70, 0x91, 0x82, 0x47, 0x05, 0x66, 0x30, 0x9a, 0x10, 0x00, 0xc3,
    0x0d, 0x01, 0x29, 0x84, 0xc1, 0x2c, 0x81, 0x30, 0x50, 0x31, 0x09, 0x81,
    0x39, 0x00, 0xb3, 0x0c, 0x83, 0x11, 0x18, 0xc2, 0x06, 0x27, 0x18, 0x31,
    0x40, 0x00, 0x10, 0x04, 0x83, 0x2b, 0x15, 0xc6, 0x20, 0x0b, 0xd6, 0x60,
    0x34, 0x21, 0x10, 0x46, 0x13, 0x84, 0xe1, 0x84, 0xc1, 0x4e, 0x18, 0x6c,
    0x34, 0x01, 0x0a, 0x86, 0x1b, 0x02, 0x31, 0x20, 0x66, 0x19, 0x88, 0x22,
    0x18, 0x4d, 0x38, 0x82, 0x0b, 0x06, 0x1b, 0x4d, 0x48, 0x80, 0x0b, 0x06,
    0x2b, 0x23, 0x90, 0x3a, 0x08, 0x29, 0x45, 0x80, 0x52, 0x04, 0x98, 0x25,
    0x30, 0x8a, 0x0d, 0x94, 0xa8, 0xa0, 0x91, 0x12, 0x1a, 0x99, 0x25, 0x30,
    0x06, 0x3a, 0x06, 0x5c, 0x10, 0x14, 0x82, 0x28, 0x06, 0x3a, 0x06, 0x5d,
    0x10, 0x14, 0x82, 0x28, 0x46, 0x13, 0x3e, 0x61, 0xb8, 0x21, 0x78, 0x03,
    0x67, 0x96, 0xe1, 0x40, 0x02, 0x23, 0xea, 0x40, 0x3e, 0x46, 0xd8, 0x81,
    0x7c, 0xec, 0x0d, 0x84, 0xf8, 0xd8, 0x1b, 0x08, 0xf1, 0x99, 0x25, 0xb8,
    0x46, 0x0c, 0x0e, 0x00, 0x04, 0xc1, 0x20, 0x2a, 0x07, 0x54, 0x90, 0x03,
    0x5d, 0x18, 0x4d, 0x08, 0x80, 0xe1, 0x86, 0xc0, 0x0e, 0x84, 0x59, 0x86,
    0xe4, 0x0a, 0x46, 0x13, 0x86, 0x60, 0x34, 0x81, 0x10, 0x46, 0x13, 0x8a,
    0x61, 0xc4, 0xe0, 0x00, 0x40, 0x10, 0x0c, 0xa2, 0x75, 0x70, 0x05, 0x3c,
    0x10, 0x87, 0xd1, 0x84, 0x00, 0x18, 0x4d, 0x10, 0x82, 0x11, 0x83, 0x03,
    0x00, 0x41, 0x30, 0x88, 0xdc, 0x21, 0x16, 0xf6, 0xe0, 0x15, 0x46, 0x13,
    0x02, 0x60, 0x34, 0x41, 0x08, 0x46, 0x13, 0x06, 0x61, 0x34, 0x81, 0x18,
    0x46, 0x0c, 0x0e, 0x00, 0x04, 0xc1, 0x20, 0x9a, 0x07, 0x5b, 0x00, 0x85,
    0x5a, 0x18, 0x31, 0x38, 0x00, 0x10, 0x04, 0x83, 0x88, 0x1e, 0x6e, 0x21,
    0x14, 0xdc, 0x61, 0x34, 0x21, 0x00, 0x46, 0x0c, 0x0e, 0x00, 0x04, 0xc1,
    0x20, 0xb2, 0x87, 0x5c, 0x18, 0x05, 0x5a, 0x18, 0x4d, 0x08, 0x80, 0xd1,
    0x04, 0x21, 0x18, 0x4d, 0x18, 0x84, 0xd1, 0x04, 0x62, 0x58, 0xe3, 0xf0,
    0x07, 0xf7, 0x70, 0x0f, 0x6b, 0x1c, 0xfe, 0x00, 0x1f, 0xf0, 0x61, 0x8d,
    0xc3, 0x1f, 0xe4, 0x43, 0x3e, 0xac, 0x71, 0xf8, 0x03, 0x7d, 0xd0, 0x87,
    0x61, 0x03, 0x82, 0x40, 0x06, 0x60, 0xd8, 0x80, 0x18, 0x8e, 0x01, 0x18,
    0x36, 0x20, 0x04, 0x63, 0x00, 0x86, 0x0d, 0x88, 0xa0, 0x18, 0x80, 0x11,
    0x83, 0x03, 0x00, 0x41, 0x30, 0x88, 0xfe, 0x41, 0x1c, 0x58, 0x81, 0x17,
    0x46, 0x13, 0x02, 0x60, 0x34, 0x41, 0x08, 0x46, 0x13, 0x06, 0x61, 0x34,
    0x81, 0x18, 0xd6, 0x38, 0xa0, 0x02, 0x48, 0x84, 0xc4, 0x1a, 0x07, 0x54,
    0x08, 0x09, 0x91, 0x58, 0xe3, 0x80, 0x0a, 0x22, 0x31, 0x12, 0x6b, 0x1c,
    0x50, 0x61, 0x24, 0x48, 0x62, 0xd8, 0x80, 0x20, 0x90, 0x01, 0x18, 0x36,
    0x20, 0x86, 0x63, 0x00, 0x86, 0x0d, 0x08, 0xc1, 0x18, 0x80, 0x61, 0x03,
    0x22, 0x28, 0x06, 0x60, 0xc4, 0xe0, 0x00, 0x40, 0x10, 0x0c, 0x22, 0x94,
    0x58, 0x87, 0x5a, 0x18, 0x89, 0xd1, 0x84, 0x00, 0x18, 0x4d, 0x10, 0x82,
    0xd1, 0x84, 0x41, 0x18, 0x4d, 0x20, 0x86, 0x35, 0x0e, 0xb1, 0x90, 0x12,
    0x22, 0xb1, 0xc6, 0x21, 0x16, 0x54, 0x62, 0x24, 0xd6, 0x38, 0xc4, 0xc2,
    0x4a, 0x90, 0xc4, 0x1a, 0x87, 0x58, 0x60, 0x89, 0x92, 0x18, 0x36, 0x20,
    0x08, 0x64, 0x00, 0x86, 0x0d, 0x88, 0xe1, 0x18, 0x80, 0x61, 0x03, 0x42,
    0x30, 0x06, 0x60, 0xd8, 0x80, 0x08, 0x8a, 0x01, 0x18, 0x31, 0x38, 0x00,
    0x10, 0x04, 0x83, 0x28, 0x26, 0xe8, 0xc1, 0x17, 0xda, 0x61, 0x34, 0x21,
    0x00, 0x46, 0x13, 0x84, 0x60, 0x34, 0x61, 0x10, 0x46, 0x13, 0x88, 0x61,
    0x8d, 0x83, 0x2e, 0xc8, 0x44, 0x4b, 0xac, 0x71, 0xd0, 0x85, 0x99, 0x70,
    0x89, 0x35, 0x0e, 0xba, 0x40, 0x13, 0x2f, 0xb1, 0xc6, 0x41, 0x17, 0x6a,
    0x02, 0x26, 0x86, 0x0d, 0x08, 0x02, 0x19, 0x80, 0x61, 0x03, 0x62, 0x38,
    0x06, 0x60, 0xd8, 0x80, 0x10, 0x8c, 0x01, 0x18, 0x36, 0x20, 0x82, 0x62,
    0x00, 0x46, 0x0c, 0x0e, 0x00, 0x04, 0xc1, 0x20, 0xd2, 0x89, 0x7e, 0x38,
    0x87, 0x99, 0x18, 0x4d, 0x08, 0x80, 0xd1, 0x04, 0x21, 0x18, 0x4d, 0x18,
    0x84, 0xd1, 0x04, 0x62, 0x58, 0xe3, 0x30, 0x0e, 0x3b, 0x01, 0x12, 0x6b,
    0x1c, 0xc6, 0x81, 0x27, 0x42, 0x62, 0x8d, 0xc3, 0x38, 0xf4, 0x84, 0x48,
    0xac, 0x71, 0x18, 0x07, 0x9f, 0x18, 0x89, 0x61, 0x03, 0x82, 0x40, 0x06,
    0x60, 0xd8, 0x80, 0x18, 0x8e, 0x01, 0x18, 0x36, 0x20, 0x04, 0x63, 0x00,
    0x86, 0x0d, 0x88, 0xa0, 0x18, 0x80, 0x11, 0x83, 0x03, 0x00, 0x41, 0x30,
    0x88, 0xc6, 0xc2, 0x24, 0xe0, 0x01, 0x25, 0x46, 0x13, 0x02, 0x60, 0x34,
    0x41, 0x08, 0x46, 0x13, 0x06, 0x61, 0x34, 0x81, 0x18, 0xd6, 0x38, 0xb0,
    0x03, 0x59, 0xa8, 0xc4, 0x1a, 0x07, 0x76, 0x28, 0x8b, 0x95, 0x58, 0xe3,
    0xc0, 0x0e, 0x66, 0xc1, 0x12, 0x6b, 0x1c, 0xd8, 0xe1, 0x2c, 0x5a, 0x62,
    0xd8, 0x80, 0x20, 0x90, 0x01, 0x18, 0x36, 0x20, 0x86, 0x63, 0x00, 0x86,
    0x0d, 0x08, 0xc1, 0x18, 0x80, 0x61, 0x03, 0x22, 0x28, 0x06, 0x60, 0xc4,
    0xe0, 0x00, 0x40, 0x10, 0x0c, 0x22, 0xb6, 0x78, 0x89, 0x7c, 0x90, 0x89,
    0xd1, 0x84, 0x00, 0x18, 0x4d, 0x10, 0x82, 0xd1, 0x84, 0x41, 0x18, 0x4d,
    0x20, 0x86, 0x35, 0x0e, 0xf5, 0xd0, 0x16, 0x6b, 0xb1, 0xc6, 0xa1, 0x1e,
    0xdc, 0x82, 0x2d, 0xd6, 0x38, 0xd4, 0xc3, 0x5b, 0xb4, 0xc5, 0x1a, 0x87,
    0x7a, 0x80, 0x0b, 0xb7, 0x18, 0x36, 0x20, 0x08, 0x64, 0x00, 0x86, 0x0d,
    0x88, 0xe1, 0x18, 0x80, 0x61, 0x03, 0x42, 0x30, 0x06, 0x60, 0xd8, 0x80,
    0x08, 0x8a, 0x01, 0x18, 0x31, 0x38, 0x00, 0x10, 0x04, 0x83, 0xa8, 0x2e,
    0x70, 0x42, 0x24, 0x78, 0x62, 0x34, 0x21, 0x00, 0x46, 0x13, 0x84, 0x60,
    0x34, 0x61, 0x10, 0x46, 0x13, 0x88, 0x61, 0x8d, 0x83, 0x3f, 0xd8, 0x05,
    0x4e, 0xac, 0x71, 0xf0, 0x87, 0xbb, 0xc8, 0x89, 0x35, 0x0e, 0xfe, 0x80,
    0x17, 0x3a, 0xb1, 0xc6, 0xc1, 0x1f, 0xf2, 0x62, 0x27, 0x86, 0x0d, 0x08,
    0x02, 0x19, 0x80, 0x61, 0x03, 0x62, 0x38, 0x06, 0x60, 0xd8, 0x80, 0x10,
    0x8c, 0x01, 0x18, 0x36, 0x20, 0x82, 0x62, 0x00, 0x46, 0x0c, 0x0e, 0x00,
    0x04, 0xc1, 0x20, 0xf2, 0x8b, 0xb0, 0x58, 0x09, 0xba, 0x18, 0x4d, 0x08,
    0x80, 0xd1, 0x04, 0x21, 0x18, 0x4d, 0x18, 0x84, 0xd1, 0x04, 0x62, 0x58,
    0xe3, 0x70, 0x12, 0x7f, 0x01, 0x16, 0x6b, 0x1c, 0x4e, 0x02, 0x34, 0xc2,
    0x62, 0x8d, 0xc3, 0x49, 0x84, 0x86, 0x58, 0xac, 0x71, 0x38, 0x09, 0xd1,
    0x18, 0x8b, 0x61, 0x03, 0x82, 0x40, 0x06, 0x60, 0xd8, 0x80, 0x18, 0x8e,
    0x01, 0x18, 0x36, 0x20, 0x04, 0x63, 0x00, 0x86, 0x0d, 0x88, 0xa0, 0x18,
    0x80, 0x11, 0x83, 0x03, 0x00, 0x41, 0x30, 0x88, 0x4e, 0x43, 0x2d, 0x68,
    0x02, 0x2c, 0x46, 0x13, 0x02, 0x60, 0x34, 0x41, 0x08, 0x46, 0x13, 0x06,
    0x61, 0x34, 0x81, 0x18, 0xd6, 0x38, 0xc0, 0x04, 0x6a, 0x9c, 0xc6, 0x1a,
    0x07, 0x98, 0x48, 0x0d, 0xd4, 0x58, 0xe3, 0x00, 0x13, 0xaa, 0x91, 0x1a,
    0x6b, 0x1c, 0x60, 0x62, 0x35, 0x54, 0x63, 0xd8, 0x80, 0x20, 0x90, 0x01,
    0x18, 0x36, 0x20, 0x86, 0x63, 0x00, 0x86, 0x0d, 0x08, 0xc1, 0x18, 0x80,
    0x61, 0x03, 0x22, 0x28, 0x06, 0x60, 0xc4, 0xe0, 0x00, 0x40, 0x10, 0x0c,
    0x22, 0xd8, 0x98, 0x8b, 0x9e, 0xc0, 0x8b, 0xd1, 0x84, 0x00, 0x18, 0x4d,
    0x10, 0x82, 0xd1, 0x84, 0x41, 0x18, 0x4d, 0x20, 0x86, 0x35, 0x0e, 0x39,
    0x11, 0x1b, 0x71, 0xb1, 0xc6, 0x21, 0x27, 0x64, 0x43, 0x2e, 0xd6, 0x38,
    0xe4, 0xc4, 0x6c, 0xcc, 0xc5, 0x1a, 0x87, 0x9c, 0xa0, 0x0d, 0xba, 0x18,
    0x36, 0x20, 0x08, 0x64, 0x00, 0x86, 0x0d, 0x88, 0xe1, 0x18, 0x80, 0x61,
    0x03, 0x42, 0x30, 0x06, 0x60, 0xd8, 0x80, 0x08, 0x8a, 0x01, 0x18, 0x4d,
    0xc8, 0x89, 0xe1, 0x02, 0x82, 0x86, 0x1b, 0xcc, 0x41, 0x2d, 0x84, 0x59,
    0x06, 0x65, 0x09, 0x46, 0x13, 0xd2, 0x61, 0x18, 0x4d, 0x50, 0x07, 0x61,
    0x34, 0x61, 0x1d, 0x82, 0xd1, 0x04, 0x76, 0x00, 0x4a, 0x24, 0x06, 0xa8,
    0x22, 0x80, 0x11, 0x83, 0x03, 0x00, 0x41, 0x30, 0x60, 0xc6, 0x23, 0x2f,
    0x82, 0x61, 0xc4, 0xe0, 0x00, 0x40, 0x10, 0x0c, 0x18, 0xf2, 0xf0, 0x8b,
    0xa0, 0xa8, 0x77, 0x08, 0xa0, 0x04, 0x7e, 0xa0, 0xb2, 0x8b, 0x20, 0x46,
    0x0c, 0x10, 0x00, 0x04, 0xc1, 0x40, 0x49, 0x0f, 0xd3, 0x08, 0xfc, 0x81,
    0xa8, 0xe0, 0x1f, 0xa8, 0x88, 0x00, 0xca, 0x08, 0x09, 0xaa, 0xbd, 0x08,
    0x62, 0xc4, 0x00, 0x01, 0x40, 0x10, 0x0c, 0x14, 0xf7, 0x58, 0x8d, 0x60,
    0x24, 0x90, 0x0a, 0x48, 0x82, 0x8a, 0x08, 0x60, 0x96, 0x60, 0x19, 0xa8,
    0x18, 0x30, 0x05, 0x44, 0x92, 0x81, 0x8a, 0x01, 0x53, 0x40, 0x24, 0x19,
    0xa8, 0x18, 0x20, 0x05, 0x44, 0x92, 0x81, 0x8a, 0x01, 0x51, 0x40, 0x24,
    0xb9, 0x96, 0x20, 0x68, 0xb8, 0x21, 0x80, 0x0f, 0x33, 0x98, 0x65, 0x60,
    0xa4, 0x60, 0x96, 0xa0, 0x19, 0xa8, 0x18, 0xe2, 0x00, 0xb2, 0x0f, 0x66,
    0xa0, 0x62, 0x58, 0x03, 0x48, 0x3f, 0x98, 0x81, 0x8a, 0xa1, 0x0c, 0x20,
    0xff, 0x60, 0x06, 0x2a, 0x86, 0x0f, 0x12, 0x11, 0x66, 0xa0, 0x62, 0xa8,
    0x20, 0x9e, 0x61, 0x06, 0x2a, 0x88, 0x0a, 0x62, 0x1f, 0x66, 0xb8, 0x81,
    0x18, 0x84, 0xe1, 0x86, 0xa3, 0x11, 0x2a, 0x10, 0x74, 0xb8, 0x01, 0x71,
    0x88, 0x0a, 0x04, 0x9d, 0x65, 0x70, 0x9e, 0xa0, 0x12, 0x24, 0x2a, 0x27,
    0x02, 0x19, 0x31, 0x38, 0x00, 0x10, 0x04, 0x03, 0x66, 0x44, 0x7a, 0x23,
    0x09, 0x66, 0x09, 0x9e, 0x81, 0x8a, 0x41, 0x70, 0xa8, 0xc6, 0x94, 0x10,
    0x81, 0xc1, 0x70, 0x43, 0x20, 0xa1, 0xc1, 0x2c, 0x03, 0x14, 0x05, 0x6b,
    0x1c, 0x54, 0x43, 0x44, 0x04, 0x0a, 0x86, 0xb1, 0xc6, 0x61, 0x35, 0x48,
    0x84, 0xa0, 0x60, 0x18, 0x6b, 0x1c, 0x58, 0xc3, 0x44, 0x0c, 0x0a, 0x86,
    0xb1, 0xc6, 0xa1, 0x35, 0x50, 0x04, 0xa1, 0x60, 0x18, 0xb3, 0x04, 0xcd,
    0x2c, 0x81, 0x34, 0x50, 0x31, 0x98, 0xce, 0x62, 0x45, 0xd5, 0x79, 0x51,
    0x67, 0x11, 0x48, 0x95, 0x05, 0x59, 0x50, 0x89, 0x47, 0x10, 0x23, 0x06,
    0x08, 0x00, 0x82, 0x60, 0xa0, 0xd4, 0x88, 0x7c, 0x04, 0x66, 0x71, 0x16,
    0x15, 0x9c, 0x05, 0x15, 0x11, 0x40, 0x05, 0x6c, 0x41, 0x75, 0x1e, 0x41,
    0x8c, 0x18, 0x20, 0x00, 0x08, 0x82, 0x81, 0xa2, 0x23, 0xf7, 0x11, 0xb8,
    0xc5, 0x50, 0xc1, 0x5b, 0x50, 0x11, 0x01, 0xd4, 0x12, 0xc8, 0x70, 0x43,
    0xe0, 0x08, 0xb3, 0x0c, 0x13, 0x15, 0xd4, 0x23, 0x50, 0xb9, 0x47, 0x10,
    0x23, 0x06, 0x08, 0x00, 0x82, 0x60, 0xa0, 0x84, 0x89, 0x7f, 0x04, 0x44,
    0x54, 0x41, 0x41, 0x45, 0x04, 0x50, 0xf4, 0x11, 0x44, 0x05, 0xf4, 0x21,
    0x45, 0x07, 0x75, 0x10, 0x15, 0x08, 0x52, 0xd7, 0x20, 0x85, 0x07, 0x02,
    0x14, 0x1e, 0x0c, 0x51, 0x78, 0x30, 0x40, 0xe1, 0x01, 0x11, 0xb3, 0x04,
    0xd4, 0x40, 0xc5, 0x80, 0x4c, 0xf8, 0x20, 0x0d, 0x54, 0x0c, 0xc8, 0x84,
    0x0f, 0xd2, 0x40, 0xc5, 0x80, 0x4c, 0xf8, 0x20, 0x0d, 0x54, 0x0c, 0xc8,
    0x84, 0x0f, 0xd2, 0x40, 0xc5, 0x20, 0x0a, 0x13, 0x1a, 0x48, 0x6b, 0x1c,
    0xe8, 0x83, 0x4d, 0x6c, 0x61, 0x8d, 0x03, 0x7d, 0xb4, 0xc9, 0x2d, 0xac,
    0x71, 0xa0, 0x0f, 0x37, 0xc1, 0x85, 0x35, 0x0e, 0xf4, 0xf1, 0x26, 0xb9,
    0x40, 0xc4, 0x30, 0x88, 0x18, 0x06, 0x11, 0xc3, 0x20, 0x62, 0x18, 0x23,
    0x06, 0x07, 0x00, 0x82, 0x60, 0xc0, 0xe4, 0xc9, 0x8b, 0x08, 0xcd, 0x88,
    0xc1, 0x01, 0x80, 0x20, 0x18, 0x30, 0x7a, 0x42, 0x23, 0x42, 0x33, 0xdc,
    0x10, 0x08, 0xc5, 0x70, 0x03, 0xa3, 0x22, 0x45, 0x05, 0xc2, 0x0e, 0x37,
    0x20, 0x49, 0x51, 0x81, 0xb0, 0xb3, 0x0c, 0x56, 0x15, 0xd4, 0x41, 0x45,
    0x51, 0x55, 0x14, 0x62, 0x45, 0x0d, 0x02, 0xd5, 0x8c, 0x04, 0x31, 0x62,
    0x80, 0x00, 0x20, 0x08, 0x06, 0x8a, 0xa9, 0x8c, 0x49, 0x40, 0x14, 0x15,
    0x14, 0x54, 0x44, 0x00, 0x65, 0x1c, 0x54, 0x38, 0x12, 0xc4, 0x88, 0x01,
    0x02, 0x80, 0x20, 0x18, 0x28, 0xab, 0x82, 0x26, 0x41, 0x82, 0x54, 0xa0,
    0x50, 0x11, 0x01, 0x14, 0x76, 0x41, 0x05, 0x3e, 0x22, 0xf5, 0xfd, 0x88,
    0x54, 0x70, 0x1e, 0x54, 0x60, 0x12, 0xc4, 0x88, 0x01, 0x02, 0x80, 0x20,
    0x18, 0x28, 0xb3, 0x02, 0x27, 0x41, 0x7a, 0x0c, 0x15, 0xa8, 0x07, 0x15,
    0x11, 0x40, 0x99, 0xc1, 0x19, 0x44, 0x05, 0x8f, 0x54, 0x1a, 0x04, 0x50,
    0x03, 0x23, 0xb5, 0x06, 0x01, 0x18, 0x63, 0xc4, 0xc7, 0x8e, 0x06, 0x3e,
    0xb3, 0x04, 0xd6, 0x40, 0xc5, 0xc4, 0x52, 0x95, 0x4a, 0x51, 0x03, 0x15,
    0x83, 0x51, 0xd9, 0x12, 0x35, 0x50, 0x31, 0x38, 0x15, 0x2e, 0x51, 0x03,
    0x15, 0x03, 0x52, 0xe9, 0x12, 0x35, 0x50, 0x31, 0x38, 0x15, 0x2f, 0x51,
    0x03, 0x15, 0x03, 0x1d, 0x54, 0xbe, 0x44, 0x0d, 0x54, 0x0c, 0x6c, 0x50,
    0x81, 0x13, 0x35, 0x1c, 0x81, 0x26, 0x71, 0x12, 0x7c, 0xd3, 0x0d, 0x47,
    0x11, 0x0c, 0x47, 0xa4, 0xc9, 0x9c, 0x04, 0xdf, 0x74, 0x03, 0x62, 0x04,
    0xd3, 0x0d, 0x46, 0x21, 0x58, 0xa0, 0x1f, 0xf2, 0x99, 0x6e, 0x70, 0x93,
    0x3d, 0x69, 0xa6, 0x1b, 0x04, 0x3e, 0x71, 0x66, 0x09, 0xae, 0x81, 0x8e,
    0xc1, 0x85, 0x0e, 0x76, 0x42, 0x1c, 0x6b, 0xa0, 0x63, 0x70, 0xa1, 0x83,
    0x9d, 0x10, 0xc6, 0x1a, 0xe8, 0x18, 0xc8, 0xe9, 0x20, 0x27, 0x04, 0xb1,
    0x06, 0x3a, 0x06, 0x72, 0x3a, 0xc8, 0x09, 0x41, 0xac, 0x11, 0x83, 0x03,
    0x00, 0x41, 0x30, 0x88, 0xdc, 0x25, 0x56, 0xf6, 0x44, 0x5d, 0x46, 0x13,
    0x02, 0x61, 0x34, 0x41, 0x18, 0x4c, 0x28, 0xe0, 0x63, 0x42, 0x01, 0x9f,
    0xd1, 0x84, 0x02, 0x18, 0x4d, 0x30, 0x02, 0x23, 0x04, 0xfa, 0x18, 0x21,
    0xd0, 0xc7, 0x84, 0x56, 0x91, 0x8f, 0x09, 0xae, 0x22, 0x1f, 0x13, 0x58,
    0x05, 0x3e, 0xc6, 0x2a, 0x42, 0x7c, 0x46, 0x0c, 0x12, 0x00, 0x04, 0xc1,
    0x00, 0xf1, 0x97, 0x5e, 0xb9, 0x97, 0x7b, 0x71, 0x97, 0x52, 0x19, 0x31,
    0x48, 0x00, 0x10, 0x04, 0x03, 0xc4, 0x5f, 0x7a, 0xe5, 0x5e, 0xee, 0x85,
    0x5c, 0x48, 0x65, 0xc4, 0x20, 0x01, 0x40, 0x10, 0x0c, 0x10, 0x7f, 0xe9,
    0x95, 0x7b, 0xb9, 0x97, 0x76, 0x19, 0x95, 0x11, 0x83, 0x04, 0x00, 0x41,
    0x30, 0x40, 0xfc, 0xa5, 0x57, 0xee, 0xe5, 0x5e, 0xd6, 0x45, 0x54, 0x46,
    0x0c, 0x12, 0x00, 0x04, 0xc1, 0x00, 0xf1, 0x97, 0x5e, 0xc1, 0x97, 0x7b,
    0x71, 0x97, 0x68, 0xc4, 0x20, 0x01, 0x40, 0x10, 0x0c, 0x10, 0x7f, 0xe9,
    0x15, 0x7c, 0xb9, 0x17, 0x72, 0x81, 0x46, 0x0c, 0x12, 0x00, 0x04, 0xc1,
    0x00, 0xf1, 0x97, 0x5e, 0x81, 0x97, 0x7b, 0x71, 0x17, 0x61, 0xc4, 0x20,
    0x01, 0x40, 0x10, 0x0c, 0x10, 0x7f, 0xe9, 0x15, 0x78, 0xb9, 0x17, 0x72,
    0x09, 0x46, 0x0c, 0x12, 0x00, 0x04, 0xc1, 0x00, 0xf1, 0x97, 0x5e, 0x81,
    0x97, 0x7b, 0x69, 0x17, 0x55, 0x19, 0x31, 0x48, 0x00, 0x10, 0x04, 0x03,
    0xc4, 0x5f, 0x7a, 0x05, 0x5e, 0xee, 0x65, 0x5d, 0x5a, 0x05, 0x03, 0x62,
    0x00, 0x00, 0x00, 0x00, 0x13, 0x00, 0x00, 0x00, 0x5b, 0x06, 0xf3, 0x78,
    0xc0, 0x60, 0xcb, 0x70, 0x1e, 0x0f, 0x18, 0x6c, 0x19, 0xd6, 0xe3, 0x01,
    0x83, 0x2d, 0x03, 0x7c, 0x3c, 0x60, 0xb0, 0x65, 0x50, 0x91, 0x07, 0x0c,
    0xb6, 0x0c, 0x3f, 0xf2, 0x80, 0xc1, 0x96, 0x81, 0x4c, 0x1e, 0x30, 0xd8,
    0x32, 0xb0, 0xc9, 0x03, 0x06, 0x5b, 0x06, 0x53, 0x79, 0xc0, 0x60, 0xcb,
    0x70, 0x2a, 0x0f, 0x18, 0x6c, 0x19, 0x66, 0xe5, 0x01, 0x83, 0x2d, 0x03,
    0xae, 0x3c, 0x60, 0xb0, 0x65, 0x00, 0x97, 0x07, 0x0c, 0x00, 0x00, 0x00,
    0x00, 0x00, 0x00, 0x00, 0x00, 0x00, 0x00, 0x00,
};
static const unsigned int kActionSkyboxVertDXILSize = 7076u;

#endif /* AR_SHADER_ACTION_SKYBOX_VERT_H */
