/* GENERATED FILE — DO NOT EDIT.
 *
 * Regenerate with:  tools/build_shaders.py motion_block_search
 * Source:           src/shaders/motion_block_search.comp.glsl
 *
 * Committed on purpose: the hermetic build (`snesbuild build --hermetic`)
 * compiles with a pinned `zig cc` and nothing else, so no shader toolchain may
 * be required at build time. See tools/build_shaders.py for the full rationale.
 *
 * MSL is NUL-terminated source text (Metal compiles it at load); SPIR-V and
 * DXIL are binary modules consumed by Vulkan and D3D12. Pass the matching
 * *Size constant to SDL_GPUShaderCreateInfo.code_size — for MSL that EXCLUDES
 * the terminator.
 */
#ifndef AR_SHADER_MOTION_BLOCK_SEARCH_COMP_H
#define AR_SHADER_MOTION_BLOCK_SEARCH_COMP_H

static const unsigned char kMotionBlockSearchCompMSL[] = {
    0x23, 0x70, 0x72, 0x61, 0x67, 0x6d, 0x61, 0x20, 0x63, 0x6c, 0x61, 0x6e,
    0x67, 0x20, 0x64, 0x69, 0x61, 0x67, 0x6e, 0x6f, 0x73, 0x74, 0x69, 0x63,
    0x20, 0x69, 0x67, 0x6e, 0x6f, 0x72, 0x65, 0x64, 0x20, 0x22, 0x2d, 0x57,
    0x6d, 0x69, 0x73, 0x73, 0x69, 0x6e, 0x67, 0x2d, 0x70, 0x72, 0x6f, 0x74,
    0x6f, 0x74, 0x79, 0x70, 0x65, 0x73, 0x22, 0x0a, 0x23, 0x70, 0x72, 0x61,
    0x67, 0x6d, 0x61, 0x20, 0x63, 0x6c, 0x61, 0x6e, 0x67, 0x20, 0x64, 0x69,
    0x61, 0x67, 0x6e, 0x6f, 0x73, 0x74, 0x69, 0x63, 0x20, 0x69, 0x67, 0x6e,
    0x6f, 0x72, 0x65, 0x64, 0x20, 0x22, 0x2d, 0x57, 0x6d, 0x69, 0x73, 0x73,
    0x69, 0x6e, 0x67, 0x2d, 0x62, 0x72, 0x61, 0x63, 0x65, 0x73, 0x22, 0x0a,
    0x0a, 0x23, 0x69, 0x6e, 0x63, 0x6c, 0x75, 0x64, 0x65, 0x20, 0x3c, 0x6d,
    0x65, 0x74, 0x61, 0x6c, 0x5f, 0x73, 0x74, 0x64, 0x6c, 0x69, 0x62, 0x3e,
    0x0a, 0x23, 0x69, 0x6e, 0x63, 0x6c, 0x75, 0x64, 0x65, 0x20, 0x3c, 0x73,
    0x69, 0x6d, 0x64, 0x2f, 0x73, 0x69, 0x6d, 0x64, 0x2e, 0x68, 0x3e, 0x0a,
    0x0a, 0x75, 0x73, 0x69, 0x6e, 0x67, 0x20, 0x6e, 0x61, 0x6d, 0x65, 0x73,
    0x70, 0x61, 0x63, 0x65, 0x20, 0x6d, 0x65, 0x74, 0x61, 0x6c, 0x3b, 0x0a,
    0x0a, 0x74, 0x65, 0x6d, 0x70, 0x6c, 0x61, 0x74, 0x65, 0x3c, 0x74, 0x79,
    0x70, 0x65, 0x6e, 0x61, 0x6d, 0x65, 0x20, 0x54, 0x2c, 0x20, 0x73, 0x69,
    0x7a, 0x65, 0x5f, 0x74, 0x20, 0x4e, 0x75, 0x6d, 0x3e, 0x0a, 0x73, 0x74,
    0x72, 0x75, 0x63, 0x74, 0x20, 0x73, 0x70, 0x76, 0x55, 0x6e, 0x73, 0x61,
    0x66, 0x65, 0x41, 0x72, 0x72, 0x61, 0x79, 0x0a, 0x7b, 0x0a, 0x20, 0x20,
    0x20, 0x20, 0x54, 0x20, 0x65, 0x6c, 0x65, 0x6d, 0x65, 0x6e, 0x74, 0x73,
    0x5b, 0x4e, 0x75, 0x6d, 0x20, 0x3f, 0x20, 0x4e, 0x75, 0x6d, 0x20, 0x3a,
    0x20, 0x31, 0x5d, 0x3b, 0x0a, 0x20, 0x20, 0x20, 0x20, 0x0a, 0x20, 0x20,
    0x20, 0x20, 0x74, 0x68, 0x72, 0x65, 0x61, 0x64, 0x20, 0x54, 0x26, 0x20,
    0x6f, 0x70, 0x65, 0x72, 0x61, 0x74, 0x6f, 0x72, 0x20, 0x5b, 0x5d, 0x20,
    0x28, 0x73, 0x69, 0x7a, 0x65, 0x5f, 0x74, 0x20, 0x70, 0x6f, 0x73, 0x29,
    0x20, 0x74, 0x68, 0x72, 0x65, 0x61, 0x64, 0x0a, 0x20, 0x20, 0x20, 0x20,
    0x7b, 0x0a, 0x20, 0x20, 0x20, 0x20, 0x20, 0x20, 0x20, 0x20, 0x72, 0x65,
    0x74, 0x75, 0x72, 0x6e, 0x20, 0x65, 0x6c, 0x65, 0x6d, 0x65, 0x6e, 0x74,
    0x73, 0x5b, 0x70, 0x6f, 0x73, 0x5d, 0x3b, 0x0a, 0x20, 0x20, 0x20, 0x20,
    0x7d, 0x0a, 0x20, 0x20, 0x20, 0x20, 0x63, 0x6f, 0x6e, 0x73, 0x74, 0x65,
    0x78, 0x70, 0x72, 0x20, 0x63, 0x6f, 0x6e, 0x73, 0x74, 0x20, 0x74, 0x68,
    0x72, 0x65, 0x61, 0x64, 0x20, 0x54, 0x26, 0x20, 0x6f, 0x70, 0x65, 0x72,
    0x61, 0x74, 0x6f, 0x72, 0x20, 0x5b, 0x5d, 0x20, 0x28, 0x73, 0x69, 0x7a,
    0x65, 0x5f, 0x74, 0x20, 0x70, 0x6f, 0x73, 0x29, 0x20, 0x63, 0x6f, 0x6e,
    0x73, 0x74, 0x20, 0x74, 0x68, 0x72, 0x65, 0x61, 0x64, 0x0a, 0x20, 0x20,
    0x20, 0x20, 0x7b, 0x0a, 0x20, 0x20, 0x20, 0x20, 0x20, 0x20, 0x20, 0x20,
    0x72, 0x65, 0x74, 0x75, 0x72, 0x6e, 0x20, 0x65, 0x6c, 0x65, 0x6d, 0x65,
    0x6e, 0x74, 0x73, 0x5b, 0x70, 0x6f, 0x73, 0x5d, 0x3b, 0x0a, 0x20, 0x20,
    0x20, 0x20, 0x7d, 0x0a, 0x20, 0x20, 0x20, 0x20, 0x0a, 0x20, 0x20, 0x20,
    0x20, 0x64, 0x65, 0x76, 0x69, 0x63, 0x65, 0x20, 0x54, 0x26, 0x20, 0x6f,
    0x70, 0x65, 0x72, 0x61, 0x74, 0x6f, 0x72, 0x20, 0x5b, 0x5d, 0x20, 0x28,
    0x73, 0x69, 0x7a, 0x65, 0x5f, 0x74, 0x20, 0x70, 0x6f, 0x73, 0x29, 0x20,
    0x64, 0x65, 0x76, 0x69, 0x63, 0x65, 0x0a, 0x20, 0x20, 0x20, 0x20, 0x7b,
    0x0a, 0x20, 0x20, 0x20, 0x20, 0x20, 0x20, 0x20, 0x20, 0x72, 0x65, 0x74,
    0x75, 0x72, 0x6e, 0x20, 0x65, 0x6c, 0x65, 0x6d, 0x65, 0x6e, 0x74, 0x73,
    0x5b, 0x70, 0x6f, 0x73, 0x5d, 0x3b, 0x0a, 0x20, 0x20, 0x20, 0x20, 0x7d,
    0x0a, 0x20, 0x20, 0x20, 0x20, 0x63, 0x6f, 0x6e, 0x73, 0x74, 0x65, 0x78,
    0x70, 0x72, 0x20, 0x63, 0x6f, 0x6e, 0x73, 0x74, 0x20, 0x64, 0x65, 0x76,
    0x69, 0x63, 0x65, 0x20, 0x54, 0x26, 0x20, 0x6f, 0x70, 0x65, 0x72, 0x61,
    0x74, 0x6f, 0x72, 0x20, 0x5b, 0x5d, 0x20, 0x28, 0x73, 0x69, 0x7a, 0x65,
    0x5f, 0x74, 0x20, 0x70, 0x6f, 0x73, 0x29, 0x20, 0x63, 0x6f, 0x6e, 0x73,
    0x74, 0x20, 0x64, 0x65, 0x76, 0x69, 0x63, 0x65, 0x0a, 0x20, 0x20, 0x20,
    0x20, 0x7b, 0x0a, 0x20, 0x20, 0x20, 0x20, 0x20, 0x20, 0x20, 0x20, 0x72,
    0x65, 0x74, 0x75, 0x72, 0x6e, 0x20, 0x65, 0x6c, 0x65, 0x6d, 0x65, 0x6e,
    0x74, 0x73, 0x5b, 0x70, 0x6f, 0x73, 0x5d, 0x3b, 0x0a, 0x20, 0x20, 0x20,
    0x20, 0x7d, 0x0a, 0x20, 0x20, 0x20, 0x20, 0x0a, 0x20, 0x20, 0x20, 0x20,
    0x63, 0x6f, 0x6e, 0x73, 0x74, 0x65, 0x78, 0x70, 0x72, 0x20, 0x63, 0x6f,
    0x6e, 0x73, 0x74, 0x20, 0x63, 0x6f, 0x6e, 0x73, 0x74, 0x61, 0x6e, 0x74,
    0x20, 0x54, 0x26, 0x20, 0x6f, 0x70, 0x65, 0x72, 0x61, 0x74, 0x6f, 0x72,
    0x20, 0x5b, 0x5d, 0x20, 0x28, 0x73, 0x69, 0x7a, 0x65, 0x5f, 0x74, 0x20,
    0x70, 0x6f, 0x73, 0x29, 0x20, 0x63, 0x6f, 0x6e, 0x73, 0x74, 0x20, 0x63,
    0x6f, 0x6e, 0x73, 0x74, 0x61, 0x6e, 0x74, 0x0a, 0x20, 0x20, 0x20, 0x20,
    0x7b, 0x0a, 0x20, 0x20, 0x20, 0x20, 0x20, 0x20, 0x20, 0x20, 0x72, 0x65,
    0x74, 0x75, 0x72, 0x6e, 0x20, 0x65, 0x6c, 0x65, 0x6d, 0x65, 0x6e, 0x74,
    0x73, 0x5b, 0x70, 0x6f, 0x73, 0x5d, 0x3b, 0x0a, 0x20, 0x20, 0x20, 0x20,
    0x7d, 0x0a, 0x20, 0x20, 0x20, 0x20, 0x0a, 0x20, 0x20, 0x20, 0x20, 0x74,
    0x68, 0x72, 0x65, 0x61, 0x64, 0x67, 0x72, 0x6f, 0x75, 0x70, 0x20, 0x54,
    0x26, 0x20, 0x6f, 0x70, 0x65, 0x72, 0x61, 0x74, 0x6f, 0x72, 0x20, 0x5b,
    0x5d, 0x20, 0x28, 0x73, 0x69, 0x7a, 0x65, 0x5f, 0x74, 0x20, 0x70, 0x6f,
    0x73, 0x29, 0x20, 0x74, 0x68, 0x72, 0x65, 0x61, 0x64, 0x67, 0x72, 0x6f,
    0x75, 0x70, 0x0a, 0x20, 0x20, 0x20, 0x20, 0x7b, 0x0a, 0x20, 0x20, 0x20,
    0x20, 0x20, 0x20, 0x20, 0x20, 0x72, 0x65, 0x74, 0x75, 0x72, 0x6e, 0x20,
    0x65, 0x6c, 0x65, 0x6d, 0x65, 0x6e, 0x74, 0x73, 0x5b, 0x70, 0x6f, 0x73,
    0x5d, 0x3b, 0x0a, 0x20, 0x20, 0x20, 0x20, 0x7d, 0x0a, 0x20, 0x20, 0x20,
    0x20, 0x63, 0x6f, 0x6e, 0x73, 0x74, 0x65, 0x78, 0x70, 0x72, 0x20, 0x63,
    0x6f, 0x6e, 0x73, 0x74, 0x20, 0x74, 0x68, 0x72, 0x65, 0x61, 0x64, 0x67,
    0x72, 0x6f, 0x75, 0x70, 0x20, 0x54, 0x26, 0x20, 0x6f, 0x70, 0x65, 0x72,
    0x61, 0x74, 0x6f, 0x72, 0x20, 0x5b, 0x5d, 0x20, 0x28, 0x73, 0x69, 0x7a,
    0x65, 0x5f, 0x74, 0x20, 0x70, 0x6f, 0x73, 0x29, 0x20, 0x63, 0x6f, 0x6e,
    0x73, 0x74, 0x20, 0x74, 0x68, 0x72, 0x65, 0x61, 0x64, 0x67, 0x72, 0x6f,
    0x75, 0x70, 0x0a, 0x20, 0x20, 0x20, 0x20, 0x7b, 0x0a, 0x20, 0x20, 0x20,
    0x20, 0x20, 0x20, 0x20, 0x20, 0x72, 0x65, 0x74, 0x75, 0x72, 0x6e, 0x20,
    0x65, 0x6c, 0x65, 0x6d, 0x65, 0x6e, 0x74, 0x73, 0x5b, 0x70, 0x6f, 0x73,
    0x5d, 0x3b, 0x0a, 0x20, 0x20, 0x20, 0x20, 0x7d, 0x0a, 0x7d, 0x3b, 0x0a,
    0x0a, 0x2f, 0x2f, 0x20, 0x49, 0x6d, 0x70, 0x6c, 0x65, 0x6d, 0x65, 0x6e,
    0x74, 0x61, 0x74, 0x69, 0x6f, 0x6e, 0x20, 0x6f, 0x66, 0x20, 0x73, 0x69,
    0x67, 0x6e, 0x65, 0x64, 0x20, 0x69, 0x6e, 0x74, 0x65, 0x67, 0x65, 0x72,
    0x20, 0x6d, 0x6f, 0x64, 0x20, 0x61, 0x63, 0x63, 0x75, 0x72, 0x61, 0x74,
    0x65, 0x20, 0x74, 0x6f, 0x20, 0x53, 0x50, 0x49, 0x52, 0x2d, 0x56, 0x20,
    0x73, 0x70, 0x65, 0x63, 0x69, 0x66, 0x69, 0x63, 0x61, 0x74, 0x69, 0x6f,
    0x6e, 0x0a, 0x74, 0x65, 0x6d, 0x70, 0x6c, 0x61, 0x74, 0x65, 0x3c, 0x74,
    0x79, 0x70, 0x65, 0x6e, 0x61, 0x6d, 0x65, 0x20, 0x54, 0x78, 0x2c, 0x20,
    0x74, 0x79, 0x70, 0x65, 0x6e, 0x61, 0x6d, 0x65, 0x20, 0x54, 0x79, 0x3e,
    0x0a, 0x69, 0x6e, 0x6c, 0x69, 0x6e, 0x65, 0x20, 0x54, 0x78, 0x20, 0x73,
    0x70, 0x76, 0x53, 0x4d, 0x6f, 0x64, 0x28, 0x54, 0x78, 0x20, 0x78, 0x2c,
    0x20, 0x54, 0x79, 0x20, 0x79, 0x29, 0x0a, 0x7b, 0x0a, 0x20, 0x20, 0x20,
    0x20, 0x54, 0x78, 0x20, 0x72, 0x65, 0x6d, 0x61, 0x69, 0x6e, 0x64, 0x65,
    0x72, 0x20, 0x3d, 0x20, 0x78, 0x20, 0x2d, 0x20, 0x79, 0x20, 0x2a, 0x20,
    0x28, 0x78, 0x20, 0x2f, 0x20, 0x79, 0x29, 0x3b, 0x0a, 0x20, 0x20, 0x20,
    0x20, 0x72, 0x65, 0x74, 0x75, 0x72, 0x6e, 0x20, 0x73, 0x65, 0x6c, 0x65,
    0x63, 0x74, 0x28, 0x54, 0x78, 0x28, 0x72, 0x65, 0x6d, 0x61, 0x69, 0x6e,
    0x64, 0x65, 0x72, 0x20, 0x2b, 0x20, 0x79, 0x29, 0x2c, 0x20, 0x72, 0x65,
    0x6d, 0x61, 0x69, 0x6e, 0x64, 0x65, 0x72, 0x2c, 0x20, 0x72, 0x65, 0x6d,
    0x61, 0x69, 0x6e, 0x64, 0x65, 0x72, 0x20, 0x3d, 0x3d, 0x20, 0x30, 0x20,
    0x7c, 0x7c, 0x20, 0x28, 0x78, 0x20, 0x3e, 0x3d, 0x20, 0x30, 0x29, 0x20,
    0x3d, 0x3d, 0x20, 0x28, 0x79, 0x20, 0x3e, 0x3d, 0x20, 0x30, 0x29, 0x29,
    0x3b, 0x0a, 0x7d, 0x0a, 0x0a, 0x73, 0x74, 0x72, 0x75, 0x63, 0x74, 0x20,
    0x43, 0x6f, 0x73, 0x74, 0x73, 0x0a, 0x7b, 0x0a, 0x20, 0x20, 0x20, 0x20,
    0x75, 0x69, 0x6e, 0x74, 0x20, 0x76, 0x61, 0x6c, 0x75, 0x65, 0x73, 0x5b,
    0x31, 0x5d, 0x3b, 0x0a, 0x7d, 0x3b, 0x0a, 0x0a, 0x73, 0x74, 0x72, 0x75,
    0x63, 0x74, 0x20, 0x53, 0x65, 0x74, 0x74, 0x69, 0x6e, 0x67, 0x73, 0x0a,
    0x7b, 0x0a, 0x20, 0x20, 0x20, 0x20, 0x66, 0x6c, 0x6f, 0x61, 0x74, 0x34,
    0x20, 0x70, 0x6c, 0x61, 0x6e, 0x65, 0x73, 0x5b, 0x34, 0x5d, 0x3b, 0x0a,
    0x7d, 0x3b, 0x0a, 0x0a, 0x73, 0x74, 0x72, 0x75, 0x63, 0x74, 0x20, 0x44,
    0x69, 0x72, 0x65, 0x63, 0x74, 0x69, 0x6f, 0x6e, 0x73, 0x0a, 0x7b, 0x0a,
    0x20, 0x20, 0x20, 0x20, 0x69, 0x6e, 0x74, 0x34, 0x20, 0x76, 0x61, 0x6c,
    0x75, 0x65, 0x73, 0x5b, 0x31, 0x5d, 0x3b, 0x0a, 0x7d, 0x3b, 0x0a, 0x0a,
    0x63, 0x6f, 0x6e, 0x73, 0x74, 0x61, 0x6e, 0x74, 0x20, 0x75, 0x69, 0x6e,
    0x74, 0x33, 0x20, 0x67, 0x6c, 0x5f, 0x57, 0x6f, 0x72, 0x6b, 0x47, 0x72,
    0x6f, 0x75, 0x70, 0x53, 0x69, 0x7a, 0x65, 0x20, 0x5b, 0x5b, 0x6d, 0x61,
    0x79, 0x62, 0x65, 0x5f, 0x75, 0x6e, 0x75, 0x73, 0x65, 0x64, 0x5d, 0x5d,
    0x20, 0x3d, 0x20, 0x75, 0x69, 0x6e, 0x74, 0x33, 0x28, 0x36, 0x34, 0x75,
    0x2c, 0x20, 0x31, 0x75, 0x2c, 0x20, 0x31, 0x75, 0x29, 0x3b, 0x0a, 0x0a,
    0x63, 0x6f, 0x6e, 0x73, 0x74, 0x61, 0x6e, 0x74, 0x20, 0x73, 0x70, 0x76,
    0x55, 0x6e, 0x73, 0x61, 0x66, 0x65, 0x41, 0x72, 0x72, 0x61, 0x79, 0x3c,
    0x69, 0x6e, 0x74, 0x32, 0x2c, 0x20, 0x34, 0x3e, 0x20, 0x5f, 0x34, 0x39,
    0x30, 0x20, 0x3d, 0x20, 0x73, 0x70, 0x76, 0x55, 0x6e, 0x73, 0x61, 0x66,
    0x65, 0x41, 0x72, 0x72, 0x61, 0x79, 0x3c, 0x69, 0x6e, 0x74, 0x32, 0x2c,
    0x20, 0x34, 0x3e, 0x28, 0x7b, 0x20, 0x69, 0x6e, 0x74, 0x32, 0x28, 0x2d,
    0x31, 0x2c, 0x20, 0x30, 0x29, 0x2c, 0x20, 0x69, 0x6e, 0x74, 0x32, 0x28,
    0x31, 0x2c, 0x20, 0x30, 0x29, 0x2c, 0x20, 0x69, 0x6e, 0x74, 0x32, 0x28,
    0x30, 0x2c, 0x20, 0x2d, 0x31, 0x29, 0x2c, 0x20, 0x69, 0x6e, 0x74, 0x32,
    0x28, 0x30, 0x2c, 0x20, 0x31, 0x29, 0x20, 0x7d, 0x29, 0x3b, 0x0a, 0x0a,
    0x73, 0x74, 0x61, 0x74, 0x69, 0x63, 0x20, 0x69, 0x6e, 0x6c, 0x69, 0x6e,
    0x65, 0x20, 0x5f, 0x5f, 0x61, 0x74, 0x74, 0x72, 0x69, 0x62, 0x75, 0x74,
    0x65, 0x5f, 0x5f, 0x28, 0x28, 0x61, 0x6c, 0x77, 0x61, 0x79, 0x73, 0x5f,
    0x69, 0x6e, 0x6c, 0x69, 0x6e, 0x65, 0x29, 0x29, 0x0a, 0x75, 0x69, 0x6e,
    0x74, 0x20, 0x63, 0x6f, 0x73, 0x74, 0x28, 0x74, 0x68, 0x72, 0x65, 0x61,
    0x64, 0x20, 0x63, 0x6f, 0x6e, 0x73, 0x74, 0x20, 0x75, 0x69, 0x6e, 0x74,
    0x26, 0x20, 0x62, 0x61, 0x73, 0x65, 0x2c, 0x20, 0x74, 0x68, 0x72, 0x65,
    0x61, 0x64, 0x20, 0x63, 0x6f, 0x6e, 0x73, 0x74, 0x20, 0x69, 0x6e, 0x74,
    0x32, 0x26, 0x20, 0x64, 0x65, 0x6c, 0x74, 0x61, 0x2c, 0x20, 0x64, 0x65,
    0x76, 0x69, 0x63, 0x65, 0x20, 0x43, 0x6f, 0x73, 0x74, 0x73, 0x26, 0x20,
    0x63, 0x6f, 0x73, 0x74, 0x73, 0x29, 0x0a, 0x7b, 0x0a, 0x20, 0x20, 0x20,
    0x20, 0x72, 0x65, 0x74, 0x75, 0x72, 0x6e, 0x20, 0x63, 0x6f, 0x73, 0x74,
    0x73, 0x2e, 0x76, 0x61, 0x6c, 0x75, 0x65, 0x73, 0x5b, 0x28, 0x62, 0x61,
    0x73, 0x65, 0x20, 0x2b, 0x20, 0x31, 0x75, 0x29, 0x20, 0x2b, 0x20, 0x75,
    0x69, 0x6e, 0x74, 0x28, 0x28, 0x28, 0x28, 0x64, 0x65, 0x6c, 0x74, 0x61,
    0x2e, 0x79, 0x20, 0x2b, 0x20, 0x37, 0x29, 0x20, 0x2a, 0x20, 0x31, 0x35,
    0x29, 0x20, 0x2b, 0x20, 0x64, 0x65, 0x6c, 0x74, 0x61, 0x2e, 0x78, 0x29,
    0x20, 0x2b, 0x20, 0x37, 0x29, 0x5d, 0x3b, 0x0a, 0x7d, 0x0a, 0x0a, 0x73,
    0x74, 0x61, 0x74, 0x69, 0x63, 0x20, 0x69, 0x6e, 0x6c, 0x69, 0x6e, 0x65,
    0x20, 0x5f, 0x5f, 0x61, 0x74, 0x74, 0x72, 0x69, 0x62, 0x75, 0x74, 0x65,
    0x5f, 0x5f, 0x28, 0x28, 0x61, 0x6c, 0x77, 0x61, 0x79, 0x73, 0x5f, 0x69,
    0x6e, 0x6c, 0x69, 0x6e, 0x65, 0x29, 0x29, 0x0a, 0x62, 0x6f, 0x6f, 0x6c,
    0x20, 0x62, 0x65, 0x74, 0x74, 0x65, 0x72, 0x28, 0x74, 0x68, 0x72, 0x65,
    0x61, 0x64, 0x20, 0x63, 0x6f, 0x6e, 0x73, 0x74, 0x20, 0x75, 0x69, 0x6e,
    0x74, 0x26, 0x20, 0x63, 0x61, 0x6e, 0x64, 0x69, 0x64, 0x61, 0x74, 0x65,
    0x5f, 0x63, 0x6f, 0x73, 0x74, 0x2c, 0x20, 0x74, 0x68, 0x72, 0x65, 0x61,
    0x64, 0x20, 0x63, 0x6f, 0x6e, 0x73, 0x74, 0x20, 0x69, 0x6e, 0x74, 0x32,
    0x26, 0x20, 0x63, 0x61, 0x6e, 0x64, 0x69, 0x64, 0x61, 0x74, 0x65, 0x2c,
    0x20, 0x74, 0x68, 0x72, 0x65, 0x61, 0x64, 0x20, 0x63, 0x6f, 0x6e, 0x73,
    0x74, 0x20, 0x75, 0x69, 0x6e, 0x74, 0x26, 0x20, 0x62, 0x65, 0x73, 0x74,
    0x5f, 0x63, 0x6f, 0x73, 0x74, 0x2c, 0x20, 0x74, 0x68, 0x72, 0x65, 0x61,
    0x64, 0x20, 0x63, 0x6f, 0x6e, 0x73, 0x74, 0x20, 0x69, 0x6e, 0x74, 0x32,
    0x26, 0x20, 0x62, 0x65, 0x73, 0x74, 0x29, 0x0a, 0x7b, 0x0a, 0x20, 0x20,
    0x20, 0x20, 0x69, 0x66, 0x20, 0x28, 0x63, 0x61, 0x6e, 0x64, 0x69, 0x64,
    0x61, 0x74, 0x65, 0x5f, 0x63, 0x6f, 0x73, 0x74, 0x20, 0x21, 0x3d, 0x20,
    0x62, 0x65, 0x73, 0x74, 0x5f, 0x63, 0x6f, 0x73, 0x74, 0x29, 0x0a, 0x20,
    0x20, 0x20, 0x20, 0x7b, 0x0a, 0x20, 0x20, 0x20, 0x20, 0x20, 0x20, 0x20,
    0x20, 0x72, 0x65, 0x74, 0x75, 0x72, 0x6e, 0x20, 0x63, 0x61, 0x6e, 0x64,
    0x69, 0x64, 0x61, 0x74, 0x65, 0x5f, 0x63, 0x6f, 0x73, 0x74, 0x20, 0x3c,
    0x20, 0x62, 0x65, 0x73, 0x74, 0x5f, 0x63, 0x6f, 0x73, 0x74, 0x3b, 0x0a,
    0x20, 0x20, 0x20, 0x20, 0x7d, 0x0a, 0x20, 0x20, 0x20, 0x20, 0x69, 0x6e,
    0x74, 0x20, 0x61, 0x20, 0x3d, 0x20, 0x61, 0x62, 0x73, 0x28, 0x63, 0x61,
    0x6e, 0x64, 0x69, 0x64, 0x61, 0x74, 0x65, 0x2e, 0x78, 0x29, 0x20, 0x2b,
    0x20, 0x61, 0x62, 0x73, 0x28, 0x63, 0x61, 0x6e, 0x64, 0x69, 0x64, 0x61,
    0x74, 0x65, 0x2e, 0x79, 0x29, 0x3b, 0x0a, 0x20, 0x20, 0x20, 0x20, 0x69,
    0x6e, 0x74, 0x20, 0x62, 0x20, 0x3d, 0x20, 0x61, 0x62, 0x73, 0x28, 0x62,
    0x65, 0x73, 0x74, 0x2e, 0x78, 0x29, 0x20, 0x2b, 0x20, 0x61, 0x62, 0x73,
    0x28, 0x62, 0x65, 0x73, 0x74, 0x2e, 0x79, 0x29, 0x3b, 0x0a, 0x20, 0x20,
    0x20, 0x20, 0x69, 0x66, 0x20, 0x28, 0x61, 0x20, 0x21, 0x3d, 0x20, 0x62,
    0x29, 0x0a, 0x20, 0x20, 0x20, 0x20, 0x7b, 0x0a, 0x20, 0x20, 0x20, 0x20,
    0x20, 0x20, 0x20, 0x20, 0x72, 0x65, 0x74, 0x75, 0x72, 0x6e, 0x20, 0x61,
    0x20, 0x3c, 0x20, 0x62, 0x3b, 0x0a, 0x20, 0x20, 0x20, 0x20, 0x7d, 0x0a,
    0x20, 0x20, 0x20, 0x20, 0x62, 0x6f, 0x6f, 0x6c, 0x20, 0x5f, 0x39, 0x31,
    0x3b, 0x0a, 0x20, 0x20, 0x20, 0x20, 0x69, 0x66, 0x20, 0x28, 0x63, 0x61,
    0x6e, 0x64, 0x69, 0x64, 0x61, 0x74, 0x65, 0x2e, 0x79, 0x20, 0x21, 0x3d,
    0x20, 0x62, 0x65, 0x73, 0x74, 0x2e, 0x79, 0x29, 0x0a, 0x20, 0x20, 0x20,
    0x20, 0x7b, 0x0a, 0x20, 0x20, 0x20, 0x20, 0x20, 0x20, 0x20, 0x20, 0x5f,
    0x39, 0x31, 0x20, 0x3d, 0x20, 0x63, 0x61, 0x6e, 0x64, 0x69, 0x64, 0x61,
    0x74, 0x65, 0x2e, 0x79, 0x20, 0x3c, 0x20, 0x62, 0x65, 0x73, 0x74, 0x2e,
    0x79, 0x3b, 0x0a, 0x20, 0x20, 0x20, 0x20, 0x7d, 0x0a, 0x20, 0x20, 0x20,
    0x20, 0x65, 0x6c, 0x73, 0x65, 0x0a, 0x20, 0x20, 0x20, 0x20, 0x7b, 0x0a,
    0x20, 0x20, 0x20, 0x20, 0x20, 0x20, 0x20, 0x20, 0x5f, 0x39, 0x31, 0x20,
    0x3d, 0x20, 0x63, 0x61, 0x6e, 0x64, 0x69, 0x64, 0x61, 0x74, 0x65, 0x2e,
    0x78, 0x20, 0x3c, 0x20, 0x62, 0x65, 0x73, 0x74, 0x2e, 0x78, 0x3b, 0x0a,
    0x20, 0x20, 0x20, 0x20, 0x7d, 0x0a, 0x20, 0x20, 0x20, 0x20, 0x72, 0x65,
    0x74, 0x75, 0x72, 0x6e, 0x20, 0x5f, 0x39, 0x31, 0x3b, 0x0a, 0x7d, 0x0a,
    0x0a, 0x6b, 0x65, 0x72, 0x6e, 0x65, 0x6c, 0x20, 0x76, 0x6f, 0x69, 0x64,
    0x20, 0x6d, 0x61, 0x69, 0x6e, 0x30, 0x28, 0x64, 0x65, 0x76, 0x69, 0x63,
    0x65, 0x20, 0x43, 0x6f, 0x73, 0x74, 0x73, 0x26, 0x20, 0x63, 0x6f, 0x73,
    0x74, 0x73, 0x20, 0x5b, 0x5b, 0x62, 0x75, 0x66, 0x66, 0x65, 0x72, 0x28,
    0x31, 0x29, 0x5d, 0x5d, 0x2c, 0x20, 0x63, 0x6f, 0x6e, 0x73, 0x74, 0x61,
    0x6e, 0x74, 0x20, 0x53, 0x65, 0x74, 0x74, 0x69, 0x6e, 0x67, 0x73, 0x26,
    0x20, 0x73, 0x65, 0x74, 0x74, 0x69, 0x6e, 0x67, 0x73, 0x20, 0x5b, 0x5b,
    0x62, 0x75, 0x66, 0x66, 0x65, 0x72, 0x28, 0x30, 0x29, 0x5d, 0x5d, 0x2c,
    0x20, 0x64, 0x65, 0x76, 0x69, 0x63, 0x65, 0x20, 0x44, 0x69, 0x72, 0x65,
    0x63, 0x74, 0x69, 0x6f, 0x6e, 0x73, 0x26, 0x20, 0x6f, 0x75, 0x74, 0x70,
    0x75, 0x74, 0x5f, 0x66, 0x69, 0x65, 0x6c, 0x64, 0x20, 0x5b, 0x5b, 0x62,
    0x75, 0x66, 0x66, 0x65, 0x72, 0x28, 0x32, 0x29, 0x5d, 0x5d, 0x2c, 0x20,
    0x75, 0x69, 0x6e, 0x74, 0x33, 0x20, 0x67, 0x6c, 0x5f, 0x57, 0x6f, 0x72,
    0x6b, 0x47, 0x72, 0x6f, 0x75, 0x70, 0x49, 0x44, 0x20, 0x5b, 0x5b, 0x74,
    0x68, 0x72, 0x65, 0x61, 0x64, 0x67, 0x72, 0x6f, 0x75, 0x70, 0x5f, 0x70,
    0x6f, 0x73, 0x69, 0x74, 0x69, 0x6f, 0x6e, 0x5f, 0x69, 0x6e, 0x5f, 0x67,
    0x72, 0x69, 0x64, 0x5d, 0x5d, 0x2c, 0x20, 0x75, 0x69, 0x6e, 0x74, 0x33,
    0x20, 0x67, 0x6c, 0x5f, 0x4c, 0x6f, 0x63, 0x61, 0x6c, 0x49, 0x6e, 0x76,
    0x6f, 0x63, 0x61, 0x74, 0x69, 0x6f, 0x6e, 0x49, 0x44, 0x20, 0x5b, 0x5b,
    0x74, 0x68, 0x72, 0x65, 0x61, 0x64, 0x5f, 0x70, 0x6f, 0x73, 0x69, 0x74,
    0x69, 0x6f, 0x6e, 0x5f, 0x69, 0x6e, 0x5f, 0x74, 0x68, 0x72, 0x65, 0x61,
    0x64, 0x67, 0x72, 0x6f, 0x75, 0x70, 0x5d, 0x5d, 0x29, 0x0a, 0x7b, 0x0a,
    0x20, 0x20, 0x20, 0x20, 0x74, 0x68, 0x72, 0x65, 0x61, 0x64, 0x67, 0x72,
    0x6f, 0x75, 0x70, 0x20, 0x73, 0x70, 0x76, 0x55, 0x6e, 0x73, 0x61, 0x66,
    0x65, 0x41, 0x72, 0x72, 0x61, 0x79, 0x3c, 0x69, 0x6e, 0x74, 0x32, 0x2c,
    0x20, 0x38, 0x38, 0x30, 0x3e, 0x20, 0x76, 0x65, 0x63, 0x74, 0x6f, 0x72,
    0x73, 0x3b, 0x0a, 0x20, 0x20, 0x20, 0x20, 0x74, 0x68, 0x72, 0x65, 0x61,
    0x64, 0x67, 0x72, 0x6f, 0x75, 0x70, 0x20, 0x73, 0x70, 0x76, 0x55, 0x6e,
    0x73, 0x61, 0x66, 0x65, 0x41, 0x72, 0x72, 0x61, 0x79, 0x3c, 0x75, 0x69,
    0x6e, 0x74, 0x2c, 0x20, 0x38, 0x38, 0x30, 0x3e, 0x20, 0x6f, 0x63, 0x63,
    0x75, 0x70, 0x69, 0x65, 0x64, 0x3b, 0x0a, 0x20, 0x20, 0x20, 0x20, 0x74,
    0x68, 0x72, 0x65, 0x61, 0x64, 0x67, 0x72, 0x6f, 0x75, 0x70, 0x20, 0x73,
    0x70, 0x76, 0x55, 0x6e, 0x73, 0x61, 0x66, 0x65, 0x41, 0x72, 0x72, 0x61,
    0x79, 0x3c, 0x75, 0x69, 0x6e, 0x74, 0x2c, 0x20, 0x38, 0x38, 0x30, 0x3e,
    0x20, 0x72, 0x65, 0x6c, 0x69, 0x61, 0x62, 0x6c, 0x65, 0x3b, 0x0a, 0x20,
    0x20, 0x20, 0x20, 0x69, 0x6e, 0x74, 0x20, 0x70, 0x6c, 0x61, 0x6e, 0x65,
    0x20, 0x3d, 0x20, 0x69, 0x6e, 0x74, 0x28, 0x67, 0x6c, 0x5f, 0x57, 0x6f,
    0x72, 0x6b, 0x47, 0x72, 0x6f, 0x75, 0x70, 0x49, 0x44, 0x2e, 0x78, 0x29,
    0x3b, 0x0a, 0x20, 0x20, 0x20, 0x20, 0x69, 0x6e, 0x74, 0x20, 0x64, 0x69,
    0x72, 0x65, 0x63, 0x74, 0x69, 0x6f, 0x6e, 0x20, 0x3d, 0x20, 0x69, 0x6e,
    0x74, 0x28, 0x67, 0x6c, 0x5f, 0x57, 0x6f, 0x72, 0x6b, 0x47, 0x72, 0x6f,
    0x75, 0x70, 0x49, 0x44, 0x2e, 0x79, 0x29, 0x3b, 0x0a, 0x20, 0x20, 0x20,
    0x20, 0x69, 0x6e, 0x74, 0x20, 0x74, 0x69, 0x64, 0x20, 0x3d, 0x20, 0x69,
    0x6e, 0x74, 0x28, 0x67, 0x6c, 0x5f, 0x4c, 0x6f, 0x63, 0x61, 0x6c, 0x49,
    0x6e, 0x76, 0x6f, 0x63, 0x61, 0x74, 0x69, 0x6f, 0x6e, 0x49, 0x44, 0x2e,
    0x78, 0x29, 0x3b, 0x0a, 0x20, 0x20, 0x20, 0x20, 0x69, 0x6e, 0x74, 0x32,
    0x20, 0x73, 0x69, 0x7a, 0x65, 0x20, 0x3d, 0x20, 0x69, 0x6e, 0x74, 0x32,
    0x28, 0x73, 0x65, 0x74, 0x74, 0x69, 0x6e, 0x67, 0x73, 0x2e, 0x70, 0x6c,
    0x61, 0x6e, 0x65, 0x73, 0x5b, 0x70, 0x6c, 0x61, 0x6e, 0x65, 0x5d, 0x2e,
    0x78, 0x79, 0x29, 0x3b, 0x0a, 0x20, 0x20, 0x20, 0x20, 0x69, 0x6e, 0x74,
    0x32, 0x20, 0x62, 0x6c, 0x6f, 0x63, 0x6b, 0x73, 0x20, 0x3d, 0x20, 0x28,
    0x73, 0x69, 0x7a, 0x65, 0x20, 0x2b, 0x20, 0x69, 0x6e, 0x74, 0x32, 0x28,
    0x31, 0x35, 0x29, 0x29, 0x20, 0x2f, 0x20, 0x69, 0x6e, 0x74, 0x32, 0x28,
    0x31, 0x36, 0x29, 0x3b, 0x0a, 0x20, 0x20, 0x20, 0x20, 0x69, 0x6e, 0x74,
    0x20, 0x63, 0x6f, 0x75, 0x6e, 0x74, 0x20, 0x3d, 0x20, 0x62, 0x6c, 0x6f,
    0x63, 0x6b, 0x73, 0x2e, 0x78, 0x20, 0x2a, 0x20, 0x62, 0x6c, 0x6f, 0x63,
    0x6b, 0x73, 0x2e, 0x79, 0x3b, 0x0a, 0x20, 0x20, 0x20, 0x20, 0x62, 0x6f,
    0x6f, 0x6c, 0x20, 0x65, 0x6e, 0x61, 0x62, 0x6c, 0x65, 0x64, 0x20, 0x3d,
    0x20, 0x73, 0x65, 0x74, 0x74, 0x69, 0x6e, 0x67, 0x73, 0x2e, 0x70, 0x6c,
    0x61, 0x6e, 0x65, 0x73, 0x5b, 0x70, 0x6c, 0x61, 0x6e, 0x65, 0x5d, 0x2e,
    0x77, 0x20, 0x21, 0x3d, 0x20, 0x30, 0x2e, 0x30, 0x3b, 0x0a, 0x20, 0x20,
    0x20, 0x20, 0x66, 0x6f, 0x72, 0x20, 0x28, 0x69, 0x6e, 0x74, 0x20, 0x61,
    0x74, 0x20, 0x3d, 0x20, 0x74, 0x69, 0x64, 0x3b, 0x20, 0x61, 0x74, 0x20,
    0x3c, 0x20, 0x38, 0x38, 0x30, 0x3b, 0x20, 0x61, 0x74, 0x20, 0x2b, 0x3d,
    0x20, 0x36, 0x34, 0x29, 0x0a, 0x20, 0x20, 0x20, 0x20, 0x7b, 0x0a, 0x20,
    0x20, 0x20, 0x20, 0x20, 0x20, 0x20, 0x20, 0x76, 0x65, 0x63, 0x74, 0x6f,
    0x72, 0x73, 0x5b, 0x61, 0x74, 0x5d, 0x20, 0x3d, 0x20, 0x69, 0x6e, 0x74,
    0x32, 0x28, 0x30, 0x29, 0x3b, 0x0a, 0x20, 0x20, 0x20, 0x20, 0x20, 0x20,
    0x20, 0x20, 0x6f, 0x63, 0x63, 0x75, 0x70, 0x69, 0x65, 0x64, 0x5b, 0x61,
    0x74, 0x5d, 0x20, 0x3d, 0x20, 0x30, 0x75, 0x3b, 0x0a, 0x20, 0x20, 0x20,
    0x20, 0x20, 0x20, 0x20, 0x20, 0x72, 0x65, 0x6c, 0x69, 0x61, 0x62, 0x6c,
    0x65, 0x5b, 0x61, 0x74, 0x5d, 0x20, 0x3d, 0x20, 0x30, 0x75, 0x3b, 0x0a,
    0x20, 0x20, 0x20, 0x20, 0x20, 0x20, 0x20, 0x20, 0x69, 0x66, 0x20, 0x28,
    0x65, 0x6e, 0x61, 0x62, 0x6c, 0x65, 0x64, 0x20, 0x26, 0x26, 0x20, 0x28,
    0x61, 0x74, 0x20, 0x3c, 0x20, 0x63, 0x6f, 0x75, 0x6e, 0x74, 0x29, 0x29,
    0x0a, 0x20, 0x20, 0x20, 0x20, 0x20, 0x20, 0x20, 0x20, 0x7b, 0x0a, 0x20,
    0x20, 0x20, 0x20, 0x20, 0x20, 0x20, 0x20, 0x20, 0x20, 0x20, 0x20, 0x6f,
    0x63, 0x63, 0x75, 0x70, 0x69, 0x65, 0x64, 0x5b, 0x61, 0x74, 0x5d, 0x20,
    0x3d, 0x20, 0x63, 0x6f, 0x73, 0x74, 0x73, 0x2e, 0x76, 0x61, 0x6c, 0x75,
    0x65, 0x73, 0x5b, 0x75, 0x69, 0x6e, 0x74, 0x28, 0x28, 0x28, 0x28, 0x28,
    0x70, 0x6c, 0x61, 0x6e, 0x65, 0x20, 0x2a, 0x20, 0x32, 0x29, 0x20, 0x2b,
    0x20, 0x64, 0x69, 0x72, 0x65, 0x63, 0x74, 0x69, 0x6f, 0x6e, 0x29, 0x20,
    0x2a, 0x20, 0x38, 0x38, 0x30, 0x29, 0x20, 0x2b, 0x20, 0x61, 0x74, 0x29,
    0x20, 0x2a, 0x20, 0x32, 0x32, 0x36, 0x29, 0x5d, 0x3b, 0x0a, 0x20, 0x20,
    0x20, 0x20, 0x20, 0x20, 0x20, 0x20, 0x7d, 0x0a, 0x20, 0x20, 0x20, 0x20,
    0x7d, 0x0a, 0x20, 0x20, 0x20, 0x20, 0x74, 0x68, 0x72, 0x65, 0x61, 0x64,
    0x67, 0x72, 0x6f, 0x75, 0x70, 0x5f, 0x62, 0x61, 0x72, 0x72, 0x69, 0x65,
    0x72, 0x28, 0x6d, 0x65, 0x6d, 0x5f, 0x66, 0x6c, 0x61, 0x67, 0x73, 0x3a,
    0x3a, 0x6d, 0x65, 0x6d, 0x5f, 0x74, 0x68, 0x72, 0x65, 0x61, 0x64, 0x67,
    0x72, 0x6f, 0x75, 0x70, 0x29, 0x3b, 0x0a, 0x20, 0x20, 0x20, 0x20, 0x69,
    0x6e, 0x74, 0x20, 0x64, 0x69, 0x61, 0x67, 0x6f, 0x6e, 0x61, 0x6c, 0x20,
    0x3d, 0x20, 0x30, 0x3b, 0x0a, 0x20, 0x20, 0x20, 0x20, 0x66, 0x6f, 0x72,
    0x20, 0x28, 0x3b, 0x3b, 0x29, 0x0a, 0x20, 0x20, 0x20, 0x20, 0x7b, 0x0a,
    0x20, 0x20, 0x20, 0x20, 0x20, 0x20, 0x20, 0x20, 0x62, 0x6f, 0x6f, 0x6c,
    0x20, 0x5f, 0x32, 0x33, 0x33, 0x3b, 0x0a, 0x20, 0x20, 0x20, 0x20, 0x20,
    0x20, 0x20, 0x20, 0x69, 0x66, 0x20, 0x28, 0x65, 0x6e, 0x61, 0x62, 0x6c,
    0x65, 0x64, 0x29, 0x0a, 0x20, 0x20, 0x20, 0x20, 0x20, 0x20, 0x20, 0x20,
    0x7b, 0x0a, 0x20, 0x20, 0x20, 0x20, 0x20, 0x20, 0x20, 0x20, 0x20, 0x20,
    0x20, 0x20, 0x5f, 0x32, 0x33, 0x33, 0x20, 0x3d, 0x20, 0x64, 0x69, 0x61,
    0x67, 0x6f, 0x6e, 0x61, 0x6c, 0x20, 0x3c, 0x20, 0x28, 0x28, 0x62, 0x6c,
    0x6f, 0x63, 0x6b, 0x73, 0x2e, 0x78, 0x20, 0x2b, 0x20, 0x62, 0x6c, 0x6f,
    0x63, 0x6b, 0x73, 0x2e, 0x79, 0x29, 0x20, 0x2d, 0x20, 0x31, 0x29, 0x3b,
    0x0a, 0x20, 0x20, 0x20, 0x20, 0x20, 0x20, 0x20, 0x20, 0x7d, 0x0a, 0x20,
    0x20, 0x20, 0x20, 0x20, 0x20, 0x20, 0x20, 0x65, 0x6c, 0x73, 0x65, 0x0a,
    0x20, 0x20, 0x20, 0x20, 0x20, 0x20, 0x20, 0x20, 0x7b, 0x0a, 0x20, 0x20,
    0x20, 0x20, 0x20, 0x20, 0x20, 0x20, 0x20, 0x20, 0x20, 0x20, 0x5f, 0x32,
    0x33, 0x33, 0x20, 0x3d, 0x20, 0x65, 0x6e, 0x61, 0x62, 0x6c, 0x65, 0x64,
    0x3b, 0x0a, 0x20, 0x20, 0x20, 0x20, 0x20, 0x20, 0x20, 0x20, 0x7d, 0x0a,
    0x20, 0x20, 0x20, 0x20, 0x20, 0x20, 0x20, 0x20, 0x69, 0x66, 0x20, 0x28,
    0x5f, 0x32, 0x33, 0x33, 0x29, 0x0a, 0x20, 0x20, 0x20, 0x20, 0x20, 0x20,
    0x20, 0x20, 0x7b, 0x0a, 0x20, 0x20, 0x20, 0x20, 0x20, 0x20, 0x20, 0x20,
    0x20, 0x20, 0x20, 0x20, 0x69, 0x6e, 0x74, 0x20, 0x62, 0x78, 0x20, 0x3d,
    0x20, 0x74, 0x69, 0x64, 0x3b, 0x0a, 0x20, 0x20, 0x20, 0x20, 0x20, 0x20,
    0x20, 0x20, 0x20, 0x20, 0x20, 0x20, 0x69, 0x6e, 0x74, 0x20, 0x62, 0x79,
    0x20, 0x3d, 0x20, 0x64, 0x69, 0x61, 0x67, 0x6f, 0x6e, 0x61, 0x6c, 0x20,
    0x2d, 0x20, 0x62, 0x78, 0x3b, 0x0a, 0x20, 0x20, 0x20, 0x20, 0x20, 0x20,
    0x20, 0x20, 0x20, 0x20, 0x20, 0x20, 0x69, 0x6e, 0x74, 0x20, 0x61, 0x74,
    0x5f, 0x31, 0x20, 0x3d, 0x20, 0x28, 0x62, 0x79, 0x20, 0x2a, 0x20, 0x62,
    0x6c, 0x6f, 0x63, 0x6b, 0x73, 0x2e, 0x78, 0x29, 0x20, 0x2b, 0x20, 0x62,
    0x78, 0x3b, 0x0a, 0x20, 0x20, 0x20, 0x20, 0x20, 0x20, 0x20, 0x20, 0x20,
    0x20, 0x20, 0x20, 0x62, 0x6f, 0x6f, 0x6c, 0x20, 0x5f, 0x32, 0x35, 0x33,
    0x20, 0x3d, 0x20, 0x28, 0x62, 0x78, 0x20, 0x3c, 0x20, 0x62, 0x6c, 0x6f,
    0x63, 0x6b, 0x73, 0x2e, 0x78, 0x29, 0x20, 0x26, 0x26, 0x20, 0x28, 0x62,
    0x79, 0x20, 0x3e, 0x3d, 0x20, 0x30, 0x29, 0x3b, 0x0a, 0x20, 0x20, 0x20,
    0x20, 0x20, 0x20, 0x20, 0x20, 0x20, 0x20, 0x20, 0x20, 0x62, 0x6f, 0x6f,
    0x6c, 0x20, 0x5f, 0x32, 0x36, 0x30, 0x3b, 0x0a, 0x20, 0x20, 0x20, 0x20,
    0x20, 0x20, 0x20, 0x20, 0x20, 0x20, 0x20, 0x20, 0x69, 0x66, 0x20, 0x28,
    0x5f, 0x32, 0x35, 0x33, 0x29, 0x0a, 0x20, 0x20, 0x20, 0x20, 0x20, 0x20,
    0x20, 0x20, 0x20, 0x20, 0x20, 0x20, 0x7b, 0x0a, 0x20, 0x20, 0x20, 0x20,
    0x20, 0x20, 0x20, 0x20, 0x20, 0x20, 0x20, 0x20, 0x20, 0x20, 0x20, 0x20,
    0x5f, 0x32, 0x36, 0x30, 0x20, 0x3d, 0x20, 0x62, 0x79, 0x20, 0x3c, 0x20,
    0x62, 0x6c, 0x6f, 0x63, 0x6b, 0x73, 0x2e, 0x79, 0x3b, 0x0a, 0x20, 0x20,
    0x20, 0x20, 0x20, 0x20, 0x20, 0x20, 0x20, 0x20, 0x20, 0x20, 0x7d, 0x0a,
    0x20, 0x20, 0x20, 0x20, 0x20, 0x20, 0x20, 0x20, 0x20, 0x20, 0x20, 0x20,
    0x65, 0x6c, 0x73, 0x65, 0x0a, 0x20, 0x20, 0x20, 0x20, 0x20, 0x20, 0x20,
    0x20, 0x20, 0x20, 0x20, 0x20, 0x7b, 0x0a, 0x20, 0x20, 0x20, 0x20, 0x20,
    0x20, 0x20, 0x20, 0x20, 0x20, 0x20, 0x20, 0x20, 0x20, 0x20, 0x20, 0x5f,
    0x32, 0x36, 0x30, 0x20, 0x3d, 0x20, 0x5f, 0x32, 0x35, 0x33, 0x3b, 0x0a,
    0x20, 0x20, 0x20, 0x20, 0x20, 0x20, 0x20, 0x20, 0x20, 0x20, 0x20, 0x20,
    0x7d, 0x0a, 0x20, 0x20, 0x20, 0x20, 0x20, 0x20, 0x20, 0x20, 0x20, 0x20,
    0x20, 0x20, 0x62, 0x6f, 0x6f, 0x6c, 0x20, 0x5f, 0x32, 0x36, 0x37, 0x3b,
    0x0a, 0x20, 0x20, 0x20, 0x20, 0x20, 0x20, 0x20, 0x20, 0x20, 0x20, 0x20,
    0x20, 0x69, 0x66, 0x20, 0x28, 0x5f, 0x32, 0x36, 0x30, 0x29, 0x0a, 0x20,
    0x20, 0x20, 0x20, 0x20, 0x20, 0x20, 0x20, 0x20, 0x20, 0x20, 0x20, 0x7b,
    0x0a, 0x20, 0x20, 0x20, 0x20, 0x20, 0x20, 0x20, 0x20, 0x20, 0x20, 0x20,
    0x20, 0x20, 0x20, 0x20, 0x20, 0x5f, 0x32, 0x36, 0x37, 0x20, 0x3d, 0x20,
    0x6f, 0x63, 0x63, 0x75, 0x70, 0x69, 0x65, 0x64, 0x5b, 0x61, 0x74, 0x5f,
    0x31, 0x5d, 0x20, 0x21, 0x3d, 0x20, 0x30, 0x75, 0x3b, 0x0a, 0x20, 0x20,
    0x20, 0x20, 0x20, 0x20, 0x20, 0x20, 0x20, 0x20, 0x20, 0x20, 0x7d, 0x0a,
    0x20, 0x20, 0x20, 0x20, 0x20, 0x20, 0x20, 0x20, 0x20, 0x20, 0x20, 0x20,
    0x65, 0x6c, 0x73, 0x65, 0x0a, 0x20, 0x20, 0x20, 0x20, 0x20, 0x20, 0x20,
    0x20, 0x20, 0x20, 0x20, 0x20, 0x7b, 0x0a, 0x20, 0x20, 0x20, 0x20, 0x20,
    0x20, 0x20, 0x20, 0x20, 0x20, 0x20, 0x20, 0x20, 0x20, 0x20, 0x20, 0x5f,
    0x32, 0x36, 0x37, 0x20, 0x3d, 0x20, 0x5f, 0x32, 0x36, 0x30, 0x3b, 0x0a,
    0x20, 0x20, 0x20, 0x20, 0x20, 0x20, 0x20, 0x20, 0x20, 0x20, 0x20, 0x20,
    0x7d, 0x0a, 0x20, 0x20, 0x20, 0x20, 0x20, 0x20, 0x20, 0x20, 0x20, 0x20,
    0x20, 0x20, 0x69, 0x66, 0x20, 0x28, 0x5f, 0x32, 0x36, 0x37, 0x29, 0x0a,
    0x20, 0x20, 0x20, 0x20, 0x20, 0x20, 0x20, 0x20, 0x20, 0x20, 0x20, 0x20,
    0x7b, 0x0a, 0x20, 0x20, 0x20, 0x20, 0x20, 0x20, 0x20, 0x20, 0x20, 0x20,
    0x20, 0x20, 0x20, 0x20, 0x20, 0x20, 0x69, 0x6e, 0x74, 0x32, 0x20, 0x62,
    0x65, 0x73, 0x74, 0x20, 0x3d, 0x20, 0x69, 0x6e, 0x74, 0x32, 0x28, 0x30,
    0x29, 0x3b, 0x0a, 0x20, 0x20, 0x20, 0x20, 0x20, 0x20, 0x20, 0x20, 0x20,
    0x20, 0x20, 0x20, 0x20, 0x20, 0x20, 0x20, 0x69, 0x6e, 0x74, 0x20, 0x63,
    0x6f, 0x6e, 0x74, 0x72, 0x69, 0x62, 0x75, 0x74, 0x6f, 0x72, 0x73, 0x20,
    0x3d, 0x20, 0x30, 0x3b, 0x0a, 0x20, 0x20, 0x20, 0x20, 0x20, 0x20, 0x20,
    0x20, 0x20, 0x20, 0x20, 0x20, 0x20, 0x20, 0x20, 0x20, 0x69, 0x66, 0x20,
    0x28, 0x62, 0x78, 0x20, 0x3e, 0x20, 0x30, 0x29, 0x0a, 0x20, 0x20, 0x20,
    0x20, 0x20, 0x20, 0x20, 0x20, 0x20, 0x20, 0x20, 0x20, 0x20, 0x20, 0x20,
    0x20, 0x7b, 0x0a, 0x20, 0x20, 0x20, 0x20, 0x20, 0x20, 0x20, 0x20, 0x20,
    0x20, 0x20, 0x20, 0x20, 0x20, 0x20, 0x20, 0x20, 0x20, 0x20, 0x20, 0x62,
    0x65, 0x73, 0x74, 0x20, 0x2b, 0x3d, 0x20, 0x76, 0x65, 0x63, 0x74, 0x6f,
    0x72, 0x73, 0x5b, 0x61, 0x74, 0x5f, 0x31, 0x20, 0x2d, 0x20, 0x31, 0x5d,
    0x3b, 0x0a, 0x20, 0x20, 0x20, 0x20, 0x20, 0x20, 0x20, 0x20, 0x20, 0x20,
    0x20, 0x20, 0x20, 0x20, 0x20, 0x20, 0x20, 0x20, 0x20, 0x20, 0x63, 0x6f,
    0x6e, 0x74, 0x72, 0x69, 0x62, 0x75, 0x74, 0x6f, 0x72, 0x73, 0x2b, 0x2b,
    0x3b, 0x0a, 0x20, 0x20, 0x20, 0x20, 0x20, 0x20, 0x20, 0x20, 0x20, 0x20,
    0x20, 0x20, 0x20, 0x20, 0x20, 0x20, 0x7d, 0x0a, 0x20, 0x20, 0x20, 0x20,
    0x20, 0x20, 0x20, 0x20, 0x20, 0x20, 0x20, 0x20, 0x20, 0x20, 0x20, 0x20,
    0x69, 0x66, 0x20, 0x28, 0x62, 0x79, 0x20, 0x3e, 0x20, 0x30, 0x29, 0x0a,
    0x20, 0x20, 0x20, 0x20, 0x20, 0x20, 0x20, 0x20, 0x20, 0x20, 0x20, 0x20,
    0x20, 0x20, 0x20, 0x20, 0x7b, 0x0a, 0x20, 0x20, 0x20, 0x20, 0x20, 0x20,
    0x20, 0x20, 0x20, 0x20, 0x20, 0x20, 0x20, 0x20, 0x20, 0x20, 0x20, 0x20,
    0x20, 0x20, 0x62, 0x65, 0x73, 0x74, 0x20, 0x2b, 0x3d, 0x20, 0x76, 0x65,
    0x63, 0x74, 0x6f, 0x72, 0x73, 0x5b, 0x61, 0x74, 0x5f, 0x31, 0x20, 0x2d,
    0x20, 0x62, 0x6c, 0x6f, 0x63, 0x6b, 0x73, 0x2e, 0x78, 0x5d, 0x3b, 0x0a,
    0x20, 0x20, 0x20, 0x20, 0x20, 0x20, 0x20, 0x20, 0x20, 0x20, 0x20, 0x20,
    0x20, 0x20, 0x20, 0x20, 0x20, 0x20, 0x20, 0x20, 0x63, 0x6f, 0x6e, 0x74,
    0x72, 0x69, 0x62, 0x75, 0x74, 0x6f, 0x72, 0x73, 0x2b, 0x2b, 0x3b, 0x0a,
    0x20, 0x20, 0x20, 0x20, 0x20, 0x20, 0x20, 0x20, 0x20, 0x20, 0x20, 0x20,
    0x20, 0x20, 0x20, 0x20, 0x7d, 0x0a, 0x20, 0x20, 0x20, 0x20, 0x20, 0x20,
    0x20, 0x20, 0x20, 0x20, 0x20, 0x20, 0x20, 0x20, 0x20, 0x20, 0x69, 0x66,
    0x20, 0x28, 0x63, 0x6f, 0x6e, 0x74, 0x72, 0x69, 0x62, 0x75, 0x74, 0x6f,
    0x72, 0x73, 0x20, 0x3e, 0x20, 0x31, 0x29, 0x0a, 0x20, 0x20, 0x20, 0x20,
    0x20, 0x20, 0x20, 0x20, 0x20, 0x20, 0x20, 0x20, 0x20, 0x20, 0x20, 0x20,
    0x7b, 0x0a, 0x20, 0x20, 0x20, 0x20, 0x20, 0x20, 0x20, 0x20, 0x20, 0x20,
    0x20, 0x20, 0x20, 0x20, 0x20, 0x20, 0x20, 0x20, 0x20, 0x20, 0x62, 0x65,
    0x73, 0x74, 0x20, 0x2f, 0x3d, 0x20, 0x69, 0x6e, 0x74, 0x32, 0x28, 0x63,
    0x6f, 0x6e, 0x74, 0x72, 0x69, 0x62, 0x75, 0x74, 0x6f, 0x72, 0x73, 0x29,
    0x3b, 0x0a, 0x20, 0x20, 0x20, 0x20, 0x20, 0x20, 0x20, 0x20, 0x20, 0x20,
    0x20, 0x20, 0x20, 0x20, 0x20, 0x20, 0x7d, 0x0a, 0x20, 0x20, 0x20, 0x20,
    0x20, 0x20, 0x20, 0x20, 0x20, 0x20, 0x20, 0x20, 0x20, 0x20, 0x20, 0x20,
    0x62, 0x65, 0x73, 0x74, 0x20, 0x3d, 0x20, 0x63, 0x6c, 0x61, 0x6d, 0x70,
    0x28, 0x62, 0x65, 0x73, 0x74, 0x2c, 0x20, 0x69, 0x6e, 0x74, 0x32, 0x28,
    0x2d, 0x37, 0x29, 0x2c, 0x20, 0x69, 0x6e, 0x74, 0x32, 0x28, 0x37, 0x29,
    0x29, 0x3b, 0x0a, 0x20, 0x20, 0x20, 0x20, 0x20, 0x20, 0x20, 0x20, 0x20,
    0x20, 0x20, 0x20, 0x20, 0x20, 0x20, 0x20, 0x75, 0x69, 0x6e, 0x74, 0x20,
    0x62, 0x61, 0x73, 0x65, 0x20, 0x3d, 0x20, 0x75, 0x69, 0x6e, 0x74, 0x28,
    0x28, 0x28, 0x28, 0x28, 0x70, 0x6c, 0x61, 0x6e, 0x65, 0x20, 0x2a, 0x20,
    0x32, 0x29, 0x20, 0x2b, 0x20, 0x64, 0x69, 0x72, 0x65, 0x63, 0x74, 0x69,
    0x6f, 0x6e, 0x29, 0x20, 0x2a, 0x20, 0x38, 0x38, 0x30, 0x29, 0x20, 0x2b,
    0x20, 0x61, 0x74, 0x5f, 0x31, 0x29, 0x20, 0x2a, 0x20, 0x32, 0x32, 0x36,
    0x29, 0x3b, 0x0a, 0x20, 0x20, 0x20, 0x20, 0x20, 0x20, 0x20, 0x20, 0x20,
    0x20, 0x20, 0x20, 0x20, 0x20, 0x20, 0x20, 0x75, 0x69, 0x6e, 0x74, 0x20,
    0x70, 0x61, 0x72, 0x61, 0x6d, 0x20, 0x3d, 0x20, 0x62, 0x61, 0x73, 0x65,
    0x3b, 0x0a, 0x20, 0x20, 0x20, 0x20, 0x20, 0x20, 0x20, 0x20, 0x20, 0x20,
    0x20, 0x20, 0x20, 0x20, 0x20, 0x20, 0x69, 0x6e, 0x74, 0x32, 0x20, 0x70,
    0x61, 0x72, 0x61, 0x6d, 0x5f, 0x31, 0x20, 0x3d, 0x20, 0x69, 0x6e, 0x74,
    0x32, 0x28, 0x30, 0x29, 0x3b, 0x0a, 0x20, 0x20, 0x20, 0x20, 0x20, 0x20,
    0x20, 0x20, 0x20, 0x20, 0x20, 0x20, 0x20, 0x20, 0x20, 0x20, 0x75, 0x69,
    0x6e, 0x74, 0x20, 0x73, 0x74, 0x61, 0x74, 0x69, 0x6f, 0x6e, 0x61, 0x72,
    0x79, 0x20, 0x3d, 0x20, 0x63, 0x6f, 0x73, 0x74, 0x28, 0x70, 0x61, 0x72,
    0x61, 0x6d, 0x2c, 0x20, 0x70, 0x61, 0x72, 0x61, 0x6d, 0x5f, 0x31, 0x2c,
    0x20, 0x63, 0x6f, 0x73, 0x74, 0x73, 0x29, 0x3b, 0x0a, 0x20, 0x20, 0x20,
    0x20, 0x20, 0x20, 0x20, 0x20, 0x20, 0x20, 0x20, 0x20, 0x20, 0x20, 0x20,
    0x20, 0x75, 0x69, 0x6e, 0x74, 0x20, 0x70, 0x61, 0x72, 0x61, 0x6d, 0x5f,
    0x32, 0x20, 0x3d, 0x20, 0x62, 0x61, 0x73, 0x65, 0x3b, 0x0a, 0x20, 0x20,
    0x20, 0x20, 0x20, 0x20, 0x20, 0x20, 0x20, 0x20, 0x20, 0x20, 0x20, 0x20,
    0x20, 0x20, 0x69, 0x6e, 0x74, 0x32, 0x20, 0x70, 0x61, 0x72, 0x61, 0x6d,
    0x5f, 0x33, 0x20, 0x3d, 0x20, 0x62, 0x65, 0x73, 0x74, 0x3b, 0x0a, 0x20,
    0x20, 0x20, 0x20, 0x20, 0x20, 0x20, 0x20, 0x20, 0x20, 0x20, 0x20, 0x20,
    0x20, 0x20, 0x20, 0x75, 0x69, 0x6e, 0x74, 0x20, 0x62, 0x65, 0x73, 0x74,
    0x5f, 0x63, 0x6f, 0x73, 0x74, 0x20, 0x3d, 0x20, 0x63, 0x6f, 0x73, 0x74,
    0x28, 0x70, 0x61, 0x72, 0x61, 0x6d, 0x5f, 0x32, 0x2c, 0x20, 0x70, 0x61,
    0x72, 0x61, 0x6d, 0x5f, 0x33, 0x2c, 0x20, 0x63, 0x6f, 0x73, 0x74, 0x73,
    0x29, 0x3b, 0x0a, 0x20, 0x20, 0x20, 0x20, 0x20, 0x20, 0x20, 0x20, 0x20,
    0x20, 0x20, 0x20, 0x20, 0x20, 0x20, 0x20, 0x66, 0x6f, 0x72, 0x20, 0x28,
    0x69, 0x6e, 0x74, 0x20, 0x5f, 0x73, 0x74, 0x65, 0x70, 0x20, 0x3d, 0x20,
    0x34, 0x3b, 0x20, 0x5f, 0x73, 0x74, 0x65, 0x70, 0x20, 0x3e, 0x3d, 0x20,
    0x31, 0x3b, 0x20, 0x5f, 0x73, 0x74, 0x65, 0x70, 0x20, 0x2f, 0x3d, 0x20,
    0x32, 0x29, 0x0a, 0x20, 0x20, 0x20, 0x20, 0x20, 0x20, 0x20, 0x20, 0x20,
    0x20, 0x20, 0x20, 0x20, 0x20, 0x20, 0x20, 0x7b, 0x0a, 0x20, 0x20, 0x20,
    0x20, 0x20, 0x20, 0x20, 0x20, 0x20, 0x20, 0x20, 0x20, 0x20, 0x20, 0x20,
    0x20, 0x20, 0x20, 0x20, 0x20, 0x69, 0x6e, 0x74, 0x32, 0x20, 0x63, 0x65,
    0x6e, 0x74, 0x65, 0x72, 0x20, 0x3d, 0x20, 0x62, 0x65, 0x73, 0x74, 0x3b,
    0x0a, 0x20, 0x20, 0x20, 0x20, 0x20, 0x20, 0x20, 0x20, 0x20, 0x20, 0x20,
    0x20, 0x20, 0x20, 0x20, 0x20, 0x20, 0x20, 0x20, 0x20, 0x66, 0x6f, 0x72,
    0x20, 0x28, 0x69, 0x6e, 0x74, 0x20, 0x6f, 0x79, 0x20, 0x3d, 0x20, 0x2d,
    0x31, 0x3b, 0x20, 0x6f, 0x79, 0x20, 0x3c, 0x3d, 0x20, 0x31, 0x3b, 0x20,
    0x6f, 0x79, 0x2b, 0x2b, 0x29, 0x0a, 0x20, 0x20, 0x20, 0x20, 0x20, 0x20,
    0x20, 0x20, 0x20, 0x20, 0x20, 0x20, 0x20, 0x20, 0x20, 0x20, 0x20, 0x20,
    0x20, 0x20, 0x7b, 0x0a, 0x20, 0x20, 0x20, 0x20, 0x20, 0x20, 0x20, 0x20,
    0x20, 0x20, 0x20, 0x20, 0x20, 0x20, 0x20, 0x20, 0x20, 0x20, 0x20, 0x20,
    0x20, 0x20, 0x20, 0x20, 0x66, 0x6f, 0x72, 0x20, 0x28, 0x69, 0x6e, 0x74,
    0x20, 0x6f, 0x78, 0x20, 0x3d, 0x20, 0x2d, 0x31, 0x3b, 0x20, 0x6f, 0x78,
    0x20, 0x3c, 0x3d, 0x20, 0x31, 0x3b, 0x20, 0x6f, 0x78, 0x2b, 0x2b, 0x29,
    0x0a, 0x20, 0x20, 0x20, 0x20, 0x20, 0x20, 0x20, 0x20, 0x20, 0x20, 0x20,
    0x20, 0x20, 0x20, 0x20, 0x20, 0x20, 0x20, 0x20, 0x20, 0x20, 0x20, 0x20,
    0x20, 0x7b, 0x0a, 0x20, 0x20, 0x20, 0x20, 0x20, 0x20, 0x20, 0x20, 0x20,
    0x20, 0x20, 0x20, 0x20, 0x20, 0x20, 0x20, 0x20, 0x20, 0x20, 0x20, 0x20,
    0x20, 0x20, 0x20, 0x20, 0x20, 0x20, 0x20, 0x69, 0x6e, 0x74, 0x32, 0x20,
    0x63, 0x61, 0x6e, 0x64, 0x69, 0x64, 0x61, 0x74, 0x65, 0x20, 0x3d, 0x20,
    0x63, 0x6c, 0x61, 0x6d, 0x70, 0x28, 0x63, 0x65, 0x6e, 0x74, 0x65, 0x72,
    0x20, 0x2b, 0x20, 0x28, 0x69, 0x6e, 0x74, 0x32, 0x28, 0x6f, 0x78, 0x2c,
    0x20, 0x6f, 0x79, 0x29, 0x20, 0x2a, 0x20, 0x69, 0x6e, 0x74, 0x32, 0x28,
    0x5f, 0x73, 0x74, 0x65, 0x70, 0x29, 0x29, 0x2c, 0x20, 0x69, 0x6e, 0x74,
    0x32, 0x28, 0x2d, 0x37, 0x29, 0x2c, 0x20, 0x69, 0x6e, 0x74, 0x32, 0x28,
    0x37, 0x29, 0x29, 0x3b, 0x0a, 0x20, 0x20, 0x20, 0x20, 0x20, 0x20, 0x20,
    0x20, 0x20, 0x20, 0x20, 0x20, 0x20, 0x20, 0x20, 0x20, 0x20, 0x20, 0x20,
    0x20, 0x20, 0x20, 0x20, 0x20, 0x20, 0x20, 0x20, 0x20, 0x75, 0x69, 0x6e,
    0x74, 0x20, 0x70, 0x61, 0x72, 0x61, 0x6d, 0x5f, 0x34, 0x20, 0x3d, 0x20,
    0x62, 0x61, 0x73, 0x65, 0x3b, 0x0a, 0x20, 0x20, 0x20, 0x20, 0x20, 0x20,
    0x20, 0x20, 0x20, 0x20, 0x20, 0x20, 0x20, 0x20, 0x20, 0x20, 0x20, 0x20,
    0x20, 0x20, 0x20, 0x20, 0x20, 0x20, 0x20, 0x20, 0x20, 0x20, 0x69, 0x6e,
    0x74, 0x32, 0x20, 0x70, 0x61, 0x72, 0x61, 0x6d, 0x5f, 0x35, 0x20, 0x3d,
    0x20, 0x63, 0x61, 0x6e, 0x64, 0x69, 0x64, 0x61, 0x74, 0x65, 0x3b, 0x0a,
    0x20, 0x20, 0x20, 0x20, 0x20, 0x20, 0x20, 0x20, 0x20, 0x20, 0x20, 0x20,
    0x20, 0x20, 0x20, 0x20, 0x20, 0x20, 0x20, 0x20, 0x20, 0x20, 0x20, 0x20,
    0x20, 0x20, 0x20, 0x20, 0x75, 0x69, 0x6e, 0x74, 0x20, 0x63, 0x20, 0x3d,
    0x20, 0x63, 0x6f, 0x73, 0x74, 0x28, 0x70, 0x61, 0x72, 0x61, 0x6d, 0x5f,
    0x34, 0x2c, 0x20, 0x70, 0x61, 0x72, 0x61, 0x6d, 0x5f, 0x35, 0x2c, 0x20,
    0x63, 0x6f, 0x73, 0x74, 0x73, 0x29, 0x3b, 0x0a, 0x20, 0x20, 0x20, 0x20,
    0x20, 0x20, 0x20, 0x20, 0x20, 0x20, 0x20, 0x20, 0x20, 0x20, 0x20, 0x20,
    0x20, 0x20, 0x20, 0x20, 0x20, 0x20, 0x20, 0x20, 0x20, 0x20, 0x20, 0x20,
    0x75, 0x69, 0x6e, 0x74, 0x20, 0x70, 0x61, 0x72, 0x61, 0x6d, 0x5f, 0x36,
    0x20, 0x3d, 0x20, 0x63, 0x3b, 0x0a, 0x20, 0x20, 0x20, 0x20, 0x20, 0x20,
    0x20, 0x20, 0x20, 0x20, 0x20, 0x20, 0x20, 0x20, 0x20, 0x20, 0x20, 0x20,
    0x20, 0x20, 0x20, 0x20, 0x20, 0x20, 0x20, 0x20, 0x20, 0x20, 0x69, 0x6e,
    0x74, 0x32, 0x20, 0x70, 0x61, 0x72, 0x61, 0x6d, 0x5f, 0x37, 0x20, 0x3d,
    0x20, 0x63, 0x61, 0x6e, 0x64, 0x69, 0x64, 0x61, 0x74, 0x65, 0x3b, 0x0a,
    0x20, 0x20, 0x20, 0x20, 0x20, 0x20, 0x20, 0x20, 0x20, 0x20, 0x20, 0x20,
    0x20, 0x20, 0x20, 0x20, 0x20, 0x20, 0x20, 0x20, 0x20, 0x20, 0x20, 0x20,
    0x20, 0x20, 0x20, 0x20, 0x75, 0x69, 0x6e, 0x74, 0x20, 0x70, 0x61, 0x72,
    0x61, 0x6d, 0x5f, 0x38, 0x20, 0x3d, 0x20, 0x62, 0x65, 0x73, 0x74, 0x5f,
    0x63, 0x6f, 0x73, 0x74, 0x3b, 0x0a, 0x20, 0x20, 0x20, 0x20, 0x20, 0x20,
    0x20, 0x20, 0x20, 0x20, 0x20, 0x20, 0x20, 0x20, 0x20, 0x20, 0x20, 0x20,
    0x20, 0x20, 0x20, 0x20, 0x20, 0x20, 0x20, 0x20, 0x20, 0x20, 0x69, 0x6e,
    0x74, 0x32, 0x20, 0x70, 0x61, 0x72, 0x61, 0x6d, 0x5f, 0x39, 0x20, 0x3d,
    0x20, 0x62, 0x65, 0x73, 0x74, 0x3b, 0x0a, 0x20, 0x20, 0x20, 0x20, 0x20,
    0x20, 0x20, 0x20, 0x20, 0x20, 0x20, 0x20, 0x20, 0x20, 0x20, 0x20, 0x20,
    0x20, 0x20, 0x20, 0x20, 0x20, 0x20, 0x20, 0x20, 0x20, 0x20, 0x20, 0x69,
    0x66, 0x20, 0x28, 0x62, 0x65, 0x74, 0x74, 0x65, 0x72, 0x28, 0x70, 0x61,
    0x72, 0x61, 0x6d, 0x5f, 0x36, 0x2c, 0x20, 0x70, 0x61, 0x72, 0x61, 0x6d,
    0x5f, 0x37, 0x2c, 0x20, 0x70, 0x61, 0x72, 0x61, 0x6d, 0x5f, 0x38, 0x2c,
    0x20, 0x70, 0x61, 0x72, 0x61, 0x6d, 0x5f, 0x39, 0x29, 0x29, 0x0a, 0x20,
    0x20, 0x20, 0x20, 0x20, 0x20, 0x20, 0x20, 0x20, 0x20, 0x20, 0x20, 0x20,
    0x20, 0x20, 0x20, 0x20, 0x20, 0x20, 0x20, 0x20, 0x20, 0x20, 0x20, 0x20,
    0x20, 0x20, 0x20, 0x7b, 0x0a, 0x20, 0x20, 0x20, 0x20, 0x20, 0x20, 0x20,
    0x20, 0x20, 0x20, 0x20, 0x20, 0x20, 0x20, 0x20, 0x20, 0x20, 0x20, 0x20,
    0x20, 0x20, 0x20, 0x20, 0x20, 0x20, 0x20, 0x20, 0x20, 0x20, 0x20, 0x20,
    0x20, 0x62, 0x65, 0x73, 0x74, 0x20, 0x3d, 0x20, 0x63, 0x61, 0x6e, 0x64,
    0x69, 0x64, 0x61, 0x74, 0x65, 0x3b, 0x0a, 0x20, 0x20, 0x20, 0x20, 0x20,
    0x20, 0x20, 0x20, 0x20, 0x20, 0x20, 0x20, 0x20, 0x20, 0x20, 0x20, 0x20,
    0x20, 0x20, 0x20, 0x20, 0x20, 0x20, 0x20, 0x20, 0x20, 0x20, 0x20, 0x20,
    0x20, 0x20, 0x20, 0x62, 0x65, 0x73, 0x74, 0x5f, 0x63, 0x6f, 0x73, 0x74,
    0x20, 0x3d, 0x20, 0x63, 0x3b, 0x0a, 0x20, 0x20, 0x20, 0x20, 0x20, 0x20,
    0x20, 0x20, 0x20, 0x20, 0x20, 0x20, 0x20, 0x20, 0x20, 0x20, 0x20, 0x20,
    0x20, 0x20, 0x20, 0x20, 0x20, 0x20, 0x20, 0x20, 0x20, 0x20, 0x7d, 0x0a,
    0x20, 0x20, 0x20, 0x20, 0x20, 0x20, 0x20, 0x20, 0x20, 0x20, 0x20, 0x20,
    0x20, 0x20, 0x20, 0x20, 0x20, 0x20, 0x20, 0x20, 0x20, 0x20, 0x20, 0x20,
    0x7d, 0x0a, 0x20, 0x20, 0x20, 0x20, 0x20, 0x20, 0x20, 0x20, 0x20, 0x20,
    0x20, 0x20, 0x20, 0x20, 0x20, 0x20, 0x20, 0x20, 0x20, 0x20, 0x7d, 0x0a,
    0x20, 0x20, 0x20, 0x20, 0x20, 0x20, 0x20, 0x20, 0x20, 0x20, 0x20, 0x20,
    0x20, 0x20, 0x20, 0x20, 0x7d, 0x0a, 0x20, 0x20, 0x20, 0x20, 0x20, 0x20,
    0x20, 0x20, 0x20, 0x20, 0x20, 0x20, 0x20, 0x20, 0x20, 0x20, 0x62, 0x6f,
    0x6f, 0x6c, 0x20, 0x5f, 0x34, 0x30, 0x33, 0x20, 0x3d, 0x20, 0x61, 0x6e,
    0x79, 0x28, 0x62, 0x65, 0x73, 0x74, 0x20, 0x21, 0x3d, 0x20, 0x69, 0x6e,
    0x74, 0x32, 0x28, 0x30, 0x29, 0x29, 0x20, 0x26, 0x26, 0x20, 0x28, 0x62,
    0x65, 0x73, 0x74, 0x5f, 0x63, 0x6f, 0x73, 0x74, 0x20, 0x3c, 0x20, 0x73,
    0x74, 0x61, 0x74, 0x69, 0x6f, 0x6e, 0x61, 0x72, 0x79, 0x29, 0x3b, 0x0a,
    0x20, 0x20, 0x20, 0x20, 0x20, 0x20, 0x20, 0x20, 0x20, 0x20, 0x20, 0x20,
    0x20, 0x20, 0x20, 0x20, 0x62, 0x6f, 0x6f, 0x6c, 0x20, 0x5f, 0x34, 0x31,
    0x39, 0x3b, 0x0a, 0x20, 0x20, 0x20, 0x20, 0x20, 0x20, 0x20, 0x20, 0x20,
    0x20, 0x20, 0x20, 0x20, 0x20, 0x20, 0x20, 0x69, 0x66, 0x20, 0x28, 0x5f,
    0x34, 0x30, 0x33, 0x29, 0x0a, 0x20, 0x20, 0x20, 0x20, 0x20, 0x20, 0x20,
    0x20, 0x20, 0x20, 0x20, 0x20, 0x20, 0x20, 0x20, 0x20, 0x7b, 0x0a, 0x20,
    0x20, 0x20, 0x20, 0x20, 0x20, 0x20, 0x20, 0x20, 0x20, 0x20, 0x20, 0x20,
    0x20, 0x20, 0x20, 0x20, 0x20, 0x20, 0x20, 0x5f, 0x34, 0x31, 0x39, 0x20,
    0x3d, 0x20, 0x28, 0x73, 0x74, 0x61, 0x74, 0x69, 0x6f, 0x6e, 0x61, 0x72,
    0x79, 0x20, 0x2d, 0x20, 0x62, 0x65, 0x73, 0x74, 0x5f, 0x63, 0x6f, 0x73,
    0x74, 0x29, 0x20, 0x3e, 0x3d, 0x20, 0x6d, 0x61, 0x78, 0x28, 0x36, 0x34,
    0x75, 0x2c, 0x20, 0x28, 0x28, 0x28, 0x73, 0x74, 0x61, 0x74, 0x69, 0x6f,
    0x6e, 0x61, 0x72, 0x79, 0x20, 0x2a, 0x20, 0x31, 0x32, 0x75, 0x29, 0x20,
    0x2b, 0x20, 0x39, 0x39, 0x75, 0x29, 0x20, 0x2f, 0x20, 0x31, 0x30, 0x30,
    0x75, 0x29, 0x29, 0x3b, 0x0a, 0x20, 0x20, 0x20, 0x20, 0x20, 0x20, 0x20,
    0x20, 0x20, 0x20, 0x20, 0x20, 0x20, 0x20, 0x20, 0x20, 0x7d, 0x0a, 0x20,
    0x20, 0x20, 0x20, 0x20, 0x20, 0x20, 0x20, 0x20, 0x20, 0x20, 0x20, 0x20,
    0x20, 0x20, 0x20, 0x65, 0x6c, 0x73, 0x65, 0x0a, 0x20, 0x20, 0x20, 0x20,
    0x20, 0x20, 0x20, 0x20, 0x20, 0x20, 0x20, 0x20, 0x20, 0x20, 0x20, 0x20,
    0x7b, 0x0a, 0x20, 0x20, 0x20, 0x20, 0x20, 0x20, 0x20, 0x20, 0x20, 0x20,
    0x20, 0x20, 0x20, 0x20, 0x20, 0x20, 0x20, 0x20, 0x20, 0x20, 0x5f, 0x34,
    0x31, 0x39, 0x20, 0x3d, 0x20, 0x5f, 0x34, 0x30, 0x33, 0x3b, 0x0a, 0x20,
    0x20, 0x20, 0x20, 0x20, 0x20, 0x20, 0x20, 0x20, 0x20, 0x20, 0x20, 0x20,
    0x20, 0x20, 0x20, 0x7d, 0x0a, 0x20, 0x20, 0x20, 0x20, 0x20, 0x20, 0x20,
    0x20, 0x20, 0x20, 0x20, 0x20, 0x20, 0x20, 0x20, 0x20, 0x62, 0x6f, 0x6f,
    0x6c, 0x20, 0x61, 0x63, 0x63, 0x65, 0x70, 0x74, 0x65, 0x64, 0x20, 0x3d,
    0x20, 0x5f, 0x34, 0x31, 0x39, 0x3b, 0x0a, 0x20, 0x20, 0x20, 0x20, 0x20,
    0x20, 0x20, 0x20, 0x20, 0x20, 0x20, 0x20, 0x20, 0x20, 0x20, 0x20, 0x76,
    0x65, 0x63, 0x74, 0x6f, 0x72, 0x73, 0x5b, 0x61, 0x74, 0x5f, 0x31, 0x5d,
    0x20, 0x3d, 0x20, 0x73, 0x65, 0x6c, 0x65, 0x63, 0x74, 0x28, 0x69, 0x6e,
    0x74, 0x32, 0x28, 0x30, 0x29, 0x2c, 0x20, 0x62, 0x65, 0x73, 0x74, 0x2c,
    0x20, 0x62, 0x6f, 0x6f, 0x6c, 0x32, 0x28, 0x61, 0x63, 0x63, 0x65, 0x70,
    0x74, 0x65, 0x64, 0x29, 0x29, 0x3b, 0x0a, 0x20, 0x20, 0x20, 0x20, 0x20,
    0x20, 0x20, 0x20, 0x20, 0x20, 0x20, 0x20, 0x20, 0x20, 0x20, 0x20, 0x72,
    0x65, 0x6c, 0x69, 0x61, 0x62, 0x6c, 0x65, 0x5b, 0x61, 0x74, 0x5f, 0x31,
    0x5d, 0x20, 0x3d, 0x20, 0x75, 0x69, 0x6e, 0x74, 0x28, 0x61, 0x63, 0x63,
    0x65, 0x70, 0x74, 0x65, 0x64, 0x29, 0x3b, 0x0a, 0x20, 0x20, 0x20, 0x20,
    0x20, 0x20, 0x20, 0x20, 0x20, 0x20, 0x20, 0x20, 0x7d, 0x0a, 0x20, 0x20,
    0x20, 0x20, 0x20, 0x20, 0x20, 0x20, 0x20, 0x20, 0x20, 0x20, 0x74, 0x68,
    0x72, 0x65, 0x61, 0x64, 0x67, 0x72, 0x6f, 0x75, 0x70, 0x5f, 0x62, 0x61,
    0x72, 0x72, 0x69, 0x65, 0x72, 0x28, 0x6d, 0x65, 0x6d, 0x5f, 0x66, 0x6c,
    0x61, 0x67, 0x73, 0x3a, 0x3a, 0x6d, 0x65, 0x6d, 0x5f, 0x74, 0x68, 0x72,
    0x65, 0x61, 0x64, 0x67, 0x72, 0x6f, 0x75, 0x70, 0x29, 0x3b, 0x0a, 0x20,
    0x20, 0x20, 0x20, 0x20, 0x20, 0x20, 0x20, 0x20, 0x20, 0x20, 0x20, 0x64,
    0x69, 0x61, 0x67, 0x6f, 0x6e, 0x61, 0x6c, 0x2b, 0x2b, 0x3b, 0x0a, 0x20,
    0x20, 0x20, 0x20, 0x20, 0x20, 0x20, 0x20, 0x20, 0x20, 0x20, 0x20, 0x63,
    0x6f, 0x6e, 0x74, 0x69, 0x6e, 0x75, 0x65, 0x3b, 0x0a, 0x20, 0x20, 0x20,
    0x20, 0x20, 0x20, 0x20, 0x20, 0x7d, 0x0a, 0x20, 0x20, 0x20, 0x20, 0x20,
    0x20, 0x20, 0x20, 0x65, 0x6c, 0x73, 0x65, 0x0a, 0x20, 0x20, 0x20, 0x20,
    0x20, 0x20, 0x20, 0x20, 0x7b, 0x0a, 0x20, 0x20, 0x20, 0x20, 0x20, 0x20,
    0x20, 0x20, 0x20, 0x20, 0x20, 0x20, 0x62, 0x72, 0x65, 0x61, 0x6b, 0x3b,
    0x0a, 0x20, 0x20, 0x20, 0x20, 0x20, 0x20, 0x20, 0x20, 0x7d, 0x0a, 0x20,
    0x20, 0x20, 0x20, 0x7d, 0x0a, 0x20, 0x20, 0x20, 0x20, 0x66, 0x6f, 0x72,
    0x20, 0x28, 0x69, 0x6e, 0x74, 0x20, 0x61, 0x74, 0x5f, 0x32, 0x20, 0x3d,
    0x20, 0x74, 0x69, 0x64, 0x3b, 0x20, 0x61, 0x74, 0x5f, 0x32, 0x20, 0x3c,
    0x20, 0x38, 0x38, 0x30, 0x3b, 0x20, 0x61, 0x74, 0x5f, 0x32, 0x20, 0x2b,
    0x3d, 0x20, 0x36, 0x34, 0x29, 0x0a, 0x20, 0x20, 0x20, 0x20, 0x7b, 0x0a,
    0x20, 0x20, 0x20, 0x20, 0x20, 0x20, 0x20, 0x20, 0x69, 0x6e, 0x74, 0x32,
    0x20, 0x6d, 0x6f, 0x74, 0x69, 0x6f, 0x6e, 0x20, 0x3d, 0x20, 0x76, 0x65,
    0x63, 0x74, 0x6f, 0x72, 0x73, 0x5b, 0x61, 0x74, 0x5f, 0x32, 0x5d, 0x3b,
    0x0a, 0x20, 0x20, 0x20, 0x20, 0x20, 0x20, 0x20, 0x20, 0x75, 0x69, 0x6e,
    0x74, 0x20, 0x61, 0x63, 0x63, 0x65, 0x70, 0x74, 0x65, 0x64, 0x5f, 0x31,
    0x20, 0x3d, 0x20, 0x72, 0x65, 0x6c, 0x69, 0x61, 0x62, 0x6c, 0x65, 0x5b,
    0x61, 0x74, 0x5f, 0x32, 0x5d, 0x3b, 0x0a, 0x20, 0x20, 0x20, 0x20, 0x20,
    0x20, 0x20, 0x20, 0x62, 0x6f, 0x6f, 0x6c, 0x20, 0x5f, 0x34, 0x35, 0x33,
    0x20, 0x3d, 0x20, 0x65, 0x6e, 0x61, 0x62, 0x6c, 0x65, 0x64, 0x20, 0x26,
    0x26, 0x20, 0x28, 0x61, 0x74, 0x5f, 0x32, 0x20, 0x3c, 0x20, 0x63, 0x6f,
    0x75, 0x6e, 0x74, 0x29, 0x3b, 0x0a, 0x20, 0x20, 0x20, 0x20, 0x20, 0x20,
    0x20, 0x20, 0x62, 0x6f, 0x6f, 0x6c, 0x20, 0x5f, 0x34, 0x36, 0x30, 0x3b,
    0x0a, 0x20, 0x20, 0x20, 0x20, 0x20, 0x20, 0x20, 0x20, 0x69, 0x66, 0x20,
    0x28, 0x5f, 0x34, 0x35, 0x33, 0x29, 0x0a, 0x20, 0x20, 0x20, 0x20, 0x20,
    0x20, 0x20, 0x20, 0x7b, 0x0a, 0x20, 0x20, 0x20, 0x20, 0x20, 0x20, 0x20,
    0x20, 0x20, 0x20, 0x20, 0x20, 0x5f, 0x34, 0x36, 0x30, 0x20, 0x3d, 0x20,
    0x6f, 0x63, 0x63, 0x75, 0x70, 0x69, 0x65, 0x64, 0x5b, 0x61, 0x74, 0x5f,
    0x32, 0x5d, 0x20, 0x3d, 0x3d, 0x20, 0x30, 0x75, 0x3b, 0x0a, 0x20, 0x20,
    0x20, 0x20, 0x20, 0x20, 0x20, 0x20, 0x7d, 0x0a, 0x20, 0x20, 0x20, 0x20,
    0x20, 0x20, 0x20, 0x20, 0x65, 0x6c, 0x73, 0x65, 0x0a, 0x20, 0x20, 0x20,
    0x20, 0x20, 0x20, 0x20, 0x20, 0x7b, 0x0a, 0x20, 0x20, 0x20, 0x20, 0x20,
    0x20, 0x20, 0x20, 0x20, 0x20, 0x20, 0x20, 0x5f, 0x34, 0x36, 0x30, 0x20,
    0x3d, 0x20, 0x5f, 0x34, 0x35, 0x33, 0x3b, 0x0a, 0x20, 0x20, 0x20, 0x20,
    0x20, 0x20, 0x20, 0x20, 0x7d, 0x0a, 0x20, 0x20, 0x20, 0x20, 0x20, 0x20,
    0x20, 0x20, 0x69, 0x66, 0x20, 0x28, 0x5f, 0x34, 0x36, 0x30, 0x29, 0x0a,
    0x20, 0x20, 0x20, 0x20, 0x20, 0x20, 0x20, 0x20, 0x7b, 0x0a, 0x20, 0x20,
    0x20, 0x20, 0x20, 0x20, 0x20, 0x20, 0x20, 0x20, 0x20, 0x20, 0x69, 0x6e,
    0x74, 0x32, 0x20, 0x73, 0x75, 0x6d, 0x20, 0x3d, 0x20, 0x69, 0x6e, 0x74,
    0x32, 0x28, 0x30, 0x29, 0x3b, 0x0a, 0x20, 0x20, 0x20, 0x20, 0x20, 0x20,
    0x20, 0x20, 0x20, 0x20, 0x20, 0x20, 0x69, 0x6e, 0x74, 0x32, 0x20, 0x62,
    0x20, 0x3d, 0x20, 0x69, 0x6e, 0x74, 0x32, 0x28, 0x73, 0x70, 0x76, 0x53,
    0x4d, 0x6f, 0x64, 0x28, 0x61, 0x74, 0x5f, 0x32, 0x2c, 0x20, 0x62, 0x6c,
    0x6f, 0x63, 0x6b, 0x73, 0x2e, 0x78, 0x29, 0x2c, 0x20, 0x61, 0x74, 0x5f,
    0x32, 0x20, 0x2f, 0x20, 0x62, 0x6c, 0x6f, 0x63, 0x6b, 0x73, 0x2e, 0x78,
    0x29, 0x3b, 0x0a, 0x20, 0x20, 0x20, 0x20, 0x20, 0x20, 0x20, 0x20, 0x20,
    0x20, 0x20, 0x20, 0x69, 0x6e, 0x74, 0x20, 0x6e, 0x20, 0x3d, 0x20, 0x30,
    0x3b, 0x0a, 0x20, 0x20, 0x20, 0x20, 0x20, 0x20, 0x20, 0x20, 0x20, 0x20,
    0x20, 0x20, 0x66, 0x6f, 0x72, 0x20, 0x28, 0x69, 0x6e, 0x74, 0x20, 0x69,
    0x20, 0x3d, 0x20, 0x30, 0x3b, 0x20, 0x69, 0x20, 0x3c, 0x20, 0x34, 0x3b,
    0x20, 0x69, 0x2b, 0x2b, 0x29, 0x0a, 0x20, 0x20, 0x20, 0x20, 0x20, 0x20,
    0x20, 0x20, 0x20, 0x20, 0x20, 0x20, 0x7b, 0x0a, 0x20, 0x20, 0x20, 0x20,
    0x20, 0x20, 0x20, 0x20, 0x20, 0x20, 0x20, 0x20, 0x20, 0x20, 0x20, 0x20,
    0x69, 0x6e, 0x74, 0x32, 0x20, 0x61, 0x64, 0x6a, 0x61, 0x63, 0x65, 0x6e,
    0x74, 0x20, 0x3d, 0x20, 0x62, 0x20, 0x2b, 0x20, 0x5f, 0x34, 0x39, 0x30,
    0x5b, 0x69, 0x5d, 0x3b, 0x0a, 0x20, 0x20, 0x20, 0x20, 0x20, 0x20, 0x20,
    0x20, 0x20, 0x20, 0x20, 0x20, 0x20, 0x20, 0x20, 0x20, 0x69, 0x6e, 0x74,
    0x20, 0x6f, 0x74, 0x68, 0x65, 0x72, 0x20, 0x3d, 0x20, 0x28, 0x61, 0x64,
    0x6a, 0x61, 0x63, 0x65, 0x6e, 0x74, 0x2e, 0x79, 0x20, 0x2a, 0x20, 0x62,
    0x6c, 0x6f, 0x63, 0x6b, 0x73, 0x2e, 0x78, 0x29, 0x20, 0x2b, 0x20, 0x61,
    0x64, 0x6a, 0x61, 0x63, 0x65, 0x6e, 0x74, 0x2e, 0x78, 0x3b, 0x0a, 0x20,
    0x20, 0x20, 0x20, 0x20, 0x20, 0x20, 0x20, 0x20, 0x20, 0x20, 0x20, 0x20,
    0x20, 0x20, 0x20, 0x62, 0x6f, 0x6f, 0x6c, 0x20, 0x5f, 0x35, 0x30, 0x38,
    0x20, 0x3d, 0x20, 0x61, 0x6c, 0x6c, 0x28, 0x61, 0x64, 0x6a, 0x61, 0x63,
    0x65, 0x6e, 0x74, 0x20, 0x3e, 0x3d, 0x20, 0x69, 0x6e, 0x74, 0x32, 0x28,
    0x30, 0x29, 0x29, 0x3b, 0x0a, 0x20, 0x20, 0x20, 0x20, 0x20, 0x20, 0x20,
    0x20, 0x20, 0x20, 0x20, 0x20, 0x20, 0x20, 0x20, 0x20, 0x62, 0x6f, 0x6f,
    0x6c, 0x20, 0x5f, 0x35, 0x31, 0x35, 0x3b, 0x0a, 0x20, 0x20, 0x20, 0x20,
    0x20, 0x20, 0x20, 0x20, 0x20, 0x20, 0x20, 0x20, 0x20, 0x20, 0x20, 0x20,
    0x69, 0x66, 0x20, 0x28, 0x5f, 0x35, 0x30, 0x38, 0x29, 0x0a, 0x20, 0x20,
    0x20, 0x20, 0x20, 0x20, 0x20, 0x20, 0x20, 0x20, 0x20, 0x20, 0x20, 0x20,
    0x20, 0x20, 0x7b, 0x0a, 0x20, 0x20, 0x20, 0x20, 0x20, 0x20, 0x20, 0x20,
    0x20, 0x20, 0x20, 0x20, 0x20, 0x20, 0x20, 0x20, 0x20, 0x20, 0x20, 0x20,
    0x5f, 0x35, 0x31, 0x35, 0x20, 0x3d, 0x20, 0x61, 0x6c, 0x6c, 0x28, 0x61,
    0x64, 0x6a, 0x61, 0x63, 0x65, 0x6e, 0x74, 0x20, 0x3c, 0x20, 0x62, 0x6c,
    0x6f, 0x63, 0x6b, 0x73, 0x29, 0x3b, 0x0a, 0x20, 0x20, 0x20, 0x20, 0x20,
    0x20, 0x20, 0x20, 0x20, 0x20, 0x20, 0x20, 0x20, 0x20, 0x20, 0x20, 0x7d,
    0x0a, 0x20, 0x20, 0x20, 0x20, 0x20, 0x20, 0x20, 0x20, 0x20, 0x20, 0x20,
    0x20, 0x20, 0x20, 0x20, 0x20, 0x65, 0x6c, 0x73, 0x65, 0x0a, 0x20, 0x20,
    0x20, 0x20, 0x20, 0x20, 0x20, 0x20, 0x20, 0x20, 0x20, 0x20, 0x20, 0x20,
    0x20, 0x20, 0x7b, 0x0a, 0x20, 0x20, 0x20, 0x20, 0x20, 0x20, 0x20, 0x20,
    0x20, 0x20, 0x20, 0x20, 0x20, 0x20, 0x20, 0x20, 0x20, 0x20, 0x20, 0x20,
    0x5f, 0x35, 0x31, 0x35, 0x20, 0x3d, 0x20, 0x5f, 0x35, 0x30, 0x38, 0x3b,
    0x0a, 0x20, 0x20, 0x20, 0x20, 0x20, 0x20, 0x20, 0x20, 0x20, 0x20, 0x20,
    0x20, 0x20, 0x20, 0x20, 0x20, 0x7d, 0x0a, 0x20, 0x20, 0x20, 0x20, 0x20,
    0x20, 0x20, 0x20, 0x20, 0x20, 0x20, 0x20, 0x20, 0x20, 0x20, 0x20, 0x62,
    0x6f, 0x6f, 0x6c, 0x20, 0x5f, 0x35, 0x32, 0x32, 0x3b, 0x0a, 0x20, 0x20,
    0x20, 0x20, 0x20, 0x20, 0x20, 0x20, 0x20, 0x20, 0x20, 0x20, 0x20, 0x20,
    0x20, 0x20, 0x69, 0x66, 0x20, 0x28, 0x5f, 0x35, 0x31, 0x35, 0x29, 0x0a,
    0x20, 0x20, 0x20, 0x20, 0x20, 0x20, 0x20, 0x20, 0x20, 0x20, 0x20, 0x20,
    0x20, 0x20, 0x20, 0x20, 0x7b, 0x0a, 0x20, 0x20, 0x20, 0x20, 0x20, 0x20,
    0x20, 0x20, 0x20, 0x20, 0x20, 0x20, 0x20, 0x20, 0x20, 0x20, 0x20, 0x20,
    0x20, 0x20, 0x5f, 0x35, 0x32, 0x32, 0x20, 0x3d, 0x20, 0x6f, 0x63, 0x63,
    0x75, 0x70, 0x69, 0x65, 0x64, 0x5b, 0x6f, 0x74, 0x68, 0x65, 0x72, 0x5d,
    0x20, 0x21, 0x3d, 0x20, 0x30, 0x75, 0x3b, 0x0a, 0x20, 0x20, 0x20, 0x20,
    0x20, 0x20, 0x20, 0x20, 0x20, 0x20, 0x20, 0x20, 0x20, 0x20, 0x20, 0x20,
    0x7d, 0x0a, 0x20, 0x20, 0x20, 0x20, 0x20, 0x20, 0x20, 0x20, 0x20, 0x20,
    0x20, 0x20, 0x20, 0x20, 0x20, 0x20, 0x65, 0x6c, 0x73, 0x65, 0x0a, 0x20,
    0x20, 0x20, 0x20, 0x20, 0x20, 0x20, 0x20, 0x20, 0x20, 0x20, 0x20, 0x20,
    0x20, 0x20, 0x20, 0x7b, 0x0a, 0x20, 0x20, 0x20, 0x20, 0x20, 0x20, 0x20,
    0x20, 0x20, 0x20, 0x20, 0x20, 0x20, 0x20, 0x20, 0x20, 0x20, 0x20, 0x20,
    0x20, 0x5f, 0x35, 0x32, 0x32, 0x20, 0x3d, 0x20, 0x5f, 0x35, 0x31, 0x35,
    0x3b, 0x0a, 0x20, 0x20, 0x20, 0x20, 0x20, 0x20, 0x20, 0x20, 0x20, 0x20,
    0x20, 0x20, 0x20, 0x20, 0x20, 0x20, 0x7d, 0x0a, 0x20, 0x20, 0x20, 0x20,
    0x20, 0x20, 0x20, 0x20, 0x20, 0x20, 0x20, 0x20, 0x20, 0x20, 0x20, 0x20,
    0x62, 0x6f, 0x6f, 0x6c, 0x20, 0x5f, 0x35, 0x32, 0x39, 0x3b, 0x0a, 0x20,
    0x20, 0x20, 0x20, 0x20, 0x20, 0x20, 0x20, 0x20, 0x20, 0x20, 0x20, 0x20,
    0x20, 0x20, 0x20, 0x69, 0x66, 0x20, 0x28, 0x5f, 0x35, 0x32, 0x32, 0x29,
    0x0a, 0x20, 0x20, 0x20, 0x20, 0x20, 0x20, 0x20, 0x20, 0x20, 0x20, 0x20,
    0x20, 0x20, 0x20, 0x20, 0x20, 0x7b, 0x0a, 0x20, 0x20, 0x20, 0x20, 0x20,
    0x20, 0x20, 0x20, 0x20, 0x20, 0x20, 0x20, 0x20, 0x20, 0x20, 0x20, 0x20,
    0x20, 0x20, 0x20, 0x5f, 0x35, 0x32, 0x39, 0x20, 0x3d, 0x20, 0x72, 0x65,
    0x6c, 0x69, 0x61, 0x62, 0x6c, 0x65, 0x5b, 0x6f, 0x74, 0x68, 0x65, 0x72,
    0x5d, 0x20, 0x21, 0x3d, 0x20, 0x30, 0x75, 0x3b, 0x0a, 0x20, 0x20, 0x20,
    0x20, 0x20, 0x20, 0x20, 0x20, 0x20, 0x20, 0x20, 0x20, 0x20, 0x20, 0x20,
    0x20, 0x7d, 0x0a, 0x20, 0x20, 0x20, 0x20, 0x20, 0x20, 0x20, 0x20, 0x20,
    0x20, 0x20, 0x20, 0x20, 0x20, 0x20, 0x20, 0x65, 0x6c, 0x73, 0x65, 0x0a,
    0x20, 0x20, 0x20, 0x20, 0x20, 0x20, 0x20, 0x20, 0x20, 0x20, 0x20, 0x20,
    0x20, 0x20, 0x20, 0x20, 0x7b, 0x0a, 0x20, 0x20, 0x20, 0x20, 0x20, 0x20,
    0x20, 0x20, 0x20, 0x20, 0x20, 0x20, 0x20, 0x20, 0x20, 0x20, 0x20, 0x20,
    0x20, 0x20, 0x5f, 0x35, 0x32, 0x39, 0x20, 0x3d, 0x20, 0x5f, 0x35, 0x32,
    0x32, 0x3b, 0x0a, 0x20, 0x20, 0x20, 0x20, 0x20, 0x20, 0x20, 0x20, 0x20,
    0x20, 0x20, 0x20, 0x20, 0x20, 0x20, 0x20, 0x7d, 0x0a, 0x20, 0x20, 0x20,
    0x20, 0x20, 0x20, 0x20, 0x20, 0x20, 0x20, 0x20, 0x20, 0x20, 0x20, 0x20,
    0x20, 0x69, 0x66, 0x20, 0x28, 0x5f, 0x35, 0x32, 0x39, 0x29, 0x0a, 0x20,
    0x20, 0x20, 0x20, 0x20, 0x20, 0x20, 0x20, 0x20, 0x20, 0x20, 0x20, 0x20,
    0x20, 0x20, 0x20, 0x7b, 0x0a, 0x20, 0x20, 0x20, 0x20, 0x20, 0x20, 0x20,
    0x20, 0x20, 0x20, 0x20, 0x20, 0x20, 0x20, 0x20, 0x20, 0x20, 0x20, 0x20,
    0x20, 0x73, 0x75, 0x6d, 0x20, 0x2b, 0x3d, 0x20, 0x76, 0x65, 0x63, 0x74,
    0x6f, 0x72, 0x73, 0x5b, 0x6f, 0x74, 0x68, 0x65, 0x72, 0x5d, 0x3b, 0x0a,
    0x20, 0x20, 0x20, 0x20, 0x20, 0x20, 0x20, 0x20, 0x20, 0x20, 0x20, 0x20,
    0x20, 0x20, 0x20, 0x20, 0x20, 0x20, 0x20, 0x20, 0x6e, 0x2b, 0x2b, 0x3b,
    0x0a, 0x20, 0x20, 0x20, 0x20, 0x20, 0x20, 0x20, 0x20, 0x20, 0x20, 0x20,
    0x20, 0x20, 0x20, 0x20, 0x20, 0x7d, 0x0a, 0x20, 0x20, 0x20, 0x20, 0x20,
    0x20, 0x20, 0x20, 0x20, 0x20, 0x20, 0x20, 0x7d, 0x0a, 0x20, 0x20, 0x20,
    0x20, 0x20, 0x20, 0x20, 0x20, 0x20, 0x20, 0x20, 0x20, 0x69, 0x66, 0x20,
    0x28, 0x6e, 0x20, 0x21, 0x3d, 0x20, 0x30, 0x29, 0x0a, 0x20, 0x20, 0x20,
    0x20, 0x20, 0x20, 0x20, 0x20, 0x20, 0x20, 0x20, 0x20, 0x7b, 0x0a, 0x20,
    0x20, 0x20, 0x20, 0x20, 0x20, 0x20, 0x20, 0x20, 0x20, 0x20, 0x20, 0x20,
    0x20, 0x20, 0x20, 0x6d, 0x6f, 0x74, 0x69, 0x6f, 0x6e, 0x20, 0x3d, 0x20,
    0x73, 0x75, 0x6d, 0x20, 0x2f, 0x20, 0x69, 0x6e, 0x74, 0x32, 0x28, 0x6e,
    0x29, 0x3b, 0x0a, 0x20, 0x20, 0x20, 0x20, 0x20, 0x20, 0x20, 0x20, 0x20,
    0x20, 0x20, 0x20, 0x20, 0x20, 0x20, 0x20, 0x61, 0x63, 0x63, 0x65, 0x70,
    0x74, 0x65, 0x64, 0x5f, 0x31, 0x20, 0x3d, 0x20, 0x31, 0x75, 0x3b, 0x0a,
    0x20, 0x20, 0x20, 0x20, 0x20, 0x20, 0x20, 0x20, 0x20, 0x20, 0x20, 0x20,
    0x7d, 0x0a, 0x20, 0x20, 0x20, 0x20, 0x20, 0x20, 0x20, 0x20, 0x7d, 0x0a,
    0x20, 0x20, 0x20, 0x20, 0x20, 0x20, 0x20, 0x20, 0x6f, 0x75, 0x74, 0x70,
    0x75, 0x74, 0x5f, 0x66, 0x69, 0x65, 0x6c, 0x64, 0x2e, 0x76, 0x61, 0x6c,
    0x75, 0x65, 0x73, 0x5b, 0x28, 0x28, 0x28, 0x70, 0x6c, 0x61, 0x6e, 0x65,
    0x20, 0x2a, 0x20, 0x32, 0x29, 0x20, 0x2b, 0x20, 0x64, 0x69, 0x72, 0x65,
    0x63, 0x74, 0x69, 0x6f, 0x6e, 0x29, 0x20, 0x2a, 0x20, 0x38, 0x38, 0x30,
    0x29, 0x20, 0x2b, 0x20, 0x61, 0x74, 0x5f, 0x32, 0x5d, 0x20, 0x3d, 0x20,
    0x69, 0x6e, 0x74, 0x34, 0x28, 0x6d, 0x6f, 0x74, 0x69, 0x6f, 0x6e, 0x2c,
    0x20, 0x69, 0x6e, 0x74, 0x28, 0x61, 0x63, 0x63, 0x65, 0x70, 0x74, 0x65,
    0x64, 0x5f, 0x31, 0x29, 0x2c, 0x20, 0x30, 0x29, 0x3b, 0x0a, 0x20, 0x20,
    0x20, 0x20, 0x7d, 0x0a, 0x7d, 0x0a, 0x0a,
    0x00
};
static const unsigned int kMotionBlockSearchCompMSLSize = 8767u;

static const unsigned char kMotionBlockSearchCompSPV[] = {
    0x03, 0x02, 0x23, 0x07, 0x00, 0x00, 0x01, 0x00, 0x0b, 0x00, 0x0d, 0x00,
    0x37, 0x03, 0x00, 0x00, 0x00, 0x00, 0x00, 0x00, 0x11, 0x00, 0x02, 0x00,
    0x01, 0x00, 0x00, 0x00, 0x0b, 0x00, 0x06, 0x00, 0x01, 0x00, 0x00, 0x00,
    0x47, 0x4c, 0x53, 0x4c, 0x2e, 0x73, 0x74, 0x64, 0x2e, 0x34, 0x35, 0x30,
    0x00, 0x00, 0x00, 0x00, 0x0e, 0x00, 0x03, 0x00, 0x00, 0x00, 0x00, 0x00,
    0x01, 0x00, 0x00, 0x00, 0x0f, 0x00, 0x07, 0x00, 0x05, 0x00, 0x00, 0x00,
    0x04, 0x00, 0x00, 0x00, 0x6d, 0x61, 0x69, 0x6e, 0x00, 0x00, 0x00, 0x00,
    0x6f, 0x00, 0x00, 0x00, 0x79, 0x00, 0x00, 0x00, 0x10, 0x00, 0x06, 0x00,
    0x04, 0x00, 0x00, 0x00, 0x11, 0x00, 0x00, 0x00, 0x40, 0x00, 0x00, 0x00,
    0x01, 0x00, 0x00, 0x00, 0x01, 0x00, 0x00, 0x00, 0x47, 0x00, 0x04, 0x00,
    0x18, 0x00, 0x00, 0x00, 0x06, 0x00, 0x00, 0x00, 0x04, 0x00, 0x00, 0x00,
    0x47, 0x00, 0x03, 0x00, 0x19, 0x00, 0x00, 0x00, 0x03, 0x00, 0x00, 0x00,
    0x48, 0x00, 0x04, 0x00, 0x19, 0x00, 0x00, 0x00, 0x00, 0x00, 0x00, 0x00,
    0x18, 0x00, 0x00, 0x00, 0x48, 0x00, 0x05, 0x00, 0x19, 0x00, 0x00, 0x00,
    0x00, 0x00, 0x00, 0x00, 0x23, 0x00, 0x00, 0x00, 0x00, 0x00, 0x00, 0x00,
    0x47, 0x00, 0x03, 0x00, 0x1b, 0x00, 0x00, 0x00, 0x18, 0x00, 0x00, 0x00,
    0x47, 0x00, 0x04, 0x00, 0x1b, 0x00, 0x00, 0x00, 0x21, 0x00, 0x00, 0x00,
    0x00, 0x00, 0x00, 0x00, 0x47, 0x00, 0x04, 0x00, 0x1b, 0x00, 0x00, 0x00,
    0x22, 0x00, 0x00, 0x00, 0x00, 0x00, 0x00, 0x00, 0x47, 0x00, 0x04, 0x00,
    0x6f, 0x00, 0x00, 0x00, 0x0b, 0x00, 0x00, 0x00, 0x1a, 0x00, 0x00, 0x00,
    0x47, 0x00, 0x04, 0x00, 0x79, 0x00, 0x00, 0x00, 0x0b, 0x00, 0x00, 0x00,
    0x1b, 0x00, 0x00, 0x00, 0x47, 0x00, 0x04, 0x00, 0x81, 0x00, 0x00, 0x00,
    0x06, 0x00, 0x00, 0x00, 0x10, 0x00, 0x00, 0x00, 0x47, 0x00, 0x03, 0x00,
    0x82, 0x00, 0x00, 0x00, 0x02, 0x00, 0x00, 0x00, 0x48, 0x00, 0x05, 0x00,
    0x82, 0x00, 0x00, 0x00, 0x00, 0x00, 0x00, 0x00, 0x23, 0x00, 0x00, 0x00,
    0x00, 0x00, 0x00, 0x00, 0x47, 0x00, 0x04, 0x00, 0x84, 0x00, 0x00, 0x00,
    0x21, 0x00, 0x00, 0x00, 0x00, 0x00, 0x00, 0x00, 0x47, 0x00, 0x04, 0x00,
    0x84, 0x00, 0x00, 0x00, 0x22, 0x00, 0x00, 0x00, 0x02, 0x00, 0x00, 0x00,
    0x47, 0x00, 0x04, 0x00, 0x26, 0x02, 0x00, 0x00, 0x06, 0x00, 0x00, 0x00,
    0x10, 0x00, 0x00, 0x00, 0x47, 0x00, 0x03, 0x00, 0x27, 0x02, 0x00, 0x00,
    0x03, 0x00, 0x00, 0x00, 0x48, 0x00, 0x04, 0x00, 0x27, 0x02, 0x00, 0x00,
    0x00, 0x00, 0x00, 0x00, 0x19, 0x00, 0x00, 0x00, 0x48, 0x00, 0x05, 0x00,
    0x27, 0x02, 0x00, 0x00, 0x00, 0x00, 0x00, 0x00, 0x23, 0x00, 0x00, 0x00,
    0x00, 0x00, 0x00, 0x00, 0x47, 0x00, 0x03, 0x00, 0x29, 0x02, 0x00, 0x00,
    0x19, 0x00, 0x00, 0x00, 0x47, 0x00, 0x04, 0x00, 0x29, 0x02, 0x00, 0x00,
    0x21, 0x00, 0x00, 0x00, 0x00, 0x00, 0x00, 0x00, 0x47, 0x00, 0x04, 0x00,
    0x29, 0x02, 0x00, 0x00, 0x22, 0x00, 0x00, 0x00, 0x01, 0x00, 0x00, 0x00,
    0x47, 0x00, 0x04, 0x00, 0x3b, 0x02, 0x00, 0x00, 0x0b, 0x00, 0x00, 0x00,
    0x19, 0x00, 0x00, 0x00, 0x13, 0x00, 0x02, 0x00, 0x02, 0x00, 0x00, 0x00,
    0x21, 0x00, 0x03, 0x00, 0x03, 0x00, 0x00, 0x00, 0x02, 0x00, 0x00, 0x00,
    0x15, 0x00, 0x04, 0x00, 0x06, 0x00, 0x00, 0x00, 0x20, 0x00, 0x00, 0x00,
    0x00, 0x00, 0x00, 0x00, 0x15, 0x00, 0x04, 0x00, 0x08, 0x00, 0x00, 0x00,
    0x20, 0x00, 0x00, 0x00, 0x01, 0x00, 0x00, 0x00, 0x17, 0x00, 0x04, 0x00,
    0x09, 0x00, 0x00, 0x00, 0x08, 0x00, 0x00, 0x00, 0x02, 0x00, 0x00, 0x00,
    0x20, 0x00, 0x04, 0x00, 0x0a, 0x00, 0x00, 0x00, 0x07, 0x00, 0x00, 0x00,
    0x09, 0x00, 0x00, 0x00, 0x14, 0x00, 0x02, 0x00, 0x10, 0x00, 0x00, 0x00,
    0x1d, 0x00, 0x03, 0x00, 0x18, 0x00, 0x00, 0x00, 0x06, 0x00, 0x00, 0x00,
    0x1e, 0x00, 0x03, 0x00, 0x19, 0x00, 0x00, 0x00, 0x18, 0x00, 0x00, 0x00,
    0x20, 0x00, 0x04, 0x00, 0x1a, 0x00, 0x00, 0x00, 0x02, 0x00, 0x00, 0x00,
    0x19, 0x00, 0x00, 0x00, 0x3b, 0x00, 0x04, 0x00, 0x1a, 0x00, 0x00, 0x00,
    0x1b, 0x00, 0x00, 0x00, 0x02, 0x00, 0x00, 0x00, 0x2b, 0x00, 0x04, 0x00,
    0x08, 0x00, 0x00, 0x00, 0x1c, 0x00, 0x00, 0x00, 0x00, 0x00, 0x00, 0x00,
    0x2b, 0x00, 0x04, 0x00, 0x06, 0x00, 0x00, 0x00, 0x1e, 0x00, 0x00, 0x00,
    0x01, 0x00, 0x00, 0x00, 0x2b, 0x00, 0x04, 0x00, 0x08, 0x00, 0x00, 0x00,
    0x23, 0x00, 0x00, 0x00, 0x07, 0x00, 0x00, 0x00, 0x2b, 0x00, 0x04, 0x00,
    0x08, 0x00, 0x00, 0x00, 0x25, 0x00, 0x00, 0x00, 0x0f, 0x00, 0x00, 0x00,
    0x2b, 0x00, 0x04, 0x00, 0x06, 0x00, 0x00, 0x00, 0x27, 0x00, 0x00, 0x00,
    0x00, 0x00, 0x00, 0x00, 0x20, 0x00, 0x04, 0x00, 0x2e, 0x00, 0x00, 0x00,
    0x02, 0x00, 0x00, 0x00, 0x06, 0x00, 0x00, 0x00, 0x17, 0x00, 0x04, 0x00,
    0x6d, 0x00, 0x00, 0x00, 0x06, 0x00, 0x00, 0x00, 0x03, 0x00, 0x00, 0x00,
    0x20, 0x00, 0x04, 0x00, 0x6e, 0x00, 0x00, 0x00, 0x01, 0x00, 0x00, 0x00,
    0x6d, 0x00, 0x00, 0x00, 0x3b, 0x00, 0x04, 0x00, 0x6e, 0x00, 0x00, 0x00,
    0x6f, 0x00, 0x00, 0x00, 0x01, 0x00, 0x00, 0x00, 0x20, 0x00, 0x04, 0x00,
    0x70, 0x00, 0x00, 0x00, 0x01, 0x00, 0x00, 0x00, 0x06, 0x00, 0x00, 0x00,
    0x3b, 0x00, 0x04, 0x00, 0x6e, 0x00, 0x00, 0x00, 0x79, 0x00, 0x00, 0x00,
    0x01, 0x00, 0x00, 0x00, 0x16, 0x00, 0x03, 0x00, 0x7e, 0x00, 0x00, 0x00,
    0x20, 0x00, 0x00, 0x00, 0x17, 0x00, 0x04, 0x00, 0x7f, 0x00, 0x00, 0x00,
    0x7e, 0x00, 0x00, 0x00, 0x04, 0x00, 0x00, 0x00, 0x2b, 0x00, 0x04, 0x00,
    0x06, 0x00, 0x00, 0x00, 0x80, 0x00, 0x00, 0x00, 0x04, 0x00, 0x00, 0x00,
    0x1c, 0x00, 0x04, 0x00, 0x81, 0x00, 0x00, 0x00, 0x7f, 0x00, 0x00, 0x00,
    0x80, 0x00, 0x00, 0x00, 0x1e, 0x00, 0x03, 0x00, 0x82, 0x00, 0x00, 0x00,
    0x81, 0x00, 0x00, 0x00, 0x20, 0x00, 0x04, 0x00, 0x83, 0x00, 0x00, 0x00,
    0x02, 0x00, 0x00, 0x00, 0x82, 0x00, 0x00, 0x00, 0x3b, 0x00, 0x04, 0x00,
    0x83, 0x00, 0x00, 0x00, 0x84, 0x00, 0x00, 0x00, 0x02, 0x00, 0x00, 0x00,
    0x17, 0x00, 0x04, 0x00, 0x86, 0x00, 0x00, 0x00, 0x7e, 0x00, 0x00, 0x00,
    0x02, 0x00, 0x00, 0x00, 0x20, 0x00, 0x04, 0x00, 0x87, 0x00, 0x00, 0x00,
    0x02, 0x00, 0x00, 0x00, 0x7f, 0x00, 0x00, 0x00, 0x2b, 0x00, 0x04, 0x00,
    0x08, 0x00, 0x00, 0x00, 0x90, 0x00, 0x00, 0x00, 0x10, 0x00, 0x00, 0x00,
    0x2b, 0x00, 0x04, 0x00, 0x06, 0x00, 0x00, 0x00, 0x9b, 0x00, 0x00, 0x00,
    0x03, 0x00, 0x00, 0x00, 0x20, 0x00, 0x04, 0x00, 0x9c, 0x00, 0x00, 0x00,
    0x02, 0x00, 0x00, 0x00, 0x7e, 0x00, 0x00, 0x00, 0x2b, 0x00, 0x04, 0x00,
    0x7e, 0x00, 0x00, 0x00, 0x9f, 0x00, 0x00, 0x00, 0x00, 0x00, 0x00, 0x00,
    0x2b, 0x00, 0x04, 0x00, 0x08, 0x00, 0x00, 0x00, 0xa9, 0x00, 0x00, 0x00,
    0x70, 0x03, 0x00, 0x00, 0x2b, 0x00, 0x04, 0x00, 0x06, 0x00, 0x00, 0x00,
    0xab, 0x00, 0x00, 0x00, 0x70, 0x03, 0x00, 0x00, 0x1c, 0x00, 0x04, 0x00,
    0xac, 0x00, 0x00, 0x00, 0x09, 0x00, 0x00, 0x00, 0xab, 0x00, 0x00, 0x00,
    0x20, 0x00, 0x04, 0x00, 0xad, 0x00, 0x00, 0x00, 0x04, 0x00, 0x00, 0x00,
    0xac, 0x00, 0x00, 0x00, 0x3b, 0x00, 0x04, 0x00, 0xad, 0x00, 0x00, 0x00,
    0xae, 0x00, 0x00, 0x00, 0x04, 0x00, 0x00, 0x00, 0x2c, 0x00, 0x05, 0x00,
    0x09, 0x00, 0x00, 0x00, 0xb0, 0x00, 0x00, 0x00, 0x1c, 0x00, 0x00, 0x00,
    0x1c, 0x00, 0x00, 0x00, 0x20, 0x00, 0x04, 0x00, 0xb1, 0x00, 0x00, 0x00,
    0x04, 0x00, 0x00, 0x00, 0x09, 0x00, 0x00, 0x00, 0x1c, 0x00, 0x04, 0x00,
    0xb3, 0x00, 0x00, 0x00, 0x06, 0x00, 0x00, 0x00, 0xab, 0x00, 0x00, 0x00,
    0x20, 0x00, 0x04, 0x00, 0xb4, 0x00, 0x00, 0x00, 0x04, 0x00, 0x00, 0x00,
    0xb3, 0x00, 0x00, 0x00, 0x3b, 0x00, 0x04, 0x00, 0xb4, 0x00, 0x00, 0x00,
    0xb5, 0x00, 0x00, 0x00, 0x04, 0x00, 0x00, 0x00, 0x20, 0x00, 0x04, 0x00,
    0xb7, 0x00, 0x00, 0x00, 0x04, 0x00, 0x00, 0x00, 0x06, 0x00, 0x00, 0x00,
    0x3b, 0x00, 0x04, 0x00, 0xb4, 0x00, 0x00, 0x00, 0xb9, 0x00, 0x00, 0x00,
    0x04, 0x00, 0x00, 0x00, 0x2b, 0x00, 0x04, 0x00, 0x08, 0x00, 0x00, 0x00,
    0xc5, 0x00, 0x00, 0x00, 0x02, 0x00, 0x00, 0x00, 0x2b, 0x00, 0x04, 0x00,
    0x08, 0x00, 0x00, 0x00, 0xcc, 0x00, 0x00, 0x00, 0xe2, 0x00, 0x00, 0x00,
    0x2b, 0x00, 0x04, 0x00, 0x08, 0x00, 0x00, 0x00, 0xd2, 0x00, 0x00, 0x00,
    0x40, 0x00, 0x00, 0x00, 0x2b, 0x00, 0x04, 0x00, 0x06, 0x00, 0x00, 0x00,
    0xd5, 0x00, 0x00, 0x00, 0x02, 0x00, 0x00, 0x00, 0x2b, 0x00, 0x04, 0x00,
    0x06, 0x00, 0x00, 0x00, 0xd6, 0x00, 0x00, 0x00, 0x08, 0x01, 0x00, 0x00,
    0x2b, 0x00, 0x04, 0x00, 0x08, 0x00, 0x00, 0x00, 0xe6, 0x00, 0x00, 0x00,
    0x01, 0x00, 0x00, 0x00, 0x2b, 0x00, 0x04, 0x00, 0x08, 0x00, 0x00, 0x00,
    0x33, 0x01, 0x00, 0x00, 0xf9, 0xff, 0xff, 0xff, 0x2c, 0x00, 0x05, 0x00,
    0x09, 0x00, 0x00, 0x00, 0x34, 0x01, 0x00, 0x00, 0x33, 0x01, 0x00, 0x00,
    0x33, 0x01, 0x00, 0x00, 0x2c, 0x00, 0x05, 0x00, 0x09, 0x00, 0x00, 0x00,
    0x35, 0x01, 0x00, 0x00, 0x23, 0x00, 0x00, 0x00, 0x23, 0x00, 0x00, 0x00,
    0x2b, 0x00, 0x04, 0x00, 0x08, 0x00, 0x00, 0x00, 0x4d, 0x01, 0x00, 0x00,
    0x04, 0x00, 0x00, 0x00, 0x2b, 0x00, 0x04, 0x00, 0x08, 0x00, 0x00, 0x00,
    0x58, 0x01, 0x00, 0x00, 0xff, 0xff, 0xff, 0xff, 0x17, 0x00, 0x04, 0x00,
    0x8d, 0x01, 0x00, 0x00, 0x10, 0x00, 0x00, 0x00, 0x02, 0x00, 0x00, 0x00,
    0x2b, 0x00, 0x04, 0x00, 0x06, 0x00, 0x00, 0x00, 0x99, 0x01, 0x00, 0x00,
    0x40, 0x00, 0x00, 0x00, 0x2b, 0x00, 0x04, 0x00, 0x06, 0x00, 0x00, 0x00,
    0x9b, 0x01, 0x00, 0x00, 0x0c, 0x00, 0x00, 0x00, 0x2b, 0x00, 0x04, 0x00,
    0x06, 0x00, 0x00, 0x00, 0x9d, 0x01, 0x00, 0x00, 0x63, 0x00, 0x00, 0x00,
    0x2b, 0x00, 0x04, 0x00, 0x06, 0x00, 0x00, 0x00, 0x9f, 0x01, 0x00, 0x00,
    0x64, 0x00, 0x00, 0x00, 0x1c, 0x00, 0x04, 0x00, 0xe5, 0x01, 0x00, 0x00,
    0x09, 0x00, 0x00, 0x00, 0x80, 0x00, 0x00, 0x00, 0x2c, 0x00, 0x05, 0x00,
    0x09, 0x00, 0x00, 0x00, 0xe6, 0x01, 0x00, 0x00, 0x58, 0x01, 0x00, 0x00,
    0x1c, 0x00, 0x00, 0x00, 0x2c, 0x00, 0x05, 0x00, 0x09, 0x00, 0x00, 0x00,
    0xe7, 0x01, 0x00, 0x00, 0xe6, 0x00, 0x00, 0x00, 0x1c, 0x00, 0x00, 0x00,
    0x2c, 0x00, 0x05, 0x00, 0x09, 0x00, 0x00, 0x00, 0xe8, 0x01, 0x00, 0x00,
    0x1c, 0x00, 0x00, 0x00, 0x58, 0x01, 0x00, 0x00, 0x2c, 0x00, 0x05, 0x00,
    0x09, 0x00, 0x00, 0x00, 0xe9, 0x01, 0x00, 0x00, 0x1c, 0x00, 0x00, 0x00,
    0xe6, 0x00, 0x00, 0x00, 0x2c, 0x00, 0x07, 0x00, 0xe5, 0x01, 0x00, 0x00,
    0xea, 0x01, 0x00, 0x00, 0xe6, 0x01, 0x00, 0x00, 0xe7, 0x01, 0x00, 0x00,
    0xe8, 0x01, 0x00, 0x00, 0xe9, 0x01, 0x00, 0x00, 0x20, 0x00, 0x04, 0x00,
    0xec, 0x01, 0x00, 0x00, 0x07, 0x00, 0x00, 0x00, 0xe5, 0x01, 0x00, 0x00,
    0x17, 0x00, 0x04, 0x00, 0x25, 0x02, 0x00, 0x00, 0x08, 0x00, 0x00, 0x00,
    0x04, 0x00, 0x00, 0x00, 0x1d, 0x00, 0x03, 0x00, 0x26, 0x02, 0x00, 0x00,
    0x25, 0x02, 0x00, 0x00, 0x1e, 0x00, 0x03, 0x00, 0x27, 0x02, 0x00, 0x00,
    0x26, 0x02, 0x00, 0x00, 0x20, 0x00, 0x04, 0x00, 0x28, 0x02, 0x00, 0x00,
    0x02, 0x00, 0x00, 0x00, 0x27, 0x02, 0x00, 0x00, 0x3b, 0x00, 0x04, 0x00,
    0x28, 0x02, 0x00, 0x00, 0x29, 0x02, 0x00, 0x00, 0x02, 0x00, 0x00, 0x00,
    0x20, 0x00, 0x04, 0x00, 0x37, 0x02, 0x00, 0x00, 0x02, 0x00, 0x00, 0x00,
    0x25, 0x02, 0x00, 0x00, 0x2c, 0x00, 0x06, 0x00, 0x6d, 0x00, 0x00, 0x00,
    0x3b, 0x02, 0x00, 0x00, 0x99, 0x01, 0x00, 0x00, 0x1e, 0x00, 0x00, 0x00,
    0x1e, 0x00, 0x00, 0x00, 0x2c, 0x00, 0x05, 0x00, 0x09, 0x00, 0x00, 0x00,
    0x27, 0x03, 0x00, 0x00, 0x25, 0x00, 0x00, 0x00, 0x25, 0x00, 0x00, 0x00,
    0x2c, 0x00, 0x05, 0x00, 0x09, 0x00, 0x00, 0x00, 0x28, 0x03, 0x00, 0x00,
    0x90, 0x00, 0x00, 0x00, 0x90, 0x00, 0x00, 0x00, 0x2b, 0x00, 0x04, 0x00,
    0x06, 0x00, 0x00, 0x00, 0x31, 0x03, 0x00, 0x00, 0x71, 0x00, 0x00, 0x00,
    0x36, 0x00, 0x05, 0x00, 0x02, 0x00, 0x00, 0x00, 0x04, 0x00, 0x00, 0x00,
    0x00, 0x00, 0x00, 0x00, 0x03, 0x00, 0x00, 0x00, 0xf8, 0x00, 0x02, 0x00,
    0x05, 0x00, 0x00, 0x00, 0x3b, 0x00, 0x04, 0x00, 0xec, 0x01, 0x00, 0x00,
    0xed, 0x01, 0x00, 0x00, 0x07, 0x00, 0x00, 0x00, 0x41, 0x00, 0x05, 0x00,
    0x70, 0x00, 0x00, 0x00, 0x71, 0x00, 0x00, 0x00, 0x6f, 0x00, 0x00, 0x00,
    0x27, 0x00, 0x00, 0x00, 0x3d, 0x00, 0x04, 0x00, 0x06, 0x00, 0x00, 0x00,
    0x72, 0x00, 0x00, 0x00, 0x71, 0x00, 0x00, 0x00, 0x7c, 0x00, 0x04, 0x00,
    0x08, 0x00, 0x00, 0x00, 0x73, 0x00, 0x00, 0x00, 0x72, 0x00, 0x00, 0x00,
    0x41, 0x00, 0x05, 0x00, 0x70, 0x00, 0x00, 0x00, 0x75, 0x00, 0x00, 0x00,
    0x6f, 0x00, 0x00, 0x00, 0x1e, 0x00, 0x00, 0x00, 0x3d, 0x00, 0x04, 0x00,
    0x06, 0x00, 0x00, 0x00, 0x76, 0x00, 0x00, 0x00, 0x75, 0x00, 0x00, 0x00,
    0x7c, 0x00, 0x04, 0x00, 0x08, 0x00, 0x00, 0x00, 0x77, 0x00, 0x00, 0x00,
    0x76, 0x00, 0x00, 0x00, 0x41, 0x00, 0x05, 0x00, 0x70, 0x00, 0x00, 0x00,
    0x7a, 0x00, 0x00, 0x00, 0x79, 0x00, 0x00, 0x00, 0x27, 0x00, 0x00, 0x00,
    0x3d, 0x00, 0x04, 0x00, 0x06, 0x00, 0x00, 0x00, 0x7b, 0x00, 0x00, 0x00,
    0x7a, 0x00, 0x00, 0x00, 0x7c, 0x00, 0x04, 0x00, 0x08, 0x00, 0x00, 0x00,
    0x7c, 0x00, 0x00, 0x00, 0x7b, 0x00, 0x00, 0x00, 0x41, 0x00, 0x06, 0x00,
    0x87, 0x00, 0x00, 0x00, 0x88, 0x00, 0x00, 0x00, 0x84, 0x00, 0x00, 0x00,
    0x1c, 0x00, 0x00, 0x00, 0x73, 0x00, 0x00, 0x00, 0x3d, 0x00, 0x04, 0x00,
    0x7f, 0x00, 0x00, 0x00, 0x89, 0x00, 0x00, 0x00, 0x88, 0x00, 0x00, 0x00,
    0x4f, 0x00, 0x07, 0x00, 0x86, 0x00, 0x00, 0x00, 0x8a, 0x00, 0x00, 0x00,
    0x89, 0x00, 0x00, 0x00, 0x89, 0x00, 0x00, 0x00, 0x00, 0x00, 0x00, 0x00,
    0x01, 0x00, 0x00, 0x00, 0x6e, 0x00, 0x04, 0x00, 0x09, 0x00, 0x00, 0x00,
    0x8b, 0x00, 0x00, 0x00, 0x8a, 0x00, 0x00, 0x00, 0x80, 0x00, 0x05, 0x00,
    0x09, 0x00, 0x00, 0x00, 0x8f, 0x00, 0x00, 0x00, 0x8b, 0x00, 0x00, 0x00,
    0x27, 0x03, 0x00, 0x00, 0x87, 0x00, 0x05, 0x00, 0x09, 0x00, 0x00, 0x00,
    0x92, 0x00, 0x00, 0x00, 0x8f, 0x00, 0x00, 0x00, 0x28, 0x03, 0x00, 0x00,
    0x51, 0x00, 0x05, 0x00, 0x08, 0x00, 0x00, 0x00, 0x95, 0x00, 0x00, 0x00,
    0x92, 0x00, 0x00, 0x00, 0x00, 0x00, 0x00, 0x00, 0x51, 0x00, 0x05, 0x00,
    0x08, 0x00, 0x00, 0x00, 0x97, 0x00, 0x00, 0x00, 0x92, 0x00, 0x00, 0x00,
    0x01, 0x00, 0x00, 0x00, 0x84, 0x00, 0x05, 0x00, 0x08, 0x00, 0x00, 0x00,
    0x98, 0x00, 0x00, 0x00, 0x95, 0x00, 0x00, 0x00, 0x97, 0x00, 0x00, 0x00,
    0x41, 0x00, 0x07, 0x00, 0x9c, 0x00, 0x00, 0x00, 0x9d, 0x00, 0x00, 0x00,
    0x84, 0x00, 0x00, 0x00, 0x1c, 0x00, 0x00, 0x00, 0x73, 0x00, 0x00, 0x00,
    0x9b, 0x00, 0x00, 0x00, 0x3d, 0x00, 0x04, 0x00, 0x7e, 0x00, 0x00, 0x00,
    0x9e, 0x00, 0x00, 0x00, 0x9d, 0x00, 0x00, 0x00, 0xb7, 0x00, 0x05, 0x00,
    0x10, 0x00, 0x00, 0x00, 0xa0, 0x00, 0x00, 0x00, 0x9e, 0x00, 0x00, 0x00,
    0x9f, 0x00, 0x00, 0x00, 0xf9, 0x00, 0x02, 0x00, 0xa3, 0x00, 0x00, 0x00,
    0xf8, 0x00, 0x02, 0x00, 0xa3, 0x00, 0x00, 0x00, 0xf5, 0x00, 0x07, 0x00,
    0x08, 0x00, 0x00, 0x00, 0xcb, 0x02, 0x00, 0x00, 0x7c, 0x00, 0x00, 0x00,
    0x05, 0x00, 0x00, 0x00, 0xd4, 0x00, 0x00, 0x00, 0xa6, 0x00, 0x00, 0x00,
    0xb1, 0x00, 0x05, 0x00, 0x10, 0x00, 0x00, 0x00, 0xaa, 0x00, 0x00, 0x00,
    0xcb, 0x02, 0x00, 0x00, 0xa9, 0x00, 0x00, 0x00, 0xf6, 0x00, 0x04, 0x00,
    0xa5, 0x00, 0x00, 0x00, 0xa6, 0x00, 0x00, 0x00, 0x00, 0x00, 0x00, 0x00,
    0xfa, 0x00, 0x04, 0x00, 0xaa, 0x00, 0x00, 0x00, 0xa4, 0x00, 0x00, 0x00,
    0xa5, 0x00, 0x00, 0x00, 0xf8, 0x00, 0x02, 0x00, 0xa4, 0x00, 0x00, 0x00,
    0x41, 0x00, 0x05, 0x00, 0xb1, 0x00, 0x00, 0x00, 0xb2, 0x00, 0x00, 0x00,
    0xae, 0x00, 0x00, 0x00, 0xcb, 0x02, 0x00, 0x00, 0x3e, 0x00, 0x03, 0x00,
    0xb2, 0x00, 0x00, 0x00, 0xb0, 0x00, 0x00, 0x00, 0x41, 0x00, 0x05, 0x00,
    0xb7, 0x00, 0x00, 0x00, 0xb8, 0x00, 0x00, 0x00, 0xb5, 0x00, 0x00, 0x00,
    0xcb, 0x02, 0x00, 0x00, 0x3e, 0x00, 0x03, 0x00, 0xb8, 0x00, 0x00, 0x00,
    0x27, 0x00, 0x00, 0x00, 0x41, 0x00, 0x05, 0x00, 0xb7, 0x00, 0x00, 0x00,
    0xbb, 0x00, 0x00, 0x00, 0xb9, 0x00, 0x00, 0x00, 0xcb, 0x02, 0x00, 0x00,
    0x3e, 0x00, 0x03, 0x00, 0xbb, 0x00, 0x00, 0x00, 0x27, 0x00, 0x00, 0x00,
    0xb1, 0x00, 0x05, 0x00, 0x10, 0x00, 0x00, 0x00, 0xbf, 0x00, 0x00, 0x00,
    0xcb, 0x02, 0x00, 0x00, 0x98, 0x00, 0x00, 0x00, 0xa7, 0x00, 0x05, 0x00,
    0x10, 0x00, 0x00, 0x00, 0xc0, 0x00, 0x00, 0x00, 0xa0, 0x00, 0x00, 0x00,
    0xbf, 0x00, 0x00, 0x00, 0xf7, 0x00, 0x03, 0x00, 0xc2, 0x00, 0x00, 0x00,
    0x00, 0x00, 0x00, 0x00, 0xfa, 0x00, 0x04, 0x00, 0xc0, 0x00, 0x00, 0x00,
    0xc1, 0x00, 0x00, 0x00, 0xc2, 0x00, 0x00, 0x00, 0xf8, 0x00, 0x02, 0x00,
    0xc1, 0x00, 0x00, 0x00, 0x84, 0x00, 0x05, 0x00, 0x08, 0x00, 0x00, 0x00,
    0xc6, 0x00, 0x00, 0x00, 0x73, 0x00, 0x00, 0x00, 0xc5, 0x00, 0x00, 0x00,
    0x80, 0x00, 0x05, 0x00, 0x08, 0x00, 0x00, 0x00, 0xc8, 0x00, 0x00, 0x00,
    0xc6, 0x00, 0x00, 0x00, 0x77, 0x00, 0x00, 0x00, 0x84, 0x00, 0x05, 0x00,
    0x08, 0x00, 0x00, 0x00, 0xc9, 0x00, 0x00, 0x00, 0xc8, 0x00, 0x00, 0x00,
    0xa9, 0x00, 0x00, 0x00, 0x80, 0x00, 0x05, 0x00, 0x08, 0x00, 0x00, 0x00,
    0xcb, 0x00, 0x00, 0x00, 0xc9, 0x00, 0x00, 0x00, 0xcb, 0x02, 0x00, 0x00,
    0x84, 0x00, 0x05, 0x00, 0x08, 0x00, 0x00, 0x00, 0xcd, 0x00, 0x00, 0x00,
    0xcb, 0x00, 0x00, 0x00, 0xcc, 0x00, 0x00, 0x00, 0x7c, 0x00, 0x04, 0x00,
    0x06, 0x00, 0x00, 0x00, 0xce, 0x00, 0x00, 0x00, 0xcd, 0x00, 0x00, 0x00,
    0x41, 0x00, 0x06, 0x00, 0x2e, 0x00, 0x00, 0x00, 0xcf, 0x00, 0x00, 0x00,
    0x1b, 0x00, 0x00, 0x00, 0x1c, 0x00, 0x00, 0x00, 0xce, 0x00, 0x00, 0x00,
    0x3d, 0x00, 0x04, 0x00, 0x06, 0x00, 0x00, 0x00, 0xd0, 0x00, 0x00, 0x00,
    0xcf, 0x00, 0x00, 0x00, 0x3e, 0x00, 0x03, 0x00, 0xb8, 0x00, 0x00, 0x00,
    0xd0, 0x00, 0x00, 0x00, 0xf9, 0x00, 0x02, 0x00, 0xc2, 0x00, 0x00, 0x00,
    0xf8, 0x00, 0x02, 0x00, 0xc2, 0x00, 0x00, 0x00, 0xf9, 0x00, 0x02, 0x00,
    0xa6, 0x00, 0x00, 0x00, 0xf8, 0x00, 0x02, 0x00, 0xa6, 0x00, 0x00, 0x00,
    0x80, 0x00, 0x05, 0x00, 0x08, 0x00, 0x00, 0x00, 0xd4, 0x00, 0x00, 0x00,
    0xcb, 0x02, 0x00, 0x00, 0xd2, 0x00, 0x00, 0x00, 0xf9, 0x00, 0x02, 0x00,
    0xa3, 0x00, 0x00, 0x00, 0xf8, 0x00, 0x02, 0x00, 0xa5, 0x00, 0x00, 0x00,
    0xe0, 0x00, 0x04, 0x00, 0xd5, 0x00, 0x00, 0x00, 0xd5, 0x00, 0x00, 0x00,
    0xd6, 0x00, 0x00, 0x00, 0xf9, 0x00, 0x02, 0x00, 0xd8, 0x00, 0x00, 0x00,
    0xf8, 0x00, 0x02, 0x00, 0xd8, 0x00, 0x00, 0x00, 0xf5, 0x00, 0x07, 0x00,
    0x08, 0x00, 0x00, 0x00, 0xcc, 0x02, 0x00, 0x00, 0x1c, 0x00, 0x00, 0x00,
    0xa5, 0x00, 0x00, 0x00, 0xaf, 0x01, 0x00, 0x00, 0xdb, 0x00, 0x00, 0x00,
    0xf6, 0x00, 0x04, 0x00, 0xda, 0x00, 0x00, 0x00, 0xdb, 0x00, 0x00, 0x00,
    0x00, 0x00, 0x00, 0x00, 0xf9, 0x00, 0x02, 0x00, 0xdc, 0x00, 0x00, 0x00,
    0xf8, 0x00, 0x02, 0x00, 0xdc, 0x00, 0x00, 0x00, 0xf7, 0x00, 0x03, 0x00,
    0xdf, 0x00, 0x00, 0x00, 0x00, 0x00, 0x00, 0x00, 0xfa, 0x00, 0x04, 0x00,
    0xa0, 0x00, 0x00, 0x00, 0xde, 0x00, 0x00, 0x00, 0xdf, 0x00, 0x00, 0x00,
    0xf8, 0x00, 0x02, 0x00, 0xde, 0x00, 0x00, 0x00, 0x80, 0x00, 0x05, 0x00,
    0x08, 0x00, 0x00, 0x00, 0xe5, 0x00, 0x00, 0x00, 0x95, 0x00, 0x00, 0x00,
    0x97, 0x00, 0x00, 0x00, 0x82, 0x00, 0x05, 0x00, 0x08, 0x00, 0x00, 0x00,
    0xe7, 0x00, 0x00, 0x00, 0xe5, 0x00, 0x00, 0x00, 0xe6, 0x00, 0x00, 0x00,
    0xb1, 0x00, 0x05, 0x00, 0x10, 0x00, 0x00, 0x00, 0xe8, 0x00, 0x00, 0x00,
    0xcc, 0x02, 0x00, 0x00, 0xe7, 0x00, 0x00, 0x00, 0xf9, 0x00, 0x02, 0x00,
    0xdf, 0x00, 0x00, 0x00, 0xf8, 0x00, 0x02, 0x00, 0xdf, 0x00, 0x00, 0x00,
    0xf5, 0x00, 0x07, 0x00, 0x10, 0x00, 0x00, 0x00, 0xe9, 0x00, 0x00, 0x00,
    0xa0, 0x00, 0x00, 0x00, 0xdc, 0x00, 0x00, 0x00, 0xe8, 0x00, 0x00, 0x00,
    0xde, 0x00, 0x00, 0x00, 0xfa, 0x00, 0x04, 0x00, 0xe9, 0x00, 0x00, 0x00,
    0xd9, 0x00, 0x00, 0x00, 0xda, 0x00, 0x00, 0x00, 0xf8, 0x00, 0x02, 0x00,
    0xd9, 0x00, 0x00, 0x00, 0x82, 0x00, 0x05, 0x00, 0x08, 0x00, 0x00, 0x00,
    0xef, 0x00, 0x00, 0x00, 0xcc, 0x02, 0x00, 0x00, 0x7c, 0x00, 0x00, 0x00,
    0x84, 0x00, 0x05, 0x00, 0x08, 0x00, 0x00, 0x00, 0xf4, 0x00, 0x00, 0x00,
    0xef, 0x00, 0x00, 0x00, 0x95, 0x00, 0x00, 0x00, 0x80, 0x00, 0x05, 0x00,
    0x08, 0x00, 0x00, 0x00, 0xf6, 0x00, 0x00, 0x00, 0xf4, 0x00, 0x00, 0x00,
    0x7c, 0x00, 0x00, 0x00, 0xb1, 0x00, 0x05, 0x00, 0x10, 0x00, 0x00, 0x00,
    0xfa, 0x00, 0x00, 0x00, 0x7c, 0x00, 0x00, 0x00, 0x95, 0x00, 0x00, 0x00,
    0xaf, 0x00, 0x05, 0x00, 0x10, 0x00, 0x00, 0x00, 0xfc, 0x00, 0x00, 0x00,
    0xef, 0x00, 0x00, 0x00, 0x1c, 0x00, 0x00, 0x00, 0xa7, 0x00, 0x05, 0x00,
    0x10, 0x00, 0x00, 0x00, 0xfd, 0x00, 0x00, 0x00, 0xfa, 0x00, 0x00, 0x00,
    0xfc, 0x00, 0x00, 0x00, 0xf7, 0x00, 0x03, 0x00, 0xff, 0x00, 0x00, 0x00,
    0x00, 0x00, 0x00, 0x00, 0xfa, 0x00, 0x04, 0x00, 0xfd, 0x00, 0x00, 0x00,
    0xfe, 0x00, 0x00, 0x00, 0xff, 0x00, 0x00, 0x00, 0xf8, 0x00, 0x02, 0x00,
    0xfe, 0x00, 0x00, 0x00, 0xb1, 0x00, 0x05, 0x00, 0x10, 0x00, 0x00, 0x00,
    0x03, 0x01, 0x00, 0x00, 0xef, 0x00, 0x00, 0x00, 0x97, 0x00, 0x00, 0x00,
    0xf9, 0x00, 0x02, 0x00, 0xff, 0x00, 0x00, 0x00, 0xf8, 0x00, 0x02, 0x00,
    0xff, 0x00, 0x00, 0x00, 0xf5, 0x00, 0x07, 0x00, 0x10, 0x00, 0x00, 0x00,
    0x04, 0x01, 0x00, 0x00, 0xfd, 0x00, 0x00, 0x00, 0xd9, 0x00, 0x00, 0x00,
    0x03, 0x01, 0x00, 0x00, 0xfe, 0x00, 0x00, 0x00, 0xf7, 0x00, 0x03, 0x00,
    0x06, 0x01, 0x00, 0x00, 0x00, 0x00, 0x00, 0x00, 0xfa, 0x00, 0x04, 0x00,
    0x04, 0x01, 0x00, 0x00, 0x05, 0x01, 0x00, 0x00, 0x06, 0x01, 0x00, 0x00,
    0xf8, 0x00, 0x02, 0x00, 0x05, 0x01, 0x00, 0x00, 0x41, 0x00, 0x05, 0x00,
    0xb7, 0x00, 0x00, 0x00, 0x08, 0x01, 0x00, 0x00, 0xb5, 0x00, 0x00, 0x00,
    0xf6, 0x00, 0x00, 0x00, 0x3d, 0x00, 0x04, 0x00, 0x06, 0x00, 0x00, 0x00,
    0x09, 0x01, 0x00, 0x00, 0x08, 0x01, 0x00, 0x00, 0xab, 0x00, 0x05, 0x00,
    0x10, 0x00, 0x00, 0x00, 0x0a, 0x01, 0x00, 0x00, 0x09, 0x01, 0x00, 0x00,
    0x27, 0x00, 0x00, 0x00, 0xf9, 0x00, 0x02, 0x00, 0x06, 0x01, 0x00, 0x00,
    0xf8, 0x00, 0x02, 0x00, 0x06, 0x01, 0x00, 0x00, 0xf5, 0x00, 0x07, 0x00,
    0x10, 0x00, 0x00, 0x00, 0x0b, 0x01, 0x00, 0x00, 0x04, 0x01, 0x00, 0x00,
    0xff, 0x00, 0x00, 0x00, 0x0a, 0x01, 0x00, 0x00, 0x05, 0x01, 0x00, 0x00,
    0xf7, 0x00, 0x03, 0x00, 0x0d, 0x01, 0x00, 0x00, 0x00, 0x00, 0x00, 0x00,
    0xfa, 0x00, 0x04, 0x00, 0x0b, 0x01, 0x00, 0x00, 0x0c, 0x01, 0x00, 0x00,
    0x0d, 0x01, 0x00, 0x00, 0xf8, 0x00, 0x02, 0x00, 0x0c, 0x01, 0x00, 0x00,
    0xad, 0x00, 0x05, 0x00, 0x10, 0x00, 0x00, 0x00, 0x11, 0x01, 0x00, 0x00,
    0x7c, 0x00, 0x00, 0x00, 0x1c, 0x00, 0x00, 0x00, 0xf7, 0x00, 0x03, 0x00,
    0x13, 0x01, 0x00, 0x00, 0x00, 0x00, 0x00, 0x00, 0xfa, 0x00, 0x04, 0x00,
    0x11, 0x01, 0x00, 0x00, 0x12, 0x01, 0x00, 0x00, 0x13, 0x01, 0x00, 0x00,
    0xf8, 0x00, 0x02, 0x00, 0x12, 0x01, 0x00, 0x00, 0x82, 0x00, 0x05, 0x00,
    0x08, 0x00, 0x00, 0x00, 0x15, 0x01, 0x00, 0x00, 0xf6, 0x00, 0x00, 0x00,
    0xe6, 0x00, 0x00, 0x00, 0x41, 0x00, 0x05, 0x00, 0xb1, 0x00, 0x00, 0x00,
    0x16, 0x01, 0x00, 0x00, 0xae, 0x00, 0x00, 0x00, 0x15, 0x01, 0x00, 0x00,
    0x3d, 0x00, 0x04, 0x00, 0x09, 0x00, 0x00, 0x00, 0x17, 0x01, 0x00, 0x00,
    0x16, 0x01, 0x00, 0x00, 0xf9, 0x00, 0x02, 0x00, 0x13, 0x01, 0x00, 0x00,
    0xf8, 0x00, 0x02, 0x00, 0x13, 0x01, 0x00, 0x00, 0xf5, 0x00, 0x07, 0x00,
    0x09, 0x00, 0x00, 0x00, 0xe8, 0x02, 0x00, 0x00, 0xb0, 0x00, 0x00, 0x00,
    0x0c, 0x01, 0x00, 0x00, 0x17, 0x01, 0x00, 0x00, 0x12, 0x01, 0x00, 0x00,
    0xa9, 0x00, 0x06, 0x00, 0x08, 0x00, 0x00, 0x00, 0x32, 0x03, 0x00, 0x00,
    0x11, 0x01, 0x00, 0x00, 0xe6, 0x00, 0x00, 0x00, 0x1c, 0x00, 0x00, 0x00,
    0xad, 0x00, 0x05, 0x00, 0x10, 0x00, 0x00, 0x00, 0x1d, 0x01, 0x00, 0x00,
    0xef, 0x00, 0x00, 0x00, 0x1c, 0x00, 0x00, 0x00, 0xf7, 0x00, 0x03, 0x00,
    0x1f, 0x01, 0x00, 0x00, 0x00, 0x00, 0x00, 0x00, 0xfa, 0x00, 0x04, 0x00,
    0x1d, 0x01, 0x00, 0x00, 0x1e, 0x01, 0x00, 0x00, 0x1f, 0x01, 0x00, 0x00,
    0xf8, 0x00, 0x02, 0x00, 0x1e, 0x01, 0x00, 0x00, 0x82, 0x00, 0x05, 0x00,
    0x08, 0x00, 0x00, 0x00, 0x23, 0x01, 0x00, 0x00, 0xf6, 0x00, 0x00, 0x00,
    0x95, 0x00, 0x00, 0x00, 0x41, 0x00, 0x05, 0x00, 0xb1, 0x00, 0x00, 0x00,
    0x24, 0x01, 0x00, 0x00, 0xae, 0x00, 0x00, 0x00, 0x23, 0x01, 0x00, 0x00,
    0x3d, 0x00, 0x04, 0x00, 0x09, 0x00, 0x00, 0x00, 0x25, 0x01, 0x00, 0x00,
    0x24, 0x01, 0x00, 0x00, 0x80, 0x00, 0x05, 0x00, 0x09, 0x00, 0x00, 0x00,
    0x27, 0x01, 0x00, 0x00, 0xe8, 0x02, 0x00, 0x00, 0x25, 0x01, 0x00, 0x00,
    0x80, 0x00, 0x05, 0x00, 0x08, 0x00, 0x00, 0x00, 0x29, 0x01, 0x00, 0x00,
    0x32, 0x03, 0x00, 0x00, 0xe6, 0x00, 0x00, 0x00, 0xf9, 0x00, 0x02, 0x00,
    0x1f, 0x01, 0x00, 0x00, 0xf8, 0x00, 0x02, 0x00, 0x1f, 0x01, 0x00, 0x00,
    0xf5, 0x00, 0x07, 0x00, 0x09, 0x00, 0x00, 0x00, 0xeb, 0x02, 0x00, 0x00,
    0xe8, 0x02, 0x00, 0x00, 0x13, 0x01, 0x00, 0x00, 0x27, 0x01, 0x00, 0x00,
    0x1e, 0x01, 0x00, 0x00, 0xf5, 0x00, 0x07, 0x00, 0x08, 0x00, 0x00, 0x00,
    0xea, 0x02, 0x00, 0x00, 0x32, 0x03, 0x00, 0x00, 0x13, 0x01, 0x00, 0x00,
    0x29, 0x01, 0x00, 0x00, 0x1e, 0x01, 0x00, 0x00, 0xad, 0x00, 0x05, 0x00,
    0x10, 0x00, 0x00, 0x00, 0x2b, 0x01, 0x00, 0x00, 0xea, 0x02, 0x00, 0x00,
    0xe6, 0x00, 0x00, 0x00, 0xf7, 0x00, 0x03, 0x00, 0x2d, 0x01, 0x00, 0x00,
    0x00, 0x00, 0x00, 0x00, 0xfa, 0x00, 0x04, 0x00, 0x2b, 0x01, 0x00, 0x00,
    0x2c, 0x01, 0x00, 0x00, 0x2d, 0x01, 0x00, 0x00, 0xf8, 0x00, 0x02, 0x00,
    0x2c, 0x01, 0x00, 0x00, 0x50, 0x00, 0x05, 0x00, 0x09, 0x00, 0x00, 0x00,
    0x30, 0x01, 0x00, 0x00, 0xea, 0x02, 0x00, 0x00, 0xea, 0x02, 0x00, 0x00,
    0x87, 0x00, 0x05, 0x00, 0x09, 0x00, 0x00, 0x00, 0x31, 0x01, 0x00, 0x00,
    0xeb, 0x02, 0x00, 0x00, 0x30, 0x01, 0x00, 0x00, 0xf9, 0x00, 0x02, 0x00,
    0x2d, 0x01, 0x00, 0x00, 0xf8, 0x00, 0x02, 0x00, 0x2d, 0x01, 0x00, 0x00,
    0xf5, 0x00, 0x07, 0x00, 0x09, 0x00, 0x00, 0x00, 0xec, 0x02, 0x00, 0x00,
    0xeb, 0x02, 0x00, 0x00, 0x1f, 0x01, 0x00, 0x00, 0x31, 0x01, 0x00, 0x00,
    0x2c, 0x01, 0x00, 0x00, 0x0c, 0x00, 0x08, 0x00, 0x09, 0x00, 0x00, 0x00,
    0x36, 0x01, 0x00, 0x00, 0x01, 0x00, 0x00, 0x00, 0x2d, 0x00, 0x00, 0x00,
    0xec, 0x02, 0x00, 0x00, 0x34, 0x01, 0x00, 0x00, 0x35, 0x01, 0x00, 0x00,
    0x84, 0x00, 0x05, 0x00, 0x08, 0x00, 0x00, 0x00, 0x39, 0x01, 0x00, 0x00,
    0x73, 0x00, 0x00, 0x00, 0xc5, 0x00, 0x00, 0x00, 0x80, 0x00, 0x05, 0x00,
    0x08, 0x00, 0x00, 0x00, 0x3b, 0x01, 0x00, 0x00, 0x39, 0x01, 0x00, 0x00,
    0x77, 0x00, 0x00, 0x00, 0x84, 0x00, 0x05, 0x00, 0x08, 0x00, 0x00, 0x00,
    0x3c, 0x01, 0x00, 0x00, 0x3b, 0x01, 0x00, 0x00, 0xa9, 0x00, 0x00, 0x00,
    0x80, 0x00, 0x05, 0x00, 0x08, 0x00, 0x00, 0x00, 0x3e, 0x01, 0x00, 0x00,
    0x3c, 0x01, 0x00, 0x00, 0xf6, 0x00, 0x00, 0x00, 0x84, 0x00, 0x05, 0x00,
    0x08, 0x00, 0x00, 0x00, 0x3f, 0x01, 0x00, 0x00, 0x3e, 0x01, 0x00, 0x00,
    0xcc, 0x00, 0x00, 0x00, 0x7c, 0x00, 0x04, 0x00, 0x06, 0x00, 0x00, 0x00,
    0x40, 0x01, 0x00, 0x00, 0x3f, 0x01, 0x00, 0x00, 0x80, 0x00, 0x05, 0x00,
    0x06, 0x00, 0x00, 0x00, 0x46, 0x02, 0x00, 0x00, 0x40, 0x01, 0x00, 0x00,
    0x1e, 0x00, 0x00, 0x00, 0x80, 0x00, 0x05, 0x00, 0x06, 0x00, 0x00, 0x00,
    0x50, 0x02, 0x00, 0x00, 0x40, 0x01, 0x00, 0x00, 0x31, 0x03, 0x00, 0x00,
    0x41, 0x00, 0x06, 0x00, 0x2e, 0x00, 0x00, 0x00, 0x51, 0x02, 0x00, 0x00,
    0x1b, 0x00, 0x00, 0x00, 0x1c, 0x00, 0x00, 0x00, 0x50, 0x02, 0x00, 0x00,
    0x3d, 0x00, 0x04, 0x00, 0x06, 0x00, 0x00, 0x00, 0x52, 0x02, 0x00, 0x00,
    0x51, 0x02, 0x00, 0x00, 0x51, 0x00, 0x05, 0x00, 0x08, 0x00, 0x00, 0x00,
    0x58, 0x02, 0x00, 0x00, 0x36, 0x01, 0x00, 0x00, 0x01, 0x00, 0x00, 0x00,
    0x80, 0x00, 0x05, 0x00, 0x08, 0x00, 0x00, 0x00, 0x59, 0x02, 0x00, 0x00,
    0x58, 0x02, 0x00, 0x00, 0x23, 0x00, 0x00, 0x00, 0x84, 0x00, 0x05, 0x00,
    0x08, 0x00, 0x00, 0x00, 0x5a, 0x02, 0x00, 0x00, 0x59, 0x02, 0x00, 0x00,
    0x25, 0x00, 0x00, 0x00, 0x51, 0x00, 0x05, 0x00, 0x08, 0x00, 0x00, 0x00,
    0x5c, 0x02, 0x00, 0x00, 0x36, 0x01, 0x00, 0x00, 0x00, 0x00, 0x00, 0x00,
    0x80, 0x00, 0x05, 0x00, 0x08, 0x00, 0x00, 0x00, 0x5d, 0x02, 0x00, 0x00,
    0x5a, 0x02, 0x00, 0x00, 0x5c, 0x02, 0x00, 0x00, 0x80, 0x00, 0x05, 0x00,
    0x08, 0x00, 0x00, 0x00, 0x5e, 0x02, 0x00, 0x00, 0x5d, 0x02, 0x00, 0x00,
    0x23, 0x00, 0x00, 0x00, 0x7c, 0x00, 0x04, 0x00, 0x06, 0x00, 0x00, 0x00,
    0x5f, 0x02, 0x00, 0x00, 0x5e, 0x02, 0x00, 0x00, 0x80, 0x00, 0x05, 0x00,
    0x06, 0x00, 0x00, 0x00, 0x60, 0x02, 0x00, 0x00, 0x46, 0x02, 0x00, 0x00,
    0x5f, 0x02, 0x00, 0x00, 0x41, 0x00, 0x06, 0x00, 0x2e, 0x00, 0x00, 0x00,
    0x61, 0x02, 0x00, 0x00, 0x1b, 0x00, 0x00, 0x00, 0x1c, 0x00, 0x00, 0x00,
    0x60, 0x02, 0x00, 0x00, 0x3d, 0x00, 0x04, 0x00, 0x06, 0x00, 0x00, 0x00,
    0x62, 0x02, 0x00, 0x00, 0x61, 0x02, 0x00, 0x00, 0xf9, 0x00, 0x02, 0x00,
    0x4e, 0x01, 0x00, 0x00, 0xf8, 0x00, 0x02, 0x00, 0x4e, 0x01, 0x00, 0x00,
    0xf5, 0x00, 0x07, 0x00, 0x06, 0x00, 0x00, 0x00, 0xef, 0x02, 0x00, 0x00,
    0x62, 0x02, 0x00, 0x00, 0x2d, 0x01, 0x00, 0x00, 0xff, 0x02, 0x00, 0x00,
    0x51, 0x01, 0x00, 0x00, 0xf5, 0x00, 0x07, 0x00, 0x09, 0x00, 0x00, 0x00,
    0xee, 0x02, 0x00, 0x00, 0x36, 0x01, 0x00, 0x00, 0x2d, 0x01, 0x00, 0x00,
    0x01, 0x03, 0x00, 0x00, 0x51, 0x01, 0x00, 0x00, 0xf5, 0x00, 0x07, 0x00,
    0x08, 0x00, 0x00, 0x00, 0xed, 0x02, 0x00, 0x00, 0x4d, 0x01, 0x00, 0x00,
    0x2d, 0x01, 0x00, 0x00, 0x8a, 0x01, 0x00, 0x00, 0x51, 0x01, 0x00, 0x00,
    0xaf, 0x00, 0x05, 0x00, 0x10, 0x00, 0x00, 0x00, 0x54, 0x01, 0x00, 0x00,
    0xed, 0x02, 0x00, 0x00, 0xe6, 0x00, 0x00, 0x00, 0xf6, 0x00, 0x04, 0x00,
    0x50, 0x01, 0x00, 0x00, 0x51, 0x01, 0x00, 0x00, 0x00, 0x00, 0x00, 0x00,
    0xfa, 0x00, 0x04, 0x00, 0x54, 0x01, 0x00, 0x00, 0x4f, 0x01, 0x00, 0x00,
    0x50, 0x01, 0x00, 0x00, 0xf8, 0x00, 0x02, 0x00, 0x4f, 0x01, 0x00, 0x00,
    0xf9, 0x00, 0x02, 0x00, 0x59, 0x01, 0x00, 0x00, 0xf8, 0x00, 0x02, 0x00,
    0x59, 0x01, 0x00, 0x00, 0xf5, 0x00, 0x07, 0x00, 0x08, 0x00, 0x00, 0x00,
    0xf9, 0x02, 0x00, 0x00, 0x58, 0x01, 0x00, 0x00, 0x4f, 0x01, 0x00, 0x00,
    0x88, 0x01, 0x00, 0x00, 0x5c, 0x01, 0x00, 0x00, 0xf5, 0x00, 0x07, 0x00,
    0x09, 0x00, 0x00, 0x00, 0x01, 0x03, 0x00, 0x00, 0xee, 0x02, 0x00, 0x00,
    0x4f, 0x01, 0x00, 0x00, 0x00, 0x03, 0x00, 0x00, 0x5c, 0x01, 0x00, 0x00,
    0xf5, 0x00, 0x07, 0x00, 0x06, 0x00, 0x00, 0x00, 0xff, 0x02, 0x00, 0x00,
    0xef, 0x02, 0x00, 0x00, 0x4f, 0x01, 0x00, 0x00, 0xfe, 0x02, 0x00, 0x00,
    0x5c, 0x01, 0x00, 0x00, 0xb3, 0x00, 0x05, 0x00, 0x10, 0x00, 0x00, 0x00,
    0x5f, 0x01, 0x00, 0x00, 0xf9, 0x02, 0x00, 0x00, 0xe6, 0x00, 0x00, 0x00,
    0xf6, 0x00, 0x04, 0x00, 0x5b, 0x01, 0x00, 0x00, 0x5c, 0x01, 0x00, 0x00,
    0x00, 0x00, 0x00, 0x00, 0xfa, 0x00, 0x04, 0x00, 0x5f, 0x01, 0x00, 0x00,
    0x5a, 0x01, 0x00, 0x00, 0x5b, 0x01, 0x00, 0x00, 0xf8, 0x00, 0x02, 0x00,
    0x5a, 0x01, 0x00, 0x00, 0xf9, 0x00, 0x02, 0x00, 0x61, 0x01, 0x00, 0x00,
    0xf8, 0x00, 0x02, 0x00, 0x61, 0x01, 0x00, 0x00, 0xf5, 0x00, 0x07, 0x00,
    0x09, 0x00, 0x00, 0x00, 0x00, 0x03, 0x00, 0x00, 0x01, 0x03, 0x00, 0x00,
    0x5a, 0x01, 0x00, 0x00, 0x34, 0x03, 0x00, 0x00, 0x64, 0x01, 0x00, 0x00,
    0xf5, 0x00, 0x07, 0x00, 0x06, 0x00, 0x00, 0x00, 0xfe, 0x02, 0x00, 0x00,
    0xff, 0x02, 0x00, 0x00, 0x5a, 0x01, 0x00, 0x00, 0x35, 0x03, 0x00, 0x00,
    0x64, 0x01, 0x00, 0x00, 0xf5, 0x00, 0x07, 0x00, 0x08, 0x00, 0x00, 0x00,
    0xfb, 0x02, 0x00, 0x00, 0x58, 0x01, 0x00, 0x00, 0x5a, 0x01, 0x00, 0x00,
    0x86, 0x01, 0x00, 0x00, 0x64, 0x01, 0x00, 0x00, 0xb3, 0x00, 0x05, 0x00,
    0x10, 0x00, 0x00, 0x00, 0x67, 0x01, 0x00, 0x00, 0xfb, 0x02, 0x00, 0x00,
    0xe6, 0x00, 0x00, 0x00, 0xf6, 0x00, 0x04, 0x00, 0x63, 0x01, 0x00, 0x00,
    0x64, 0x01, 0x00, 0x00, 0x00, 0x00, 0x00, 0x00, 0xfa, 0x00, 0x04, 0x00,
    0x67, 0x01, 0x00, 0x00, 0x62, 0x01, 0x00, 0x00, 0x63, 0x01, 0x00, 0x00,
    0xf8, 0x00, 0x02, 0x00, 0x62, 0x01, 0x00, 0x00, 0x50, 0x00, 0x05, 0x00,
    0x09, 0x00, 0x00, 0x00, 0x6c, 0x01, 0x00, 0x00, 0xfb, 0x02, 0x00, 0x00,
    0xf9, 0x02, 0x00, 0x00, 0x50, 0x00, 0x05, 0x00, 0x09, 0x00, 0x00, 0x00,
    0x6e, 0x01, 0x00, 0x00, 0xed, 0x02, 0x00, 0x00, 0xed, 0x02, 0x00, 0x00,
    0x84, 0x00, 0x05, 0x00, 0x09, 0x00, 0x00, 0x00, 0x6f, 0x01, 0x00, 0x00,
    0x6c, 0x01, 0x00, 0x00, 0x6e, 0x01, 0x00, 0x00, 0x80, 0x00, 0x05, 0x00,
    0x09, 0x00, 0x00, 0x00, 0x70, 0x01, 0x00, 0x00, 0xee, 0x02, 0x00, 0x00,
    0x6f, 0x01, 0x00, 0x00, 0x0c, 0x00, 0x08, 0x00, 0x09, 0x00, 0x00, 0x00,
    0x71, 0x01, 0x00, 0x00, 0x01, 0x00, 0x00, 0x00, 0x2d, 0x00, 0x00, 0x00,
    0x70, 0x01, 0x00, 0x00, 0x34, 0x01, 0x00, 0x00, 0x35, 0x01, 0x00, 0x00,
    0x51, 0x00, 0x05, 0x00, 0x08, 0x00, 0x00, 0x00, 0x68, 0x02, 0x00, 0x00,
    0x71, 0x01, 0x00, 0x00, 0x01, 0x00, 0x00, 0x00, 0x80, 0x00, 0x05, 0x00,
    0x08, 0x00, 0x00, 0x00, 0x69, 0x02, 0x00, 0x00, 0x68, 0x02, 0x00, 0x00,
    0x23, 0x00, 0x00, 0x00, 0x84, 0x00, 0x05, 0x00, 0x08, 0x00, 0x00, 0x00,
    0x6a, 0x02, 0x00, 0x00, 0x69, 0x02, 0x00, 0x00, 0x25, 0x00, 0x00, 0x00,
    0x51, 0x00, 0x05, 0x00, 0x08, 0x00, 0x00, 0x00, 0x6c, 0x02, 0x00, 0x00,
    0x71, 0x01, 0x00, 0x00, 0x00, 0x00, 0x00, 0x00, 0x80, 0x00, 0x05, 0x00,
    0x08, 0x00, 0x00, 0x00, 0x6d, 0x02, 0x00, 0x00, 0x6a, 0x02, 0x00, 0x00,
    0x6c, 0x02, 0x00, 0x00, 0x80, 0x00, 0x05, 0x00, 0x08, 0x00, 0x00, 0x00,
    0x6e, 0x02, 0x00, 0x00, 0x6d, 0x02, 0x00, 0x00, 0x23, 0x00, 0x00, 0x00,
    0x7c, 0x00, 0x04, 0x00, 0x06, 0x00, 0x00, 0x00, 0x6f, 0x02, 0x00, 0x00,
    0x6e, 0x02, 0x00, 0x00, 0x80, 0x00, 0x05, 0x00, 0x06, 0x00, 0x00, 0x00,
    0x70, 0x02, 0x00, 0x00, 0x46, 0x02, 0x00, 0x00, 0x6f, 0x02, 0x00, 0x00,
    0x41, 0x00, 0x06, 0x00, 0x2e, 0x00, 0x00, 0x00, 0x71, 0x02, 0x00, 0x00,
    0x1b, 0x00, 0x00, 0x00, 0x1c, 0x00, 0x00, 0x00, 0x70, 0x02, 0x00, 0x00,
    0x3d, 0x00, 0x04, 0x00, 0x06, 0x00, 0x00, 0x00, 0x72, 0x02, 0x00, 0x00,
    0x71, 0x02, 0x00, 0x00, 0xf7, 0x00, 0x03, 0x00, 0xac, 0x02, 0x00, 0x00,
    0x00, 0x00, 0x00, 0x00, 0xfb, 0x00, 0x03, 0x00, 0x27, 0x00, 0x00, 0x00,
    0x7a, 0x02, 0x00, 0x00, 0xf8, 0x00, 0x02, 0x00, 0x7a, 0x02, 0x00, 0x00,
    0xab, 0x00, 0x05, 0x00, 0x10, 0x00, 0x00, 0x00, 0x7d, 0x02, 0x00, 0x00,
    0x72, 0x02, 0x00, 0x00, 0xfe, 0x02, 0x00, 0x00, 0xf7, 0x00, 0x03, 0x00,
    0x82, 0x02, 0x00, 0x00, 0x00, 0x00, 0x00, 0x00, 0xfa, 0x00, 0x04, 0x00,
    0x7d, 0x02, 0x00, 0x00, 0x7e, 0x02, 0x00, 0x00, 0x82, 0x02, 0x00, 0x00,
    0xf8, 0x00, 0x02, 0x00, 0x7e, 0x02, 0x00, 0x00, 0xb0, 0x00, 0x05, 0x00,
    0x10, 0x00, 0x00, 0x00, 0x81, 0x02, 0x00, 0x00, 0x72, 0x02, 0x00, 0x00,
    0xfe, 0x02, 0x00, 0x00, 0xf9, 0x00, 0x02, 0x00, 0xac, 0x02, 0x00, 0x00,
    0xf8, 0x00, 0x02, 0x00, 0x82, 0x02, 0x00, 0x00, 0x0c, 0x00, 0x06, 0x00,
    0x08, 0x00, 0x00, 0x00, 0x85, 0x02, 0x00, 0x00, 0x01, 0x00, 0x00, 0x00,
    0x05, 0x00, 0x00, 0x00, 0x6c, 0x02, 0x00, 0x00, 0x0c, 0x00, 0x06, 0x00,
    0x08, 0x00, 0x00, 0x00, 0x88, 0x02, 0x00, 0x00, 0x01, 0x00, 0x00, 0x00,
    0x05, 0x00, 0x00, 0x00, 0x68, 0x02, 0x00, 0x00, 0x80, 0x00, 0x05, 0x00,
    0x08, 0x00, 0x00, 0x00, 0x89, 0x02, 0x00, 0x00, 0x85, 0x02, 0x00, 0x00,
    0x88, 0x02, 0x00, 0x00, 0x51, 0x00, 0x05, 0x00, 0x08, 0x00, 0x00, 0x00,
    0x8b, 0x02, 0x00, 0x00, 0x00, 0x03, 0x00, 0x00, 0x00, 0x00, 0x00, 0x00,
    0x0c, 0x00, 0x06, 0x00, 0x08, 0x00, 0x00, 0x00, 0x8c, 0x02, 0x00, 0x00,
    0x01, 0x00, 0x00, 0x00, 0x05, 0x00, 0x00, 0x00, 0x8b, 0x02, 0x00, 0x00,
    0x51, 0x00, 0x05, 0x00, 0x08, 0x00, 0x00, 0x00, 0x8e, 0x02, 0x00, 0x00,
    0x00, 0x03, 0x00, 0x00, 0x01, 0x00, 0x00, 0x00, 0x0c, 0x00, 0x06, 0x00,
    0x08, 0x00, 0x00, 0x00, 0x8f, 0x02, 0x00, 0x00, 0x01, 0x00, 0x00, 0x00,
    0x05, 0x00, 0x00, 0x00, 0x8e, 0x02, 0x00, 0x00, 0x80, 0x00, 0x05, 0x00,
    0x08, 0x00, 0x00, 0x00, 0x90, 0x02, 0x00, 0x00, 0x8c, 0x02, 0x00, 0x00,
    0x8f, 0x02, 0x00, 0x00, 0xab, 0x00, 0x05, 0x00, 0x10, 0x00, 0x00, 0x00,
    0x93, 0x02, 0x00, 0x00, 0x89, 0x02, 0x00, 0x00, 0x90, 0x02, 0x00, 0x00,
    0xf7, 0x00, 0x03, 0x00, 0x98, 0x02, 0x00, 0x00, 0x00, 0x00, 0x00, 0x00,
    0xfa, 0x00, 0x04, 0x00, 0x93, 0x02, 0x00, 0x00, 0x94, 0x02, 0x00, 0x00,
    0x98, 0x02, 0x00, 0x00, 0xf8, 0x00, 0x02, 0x00, 0x94, 0x02, 0x00, 0x00,
    0xb1, 0x00, 0x05, 0x00, 0x10, 0x00, 0x00, 0x00, 0x97, 0x02, 0x00, 0x00,
    0x89, 0x02, 0x00, 0x00, 0x90, 0x02, 0x00, 0x00, 0xf9, 0x00, 0x02, 0x00,
    0xac, 0x02, 0x00, 0x00, 0xf8, 0x00, 0x02, 0x00, 0x98, 0x02, 0x00, 0x00,
    0xab, 0x00, 0x05, 0x00, 0x10, 0x00, 0x00, 0x00, 0x9d, 0x02, 0x00, 0x00,
    0x68, 0x02, 0x00, 0x00, 0x8e, 0x02, 0x00, 0x00, 0xf7, 0x00, 0x03, 0x00,
    0xaa, 0x02, 0x00, 0x00, 0x00, 0x00, 0x00, 0x00, 0xfa, 0x00, 0x04, 0x00,
    0x9d, 0x02, 0x00, 0x00, 0x9e, 0x02, 0x00, 0x00, 0xa4, 0x02, 0x00, 0x00,
    0xf8, 0x00, 0x02, 0x00, 0x9e, 0x02, 0x00, 0x00, 0xb1, 0x00, 0x05, 0x00,
    0x10, 0x00, 0x00, 0x00, 0xa3, 0x02, 0x00, 0x00, 0x68, 0x02, 0x00, 0x00,
    0x8e, 0x02, 0x00, 0x00, 0xf9, 0x00, 0x02, 0x00, 0xaa, 0x02, 0x00, 0x00,
    0xf8, 0x00, 0x02, 0x00, 0xa4, 0x02, 0x00, 0x00, 0xb1, 0x00, 0x05, 0x00,
    0x10, 0x00, 0x00, 0x00, 0xa9, 0x02, 0x00, 0x00, 0x6c, 0x02, 0x00, 0x00,
    0x8b, 0x02, 0x00, 0x00, 0xf9, 0x00, 0x02, 0x00, 0xaa, 0x02, 0x00, 0x00,
    0xf8, 0x00, 0x02, 0x00, 0xaa, 0x02, 0x00, 0x00, 0xf5, 0x00, 0x07, 0x00,
    0x10, 0x00, 0x00, 0x00, 0x02, 0x03, 0x00, 0x00, 0xa3, 0x02, 0x00, 0x00,
    0x9e, 0x02, 0x00, 0x00, 0xa9, 0x02, 0x00, 0x00, 0xa4, 0x02, 0x00, 0x00,
    0xf9, 0x00, 0x02, 0x00, 0xac, 0x02, 0x00, 0x00, 0xf8, 0x00, 0x02, 0x00,
    0xac, 0x02, 0x00, 0x00, 0xf5, 0x00, 0x09, 0x00, 0x10, 0x00, 0x00, 0x00,
    0x03, 0x03, 0x00, 0x00, 0x81, 0x02, 0x00, 0x00, 0x7e, 0x02, 0x00, 0x00,
    0x97, 0x02, 0x00, 0x00, 0x94, 0x02, 0x00, 0x00, 0x02, 0x03, 0x00, 0x00,
    0xaa, 0x02, 0x00, 0x00, 0x50, 0x00, 0x05, 0x00, 0x8d, 0x01, 0x00, 0x00,
    0x33, 0x03, 0x00, 0x00, 0x03, 0x03, 0x00, 0x00, 0x03, 0x03, 0x00, 0x00,
    0xa9, 0x00, 0x06, 0x00, 0x09, 0x00, 0x00, 0x00, 0x34, 0x03, 0x00, 0x00,
    0x33, 0x03, 0x00, 0x00, 0x71, 0x01, 0x00, 0x00, 0x00, 0x03, 0x00, 0x00,
    0xa9, 0x00, 0x06, 0x00, 0x06, 0x00, 0x00, 0x00, 0x35, 0x03, 0x00, 0x00,
    0x03, 0x03, 0x00, 0x00, 0x72, 0x02, 0x00, 0x00, 0xfe, 0x02, 0x00, 0x00,
    0xf9, 0x00, 0x02, 0x00, 0x64, 0x01, 0x00, 0x00, 0xf8, 0x00, 0x02, 0x00,
    0x64, 0x01, 0x00, 0x00, 0x80, 0x00, 0x05, 0x00, 0x08, 0x00, 0x00, 0x00,
    0x86, 0x01, 0x00, 0x00, 0xfb, 0x02, 0x00, 0x00, 0xe6, 0x00, 0x00, 0x00,
    0xf9, 0x00, 0x02, 0x00, 0x61, 0x01, 0x00, 0x00, 0xf8, 0x00, 0x02, 0x00,
    0x63, 0x01, 0x00, 0x00, 0xf9, 0x00, 0x02, 0x00, 0x5c, 0x01, 0x00, 0x00,
    0xf8, 0x00, 0x02, 0x00, 0x5c, 0x01, 0x00, 0x00, 0x80, 0x00, 0x05, 0x00,
    0x08, 0x00, 0x00, 0x00, 0x88, 0x01, 0x00, 0x00, 0xf9, 0x02, 0x00, 0x00,
    0xe6, 0x00, 0x00, 0x00, 0xf9, 0x00, 0x02, 0x00, 0x59, 0x01, 0x00, 0x00,
    0xf8, 0x00, 0x02, 0x00, 0x5b, 0x01, 0x00, 0x00, 0xf9, 0x00, 0x02, 0x00,
    0x51, 0x01, 0x00, 0x00, 0xf8, 0x00, 0x02, 0x00, 0x51, 0x01, 0x00, 0x00,
    0x87, 0x00, 0x05, 0x00, 0x08, 0x00, 0x00, 0x00, 0x8a, 0x01, 0x00, 0x00,
    0xed, 0x02, 0x00, 0x00, 0xc5, 0x00, 0x00, 0x00, 0xf9, 0x00, 0x02, 0x00,
    0x4e, 0x01, 0x00, 0x00, 0xf8, 0x00, 0x02, 0x00, 0x50, 0x01, 0x00, 0x00,
    0xab, 0x00, 0x05, 0x00, 0x8d, 0x01, 0x00, 0x00, 0x8e, 0x01, 0x00, 0x00,
    0xee, 0x02, 0x00, 0x00, 0xb0, 0x00, 0x00, 0x00, 0x9a, 0x00, 0x04, 0x00,
    0x10, 0x00, 0x00, 0x00, 0x8f, 0x01, 0x00, 0x00, 0x8e, 0x01, 0x00, 0x00,
    0xb0, 0x00, 0x05, 0x00, 0x10, 0x00, 0x00, 0x00, 0x92, 0x01, 0x00, 0x00,
    0xef, 0x02, 0x00, 0x00, 0x52, 0x02, 0x00, 0x00, 0xa7, 0x00, 0x05, 0x00,
    0x10, 0x00, 0x00, 0x00, 0x93, 0x01, 0x00, 0x00, 0x8f, 0x01, 0x00, 0x00,
    0x92, 0x01, 0x00, 0x00, 0xf7, 0x00, 0x03, 0x00, 0x95, 0x01, 0x00, 0x00,
    0x00, 0x00, 0x00, 0x00, 0xfa, 0x00, 0x04, 0x00, 0x93, 0x01, 0x00, 0x00,
    0x94, 0x01, 0x00, 0x00, 0x95, 0x01, 0x00, 0x00, 0xf8, 0x00, 0x02, 0x00,
    0x94, 0x01, 0x00, 0x00, 0x82, 0x00, 0x05, 0x00, 0x06, 0x00, 0x00, 0x00,
    0x98, 0x01, 0x00, 0x00, 0x52, 0x02, 0x00, 0x00, 0xef, 0x02, 0x00, 0x00,
    0x84, 0x00, 0x05, 0x00, 0x06, 0x00, 0x00, 0x00, 0x9c, 0x01, 0x00, 0x00,
    0x52, 0x02, 0x00, 0x00, 0x9b, 0x01, 0x00, 0x00, 0x80, 0x00, 0x05, 0x00,
    0x06, 0x00, 0x00, 0x00, 0x9e, 0x01, 0x00, 0x00, 0x9c, 0x01, 0x00, 0x00,
    0x9d, 0x01, 0x00, 0x00, 0x86, 0x00, 0x05, 0x00, 0x06, 0x00, 0x00, 0x00,
    0xa0, 0x01, 0x00, 0x00, 0x9e, 0x01, 0x00, 0x00, 0x9f, 0x01, 0x00, 0x00,
    0x0c, 0x00, 0x07, 0x00, 0x06, 0x00, 0x00, 0x00, 0xa1, 0x01, 0x00, 0x00,
    0x01, 0x00, 0x00, 0x00, 0x29, 0x00, 0x00, 0x00, 0x99, 0x01, 0x00, 0x00,
    0xa0, 0x01, 0x00, 0x00, 0xae, 0x00, 0x05, 0x00, 0x10, 0x00, 0x00, 0x00,
    0xa2, 0x01, 0x00, 0x00, 0x98, 0x01, 0x00, 0x00, 0xa1, 0x01, 0x00, 0x00,
    0xf9, 0x00, 0x02, 0x00, 0x95, 0x01, 0x00, 0x00, 0xf8, 0x00, 0x02, 0x00,
    0x95, 0x01, 0x00, 0x00, 0xf5, 0x00, 0x07, 0x00, 0x10, 0x00, 0x00, 0x00,
    0xa3, 0x01, 0x00, 0x00, 0x93, 0x01, 0x00, 0x00, 0x50, 0x01, 0x00, 0x00,
    0xa2, 0x01, 0x00, 0x00, 0x94, 0x01, 0x00, 0x00, 0x50, 0x00, 0x05, 0x00,
    0x8d, 0x01, 0x00, 0x00, 0xa7, 0x01, 0x00, 0x00, 0xa3, 0x01, 0x00, 0x00,
    0xa3, 0x01, 0x00, 0x00, 0xa9, 0x00, 0x06, 0x00, 0x09, 0x00, 0x00, 0x00,
    0xa8, 0x01, 0x00, 0x00, 0xa7, 0x01, 0x00, 0x00, 0xee, 0x02, 0x00, 0x00,
    0xb0, 0x00, 0x00, 0x00, 0x41, 0x00, 0x05, 0x00, 0xb1, 0x00, 0x00, 0x00,
    0xa9, 0x01, 0x00, 0x00, 0xae, 0x00, 0x00, 0x00, 0xf6, 0x00, 0x00, 0x00,
    0x3e, 0x00, 0x03, 0x00, 0xa9, 0x01, 0x00, 0x00, 0xa8, 0x01, 0x00, 0x00,
    0xa9, 0x00, 0x06, 0x00, 0x06, 0x00, 0x00, 0x00, 0xac, 0x01, 0x00, 0x00,
    0xa3, 0x01, 0x00, 0x00, 0x1e, 0x00, 0x00, 0x00, 0x27, 0x00, 0x00, 0x00,
    0x41, 0x00, 0x05, 0x00, 0xb7, 0x00, 0x00, 0x00, 0xad, 0x01, 0x00, 0x00,
    0xb9, 0x00, 0x00, 0x00, 0xf6, 0x00, 0x00, 0x00, 0x3e, 0x00, 0x03, 0x00,
    0xad, 0x01, 0x00, 0x00, 0xac, 0x01, 0x00, 0x00, 0xf9, 0x00, 0x02, 0x00,
    0x0d, 0x01, 0x00, 0x00, 0xf8, 0x00, 0x02, 0x00, 0x0d, 0x01, 0x00, 0x00,
    0xe0, 0x00, 0x04, 0x00, 0xd5, 0x00, 0x00, 0x00, 0xd5, 0x00, 0x00, 0x00,
    0xd6, 0x00, 0x00, 0x00, 0xf9, 0x00, 0x02, 0x00, 0xdb, 0x00, 0x00, 0x00,
    0xf8, 0x00, 0x02, 0x00, 0xdb, 0x00, 0x00, 0x00, 0x80, 0x00, 0x05, 0x00,
    0x08, 0x00, 0x00, 0x00, 0xaf, 0x01, 0x00, 0x00, 0xcc, 0x02, 0x00, 0x00,
    0xe6, 0x00, 0x00, 0x00, 0xf9, 0x00, 0x02, 0x00, 0xd8, 0x00, 0x00, 0x00,
    0xf8, 0x00, 0x02, 0x00, 0xda, 0x00, 0x00, 0x00, 0xf9, 0x00, 0x02, 0x00,
    0xb2, 0x01, 0x00, 0x00, 0xf8, 0x00, 0x02, 0x00, 0xb2, 0x01, 0x00, 0x00,
    0xf5, 0x00, 0x07, 0x00, 0x08, 0x00, 0x00, 0x00, 0xcd, 0x02, 0x00, 0x00,
    0x7c, 0x00, 0x00, 0x00, 0xda, 0x00, 0x00, 0x00, 0x3a, 0x02, 0x00, 0x00,
    0xb5, 0x01, 0x00, 0x00, 0xb1, 0x00, 0x05, 0x00, 0x10, 0x00, 0x00, 0x00,
    0xb8, 0x01, 0x00, 0x00, 0xcd, 0x02, 0x00, 0x00, 0xa9, 0x00, 0x00, 0x00,
    0xf6, 0x00, 0x04, 0x00, 0xb4, 0x01, 0x00, 0x00, 0xb5, 0x01, 0x00, 0x00,
    0x00, 0x00, 0x00, 0x00, 0xfa, 0x00, 0x04, 0x00, 0xb8, 0x01, 0x00, 0x00,
    0xb3, 0x01, 0x00, 0x00, 0xb4, 0x01, 0x00, 0x00, 0xf8, 0x00, 0x02, 0x00,
    0xb3, 0x01, 0x00, 0x00, 0x41, 0x00, 0x05, 0x00, 0xb1, 0x00, 0x00, 0x00,
    0xbb, 0x01, 0x00, 0x00, 0xae, 0x00, 0x00, 0x00, 0xcd, 0x02, 0x00, 0x00,
    0x3d, 0x00, 0x04, 0x00, 0x09, 0x00, 0x00, 0x00, 0xbc, 0x01, 0x00, 0x00,
    0xbb, 0x01, 0x00, 0x00, 0x41, 0x00, 0x05, 0x00, 0xb7, 0x00, 0x00, 0x00,
    0xbf, 0x01, 0x00, 0x00, 0xb9, 0x00, 0x00, 0x00, 0xcd, 0x02, 0x00, 0x00,
    0x3d, 0x00, 0x04, 0x00, 0x06, 0x00, 0x00, 0x00, 0xc0, 0x01, 0x00, 0x00,
    0xbf, 0x01, 0x00, 0x00, 0xb1, 0x00, 0x05, 0x00, 0x10, 0x00, 0x00, 0x00,
    0xc4, 0x01, 0x00, 0x00, 0xcd, 0x02, 0x00, 0x00, 0x98, 0x00, 0x00, 0x00,
    0xa7, 0x00, 0x05, 0x00, 0x10, 0x00, 0x00, 0x00, 0xc5, 0x01, 0x00, 0x00,
    0xa0, 0x00, 0x00, 0x00, 0xc4, 0x01, 0x00, 0x00, 0xf7, 0x00, 0x03, 0x00,
    0xc7, 0x01, 0x00, 0x00, 0x00, 0x00, 0x00, 0x00, 0xfa, 0x00, 0x04, 0x00,
    0xc5, 0x01, 0x00, 0x00, 0xc6, 0x01, 0x00, 0x00, 0xc7, 0x01, 0x00, 0x00,
    0xf8, 0x00, 0x02, 0x00, 0xc6, 0x01, 0x00, 0x00, 0x41, 0x00, 0x05, 0x00,
    0xb7, 0x00, 0x00, 0x00, 0xc9, 0x01, 0x00, 0x00, 0xb5, 0x00, 0x00, 0x00,
    0xcd, 0x02, 0x00, 0x00, 0x3d, 0x00, 0x04, 0x00, 0x06, 0x00, 0x00, 0x00,
    0xca, 0x01, 0x00, 0x00, 0xc9, 0x01, 0x00, 0x00, 0xaa, 0x00, 0x05, 0x00,
    0x10, 0x00, 0x00, 0x00, 0xcb, 0x01, 0x00, 0x00, 0xca, 0x01, 0x00, 0x00,
    0x27, 0x00, 0x00, 0x00, 0xf9, 0x00, 0x02, 0x00, 0xc7, 0x01, 0x00, 0x00,
    0xf8, 0x00, 0x02, 0x00, 0xc7, 0x01, 0x00, 0x00, 0xf5, 0x00, 0x07, 0x00,
    0x10, 0x00, 0x00, 0x00, 0xcc, 0x01, 0x00, 0x00, 0xc5, 0x01, 0x00, 0x00,
    0xb3, 0x01, 0x00, 0x00, 0xcb, 0x01, 0x00, 0x00, 0xc6, 0x01, 0x00, 0x00,
    0xf7, 0x00, 0x03, 0x00, 0xce, 0x01, 0x00, 0x00, 0x00, 0x00, 0x00, 0x00,
    0xfa, 0x00, 0x04, 0x00, 0xcc, 0x01, 0x00, 0x00, 0xcd, 0x01, 0x00, 0x00,
    0xce, 0x01, 0x00, 0x00, 0xf8, 0x00, 0x02, 0x00, 0xcd, 0x01, 0x00, 0x00,
    0x8b, 0x00, 0x05, 0x00, 0x08, 0x00, 0x00, 0x00, 0xd4, 0x01, 0x00, 0x00,
    0xcd, 0x02, 0x00, 0x00, 0x95, 0x00, 0x00, 0x00, 0x87, 0x00, 0x05, 0x00,
    0x08, 0x00, 0x00, 0x00, 0xd8, 0x01, 0x00, 0x00, 0xcd, 0x02, 0x00, 0x00,
    0x95, 0x00, 0x00, 0x00, 0x50, 0x00, 0x05, 0x00, 0x09, 0x00, 0x00, 0x00,
    0xd9, 0x01, 0x00, 0x00, 0xd4, 0x01, 0x00, 0x00, 0xd8, 0x01, 0x00, 0x00,
    0xf9, 0x00, 0x02, 0x00, 0xdc, 0x01, 0x00, 0x00, 0xf8, 0x00, 0x02, 0x00,
    0xdc, 0x01, 0x00, 0x00, 0xf5, 0x00, 0x07, 0x00, 0x09, 0x00, 0x00, 0x00,
    0xd1, 0x02, 0x00, 0x00, 0xb0, 0x00, 0x00, 0x00, 0xcd, 0x01, 0x00, 0x00,
    0x09, 0x03, 0x00, 0x00, 0xdf, 0x01, 0x00, 0x00, 0xf5, 0x00, 0x07, 0x00,
    0x08, 0x00, 0x00, 0x00, 0xd0, 0x02, 0x00, 0x00, 0x1c, 0x00, 0x00, 0x00,
    0xcd, 0x01, 0x00, 0x00, 0x08, 0x03, 0x00, 0x00, 0xdf, 0x01, 0x00, 0x00,
    0xf5, 0x00, 0x07, 0x00, 0x08, 0x00, 0x00, 0x00, 0xcf, 0x02, 0x00, 0x00,
    0x1c, 0x00, 0x00, 0x00, 0xcd, 0x01, 0x00, 0x00, 0x1c, 0x02, 0x00, 0x00,
    0xdf, 0x01, 0x00, 0x00, 0xb1, 0x00, 0x05, 0x00, 0x10, 0x00, 0x00, 0x00,
    0xe2, 0x01, 0x00, 0x00, 0xcf, 0x02, 0x00, 0x00, 0x4d, 0x01, 0x00, 0x00,
    0xf6, 0x00, 0x04, 0x00, 0xde, 0x01, 0x00, 0x00, 0xdf, 0x01, 0x00, 0x00,
    0x00, 0x00, 0x00, 0x00, 0xfa, 0x00, 0x04, 0x00, 0xe2, 0x01, 0x00, 0x00,
    0xdd, 0x01, 0x00, 0x00, 0xde, 0x01, 0x00, 0x00, 0xf8, 0x00, 0x02, 0x00,
    0xdd, 0x01, 0x00, 0x00, 0x3e, 0x00, 0x03, 0x00, 0xed, 0x01, 0x00, 0x00,
    0xea, 0x01, 0x00, 0x00, 0x41, 0x00, 0x05, 0x00, 0x0a, 0x00, 0x00, 0x00,
    0xee, 0x01, 0x00, 0x00, 0xed, 0x01, 0x00, 0x00, 0xcf, 0x02, 0x00, 0x00,
    0x3d, 0x00, 0x04, 0x00, 0x09, 0x00, 0x00, 0x00, 0xef, 0x01, 0x00, 0x00,
    0xee, 0x01, 0x00, 0x00, 0x80, 0x00, 0x05, 0x00, 0x09, 0x00, 0x00, 0x00,
    0xf0, 0x01, 0x00, 0x00, 0xd9, 0x01, 0x00, 0x00, 0xef, 0x01, 0x00, 0x00,
    0x51, 0x00, 0x05, 0x00, 0x08, 0x00, 0x00, 0x00, 0xf3, 0x01, 0x00, 0x00,
    0xf0, 0x01, 0x00, 0x00, 0x01, 0x00, 0x00, 0x00, 0x84, 0x00, 0x05, 0x00,
    0x08, 0x00, 0x00, 0x00, 0xf6, 0x01, 0x00, 0x00, 0xf3, 0x01, 0x00, 0x00,
    0x95, 0x00, 0x00, 0x00, 0x51, 0x00, 0x05, 0x00, 0x08, 0x00, 0x00, 0x00,
    0xf8, 0x01, 0x00, 0x00, 0xf0, 0x01, 0x00, 0x00, 0x00, 0x00, 0x00, 0x00,
    0x80, 0x00, 0x05, 0x00, 0x08, 0x00, 0x00, 0x00, 0xf9, 0x01, 0x00, 0x00,
    0xf6, 0x01, 0x00, 0x00, 0xf8, 0x01, 0x00, 0x00, 0xaf, 0x00, 0x05, 0x00,
    0x8d, 0x01, 0x00, 0x00, 0xfb, 0x01, 0x00, 0x00, 0xf0, 0x01, 0x00, 0x00,
    0xb0, 0x00, 0x00, 0x00, 0x9b, 0x00, 0x04, 0x00, 0x10, 0x00, 0x00, 0x00,
    0xfc, 0x01, 0x00, 0x00, 0xfb, 0x01, 0x00, 0x00, 0xf7, 0x00, 0x03, 0x00,
    0xfe, 0x01, 0x00, 0x00, 0x00, 0x00, 0x00, 0x00, 0xfa, 0x00, 0x04, 0x00,
    0xfc, 0x01, 0x00, 0x00, 0xfd, 0x01, 0x00, 0x00, 0xfe, 0x01, 0x00, 0x00,
    0xf8, 0x00, 0x02, 0x00, 0xfd, 0x01, 0x00, 0x00, 0xb1, 0x00, 0x05, 0x00,
    0x8d, 0x01, 0x00, 0x00, 0x01, 0x02, 0x00, 0x00, 0xf0, 0x01, 0x00, 0x00,
    0x92, 0x00, 0x00, 0x00, 0x9b, 0x00, 0x04, 0x00, 0x10, 0x00, 0x00, 0x00,
    0x02, 0x02, 0x00, 0x00, 0x01, 0x02, 0x00, 0x00, 0xf9, 0x00, 0x02, 0x00,
    0xfe, 0x01, 0x00, 0x00, 0xf8, 0x00, 0x02, 0x00, 0xfe, 0x01, 0x00, 0x00,
    0xf5, 0x00, 0x07, 0x00, 0x10, 0x00, 0x00, 0x00, 0x03, 0x02, 0x00, 0x00,
    0xfc, 0x01, 0x00, 0x00, 0xdd, 0x01, 0x00, 0x00, 0x02, 0x02, 0x00, 0x00,
    0xfd, 0x01, 0x00, 0x00, 0xf7, 0x00, 0x03, 0x00, 0x05, 0x02, 0x00, 0x00,
    0x00, 0x00, 0x00, 0x00, 0xfa, 0x00, 0x04, 0x00, 0x03, 0x02, 0x00, 0x00,
    0x04, 0x02, 0x00, 0x00, 0x05, 0x02, 0x00, 0x00, 0xf8, 0x00, 0x02, 0x00,
    0x04, 0x02, 0x00, 0x00, 0x41, 0x00, 0x05, 0x00, 0xb7, 0x00, 0x00, 0x00,
    0x07, 0x02, 0x00, 0x00, 0xb5, 0x00, 0x00, 0x00, 0xf9, 0x01, 0x00, 0x00,
    0x3d, 0x00, 0x04, 0x00, 0x06, 0x00, 0x00, 0x00, 0x08, 0x02, 0x00, 0x00,
    0x07, 0x02, 0x00, 0x00, 0xab, 0x00, 0x05, 0x00, 0x10, 0x00, 0x00, 0x00,
    0x09, 0x02, 0x00, 0x00, 0x08, 0x02, 0x00, 0x00, 0x27, 0x00, 0x00, 0x00,
    0xf9, 0x00, 0x02, 0x00, 0x05, 0x02, 0x00, 0x00, 0xf8, 0x00, 0x02, 0x00,
    0x05, 0x02, 0x00, 0x00, 0xf5, 0x00, 0x07, 0x00, 0x10, 0x00, 0x00, 0x00,
    0x0a, 0x02, 0x00, 0x00, 0x03, 0x02, 0x00, 0x00, 0xfe, 0x01, 0x00, 0x00,
    0x09, 0x02, 0x00, 0x00, 0x04, 0x02, 0x00, 0x00, 0xf7, 0x00, 0x03, 0x00,
    0x0c, 0x02, 0x00, 0x00, 0x00, 0x00, 0x00, 0x00, 0xfa, 0x00, 0x04, 0x00,
    0x0a, 0x02, 0x00, 0x00, 0x0b, 0x02, 0x00, 0x00, 0x0c, 0x02, 0x00, 0x00,
    0xf8, 0x00, 0x02, 0x00, 0x0b, 0x02, 0x00, 0x00, 0x41, 0x00, 0x05, 0x00,
    0xb7, 0x00, 0x00, 0x00, 0x0e, 0x02, 0x00, 0x00, 0xb9, 0x00, 0x00, 0x00,
    0xf9, 0x01, 0x00, 0x00, 0x3d, 0x00, 0x04, 0x00, 0x06, 0x00, 0x00, 0x00,
    0x0f, 0x02, 0x00, 0x00, 0x0e, 0x02, 0x00, 0x00, 0xab, 0x00, 0x05, 0x00,
    0x10, 0x00, 0x00, 0x00, 0x10, 0x02, 0x00, 0x00, 0x0f, 0x02, 0x00, 0x00,
    0x27, 0x00, 0x00, 0x00, 0xf9, 0x00, 0x02, 0x00, 0x0c, 0x02, 0x00, 0x00,
    0xf8, 0x00, 0x02, 0x00, 0x0c, 0x02, 0x00, 0x00, 0xf5, 0x00, 0x07, 0x00,
    0x10, 0x00, 0x00, 0x00, 0x11, 0x02, 0x00, 0x00, 0x0a, 0x02, 0x00, 0x00,
    0x05, 0x02, 0x00, 0x00, 0x10, 0x02, 0x00, 0x00, 0x0b, 0x02, 0x00, 0x00,
    0xf7, 0x00, 0x03, 0x00, 0x13, 0x02, 0x00, 0x00, 0x00, 0x00, 0x00, 0x00,
    0xfa, 0x00, 0x04, 0x00, 0x11, 0x02, 0x00, 0x00, 0x12, 0x02, 0x00, 0x00,
    0x13, 0x02, 0x00, 0x00, 0xf8, 0x00, 0x02, 0x00, 0x12, 0x02, 0x00, 0x00,
    0x41, 0x00, 0x05, 0x00, 0xb1, 0x00, 0x00, 0x00, 0x15, 0x02, 0x00, 0x00,
    0xae, 0x00, 0x00, 0x00, 0xf9, 0x01, 0x00, 0x00, 0x3d, 0x00, 0x04, 0x00,
    0x09, 0x00, 0x00, 0x00, 0x16, 0x02, 0x00, 0x00, 0x15, 0x02, 0x00, 0x00,
    0x80, 0x00, 0x05, 0x00, 0x09, 0x00, 0x00, 0x00, 0x18, 0x02, 0x00, 0x00,
    0xd1, 0x02, 0x00, 0x00, 0x16, 0x02, 0x00, 0x00, 0x80, 0x00, 0x05, 0x00,
    0x08, 0x00, 0x00, 0x00, 0x1a, 0x02, 0x00, 0x00, 0xd0, 0x02, 0x00, 0x00,
    0xe6, 0x00, 0x00, 0x00, 0xf9, 0x00, 0x02, 0x00, 0x13, 0x02, 0x00, 0x00,
    0xf8, 0x00, 0x02, 0x00, 0x13, 0x02, 0x00, 0x00, 0xf5, 0x00, 0x07, 0x00,
    0x09, 0x00, 0x00, 0x00, 0x09, 0x03, 0x00, 0x00, 0xd1, 0x02, 0x00, 0x00,
    0x0c, 0x02, 0x00, 0x00, 0x18, 0x02, 0x00, 0x00, 0x12, 0x02, 0x00, 0x00,
    0xf5, 0x00, 0x07, 0x00, 0x08, 0x00, 0x00, 0x00, 0x08, 0x03, 0x00, 0x00,
    0xd0, 0x02, 0x00, 0x00, 0x0c, 0x02, 0x00, 0x00, 0x1a, 0x02, 0x00, 0x00,
    0x12, 0x02, 0x00, 0x00, 0xf9, 0x00, 0x02, 0x00, 0xdf, 0x01, 0x00, 0x00,
    0xf8, 0x00, 0x02, 0x00, 0xdf, 0x01, 0x00, 0x00, 0x80, 0x00, 0x05, 0x00,
    0x08, 0x00, 0x00, 0x00, 0x1c, 0x02, 0x00, 0x00, 0xcf, 0x02, 0x00, 0x00,
    0xe6, 0x00, 0x00, 0x00, 0xf9, 0x00, 0x02, 0x00, 0xdc, 0x01, 0x00, 0x00,
    0xf8, 0x00, 0x02, 0x00, 0xde, 0x01, 0x00, 0x00, 0xab, 0x00, 0x05, 0x00,
    0x10, 0x00, 0x00, 0x00, 0x1e, 0x02, 0x00, 0x00, 0xd0, 0x02, 0x00, 0x00,
    0x1c, 0x00, 0x00, 0x00, 0xf7, 0x00, 0x03, 0x00, 0x20, 0x02, 0x00, 0x00,
    0x00, 0x00, 0x00, 0x00, 0xfa, 0x00, 0x04, 0x00, 0x1e, 0x02, 0x00, 0x00,
    0x1f, 0x02, 0x00, 0x00, 0x20, 0x02, 0x00, 0x00, 0xf8, 0x00, 0x02, 0x00,
    0x1f, 0x02, 0x00, 0x00, 0x50, 0x00, 0x05, 0x00, 0x09, 0x00, 0x00, 0x00,
    0x23, 0x02, 0x00, 0x00, 0xd0, 0x02, 0x00, 0x00, 0xd0, 0x02, 0x00, 0x00,
    0x87, 0x00, 0x05, 0x00, 0x09, 0x00, 0x00, 0x00, 0x24, 0x02, 0x00, 0x00,
    0xd1, 0x02, 0x00, 0x00, 0x23, 0x02, 0x00, 0x00, 0xf9, 0x00, 0x02, 0x00,
    0x20, 0x02, 0x00, 0x00, 0xf8, 0x00, 0x02, 0x00, 0x20, 0x02, 0x00, 0x00,
    0xf5, 0x00, 0x07, 0x00, 0x09, 0x00, 0x00, 0x00, 0xd7, 0x02, 0x00, 0x00,
    0xbc, 0x01, 0x00, 0x00, 0xde, 0x01, 0x00, 0x00, 0x24, 0x02, 0x00, 0x00,
    0x1f, 0x02, 0x00, 0x00, 0xa9, 0x00, 0x06, 0x00, 0x06, 0x00, 0x00, 0x00,
    0x36, 0x03, 0x00, 0x00, 0x1e, 0x02, 0x00, 0x00, 0x1e, 0x00, 0x00, 0x00,
    0xc0, 0x01, 0x00, 0x00, 0xf9, 0x00, 0x02, 0x00, 0xce, 0x01, 0x00, 0x00,
    0xf8, 0x00, 0x02, 0x00, 0xce, 0x01, 0x00, 0x00, 0xf5, 0x00, 0x07, 0x00,
    0x06, 0x00, 0x00, 0x00, 0xd9, 0x02, 0x00, 0x00, 0xc0, 0x01, 0x00, 0x00,
    0xc7, 0x01, 0x00, 0x00, 0x36, 0x03, 0x00, 0x00, 0x20, 0x02, 0x00, 0x00,
    0xf5, 0x00, 0x07, 0x00, 0x09, 0x00, 0x00, 0x00, 0xd5, 0x02, 0x00, 0x00,
    0xbc, 0x01, 0x00, 0x00, 0xc7, 0x01, 0x00, 0x00, 0xd7, 0x02, 0x00, 0x00,
    0x20, 0x02, 0x00, 0x00, 0x84, 0x00, 0x05, 0x00, 0x08, 0x00, 0x00, 0x00,
    0x2b, 0x02, 0x00, 0x00, 0x73, 0x00, 0x00, 0x00, 0xc5, 0x00, 0x00, 0x00,
    0x80, 0x00, 0x05, 0x00, 0x08, 0x00, 0x00, 0x00, 0x2d, 0x02, 0x00, 0x00,
    0x2b, 0x02, 0x00, 0x00, 0x77, 0x00, 0x00, 0x00, 0x84, 0x00, 0x05, 0x00,
    0x08, 0x00, 0x00, 0x00, 0x2e, 0x02, 0x00, 0x00, 0x2d, 0x02, 0x00, 0x00,
    0xa9, 0x00, 0x00, 0x00, 0x80, 0x00, 0x05, 0x00, 0x08, 0x00, 0x00, 0x00,
    0x30, 0x02, 0x00, 0x00, 0x2e, 0x02, 0x00, 0x00, 0xcd, 0x02, 0x00, 0x00,
    0x7c, 0x00, 0x04, 0x00, 0x08, 0x00, 0x00, 0x00, 0x33, 0x02, 0x00, 0x00,
    0xd9, 0x02, 0x00, 0x00, 0x51, 0x00, 0x05, 0x00, 0x08, 0x00, 0x00, 0x00,
    0x34, 0x02, 0x00, 0x00, 0xd5, 0x02, 0x00, 0x00, 0x00, 0x00, 0x00, 0x00,
    0x51, 0x00, 0x05, 0x00, 0x08, 0x00, 0x00, 0x00, 0x35, 0x02, 0x00, 0x00,
    0xd5, 0x02, 0x00, 0x00, 0x01, 0x00, 0x00, 0x00, 0x50, 0x00, 0x07, 0x00,
    0x25, 0x02, 0x00, 0x00, 0x36, 0x02, 0x00, 0x00, 0x34, 0x02, 0x00, 0x00,
    0x35, 0x02, 0x00, 0x00, 0x33, 0x02, 0x00, 0x00, 0x1c, 0x00, 0x00, 0x00,
    0x41, 0x00, 0x06, 0x00, 0x37, 0x02, 0x00, 0x00, 0x38, 0x02, 0x00, 0x00,
    0x29, 0x02, 0x00, 0x00, 0x1c, 0x00, 0x00, 0x00, 0x30, 0x02, 0x00, 0x00,
    0x3e, 0x00, 0x03, 0x00, 0x38, 0x02, 0x00, 0x00, 0x36, 0x02, 0x00, 0x00,
    0xf9, 0x00, 0x02, 0x00, 0xb5, 0x01, 0x00, 0x00, 0xf8, 0x00, 0x02, 0x00,
    0xb5, 0x01, 0x00, 0x00, 0x80, 0x00, 0x05, 0x00, 0x08, 0x00, 0x00, 0x00,
    0x3a, 0x02, 0x00, 0x00, 0xcd, 0x02, 0x00, 0x00, 0xd2, 0x00, 0x00, 0x00,
    0xf9, 0x00, 0x02, 0x00, 0xb2, 0x01, 0x00, 0x00, 0xf8, 0x00, 0x02, 0x00,
    0xb4, 0x01, 0x00, 0x00, 0xfd, 0x00, 0x01, 0x00, 0x38, 0x00, 0x01, 0x00,
};
static const unsigned int kMotionBlockSearchCompSPVSize = 8352u;

static const unsigned char kMotionBlockSearchCompDXIL[] = {
    0x44, 0x58, 0x42, 0x43, 0x3f, 0x30, 0xcc, 0x46, 0x17, 0x5d, 0xcc, 0xd9,
    0xc3, 0x2b, 0xa9, 0xeb, 0x46, 0xc1, 0x19, 0x97, 0x01, 0x00, 0x00, 0x00,
    0xa4, 0x18, 0x00, 0x00, 0x07, 0x00, 0x00, 0x00, 0x3c, 0x00, 0x00, 0x00,
    0x4c, 0x00, 0x00, 0x00, 0x5c, 0x00, 0x00, 0x00, 0x6c, 0x00, 0x00, 0x00,
    0x0c, 0x01, 0x00, 0x00, 0x88, 0x08, 0x00, 0x00, 0xa4, 0x08, 0x00, 0x00,
    0x53, 0x46, 0x49, 0x30, 0x08, 0x00, 0x00, 0x00, 0x00, 0x00, 0x00, 0x00,
    0x00, 0x00, 0x00, 0x00, 0x49, 0x53, 0x47, 0x31, 0x08, 0x00, 0x00, 0x00,
    0x00, 0x00, 0x00, 0x00, 0x08, 0x00, 0x00, 0x00, 0x4f, 0x53, 0x47, 0x31,
    0x08, 0x00, 0x00, 0x00, 0x00, 0x00, 0x00, 0x00, 0x08, 0x00, 0x00, 0x00,
    0x50, 0x53, 0x56, 0x30, 0x98, 0x00, 0x00, 0x00, 0x34, 0x00, 0x00, 0x00,
    0x00, 0x00, 0x00, 0x00, 0x00, 0x00, 0x00, 0x00, 0x00, 0x00, 0x00, 0x00,
    0x00, 0x00, 0x00, 0x00, 0x00, 0x00, 0x00, 0x00, 0xff, 0xff, 0xff, 0xff,
    0x05, 0x00, 0x00, 0x00, 0x00, 0x00, 0x00, 0x00, 0x00, 0x00, 0x00, 0x00,
    0x40, 0x00, 0x00, 0x00, 0x01, 0x00, 0x00, 0x00, 0x01, 0x00, 0x00, 0x00,
    0x01, 0x00, 0x00, 0x00, 0x03, 0x00, 0x00, 0x00, 0x18, 0x00, 0x00, 0x00,
    0x02, 0x00, 0x00, 0x00, 0x02, 0x00, 0x00, 0x00, 0x00, 0x00, 0x00, 0x00,
    0x00, 0x00, 0x00, 0x00, 0x0d, 0x00, 0x00, 0x00, 0x00, 0x00, 0x00, 0x00,
    0x04, 0x00, 0x00, 0x00, 0x00, 0x00, 0x00, 0x00, 0x00, 0x00, 0x00, 0x00,
    0x00, 0x00, 0x00, 0x00, 0x0b, 0x00, 0x00, 0x00, 0x00, 0x00, 0x00, 0x00,
    0x07, 0x00, 0x00, 0x00, 0x01, 0x00, 0x00, 0x00, 0x00, 0x00, 0x00, 0x00,
    0x00, 0x00, 0x00, 0x00, 0x0b, 0x00, 0x00, 0x00, 0x00, 0x00, 0x00, 0x00,
    0x08, 0x00, 0x00, 0x00, 0x00, 0x6d, 0x61, 0x69, 0x6e, 0x00, 0x00, 0x00,
    0x00, 0x00, 0x00, 0x00, 0x53, 0x54, 0x41, 0x54, 0x74, 0x07, 0x00, 0x00,
    0x60, 0x00, 0x05, 0x00, 0xdd, 0x01, 0x00, 0x00, 0x44, 0x58, 0x49, 0x4c,
    0x00, 0x01, 0x00, 0x00, 0x10, 0x00, 0x00, 0x00, 0x5c, 0x07, 0x00, 0x00,
    0x42, 0x43, 0xc0, 0xde, 0x21, 0x0c, 0x00, 0x00, 0xd4, 0x01, 0x00, 0x00,
    0x0b, 0x82, 0x20, 0x00, 0x02, 0x00, 0x00, 0x00, 0x13, 0x00, 0x00, 0x00,
    0x07, 0x81, 0x23, 0x91, 0x41, 0xc8, 0x04, 0x49, 0x06, 0x10, 0x32, 0x39,
    0x92, 0x01, 0x84, 0x0c, 0x25, 0x05, 0x08, 0x19, 0x1e, 0x04, 0x8b, 0x62,
    0x80, 0x18, 0x45, 0x02, 0x42, 0x92, 0x0b, 0x42, 0xc4, 0x10, 0x32, 0x14,
    0x38, 0x08, 0x18, 0x4b, 0x0a, 0x32, 0x62, 0x88, 0x48, 0x90, 0x14, 0x20,
    0x43, 0x46, 0x88, 0xa5, 0x00, 0x19, 0x32, 0x42, 0xe4, 0x48, 0x0e, 0x90,
    0x11, 0x23, 0xc4, 0x50, 0x41, 0x51, 0x81, 0x8c, 0xe1, 0x83, 0xe5, 0x8a,
    0x04, 0x31, 0x46, 0x06, 0x51, 0x18, 0x00, 0x00, 0x0b, 0x00, 0x00, 0x00,
    0x1b, 0x8c, 0xe0, 0xff, 0xff, 0xff, 0xff, 0x07, 0x40, 0x02, 0xa8, 0x0d,
    0x86, 0xf0, 0xff, 0xff, 0xff, 0xff, 0x03, 0xc0, 0x00, 0xd2, 0x06, 0x63,
    0xf8, 0xff, 0xff, 0xff, 0xff, 0x01, 0x90, 0x80, 0x6a, 0x03, 0x41, 0xfc,
    0xff, 0xff, 0xff, 0xff, 0x00, 0x48, 0x00, 0x00, 0x49, 0x18, 0x00, 0x00,
    0x03, 0x00, 0x00, 0x00, 0x13, 0x82, 0x60, 0x42, 0x20, 0x4c, 0x08, 0x86,
    0x09, 0x01, 0x01, 0x00, 0x89, 0x20, 0x00, 0x00, 0x3a, 0x00, 0x00, 0x00,
    0x32, 0x22, 0x88, 0x09, 0x20, 0x64, 0x85, 0x04, 0x13, 0x23, 0xa4, 0x84,
    0x04, 0x13, 0x23, 0xe3, 0x84, 0xa1, 0x90, 0x14, 0x12, 0x4c, 0x8c, 0x8c,
    0x0b, 0x84, 0xc4, 0x4c, 0x10, 0x9c, 0xc1, 0x1c, 0x01, 0x18, 0x24, 0xbc,
    0x01, 0x30, 0x88, 0x10, 0x0c, 0x09, 0xde, 0x00, 0x0c, 0x22, 0x0c, 0xc3,
    0x08, 0x40, 0x09, 0x0a, 0x32, 0xca, 0x00, 0x00, 0x00, 0x21, 0x65, 0x28,
    0x00, 0x80, 0x94, 0x42, 0x00, 0x00, 0x00, 0x10, 0x33, 0x03, 0x70, 0xd4,
    0x70, 0xf9, 0x13, 0xf6, 0x10, 0x92, 0xcf, 0x6d, 0x54, 0xb1, 0x12, 0x93,
    0x5f, 0xdc, 0x36, 0x22, 0x1c, 0xc7, 0x71, 0xe6, 0x08, 0x10, 0x82, 0xee,
    0x19, 0x2e, 0x7f, 0xc2, 0x1e, 0x42, 0xf2, 0x43, 0xa0, 0x19, 0x16, 0x02,
    0x05, 0x51, 0x21, 0x1e, 0x40, 0x02, 0x68, 0x9a, 0x23, 0x08, 0x8a, 0x21,
    0x01, 0x10, 0x00, 0x54, 0x64, 0xdd, 0x34, 0x5c, 0xfe, 0x84, 0x3d, 0x84,
    0xe4, 0xaf, 0x84, 0xb4, 0x12, 0x93, 0x8f, 0xdc, 0x36, 0x2a, 0x00, 0x00,
    0x00, 0x80, 0x52, 0x60, 0x80, 0x04, 0x00, 0x94, 0x15, 0xa5, 0x00, 0x24,
    0x00, 0x00, 0x00, 0x00, 0x80, 0x68, 0x1b, 0x08, 0x38, 0x4c, 0x9a, 0x22,
    0x4a, 0x98, 0xfc, 0x0d, 0x9b, 0x08, 0x6d, 0x18, 0x22, 0x42, 0x92, 0x36,
    0xaa, 0x28, 0x88, 0x08, 0x05, 0x00, 0x79, 0xa7, 0x49, 0x53, 0x44, 0x09,
    0x93, 0xbf, 0xc2, 0x1b, 0x36, 0x11, 0xda, 0x30, 0x44, 0x84, 0x24, 0x6d,
    0x54, 0x51, 0x10, 0x11, 0x0a, 0x00, 0x02, 0x87, 0x11, 0x08, 0x27, 0x09,
    0xc4, 0x43, 0x58, 0x62, 0x9a, 0x90, 0xc6, 0x90, 0x50, 0x30, 0x12, 0x39,
    0x47, 0x00, 0x0a, 0x00, 0x13, 0x14, 0x72, 0xc0, 0x87, 0x74, 0x60, 0x87,
    0x36, 0x68, 0x87, 0x79, 0x68, 0x03, 0x72, 0xc0, 0x87, 0x0d, 0xaf, 0x50,
    0x0e, 0x6d, 0xd0, 0x0e, 0x7a, 0x50, 0x0e, 0x6d, 0x00, 0x0f, 0x7a, 0x30,
    0x07, 0x72, 0xa0, 0x07, 0x73, 0x20, 0x07, 0x6d, 0x90, 0x0e, 0x71, 0xa0,
    0x07, 0x73, 0x20, 0x07, 0x6d, 0x90, 0x0e, 0x78, 0xa0, 0x07, 0x73, 0x20,
    0x07, 0x6d, 0x90, 0x0e, 0x71, 0x60, 0x07, 0x7a, 0x30, 0x07, 0x72, 0xd0,
    0x06, 0xe9, 0x30, 0x07, 0x72, 0xa0, 0x07, 0x73, 0x20, 0x07, 0x6d, 0x90,
    0x0e, 0x76, 0x40, 0x07, 0x7a, 0x60, 0x07, 0x74, 0xd0, 0x06, 0xe6, 0x10,
    0x07, 0x76, 0xa0, 0x07, 0x73, 0x20, 0x07, 0x6d, 0x60, 0x0e, 0x73, 0x20,
    0x07, 0x7a, 0x30, 0x07, 0x72, 0xd0, 0x06, 0xe6, 0x60, 0x07, 0x74, 0xa0,
    0x07, 0x76, 0x40, 0x07, 0x6d, 0xe0, 0x0e, 0x78, 0xa0, 0x07, 0x71, 0x60,
    0x07, 0x7a, 0x30, 0x07, 0x72, 0xa0, 0x07, 0x76, 0x40, 0x07, 0x3a, 0x0f,
    0x44, 0x90, 0x21, 0x23, 0x45, 0x44, 0x00, 0xe6, 0x00, 0x60, 0xe6, 0x00,
    0x60, 0xee, 0x90, 0x01, 0x78, 0xc8, 0x63, 0x00, 0x01, 0x00, 0x00, 0x00,
    0x00, 0x00, 0x00, 0x00, 0x00, 0xc0, 0x90, 0x07, 0x01, 0x02, 0x20, 0x00,
    0x00, 0x00, 0x00, 0x00, 0x00, 0x00, 0x80, 0x21, 0x0f, 0x02, 0x04, 0x40,
    0x00, 0x00, 0x00, 0x00, 0x00, 0x00, 0x00, 0x00, 0x43, 0x1e, 0x05, 0x08,
    0x00, 0x01, 0x00, 0x00, 0x00, 0x00, 0x00, 0x00, 0x00, 0x86, 0x3c, 0x0c,
    0x10, 0x00, 0x01, 0x00, 0x00, 0x00, 0x00, 0x00, 0x00, 0x00, 0x0c, 0x79,
    0x26, 0x20, 0x00, 0x06, 0x00, 0x00, 0x00, 0x00, 0x00, 0x00, 0x00, 0x18,
    0xf2, 0x58, 0x40, 0x00, 0x0c, 0x00, 0x00, 0x00, 0x00, 0x00, 0x00, 0x00,
    0x30, 0xe4, 0xc9, 0x80, 0x00, 0x18, 0x00, 0x00, 0x00, 0x00, 0x00, 0x00,
    0x00, 0x60, 0xc8, 0xb3, 0x01, 0x01, 0x40, 0x00, 0x00, 0x00, 0x00, 0x00,
    0x00, 0x00, 0x40, 0x16, 0x08, 0x00, 0x00, 0x00, 0x12, 0x00, 0x00, 0x00,
    0x32, 0x1e, 0x98, 0x18, 0x19, 0x11, 0x4c, 0x90, 0x8c, 0x09, 0x26, 0x47,
    0xc6, 0x04, 0x43, 0x02, 0x4a, 0x60, 0x04, 0xa0, 0x18, 0xca, 0xa2, 0x08,
    0x0a, 0x30, 0xa0, 0x0c, 0xca, 0xa1, 0x24, 0x4a, 0xa3, 0x10, 0x0a, 0x90,
    0x3b, 0xa0, 0x84, 0x4a, 0xa9, 0xd0, 0x0d, 0x0a, 0x5c, 0xa0, 0x88, 0xc8,
    0x2c, 0x10, 0xaa, 0x46, 0x00, 0xe8, 0x9b, 0x01, 0xa0, 0x70, 0x06, 0x80,
    0xc8, 0x19, 0x00, 0x2a, 0x67, 0x00, 0x68, 0x98, 0x01, 0x00, 0x00, 0x00,
    0x79, 0x18, 0x00, 0x00, 0x8a, 0x00, 0x00, 0x00, 0x1a, 0x03, 0x4c, 0x90,
    0x46, 0x02, 0x13, 0x44, 0x34, 0x20, 0xc3, 0x1b, 0x43, 0x81, 0x93, 0x4b,
    0xb3, 0x0b, 0xa3, 0x2b, 0x4b, 0x01, 0x89, 0x71, 0xc9, 0x71, 0x81, 0x71,
    0x81, 0x01, 0x41, 0x81, 0x93, 0x4b, 0xb3, 0x0b, 0xa3, 0x2b, 0x63, 0x01,
    0x81, 0x81, 0x81, 0x81, 0x81, 0x81, 0x81, 0x81, 0x49, 0xd9, 0x10, 0x04,
    0x13, 0x04, 0x80, 0x99, 0x20, 0x00, 0xcd, 0x06, 0x61, 0x20, 0x36, 0x08,
    0x04, 0x41, 0x61, 0x6c, 0x6e, 0x82, 0x00, 0x38, 0x1b, 0x86, 0x03, 0x21,
    0x26, 0x08, 0xdf, 0xc7, 0x62, 0xec, 0x6d, 0x8e, 0x6e, 0x6e, 0x82, 0x00,
    0x3c, 0x1b, 0x12, 0x42, 0x59, 0x08, 0x62, 0x60, 0x08, 0x60, 0x43, 0xd0,
    0x4c, 0x10, 0xc2, 0x00, 0x0c, 0xc8, 0xbc, 0xd5, 0xd1, 0xc1, 0xd5, 0xd1,
    0x7d, 0x99, 0xa5, 0x95, 0xb1, 0x91, 0x4d, 0x10, 0x2a, 0x6f, 0xc3, 0x42,
    0x3c, 0xd0, 0x40, 0x0c, 0x4c, 0x14, 0x45, 0xc0, 0x86, 0x40, 0x9a, 0x20,
    0x94, 0x81, 0x18, 0x10, 0x99, 0x2a, 0xa3, 0xa3, 0x4b, 0x73, 0x3b, 0x9b,
    0x9b, 0x20, 0x00, 0xd0, 0x04, 0x01, 0x88, 0x36, 0x20, 0x04, 0x55, 0x59,
    0xc4, 0x70, 0x01, 0x1b, 0x02, 0x6c, 0x03, 0xe1, 0x4c, 0x19, 0x30, 0x41,
    0x20, 0x83, 0x30, 0xe0, 0x33, 0x57, 0x46, 0x47, 0x97, 0xe6, 0x76, 0x36,
    0xf7, 0x05, 0xc7, 0x16, 0xe6, 0x56, 0x36, 0x37, 0x41, 0x00, 0xa4, 0x09,
    0x02, 0x30, 0x4d, 0x10, 0x00, 0x6a, 0x82, 0x00, 0x54, 0x13, 0x04, 0xc0,
    0xda, 0x80, 0x20, 0x5c, 0x47, 0x78, 0x1f, 0x18, 0x84, 0xc1, 0x06, 0xe1,
    0x12, 0x83, 0x0d, 0x03, 0xb1, 0x8d, 0xc1, 0x04, 0xe1, 0x18, 0x36, 0x00,
    0x1b, 0x06, 0xc2, 0x0c, 0xcc, 0x60, 0x43, 0x70, 0x06, 0x1b, 0x86, 0xa1,
    0x0c, 0xd0, 0x80, 0x44, 0x5b, 0x58, 0x9a, 0xdb, 0x04, 0xc1, 0x0c, 0xba,
    0x0d, 0xc3, 0x35, 0x0c, 0x1b, 0x08, 0x62, 0x0d, 0xc2, 0x80, 0x0d, 0x36,
    0x14, 0x65, 0xa0, 0x06, 0x80, 0xd6, 0x06, 0x84, 0xc2, 0xe4, 0xe4, 0xc2,
    0xf2, 0xbe, 0xe8, 0xce, 0xe6, 0xda, 0xbe, 0xc4, 0xf2, 0xe8, 0xca, 0xe6,
    0x26, 0x08, 0xc0, 0xc5, 0x27, 0x4c, 0x4e, 0x2e, 0x2c, 0xef, 0x8b, 0xee,
    0x6c, 0xae, 0xed, 0x8b, 0x8d, 0x6c, 0x8e, 0x6e, 0x82, 0x00, 0x60, 0x3c,
    0xc4, 0xc2, 0xe4, 0xe4, 0xd2, 0xca, 0xe4, 0x88, 0x88, 0xc9, 0x85, 0xb9,
    0x8d, 0xa1, 0x95, 0xcd, 0x4d, 0x10, 0x80, 0x8c, 0x86, 0x19, 0xdb, 0x5b,
    0x18, 0xdd, 0x1c, 0x8b, 0x34, 0xb7, 0x39, 0xba, 0xb9, 0x09, 0x02, 0xa0,
    0x91, 0x48, 0x73, 0xa3, 0x9b, 0x9b, 0x20, 0x00, 0x1b, 0x11, 0xba, 0x32,
    0xbc, 0x2f, 0xb6, 0xb7, 0x30, 0x32, 0x26, 0x74, 0x65, 0x78, 0x5f, 0x73,
    0x74, 0x6f, 0x72, 0x65, 0x2c, 0xea, 0xd2, 0xdc, 0xe8, 0xe6, 0x26, 0x08,
    0x00, 0xb7, 0x81, 0x7a, 0x03, 0x38, 0x88, 0x03, 0x39, 0x98, 0x03, 0x8b,
    0x0e, 0xea, 0xc0, 0x0e, 0xba, 0x3b, 0xc0, 0x83, 0x3c, 0xd0, 0x83, 0x3d,
    0x08, 0x03, 0x3e, 0x18, 0xfa, 0xc0, 0x0f, 0xaa, 0xb0, 0xb1, 0xd9, 0xb5,
    0xb9, 0xa4, 0x91, 0x95, 0xb9, 0xd1, 0x4d, 0x09, 0x82, 0x2a, 0x64, 0x78,
    0x2e, 0x76, 0x65, 0x72, 0x73, 0x69, 0x6f, 0x6e, 0x53, 0x02, 0xa2, 0x09,
    0x19, 0x9e, 0x8b, 0x5d, 0x18, 0x9b, 0x5d, 0x99, 0xdc, 0x94, 0xa0, 0xa8,
    0x43, 0x86, 0xe7, 0x32, 0x87, 0x16, 0x46, 0x56, 0x26, 0xd7, 0xf4, 0x46,
    0x56, 0xc6, 0x36, 0x25, 0x40, 0xca, 0x90, 0xe1, 0xb9, 0xc8, 0x95, 0xcd,
    0xbd, 0xd5, 0xc9, 0x8d, 0x95, 0xcd, 0x4d, 0x09, 0xb2, 0x4a, 0x64, 0x78,
    0x2e, 0x74, 0x79, 0x70, 0x65, 0x41, 0x6e, 0x6e, 0x6f, 0x74, 0x61, 0x74,
    0x69, 0x6f, 0x6e, 0x73, 0x53, 0x84, 0x31, 0x40, 0x83, 0x3a, 0x64, 0x78,
    0x2e, 0x65, 0x6e, 0x74, 0x72, 0x79, 0x50, 0x6f, 0x69, 0x6e, 0x74, 0x73,
    0x53, 0x82, 0x36, 0xe8, 0x42, 0x86, 0xe7, 0x32, 0xf6, 0x56, 0xe7, 0x46,
    0x57, 0x26, 0x37, 0x37, 0x25, 0xf0, 0x03, 0x00, 0x79, 0x18, 0x00, 0x00,
    0x51, 0x00, 0x00, 0x00, 0x33, 0x08, 0x80, 0x1c, 0xc4, 0xe1, 0x1c, 0x66,
    0x14, 0x01, 0x3d, 0x88, 0x43, 0x38, 0x84, 0xc3, 0x8c, 0x42, 0x80, 0x07,
    0x79, 0x78, 0x07, 0x73, 0x98, 0x71, 0x0c, 0xe6, 0x00, 0x0f, 0xed, 0x10,
    0x0e, 0xf4, 0x80, 0x0e, 0x33, 0x0c, 0x42, 0x1e, 0xc2, 0xc1, 0x1d, 0xce,
    0xa1, 0x1c, 0x66, 0x30, 0x05, 0x3d, 0x88, 0x43, 0x38, 0x84, 0x83, 0x1b,
    0xcc, 0x03, 0x3d, 0xc8, 0x43, 0x3d, 0x8c, 0x03, 0x3d, 0xcc, 0x78, 0x8c,
    0x74, 0x70, 0x07, 0x7b, 0x08, 0x07, 0x79, 0x48, 0x87, 0x70, 0x70, 0x07,
    0x7a, 0x70, 0x03, 0x76, 0x78, 0x87, 0x70, 0x20, 0x87, 0x19, 0xcc, 0x11,
    0x0e, 0xec, 0x90, 0x0e, 0xe1, 0x30, 0x0f, 0x6e, 0x30, 0x0f, 0xe3, 0xf0,
    0x0e, 0xf0, 0x50, 0x0e, 0x33, 0x10, 0xc4, 0x1d, 0xde, 0x21, 0x1c, 0xd8,
    0x21, 0x1d, 0xc2, 0x61, 0x1e, 0x66, 0x30, 0x89, 0x3b, 0xbc, 0x83, 0x3b,
    0xd0, 0x43, 0x39, 0xb4, 0x03, 0x3c, 0xbc, 0x83, 0x3c, 0x84, 0x03, 0x3b,
    0xcc, 0xf0, 0x14, 0x76, 0x60, 0x07, 0x7b, 0x68, 0x07, 0x37, 0x68, 0x87,
    0x72, 0x68, 0x07, 0x37, 0x80, 0x87, 0x70, 0x90, 0x87, 0x70, 0x60, 0x07,
    0x76, 0x28, 0x07, 0x76, 0xf8, 0x05, 0x76, 0x78, 0x87, 0x77, 0x80, 0x87,
    0x5f, 0x08, 0x87, 0x71, 0x18, 0x87, 0x72, 0x98, 0x87, 0x79, 0x98, 0x81,
    0x2c, 0xee, 0xf0, 0x0e, 0xee, 0xe0, 0x0e, 0xf5, 0xc0, 0x0e, 0xec, 0x30,
    0x03, 0x62, 0xc8, 0xa1, 0x1c, 0xe4, 0xa1, 0x1c, 0xcc, 0xa1, 0x1c, 0xe4,
    0xa1, 0x1c, 0xdc, 0x61, 0x1c, 0xca, 0x21, 0x1c, 0xc4, 0x81, 0x1d, 0xca,
    0x61, 0x06, 0xd6, 0x90, 0x43, 0x39, 0xc8, 0x43, 0x39, 0x98, 0x43, 0x39,
    0xc8, 0x43, 0x39, 0xb8, 0xc3, 0x38, 0x94, 0x43, 0x38, 0x88, 0x03, 0x3b,
    0x94, 0xc3, 0x2f, 0xbc, 0x83, 0x3c, 0xfc, 0x82, 0x3b, 0xd4, 0x03, 0x3b,
    0xb0, 0xc3, 0x0c, 0xc4, 0x21, 0x07, 0x7c, 0x70, 0x03, 0x7a, 0x28, 0x87,
    0x76, 0x80, 0x87, 0x19, 0xd1, 0x43, 0x0e, 0xf8, 0xe0, 0x06, 0xe4, 0x20,
    0x0e, 0xe7, 0xe0, 0x06, 0xf6, 0x10, 0x0e, 0xf2, 0xc0, 0x0e, 0xe1, 0x90,
    0x0f, 0xef, 0x50, 0x0f, 0xf4, 0x30, 0x83, 0x81, 0xc8, 0x01, 0x1f, 0xdc,
    0x40, 0x1c, 0xe4, 0xa1, 0x1c, 0xc2, 0x61, 0x1d, 0xdc, 0x40, 0x1c, 0xe4,
    0x01, 0x00, 0x00, 0x00, 0x71, 0x20, 0x00, 0x00, 0x35, 0x00, 0x00, 0x00,
    0x05, 0x10, 0x05, 0x7e, 0xef, 0xf1, 0xb8, 0x0e, 0x4f, 0x97, 0xc9, 0x40,
    0xe0, 0x0c, 0x1a, 0x4c, 0x06, 0x2b, 0x20, 0x0a, 0xfc, 0xe4, 0x65, 0x76,
    0x3a, 0x2c, 0x66, 0x97, 0x81, 0xc0, 0x19, 0x34, 0x98, 0x0c, 0x96, 0x80,
    0x19, 0x04, 0x7e, 0xf6, 0xf2, 0x98, 0xfe, 0x96, 0xcf, 0x81, 0xc0, 0x19,
    0x34, 0x68, 0xfd, 0x91, 0xec, 0xe5, 0x31, 0xfd, 0x2d, 0x07, 0x22, 0x49,
    0xb0, 0x18, 0x10, 0x18, 0x74, 0xd9, 0x5d, 0x31, 0x72, 0xba, 0x6d, 0x06,
    0xcd, 0x70, 0xf9, 0xce, 0xe3, 0x07, 0x40, 0x14, 0x21, 0x44, 0x64, 0x07,
    0xd0, 0x70, 0xf9, 0xce, 0xe3, 0x07, 0x48, 0x03, 0x44, 0x98, 0x8f, 0xdc,
    0xb6, 0x29, 0x50, 0xc3, 0xe5, 0x3b, 0x8f, 0x1f, 0x50, 0x45, 0x41, 0x44,
    0xa5, 0x03, 0x0c, 0x3e, 0x72, 0xdb, 0xb6, 0x50, 0x0d, 0x97, 0xef, 0x3c,
    0x7e, 0x40, 0x15, 0x05, 0x11, 0xb1, 0x93, 0x13, 0x11, 0x3e, 0x72, 0xdb,
    0x86, 0xb0, 0x0d, 0x97, 0xef, 0x3c, 0xbe, 0x10, 0x50, 0x45, 0x41, 0x44,
    0xa5, 0x03, 0x0c, 0x25, 0x61, 0x00, 0x02, 0xe6, 0x17, 0xb7, 0x6d, 0x09,
    0xd2, 0x70, 0xf9, 0xce, 0xe3, 0x0b, 0x11, 0x01, 0x4c, 0x44, 0x08, 0x34,
    0xc3, 0x42, 0x18, 0x41, 0x34, 0x5c, 0xbe, 0xf3, 0xf8, 0x46, 0xe4, 0x50,
    0x8f, 0x38, 0xf8, 0xc8, 0x6d, 0x5b, 0x41, 0x36, 0x5c, 0xbe, 0xf3, 0xf8,
    0xd3, 0x11, 0x11, 0xc0, 0x20, 0x0e, 0x62, 0x03, 0x46, 0x0e, 0xf5, 0xf8,
    0xc8, 0x6d, 0xdb, 0x00, 0xc1, 0x00, 0x48, 0x03, 0x00, 0x00, 0x00, 0x00,
    0x48, 0x41, 0x53, 0x48, 0x14, 0x00, 0x00, 0x00, 0x00, 0x00, 0x00, 0x00,
    0x65, 0x2f, 0x0c, 0xd2, 0xe3, 0xd4, 0x6e, 0xb5, 0x75, 0x1f, 0x3e, 0x18,
    0x7a, 0xea, 0xb9, 0x17, 0x44, 0x58, 0x49, 0x4c, 0xf8, 0x0f, 0x00, 0x00,
    0x60, 0x00, 0x05, 0x00, 0xfe, 0x03, 0x00, 0x00, 0x44, 0x58, 0x49, 0x4c,
    0x00, 0x01, 0x00, 0x00, 0x10, 0x00, 0x00, 0x00, 0xe0, 0x0f, 0x00, 0x00,
    0x42, 0x43, 0xc0, 0xde, 0x21, 0x0c, 0x00, 0x00, 0xf5, 0x03, 0x00, 0x00,
    0x0b, 0x82, 0x20, 0x00, 0x02, 0x00, 0x00, 0x00, 0x13, 0x00, 0x00, 0x00,
    0x07, 0x81, 0x23, 0x91, 0x41, 0xc8, 0x04, 0x49, 0x06, 0x10, 0x32, 0x39,
    0x92, 0x01, 0x84, 0x0c, 0x25, 0x05, 0x08, 0x19, 0x1e, 0x04, 0x8b, 0x62,
    0x80, 0x18, 0x45, 0x02, 0x42, 0x92, 0x0b, 0x42, 0xc4, 0x10, 0x32, 0x14,
    0x38, 0x08, 0x18, 0x4b, 0x0a, 0x32, 0x62, 0x88, 0x48, 0x90, 0x14, 0x20,
    0x43, 0x46, 0x88, 0xa5, 0x00, 0x19, 0x32, 0x42, 0xe4, 0x48, 0x0e, 0x90,
    0x11, 0x23, 0xc4, 0x50, 0x41, 0x51, 0x81, 0x8c, 0xe1, 0x83, 0xe5, 0x8a,
    0x04, 0x31, 0x46, 0x06, 0x51, 0x18, 0x00, 0x00, 0x0b, 0x00, 0x00, 0x00,
    0x1b, 0x8c, 0xe0, 0xff, 0xff, 0xff, 0xff, 0x07, 0x40, 0x02, 0xa8, 0x0d,
    0x86, 0xf0, 0xff, 0xff, 0xff, 0xff, 0x03, 0xc0, 0x00, 0xd2, 0x06, 0x63,
    0xf8, 0xff, 0xff, 0xff, 0xff, 0x01, 0x90, 0x80, 0x6a, 0x03, 0x41, 0xfc,
    0xff, 0xff, 0xff, 0xff, 0x00, 0x48, 0x00, 0x00, 0x49, 0x18, 0x00, 0x00,
    0x03, 0x00, 0x00, 0x00, 0x13, 0x82, 0x60, 0x42, 0x20, 0x4c, 0x08, 0x86,
    0x09, 0x01, 0x01, 0x00, 0x89, 0x20, 0x00, 0x00, 0x3c, 0x00, 0x00, 0x00,
    0x32, 0x22, 0x88, 0x09, 0x20, 0x64, 0x85, 0x04, 0x13, 0x23, 0xa4, 0x84,
    0x04, 0x13, 0x23, 0xe3, 0x84, 0xa1, 0x90, 0x14, 0x12, 0x4c, 0x8c, 0x8c,
    0x0b, 0x84, 0xc4, 0x4c, 0x10, 0xa4, 0xc1, 0x1c, 0x01, 0x18, 0x24, 0xbc,
    0x01, 0x30, 0x88, 0x10, 0x0c, 0x09, 0xde, 0x00, 0x0c, 0x22, 0x0c, 0xc3,
    0x08, 0x40, 0x09, 0x0a, 0x32, 0xca, 0x00, 0x00, 0x00, 0x21, 0x65, 0x28,
    0x00, 0x80, 0x94, 0x42, 0x00, 0x00, 0x00, 0x10, 0x33, 0x03, 0x70, 0xd4,
    0x70, 0xf9, 0x13, 0xf6, 0x10, 0x92, 0xcf, 0x6d, 0x54, 0xb1, 0x12, 0x93,
    0x5f, 0xdc, 0x36, 0x22, 0x1c, 0xc7, 0x71, 0xe6, 0x08, 0x10, 0x82, 0xee,
    0x19, 0x2e, 0x7f, 0xc2, 0x1e, 0x42, 0xf2, 0x43, 0xa0, 0x19, 0x16, 0x02,
    0x05, 0x51, 0x21, 0x1e, 0x40, 0x02, 0x68, 0x9a, 0x23, 0x08, 0x8a, 0x21,
    0x01, 0x10, 0x00, 0x54, 0x64, 0xdd, 0x34, 0x5c, 0xfe, 0x84, 0x3d, 0x84,
    0xe4, 0xaf, 0x84, 0xb4, 0x12, 0x93, 0x8f, 0xdc, 0x36, 0x2a, 0x00, 0x00,
    0x00, 0x80, 0x52, 0x60, 0x80, 0x04, 0x00, 0x94, 0x15, 0xa5, 0x00, 0x24,
    0x00, 0x00, 0x00, 0x00, 0x80, 0x68, 0x1b, 0x08, 0x38, 0x4c, 0x9a, 0x22,
    0x4a, 0x98, 0xfc, 0x0d, 0x9b, 0x08, 0x6d, 0x18, 0x22, 0x42, 0x92, 0x36,
    0xaa, 0x28, 0x88, 0x08, 0x05, 0x00, 0x79, 0xa7, 0x49, 0x53, 0x44, 0x09,
    0x93, 0xbf, 0xc2, 0x1b, 0x36, 0x11, 0xda, 0x30, 0x44, 0x84, 0x24, 0x6d,
    0x54, 0x51, 0x10, 0x11, 0x0a, 0x00, 0x02, 0x87, 0x11, 0x08, 0x27, 0x09,
    0xc4, 0x43, 0x58, 0x62, 0x9a, 0x90, 0xc6, 0x90, 0x50, 0x30, 0x12, 0x39,
    0x47, 0x00, 0x0a, 0x53, 0x00, 0x83, 0x08, 0xc0, 0x00, 0x00, 0x00, 0x00,
    0x13, 0x14, 0x72, 0xc0, 0x87, 0x74, 0x60, 0x87, 0x36, 0x68, 0x87, 0x79,
    0x68, 0x03, 0x72, 0xc0, 0x87, 0x0d, 0xaf, 0x50, 0x0e, 0x6d, 0xd0, 0x0e,
    0x7a, 0x50, 0x0e, 0x6d, 0x00, 0x0f, 0x7a, 0x30, 0x07, 0x72, 0xa0, 0x07,
    0x73, 0x20, 0x07, 0x6d, 0x90, 0x0e, 0x71, 0xa0, 0x07, 0x73, 0x20, 0x07,
    0x6d, 0x90, 0x0e, 0x78, 0xa0, 0x07, 0x73, 0x20, 0x07, 0x6d, 0x90, 0x0e,
    0x71, 0x60, 0x07, 0x7a, 0x30, 0x07, 0x72, 0xd0, 0x06, 0xe9, 0x30, 0x07,
    0x72, 0xa0, 0x07, 0x73, 0x20, 0x07, 0x6d, 0x90, 0x0e, 0x76, 0x40, 0x07,
    0x7a, 0x60, 0x07, 0x74, 0xd0, 0x06, 0xe6, 0x10, 0x07, 0x76, 0xa0, 0x07,
    0x73, 0x20, 0x07, 0x6d, 0x60, 0x0e, 0x73, 0x20, 0x07, 0x7a, 0x30, 0x07,
    0x72, 0xd0, 0x06, 0xe6, 0x60, 0x07, 0x74, 0xa0, 0x07, 0x76, 0x40, 0x07,
    0x6d, 0xe0, 0x0e, 0x78, 0xa0, 0x07, 0x71, 0x60, 0x07, 0x7a, 0x30, 0x07,
    0x72, 0xa0, 0x07, 0x76, 0x40, 0x07, 0x3a, 0x0f, 0x44, 0x90, 0x21, 0x23,
    0x45, 0x44, 0x00, 0xe6, 0x00, 0x60, 0xe6, 0x00, 0x60, 0xee, 0x6c, 0xe0,
    0x21, 0x8f, 0x01, 0x00, 0x00, 0x00, 0x00, 0x00, 0x00, 0x00, 0x00, 0x00,
    0x00, 0x43, 0x1e, 0x04, 0x08, 0x80, 0x00, 0x00, 0x00, 0x00, 0x00, 0x00,
    0x00, 0x00, 0x86, 0x3c, 0x08, 0x10, 0x00, 0x01, 0x00, 0x00, 0x00, 0x00,
    0x00, 0x00, 0x00, 0x0c, 0x79, 0x14, 0x20, 0x00, 0x04, 0x00, 0x00, 0x00,
    0x00, 0x00, 0x00, 0x00, 0x18, 0xf2, 0x30, 0x40, 0x00, 0x04, 0x00, 0x00,
    0x00, 0x00, 0x00, 0x00, 0x00, 0x30, 0xe4, 0x99, 0x80, 0x00, 0x18, 0x00,
    0x00, 0x00, 0x00, 0x00, 0x00, 0x00, 0x60, 0xc8, 0x63, 0x01, 0x01, 0x30,
    0x00, 0x00, 0x00, 0x00, 0x00, 0x00, 0x00, 0xc0, 0x90, 0x27, 0x03, 0x02,
    0x60, 0x00, 0x00, 0x00, 0x00, 0x00, 0x00, 0x00, 0x80, 0x21, 0xcf, 0x06,
    0x04, 0x00, 0x01, 0x00, 0x00, 0x00, 0x00, 0x00, 0x00, 0x00, 0x59, 0x20,
    0x0e, 0x00, 0x00, 0x00, 0x32, 0x1e, 0x98, 0x14, 0x19, 0x11, 0x4c, 0x90,
    0x8c, 0x09, 0x26, 0x47, 0xc6, 0x04, 0x43, 0x02, 0x4a, 0x60, 0x04, 0xa0,
    0x24, 0x8a, 0xa1, 0x2c, 0x8a, 0xa0, 0x00, 0x03, 0x0a, 0x81, 0xcc, 0x11,
    0x00, 0xaa, 0x46, 0x00, 0xc8, 0x2c, 0x10, 0x0a, 0x67, 0x00, 0xa8, 0x9c,
    0x01, 0xa0, 0x6f, 0x06, 0x80, 0x86, 0x19, 0x00, 0x00, 0x00, 0x00, 0x00,
    0x79, 0x18, 0x00, 0x00, 0x54, 0x00, 0x00, 0x00, 0x1a, 0x03, 0x4c, 0x90,
    0x46, 0x02, 0x13, 0x44, 0x34, 0x20, 0xc3, 0x1b, 0x43, 0x81, 0x93, 0x4b,
    0xb3, 0x0b, 0xa3, 0x2b, 0x4b, 0x01, 0x89, 0x71, 0xc9, 0x71, 0x81, 0x71,
    0x81, 0x01, 0x41, 0x81, 0x93, 0x4b, 0xb3, 0x0b, 0xa3, 0x2b, 0x63, 0x01,
    0x81, 0x81, 0x81, 0x81, 0x81, 0x81, 0x81, 0x81, 0x49, 0xd9, 0x10, 0x04,
    0x13, 0x04, 0x80, 0x99, 0x20, 0x00, 0xcd, 0x06, 0x61, 0x20, 0x26, 0x08,
    0x80, 0xb3, 0x41, 0x18, 0x0c, 0x0a, 0x63, 0x73, 0x13, 0x04, 0xe0, 0xd9,
    0x30, 0x20, 0x09, 0x31, 0x41, 0xf8, 0x32, 0x02, 0x13, 0x04, 0x00, 0xda,
    0x90, 0x10, 0x0b, 0x43, 0x10, 0x43, 0x43, 0x00, 0x1b, 0x02, 0x67, 0x82,
    0x10, 0x06, 0xd7, 0x04, 0xa1, 0xaa, 0x36, 0x2c, 0x04, 0xc4, 0x0c, 0xc4,
    0xd0, 0x44, 0x51, 0x04, 0x6c, 0x08, 0xa4, 0x09, 0x42, 0x19, 0x60, 0x13,
    0x04, 0x20, 0x9a, 0x20, 0x00, 0xd2, 0x06, 0x84, 0xa0, 0x98, 0x8a, 0x18,
    0x2c, 0x60, 0x43, 0x70, 0x6d, 0x20, 0x9e, 0x09, 0x03, 0x26, 0x08, 0xc7,
    0x40, 0xa2, 0x2d, 0x2c, 0xcd, 0x6d, 0x82, 0x60, 0x06, 0xd6, 0x04, 0x01,
    0x98, 0x36, 0x0c, 0xd6, 0x30, 0x6c, 0x20, 0x08, 0xae, 0xf3, 0x36, 0x14,
    0xda, 0x06, 0x64, 0x1f, 0x87, 0x34, 0x37, 0x3a, 0x3e, 0x6f, 0x6d, 0x6e,
    0x69, 0x70, 0x6f, 0x74, 0x65, 0x6e, 0x74, 0x20, 0x63, 0x68, 0x61, 0x72,
    0x8c, 0xa6, 0xd2, 0xda, 0xe0, 0xd8, 0xca, 0x40, 0x86, 0x5e, 0x86, 0x56,
    0x56, 0x40, 0xa8, 0x84, 0x82, 0x82, 0x36, 0x04, 0x63, 0x30, 0x41, 0x30,
    0x03, 0x6a, 0xc3, 0x20, 0x06, 0x64, 0x50, 0x06, 0x1b, 0x86, 0x30, 0x30,
    0x83, 0x32, 0xd8, 0x30, 0x9c, 0xc1, 0x19, 0x94, 0x41, 0x15, 0x36, 0x36,
    0xbb, 0x36, 0x97, 0x34, 0xb2, 0x32, 0x37, 0xba, 0x29, 0x41, 0x50, 0x85,
    0x0c, 0xcf, 0xc5, 0xae, 0x4c, 0x6e, 0x2e, 0xed, 0xcd, 0x6d, 0x4a, 0x40,
    0x34, 0x21, 0xc3, 0x73, 0xb1, 0x0b, 0x63, 0xb3, 0x2b, 0x93, 0x9b, 0x12,
    0x18, 0x75, 0xc8, 0xf0, 0x5c, 0xe6, 0xd0, 0xc2, 0xc8, 0xca, 0xe4, 0x9a,
    0xde, 0xc8, 0xca, 0xd8, 0xa6, 0x04, 0x49, 0x19, 0x32, 0x3c, 0x17, 0xb9,
    0xb2, 0xb9, 0xb7, 0x3a, 0xb9, 0xb1, 0xb2, 0xb9, 0x29, 0x01, 0x56, 0x87,
    0x0c, 0xcf, 0xa5, 0xcc, 0x8d, 0x4e, 0x2e, 0x0f, 0xea, 0x2d, 0xcd, 0x8d,
    0x6e, 0x6e, 0x4a, 0xf0, 0x01, 0x00, 0x00, 0x00, 0x79, 0x18, 0x00, 0x00,
    0x51, 0x00, 0x00, 0x00, 0x33, 0x08, 0x80, 0x1c, 0xc4, 0xe1, 0x1c, 0x66,
    0x14, 0x01, 0x3d, 0x88, 0x43, 0x38, 0x84, 0xc3, 0x8c, 0x42, 0x80, 0x07,
    0x79, 0x78, 0x07, 0x73, 0x98, 0x71, 0x0c, 0xe6, 0x00, 0x0f, 0xed, 0x10,
    0x0e, 0xf4, 0x80, 0x0e, 0x33, 0x0c, 0x42, 0x1e, 0xc2, 0xc1, 0x1d, 0xce,
    0xa1, 0x1c, 0x66, 0x30, 0x05, 0x3d, 0x88, 0x43, 0x38, 0x84, 0x83, 0x1b,
    0xcc, 0x03, 0x3d, 0xc8, 0x43, 0x3d, 0x8c, 0x03, 0x3d, 0xcc, 0x78, 0x8c,
    0x74, 0x70, 0x07, 0x7b, 0x08, 0x07, 0x79, 0x48, 0x87, 0x70, 0x70, 0x07,
    0x7a, 0x70, 0x03, 0x76, 0x78, 0x87, 0x70, 0x20, 0x87, 0x19, 0xcc, 0x11,
    0x0e, 0xec, 0x90, 0x0e, 0xe1, 0x30, 0x0f, 0x6e, 0x30, 0x0f, 0xe3, 0xf0,
    0x0e, 0xf0, 0x50, 0x0e, 0x33, 0x10, 0xc4, 0x1d, 0xde, 0x21, 0x1c, 0xd8,
    0x21, 0x1d, 0xc2, 0x61, 0x1e, 0x66, 0x30, 0x89, 0x3b, 0xbc, 0x83, 0x3b,
    0xd0, 0x43, 0x39, 0xb4, 0x03, 0x3c, 0xbc, 0x83, 0x3c, 0x84, 0x03, 0x3b,
    0xcc, 0xf0, 0x14, 0x76, 0x60, 0x07, 0x7b, 0x68, 0x07, 0x37, 0x68, 0x87,
    0x72, 0x68, 0x07, 0x37, 0x80, 0x87, 0x70, 0x90, 0x87, 0x70, 0x60, 0x07,
    0x76, 0x28, 0x07, 0x76, 0xf8, 0x05, 0x76, 0x78, 0x87, 0x77, 0x80, 0x87,
    0x5f, 0x08, 0x87, 0x71, 0x18, 0x87, 0x72, 0x98, 0x87, 0x79, 0x98, 0x81,
    0x2c, 0xee, 0xf0, 0x0e, 0xee, 0xe0, 0x0e, 0xf5, 0xc0, 0x0e, 0xec, 0x30,
    0x03, 0x62, 0xc8, 0xa1, 0x1c, 0xe4, 0xa1, 0x1c, 0xcc, 0xa1, 0x1c, 0xe4,
    0xa1, 0x1c, 0xdc, 0x61, 0x1c, 0xca, 0x21, 0x1c, 0xc4, 0x81, 0x1d, 0xca,
    0x61, 0x06, 0xd6, 0x90, 0x43, 0x39, 0xc8, 0x43, 0x39, 0x98, 0x43, 0x39,
    0xc8, 0x43, 0x39, 0xb8, 0xc3, 0x38, 0x94, 0x43, 0x38, 0x88, 0x03, 0x3b,
    0x94, 0xc3, 0x2f, 0xbc, 0x83, 0x3c, 0xfc, 0x82, 0x3b, 0xd4, 0x03, 0x3b,
    0xb0, 0xc3, 0x0c, 0xc4, 0x21, 0x07, 0x7c, 0x70, 0x03, 0x7a, 0x28, 0x87,
    0x76, 0x80, 0x87, 0x19, 0xd1, 0x43, 0x0e, 0xf8, 0xe0, 0x06, 0xe4, 0x20,
    0x0e, 0xe7, 0xe0, 0x06, 0xf6, 0x10, 0x0e, 0xf2, 0xc0, 0x0e, 0xe1, 0x90,
    0x0f, 0xef, 0x50, 0x0f, 0xf4, 0x30, 0x83, 0x81, 0xc8, 0x01, 0x1f, 0xdc,
    0x40, 0x1c, 0xe4, 0xa1, 0x1c, 0xc2, 0x61, 0x1d, 0xdc, 0x40, 0x1c, 0xe4,
    0x01, 0x00, 0x00, 0x00, 0x71, 0x20, 0x00, 0x00, 0x35, 0x00, 0x00, 0x00,
    0x05, 0x10, 0x05, 0x7e, 0xef, 0xf1, 0xb8, 0x0e, 0x4f, 0x97, 0xc9, 0x40,
    0xe0, 0x0c, 0x1a, 0x4c, 0x06, 0x2b, 0x20, 0x0a, 0xfc, 0xe4, 0x65, 0x76,
    0x3a, 0x2c, 0x66, 0x97, 0x81, 0xc0, 0x19, 0x34, 0x98, 0x0c, 0x96, 0x80,
    0x19, 0x04, 0x7e, 0xf6, 0xf2, 0x98, 0xfe, 0x96, 0xcf, 0x81, 0xc0, 0x19,
    0x34, 0x68, 0xfd, 0x91, 0xec, 0xe5, 0x31, 0xfd, 0x2d, 0x07, 0x22, 0x49,
    0xb0, 0x18, 0x10, 0x18, 0x74, 0xd9, 0x5d, 0x31, 0x72, 0xba, 0x6d, 0x06,
    0xcd, 0x70, 0xf9, 0xce, 0xe3, 0x07, 0x40, 0x14, 0x21, 0x44, 0x64, 0x07,
    0xd0, 0x70, 0xf9, 0xce, 0xe3, 0x07, 0x48, 0x03, 0x44, 0x98, 0x8f, 0xdc,
    0xb6, 0x29, 0x50, 0xc3, 0xe5, 0x3b, 0x8f, 0x1f, 0x50, 0x45, 0x41, 0x44,
    0xa5, 0x03, 0x0c, 0x3e, 0x72, 0xdb, 0xb6, 0x50, 0x0d, 0x97, 0xef, 0x3c,
    0x7e, 0x40, 0x15, 0x05, 0x11, 0xb1, 0x93, 0x13, 0x11, 0x3e, 0x72, 0xdb,
    0x86, 0xb0, 0x0d, 0x97, 0xef, 0x3c, 0xbe, 0x10, 0x50, 0x45, 0x41, 0x44,
    0xa5, 0x03, 0x0c, 0x25, 0x61, 0x00, 0x02, 0xe6, 0x17, 0xb7, 0x6d, 0x09,
    0xd2, 0x70, 0xf9, 0xce, 0xe3, 0x0b, 0x11, 0x01, 0x4c, 0x44, 0x08, 0x34,
    0xc3, 0x42, 0x18, 0x41, 0x34, 0x5c, 0xbe, 0xf3, 0xf8, 0x46, 0xe4, 0x50,
    0x8f, 0x38, 0xf8, 0xc8, 0x6d, 0x5b, 0x41, 0x36, 0x5c, 0xbe, 0xf3, 0xf8,
    0xd3, 0x11, 0x11, 0xc0, 0x20, 0x0e, 0x62, 0x03, 0x46, 0x0e, 0xf5, 0xf8,
    0xc8, 0x6d, 0xdb, 0x00, 0xc1, 0x00, 0x48, 0x03, 0x61, 0x20, 0x00, 0x00,
    0x58, 0x02, 0x00, 0x00, 0x13, 0x04, 0xac, 0x10, 0x0b, 0x04, 0x00, 0x00,
    0x10, 0x00, 0x00, 0x00, 0x04, 0xd4, 0x40, 0x29, 0x15, 0x78, 0xc3, 0x0c,
    0x40, 0x79, 0x14, 0x62, 0x40, 0x3d, 0x14, 0x53, 0x39, 0x94, 0x5c, 0xf1,
    0x06, 0x14, 0x48, 0x41, 0x3a, 0x14, 0x68, 0x40, 0x85, 0x94, 0x6f, 0x40,
    0xd9, 0x15, 0xf1, 0x40, 0x01, 0x1e, 0x14, 0x78, 0x40, 0x61, 0x94, 0x71,
    0x40, 0x21, 0x07, 0x94, 0x53, 0x29, 0x06, 0x10, 0x54, 0x1e, 0x25, 0x30,
    0x02, 0x50, 0x04, 0xe4, 0x8c, 0x00, 0x00, 0x00, 0x23, 0x06, 0x09, 0x00,
    0x82, 0x60, 0x60, 0xc1, 0x41, 0x45, 0xb0, 0x01, 0x1b, 0x90, 0xc1, 0x88,
    0x41, 0x02, 0x80, 0x20, 0x18, 0x58, 0x71, 0x60, 0x11, 0x6d, 0xd0, 0x06,
    0x65, 0x30, 0x62, 0x90, 0x00, 0x20, 0x08, 0x06, 0x96, 0x1c, 0x5c, 0x84,
    0x1b, 0xb8, 0x81, 0x19, 0x8c, 0x18, 0x18, 0x00, 0x08, 0x82, 0x01, 0x82,
    0x07, 0xd7, 0x1b, 0x8c, 0x18, 0x18, 0x00, 0x08, 0x82, 0x01, 0x92, 0x07,
    0x58, 0x1c, 0x8c, 0x18, 0x18, 0x00, 0x08, 0x82, 0x01, 0x92, 0x07, 0x54,
    0x1c, 0x8c, 0x18, 0x1c, 0x00, 0x08, 0x82, 0xc1, 0x74, 0x07, 0x14, 0x31,
    0x8c, 0x26, 0x04, 0xc0, 0x68, 0x82, 0x10, 0x9c, 0x00, 0xd0, 0x09, 0x00,
    0x95, 0x50, 0x06, 0x50, 0x82, 0x19, 0x40, 0x09, 0x60, 0x40, 0x25, 0x84,
    0x01, 0x59, 0x20, 0x88, 0x60, 0x34, 0x41, 0x19, 0x86, 0x23, 0x02, 0xc9,
    0xf9, 0x86, 0x1b, 0x1a, 0x37, 0x40, 0x83, 0x59, 0x86, 0xc0, 0x08, 0x66,
    0x09, 0x84, 0x81, 0x0a, 0xa0, 0x0c, 0x08, 0x2e, 0xa8, 0x80, 0x0f, 0xa4,
    0x42, 0x21, 0x80, 0x35, 0x0c, 0xad, 0x20, 0x0a, 0xc1, 0xb0, 0x01, 0x11,
    0x8c, 0xc2, 0x00, 0x14, 0xf1, 0x07, 0x52, 0xa5, 0x10, 0xc0, 0x1a, 0x06,
    0x58, 0x28, 0x85, 0x60, 0xd8, 0x80, 0x08, 0x4c, 0x61, 0x00, 0x56, 0x30,
    0xcc, 0x82, 0x29, 0x1c, 0xc3, 0x06, 0x44, 0x70, 0x0a, 0x03, 0xb0, 0x82,
    0x61, 0x16, 0x4e, 0x01, 0x19, 0x36, 0x20, 0x02, 0x54, 0x18, 0x80, 0xe1,
    0x86, 0xa4, 0x41, 0x83, 0x62, 0x02, 0x9d, 0x65, 0x18, 0x88, 0xa0, 0xb6,
    0x55, 0x38, 0x0b, 0x36, 0x10, 0x58, 0xc0, 0x07, 0x22, 0x30, 0x27, 0x00,
    0x41, 0x05, 0x74, 0x20, 0x23, 0x06, 0x08, 0x00, 0x82, 0x60, 0x90, 0xc9,
    0x02, 0x1f, 0x88, 0x41, 0xe0, 0x07, 0xa3, 0x09, 0x01, 0x30, 0x6c, 0x40,
    0x2c, 0xc1, 0x00, 0xcc, 0x12, 0x10, 0x26, 0xb1, 0x02, 0x08, 0x86, 0x1b,
    0x02, 0x51, 0x40, 0x83, 0x59, 0x06, 0xa1, 0x08, 0x66, 0x09, 0x8c, 0x11,
    0x03, 0x03, 0x00, 0x41, 0x30, 0x50, 0x74, 0x01, 0x0f, 0x64, 0x61, 0x96,
    0xe0, 0x18, 0xa8, 0x00, 0xcc, 0xc2, 0x58, 0x93, 0x30, 0x98, 0x65, 0x40,
    0x92, 0xcb, 0x36, 0x53, 0x00, 0x81, 0x05, 0x1b, 0x08, 0x86, 0x1b, 0x86,
    0x00, 0x0d, 0x66, 0x09, 0x92, 0x81, 0x8a, 0x4a, 0x40, 0x7c, 0xe2, 0x98,
    0x65, 0x50, 0xc4, 0x20, 0xb0, 0xe2, 0x0c, 0x42, 0x60, 0x01, 0x18, 0x88,
    0xc0, 0x82, 0x34, 0x00, 0xc1, 0x70, 0x83, 0x1a, 0x88, 0x01, 0x1a, 0x0c,
    0x37, 0x10, 0xae, 0x60, 0x06, 0x25, 0x04, 0x3a, 0xdc, 0x60, 0x90, 0x01,
    0x1a, 0x54, 0x20, 0xe8, 0x05, 0x40, 0xcc, 0x32, 0x2c, 0x8c, 0xb0, 0x82,
    0xc1, 0x1d, 0xc2, 0xe1, 0xa0, 0x00, 0x18, 0xb3, 0x04, 0xcc, 0x40, 0x05,
    0x20, 0x2c, 0x86, 0x32, 0xdc, 0x10, 0x90, 0x03, 0x18, 0xcc, 0x32, 0x84,
    0x41, 0x13, 0x0c, 0x37, 0xd0, 0x41, 0x39, 0x98, 0xc1, 0x2c, 0x83, 0xf3,
    0x04, 0xc6, 0xe0, 0x02, 0x08, 0x2a, 0x18, 0x07, 0x29, 0x74, 0x08, 0x60,
    0x0d, 0x03, 0x3d, 0xa4, 0x43, 0x40, 0x01, 0x30, 0xaa, 0x38, 0x07, 0xa9,
    0x76, 0x08, 0x60, 0x0d, 0x03, 0x3e, 0xb4, 0x43, 0x40, 0x01, 0x30, 0x66,
    0x09, 0x9e, 0x81, 0x0a, 0x40, 0x71, 0x7c, 0xa3, 0x19, 0xa8, 0x00, 0x08,
    0x07, 0x3c, 0x9a, 0x81, 0x0a, 0x80, 0x3c, 0x1c, 0xf1, 0x68, 0x86, 0x1b,
    0x34, 0x79, 0x30, 0x83, 0x59, 0x06, 0x28, 0x0a, 0x2c, 0xd3, 0x83, 0x10,
    0x54, 0x00, 0x0f, 0x52, 0xf5, 0x10, 0xc0, 0x1a, 0x86, 0x90, 0xb0, 0x87,
    0x80, 0x02, 0x60, 0x54, 0x41, 0x0f, 0x52, 0xfa, 0x10, 0xc0, 0x1a, 0x86,
    0x92, 0xd0, 0x87, 0x80, 0x02, 0x60, 0x54, 0xd1, 0x40, 0x09, 0x0d, 0x58,
    0xf3, 0x0f, 0x30, 0x98, 0x25, 0x88, 0x06, 0x2a, 0x00, 0x03, 0x02, 0x83,
    0x67, 0xa0, 0x02, 0x30, 0x20, 0x30, 0x78, 0x06, 0x2a, 0x00, 0x03, 0x02,
    0x83, 0x67, 0xb8, 0x21, 0x18, 0x09, 0x33, 0x98, 0x65, 0x90, 0xa6, 0xa0,
    0x08, 0x81, 0x8a, 0x18, 0x68, 0x96, 0x60, 0x1a, 0xa8, 0x00, 0x08, 0x89,
    0x89, 0x06, 0x2a, 0x00, 0x42, 0x62, 0xa2, 0x11, 0x83, 0x03, 0x00, 0x41,
    0x30, 0x60, 0x5a, 0x02, 0x1f, 0x84, 0x79, 0x18, 0x31, 0x38, 0x00, 0x10,
    0x04, 0x03, 0xc6, 0x25, 0xf2, 0x41, 0xa0, 0x87, 0x11, 0x83, 0x03, 0x00,
    0x41, 0x30, 0x60, 0x5e, 0x82, 0x1e, 0x84, 0x79, 0x18, 0x31, 0x38, 0x00,
    0x10, 0x04, 0x03, 0x06, 0x26, 0xea, 0x41, 0xa0, 0x87, 0xe2, 0x05, 0x96,
    0x38, 0x0b, 0x78, 0x01, 0x04, 0x16, 0xf4, 0x83, 0x08, 0x8c, 0x0e, 0x02,
    0x10, 0x58, 0x00, 0x0f, 0x22, 0x28, 0xc1, 0x1e, 0xa4, 0x82, 0x95, 0xd8,
    0x0a, 0xe4, 0x01, 0x46, 0x0c, 0x10, 0x00, 0x04, 0xc1, 0x20, 0xb3, 0x09,
    0x90, 0x30, 0x87, 0x40, 0x24, 0xaa, 0xa8, 0x89, 0xad, 0x65, 0x24, 0xa4,
    0x84, 0x7a, 0x80, 0x72, 0x02, 0xa8, 0x60, 0x80, 0x0a, 0x6a, 0xe2, 0x46,
    0x0c, 0x10, 0x00, 0x04, 0xc1, 0x20, 0xeb, 0x89, 0x93, 0x68, 0x87, 0x20,
    0x25, 0x46, 0x13, 0x02, 0x60, 0x96, 0x80, 0x1a, 0xa8, 0x00, 0xcc, 0x60,
    0xda, 0x85, 0x6e, 0xa0, 0x02, 0x30, 0x83, 0x69, 0x17, 0xba, 0x81, 0x0a,
    0xc0, 0x98, 0x76, 0xa1, 0x1b, 0xa8, 0x00, 0xe4, 0x64, 0x1a, 0x87, 0x6e,
    0x96, 0xa0, 0x1a, 0xa8, 0x00, 0x10, 0x6a, 0x16, 0xb8, 0x81, 0x0a, 0x00,
    0xa1, 0x66, 0x81, 0x1b, 0xa8, 0x00, 0x10, 0x6a, 0x16, 0xb8, 0x81, 0x0a,
    0x40, 0x4d, 0xa8, 0x5b, 0xe0, 0x66, 0x09, 0xac, 0x81, 0x0a, 0x00, 0xa9,
    0x56, 0x61, 0x1b, 0xa8, 0x00, 0x90, 0x6a, 0x15, 0xb6, 0x81, 0x0a, 0x00,
    0xa9, 0x56, 0x61, 0x1b, 0xa8, 0x00, 0xe4, 0xa4, 0x5a, 0x85, 0xad, 0x82,
    0x44, 0xca, 0x50, 0xa4, 0x04, 0x07, 0x4a, 0x70, 0x60, 0xc4, 0xe0, 0x00,
    0x40, 0x10, 0x0c, 0x18, 0xb9, 0xe8, 0x09, 0x01, 0x27, 0x46, 0x0c, 0x0e,
    0x00, 0x04, 0xc1, 0x80, 0x99, 0x0b, 0x9f, 0x10, 0x72, 0x62, 0xc4, 0xe0,
    0x00, 0x40, 0x10, 0x0c, 0x18, 0xba, 0xc8, 0x09, 0x01, 0x27, 0x46, 0x0c,
    0x0e, 0x00, 0x04, 0xc1, 0x80, 0xa9, 0x0b, 0x9d, 0x10, 0x72, 0xa2, 0x02,
    0x9f, 0x90, 0x1a, 0x36, 0xa8, 0x40, 0x80, 0x0a, 0xde, 0xe2, 0x46, 0x0c,
    0x10, 0x00, 0x04, 0xc1, 0x20, 0xbb, 0x8b, 0xb0, 0x38, 0x89, 0x60, 0x2c,
    0x46, 0x13, 0x02, 0x60, 0xb8, 0x21, 0x80, 0xc0, 0x60, 0x96, 0x01, 0xbb,
    0x82, 0xe1, 0x06, 0x21, 0x22, 0x83, 0x59, 0x82, 0xad, 0xf0, 0x42, 0x89,
    0x11, 0x83, 0x03, 0x00, 0x41, 0x30, 0x60, 0xfe, 0x42, 0x2d, 0x96, 0xa0,
    0xf4, 0x62, 0x89, 0x11, 0x83, 0x03, 0x00, 0x41, 0x30, 0x60, 0x42, 0x83,
    0x2d, 0x98, 0xc0, 0x82, 0x01, 0x04, 0xd5, 0x17, 0x59, 0x8c, 0x18, 0x1c,
    0x00, 0x08, 0x82, 0x01, 0x43, 0x1a, 0x6f, 0xa1, 0x05, 0xf5, 0x17, 0x5a,
    0x8c, 0x18, 0x1c, 0x00, 0x08, 0x82, 0x01, 0x63, 0x1a, 0x71, 0xb1, 0x05,
    0x16, 0x0c, 0x20, 0x18, 0x6e, 0x30, 0x02, 0x30, 0x98, 0x65, 0xd0, 0xb2,
    0x60, 0xb8, 0xe1, 0x10, 0xd0, 0x60, 0x96, 0x60, 0x1b, 0x6e, 0xa8, 0xbe,
    0x30, 0x18, 0x6e, 0xb0, 0xc0, 0x00, 0x0d, 0x86, 0x1b, 0x30, 0x31, 0x40,
    0x83, 0xe9, 0x06, 0x21, 0x18, 0x66, 0x09, 0xb6, 0x81, 0x8e, 0x4a, 0x0c,
    0x2e, 0x25, 0x13, 0xb4, 0xe9, 0x86, 0xad, 0x0c, 0x82, 0xe9, 0x86, 0xad,
    0x0c, 0x84, 0xe9, 0x06, 0xab, 0x0c, 0x06, 0x2b, 0x83, 0xd6, 0x00, 0xc1,
    0x70, 0x43, 0x90, 0x1a, 0x60, 0x30, 0xcb, 0xc0, 0x59, 0x81, 0xad, 0xc1,
    0x6b, 0x80, 0x60, 0xb8, 0x21, 0x58, 0x0d, 0x30, 0x98, 0x65, 0xe8, 0xaa,
    0xa0, 0xe2, 0x80, 0x35, 0x68, 0xb8, 0x41, 0x0e, 0x64, 0xc3, 0x0c, 0x66,
    0x19, 0x28, 0x2f, 0x18, 0x4d, 0xf8, 0x03, 0xa0, 0x94, 0x64, 0x87, 0x1b,
    0x02, 0xda, 0x08, 0x83, 0xe1, 0x86, 0x41, 0x11, 0x83, 0x0a, 0x04, 0x9d,
    0x65, 0xf8, 0xc0, 0x20, 0xa8, 0x82, 0x89, 0x32, 0xec, 0x42, 0x2a, 0xb0,
    0x0b, 0xa8, 0xc0, 0x2e, 0x66, 0xc4, 0xe0, 0x00, 0x40, 0x10, 0x0c, 0x98,
    0xf0, 0xb0, 0x0b, 0xdb, 0x08, 0x86, 0x1b, 0x8a, 0x60, 0x0c, 0x66, 0x09,
    0xc0, 0x60, 0xa0, 0xa2, 0x12, 0x3e, 0xb5, 0xf1, 0xa6, 0x1b, 0x2a, 0xdf,
    0x08, 0xa6, 0x1b, 0xaa, 0xdf, 0x10, 0xca, 0x24, 0x78, 0x43, 0x2a, 0x3c,
    0x02, 0x58, 0xc3, 0xd0, 0x1e, 0xe2, 0x11, 0x0c, 0x1b, 0x10, 0x41, 0x31,
    0x00, 0x95, 0x12, 0xbf, 0x21, 0x55, 0x1e, 0x01, 0xac, 0x61, 0x80, 0x8f,
    0xf2, 0x08, 0x86, 0x0d, 0x88, 0xe0, 0x18, 0x80, 0x4b, 0x80, 0x58, 0xc1,
    0x30, 0x1f, 0xe7, 0xd1, 0x12, 0xc3, 0x06, 0x44, 0x20, 0x0c, 0xc0, 0x2c,
    0x41, 0x18, 0x8c, 0x18, 0x18, 0x00, 0x08, 0x82, 0x81, 0xf2, 0x1e, 0xad,
    0x71, 0x1e, 0x56, 0x13, 0xe9, 0x01, 0x83, 0x59, 0x82, 0x63, 0x96, 0x61,
    0x0c, 0xe6, 0x60, 0x2d, 0x66, 0x09, 0xc8, 0x60, 0xa0, 0x02, 0xf8, 0x87,
    0x38, 0x80, 0x97, 0x31, 0xa8, 0xc0, 0x3c, 0xa4, 0xd6, 0x23, 0x80, 0x35,
    0x0c, 0xf7, 0xc1, 0x1e, 0x01, 0x05, 0xc0, 0xa8, 0x42, 0x3d, 0xa4, 0xe0,
    0x23, 0x80, 0x35, 0x0c, 0xfb, 0x01, 0x1f, 0x01, 0x05, 0xc0, 0x58, 0xc1,
    0xe0, 0x1f, 0xf2, 0x91, 0x50, 0x00, 0x8c, 0xe1, 0x86, 0x25, 0x2f, 0xd0,
    0xa0, 0xf0, 0x22, 0xd0, 0x59, 0x86, 0x32, 0x30, 0x83, 0x60, 0x05, 0xc3,
    0x88, 0xd8, 0x47, 0x43, 0x01, 0x30, 0x86, 0x1b, 0x02, 0xfc, 0x00, 0x83,
    0x59, 0x02, 0x33, 0x18, 0xa8, 0xa8, 0x84, 0x32, 0x10, 0x1f, 0x32, 0x98,
    0x65, 0x38, 0x83, 0x38, 0x08, 0x2a, 0x0a, 0x0d, 0x2b, 0x49, 0x34, 0xa8,
    0x04, 0xf7, 0x00, 0x13, 0x48, 0x43, 0x04, 0x16, 0x08, 0x20, 0xa8, 0x81,
    0xd8, 0xe1, 0x86, 0x40, 0x3e, 0xcc, 0x60, 0x96, 0x01, 0x0d, 0xd2, 0x20,
    0x18, 0x6e, 0x28, 0x50, 0x03, 0x0d, 0x86, 0x1b, 0x0e, 0xd4, 0x40, 0x83,
    0x12, 0x02, 0x9d, 0x25, 0x48, 0x83, 0x81, 0x8a, 0x4a, 0x40, 0x03, 0xfc,
    0x39, 0x83, 0x0b, 0x80, 0x98, 0x65, 0x50, 0x83, 0x35, 0x10, 0x56, 0x30,
    0xcc, 0x88, 0x89, 0x20, 0x14, 0x00, 0x63, 0x96, 0x60, 0x0d, 0x06, 0x2a,
    0x00, 0x41, 0x0d, 0x8c, 0x34, 0x18, 0x6e, 0x08, 0x52, 0x24, 0x0c, 0x2e,
    0x00, 0x62, 0x96, 0x81, 0x0d, 0xda, 0x40, 0x58, 0xc1, 0x70, 0x23, 0x2b,
    0xd2, 0x50, 0x00, 0x8c, 0x59, 0x82, 0x36, 0x18, 0xa8, 0x00, 0x04, 0x36,
    0x30, 0xd6, 0x60, 0xb8, 0x21, 0x70, 0x11, 0x30, 0x98, 0x65, 0x78, 0x03,
    0x37, 0x08, 0x2a, 0x5a, 0x11, 0x29, 0x18, 0x09, 0x60, 0x0d, 0x03, 0x8f,
    0xc4, 0x48, 0x40, 0x01, 0x30, 0xaa, 0x7a, 0x11, 0xa9, 0x1a, 0x09, 0x60,
    0x0d, 0x03, 0x98, 0xd4, 0x48, 0x40, 0x01, 0x30, 0x66, 0x09, 0xde, 0x60,
    0xa0, 0x02, 0x50, 0xdc, 0xc0, 0x8d, 0xda, 0x60, 0xa0, 0x02, 0x20, 0xdc,
    0x00, 0x8e, 0xda, 0x60, 0xa0, 0x02, 0xa0, 0x23, 0x37, 0x90, 0xa3, 0x36,
    0x28, 0x30, 0xd8, 0x11, 0x30, 0x2f, 0x00, 0x41, 0x09, 0x61, 0xb0, 0xc3,
    0x0d, 0xc1, 0x8b, 0x98, 0xc1, 0x2c, 0x03, 0x1d, 0xd4, 0x41, 0x30, 0x02,
    0x91, 0xf3, 0xff, 0xff, 0xff, 0x03, 0x70, 0xf3, 0xff, 0xff, 0xff, 0x03,
    0x31, 0x02, 0x91, 0xf3, 0xff, 0xff, 0xff, 0x03, 0x80, 0xf3, 0xff, 0xff,
    0xff, 0x03, 0x31, 0x4b, 0x10, 0x07, 0x03, 0x1d, 0x00, 0x01, 0x07, 0xe6,
    0xb0, 0x0a, 0xe6, 0x60, 0x06, 0x03, 0x1d, 0x00, 0x01, 0x07, 0xe0, 0xb0,
    0x0a, 0xe0, 0x60, 0x06, 0x03, 0x1d, 0x80, 0x29, 0xc1, 0x81, 0x2f, 0xac,
    0x82, 0x2f, 0x98, 0x41, 0xd1, 0x07, 0x99, 0x9c, 0x05, 0xf4, 0x01, 0x02,
    0x0b, 0x6a, 0x44, 0x04, 0xd6, 0x07, 0x01, 0x08, 0x2c, 0x08, 0x93, 0x13,
    0x8c, 0x18, 0x34, 0x00, 0x08, 0x82, 0xc1, 0xa6, 0x26, 0x22, 0xc2, 0x1f,
    0xc1, 0x8d, 0x20, 0x87, 0x81, 0x26, 0x21, 0x62, 0x7f, 0x30, 0x26, 0x20,
    0x18, 0x6e, 0x08, 0x72, 0x04, 0x0d, 0x66, 0x19, 0xc8, 0x40, 0x0e, 0x82,
    0x59, 0x82, 0x39, 0xc0, 0xe1, 0x06, 0x28, 0x3e, 0xd0, 0x60, 0xb8, 0x01,
    0x0e, 0xe2, 0x03, 0x0d, 0x4a, 0x08, 0x74, 0x96, 0xa0, 0x0e, 0x06, 0x2a,
    0x2a, 0x81, 0x0e, 0x54, 0xe9, 0x0d, 0x2e, 0x00, 0x62, 0x96, 0xc1, 0x0e,
    0xee, 0x40, 0x58, 0xc1, 0xc0, 0x27, 0x6f, 0x42, 0x51, 0x00, 0x8c, 0x59,
    0x82, 0x3b, 0x18, 0xa8, 0x00, 0x04, 0x3b, 0x30, 0xea, 0x60, 0xb8, 0x21,
    0x90, 0x93, 0x30, 0xb8, 0x00, 0x88, 0x59, 0x06, 0x3c, 0xc8, 0x03, 0x61,
    0x05, 0x03, 0xa8, 0xd0, 0x49, 0x46, 0x01, 0x30, 0x66, 0x09, 0xf2, 0x60,
    0xa0, 0x02, 0x10, 0xf0, 0xc0, 0xb8, 0x83, 0xe1, 0x86, 0xe0, 0x4e, 0xc0,
    0x60, 0x96, 0x61, 0x0f, 0xf4, 0x20, 0xa8, 0x8e, 0x4e, 0xa4, 0xf2, 0x24,
    0x80, 0x35, 0x0c, 0xa5, 0xa2, 0x27, 0x01, 0x05, 0xc0, 0xa8, 0x30, 0xc0,
    0x13, 0x29, 0x3f, 0x09, 0x60, 0x0d, 0x43, 0xaa, 0xf8, 0x49, 0x40, 0x01,
    0x30, 0xaa, 0x48, 0x03, 0x28, 0x21, 0x0d, 0xc0, 0xd2, 0x60, 0x54, 0x60,
    0x30, 0x4b, 0xb0, 0x07, 0x03, 0x15, 0x80, 0xa1, 0x07, 0xb8, 0x90, 0x07,
    0x03, 0x15, 0x80, 0xa1, 0x07, 0xb8, 0x90, 0x07, 0x03, 0x15, 0x80, 0xa1,
    0x07, 0xb8, 0x90, 0x07, 0xb5, 0x0a, 0x78, 0x02, 0x16, 0xb8, 0x88, 0x08,
    0x2c, 0x70, 0x05, 0x10, 0xd4, 0xf0, 0x0a, 0x3b, 0xdc, 0x10, 0xf0, 0x89,
    0x19, 0xcc, 0x32, 0xf0, 0x41, 0x1f, 0x04, 0xc3, 0x0d, 0x34, 0xf2, 0x26,
    0x66, 0x30, 0xdc, 0x60, 0xc8, 0x08, 0x1a, 0x94, 0x10, 0xe8, 0x2c, 0x41,
    0x1f, 0x0c, 0x54, 0x54, 0x02, 0x1f, 0xb0, 0xd4, 0x1e, 0x5c, 0x00, 0xc4,
    0x2c, 0x83, 0x1f, 0xfc, 0x81, 0xb0, 0x82, 0xa1, 0x57, 0x60, 0x05, 0xa1,
    0x00, 0x18, 0xb3, 0x04, 0x7f, 0x30, 0x50, 0x01, 0x08, 0x7e, 0x60, 0xf4,
    0xc1, 0x70, 0x43, 0x30, 0x2b, 0x61, 0x70, 0x01, 0x10, 0xb3, 0x0c, 0xa0,
    0x10, 0x0a, 0xc2, 0x0a, 0x86, 0x70, 0xa9, 0x95, 0x86, 0x02, 0x60, 0xcc,
    0x12, 0x84, 0xc2, 0x40, 0x05, 0x20, 0x80, 0x82, 0xf1, 0x07, 0xc3, 0x0d,
    0x01, 0xae, 0x80, 0xc1, 0x2c, 0xc3, 0x28, 0x88, 0x42, 0x50, 0x51, 0xad,
    0x48, 0xe9, 0x4a, 0x00, 0x6b, 0x18, 0xcc, 0x65, 0x57, 0x02, 0x0a, 0x80,
    0x51, 0x55, 0xae, 0x48, 0xfd, 0x4a, 0x00, 0x6b, 0x18, 0xd4, 0xe5, 0x57,
    0x02, 0x0a, 0x80, 0x51, 0x85, 0x07, 0x25, 0x78, 0x60, 0x1e, 0xb9, 0x80,
    0x60, 0x96, 0x60, 0x14, 0x06, 0x2a, 0x00, 0x43, 0x14, 0x44, 0x21, 0x14,
    0x06, 0x2a, 0x00, 0x43, 0x14, 0x44, 0x21, 0x14, 0x06, 0x2a, 0x00, 0x43,
    0x14, 0x44, 0x21, 0x14, 0x8a, 0x1d, 0xd0, 0x05, 0x2c, 0x78, 0x13, 0x11,
    0x58, 0xf0, 0x0e, 0x20, 0xa8, 0x01, 0x1e, 0x76, 0xb8, 0x21, 0xe8, 0x15,
    0x33, 0x98, 0x65, 0x20, 0x85, 0x52, 0x08, 0x86, 0x1b, 0xea, 0x04, 0x56,
    0xcc, 0x60, 0xb8, 0xc1, 0x98, 0x13, 0x34, 0x28, 0x21, 0xd0, 0x59, 0x82,
    0x52, 0x18, 0xa8, 0xa8, 0x04, 0x52, 0x70, 0xad, 0x51, 0xb8, 0x00, 0x88,
    0x59, 0x06, 0x53, 0x38, 0x05, 0x61, 0x05, 0x83, 0xbf, 0xc4, 0x0b, 0x42,
    0x01, 0x30, 0x66, 0x09, 0x4e, 0x61, 0xa0, 0x02, 0x10, 0x4c, 0xc1, 0x28,
    0x85, 0xe1, 0x86, 0x80, 0x5e, 0xc2, 0xe0, 0x02, 0x20, 0x66, 0x19, 0x50,
    0x21, 0x15, 0x84, 0x15, 0x0c, 0x22, 0x63, 0x2f, 0x0d, 0x05, 0xc0, 0x98,
    0x25, 0x48, 0x85, 0x81, 0x0a, 0x40, 0x40, 0x05, 0xe3, 0x14, 0x86, 0x1b,
    0x82, 0x7c, 0x01, 0x83, 0x59, 0x86, 0x55, 0x50, 0x85, 0xa0, 0x22, 0x7b,
    0x91, 0xda, 0x97, 0x00, 0xd6, 0x30, 0x9c, 0x0c, 0xbf, 0x04, 0x14, 0x00,
    0xa3, 0x2a, 0x7d, 0x91, 0x02, 0x99, 0x00, 0xd6, 0x30, 0xac, 0x0c, 0xc8,
    0x04, 0x14, 0x00, 0xa3, 0x0a, 0x0f, 0x4a, 0xf0, 0xc0, 0xbc, 0x92, 0x01,
    0xc1, 0x2c, 0xc1, 0x2a, 0x0c, 0x54, 0x00, 0x86, 0x2a, 0x88, 0x42, 0x2a,
    0x0c, 0x54, 0x00, 0x86, 0x2a, 0x88, 0x42, 0x2a, 0x0c, 0x54, 0x00, 0x86,
    0x2a, 0x88, 0x42, 0x2a, 0x0c, 0x37, 0x04, 0x28, 0x03, 0x06, 0xb3, 0x0c,
    0x71, 0x00, 0x07, 0x41, 0x40, 0x0c, 0x00, 0x00, 0x15, 0x00, 0x00, 0x00,
    0x5b, 0x86, 0x2f, 0x38, 0x83, 0x2d, 0x43, 0x18, 0x04, 0x67, 0xb0, 0x65,
    0x60, 0x83, 0xe0, 0x0c, 0xb6, 0x0c, 0xa7, 0x10, 0x9c, 0xc1, 0x96, 0x81,
    0x3c, 0x82, 0x33, 0xd8, 0x32, 0xd4, 0x47, 0x70, 0x06, 0x5b, 0x06, 0xfd,
    0x08, 0xce, 0x60, 0xcb, 0xf0, 0x22, 0xc1, 0x19, 0x6c, 0x19, 0x6c, 0x24,
    0x38, 0x83, 0x2d, 0x43, 0xa9, 0x04, 0x67, 0xb0, 0x65, 0x60, 0x95, 0xe0,
    0x0c, 0xb6, 0x0c, 0xee, 0x12, 0x9c, 0xc1, 0x96, 0xa1, 0x5e, 0x82, 0x33,
    0xd8, 0x32, 0xdc, 0x4c, 0x70, 0x06, 0x5b, 0x06, 0x9f, 0x09, 0xce, 0x00,
    0x00, 0x00, 0x00, 0x00, 0x00, 0x00, 0x00, 0x00,
};
static const unsigned int kMotionBlockSearchCompDXILSize = 6308u;

#endif /* AR_SHADER_MOTION_BLOCK_SEARCH_COMP_H */
