/* GENERATED FILE — DO NOT EDIT.
 *
 * Regenerate with:  tools/build_shaders.py ppu_bg_capture
 * Source:           src/shaders/ppu_bg_capture.comp.glsl
 *
 * Committed on purpose: the hermetic build (`snesbuild build --hermetic`)
 * compiles with a pinned `zig cc` and nothing else, so no shader toolchain may
 * be required at build time. See tools/build_shaders.py for the full rationale.
 *
 * MSL is NUL-terminated source text (Metal compiles it at load); SPIR-V and
 * DXIL are binary modules consumed by Vulkan and D3D12. Pass the matching
 * *Size constant to SDL_GPUShaderCreateInfo.code_size — for MSL that EXCLUDES
 * the terminator.
 */
#ifndef AR_SHADER_PPU_BG_CAPTURE_COMP_H
#define AR_SHADER_PPU_BG_CAPTURE_COMP_H

static const unsigned char kPpuBgCaptureCompMSL[] = {
    0x23, 0x70, 0x72, 0x61, 0x67, 0x6d, 0x61, 0x20, 0x63, 0x6c, 0x61, 0x6e,
    0x67, 0x20, 0x64, 0x69, 0x61, 0x67, 0x6e, 0x6f, 0x73, 0x74, 0x69, 0x63,
    0x20, 0x69, 0x67, 0x6e, 0x6f, 0x72, 0x65, 0x64, 0x20, 0x22, 0x2d, 0x57,
    0x6d, 0x69, 0x73, 0x73, 0x69, 0x6e, 0x67, 0x2d, 0x70, 0x72, 0x6f, 0x74,
    0x6f, 0x74, 0x79, 0x70, 0x65, 0x73, 0x22, 0x0a, 0x0a, 0x23, 0x69, 0x6e,
    0x63, 0x6c, 0x75, 0x64, 0x65, 0x20, 0x3c, 0x6d, 0x65, 0x74, 0x61, 0x6c,
    0x5f, 0x73, 0x74, 0x64, 0x6c, 0x69, 0x62, 0x3e, 0x0a, 0x23, 0x69, 0x6e,
    0x63, 0x6c, 0x75, 0x64, 0x65, 0x20, 0x3c, 0x73, 0x69, 0x6d, 0x64, 0x2f,
    0x73, 0x69, 0x6d, 0x64, 0x2e, 0x68, 0x3e, 0x0a, 0x0a, 0x75, 0x73, 0x69,
    0x6e, 0x67, 0x20, 0x6e, 0x61, 0x6d, 0x65, 0x73, 0x70, 0x61, 0x63, 0x65,
    0x20, 0x6d, 0x65, 0x74, 0x61, 0x6c, 0x3b, 0x0a, 0x0a, 0x73, 0x74, 0x72,
    0x75, 0x63, 0x74, 0x20, 0x50, 0x61, 0x63, 0x6b, 0x65, 0x74, 0x0a, 0x7b,
    0x0a, 0x20, 0x20, 0x20, 0x20, 0x75, 0x69, 0x6e, 0x74, 0x20, 0x77, 0x6f,
    0x72, 0x64, 0x73, 0x5b, 0x31, 0x5d, 0x3b, 0x0a, 0x7d, 0x3b, 0x0a, 0x0a,
    0x73, 0x74, 0x72, 0x75, 0x63, 0x74, 0x20, 0x43, 0x6f, 0x6e, 0x74, 0x65,
    0x78, 0x74, 0x0a, 0x7b, 0x0a, 0x20, 0x20, 0x20, 0x20, 0x75, 0x69, 0x6e,
    0x74, 0x34, 0x20, 0x70, 0x6c, 0x61, 0x6e, 0x65, 0x3b, 0x0a, 0x7d, 0x3b,
    0x0a, 0x0a, 0x63, 0x6f, 0x6e, 0x73, 0x74, 0x61, 0x6e, 0x74, 0x20, 0x75,
    0x69, 0x6e, 0x74, 0x33, 0x20, 0x67, 0x6c, 0x5f, 0x57, 0x6f, 0x72, 0x6b,
    0x47, 0x72, 0x6f, 0x75, 0x70, 0x53, 0x69, 0x7a, 0x65, 0x20, 0x5b, 0x5b,
    0x6d, 0x61, 0x79, 0x62, 0x65, 0x5f, 0x75, 0x6e, 0x75, 0x73, 0x65, 0x64,
    0x5d, 0x5d, 0x20, 0x3d, 0x20, 0x75, 0x69, 0x6e, 0x74, 0x33, 0x28, 0x38,
    0x75, 0x2c, 0x20, 0x38, 0x75, 0x2c, 0x20, 0x31, 0x75, 0x29, 0x3b, 0x0a,
    0x0a, 0x73, 0x74, 0x61, 0x74, 0x69, 0x63, 0x20, 0x69, 0x6e, 0x6c, 0x69,
    0x6e, 0x65, 0x20, 0x5f, 0x5f, 0x61, 0x74, 0x74, 0x72, 0x69, 0x62, 0x75,
    0x74, 0x65, 0x5f, 0x5f, 0x28, 0x28, 0x61, 0x6c, 0x77, 0x61, 0x79, 0x73,
    0x5f, 0x69, 0x6e, 0x6c, 0x69, 0x6e, 0x65, 0x29, 0x29, 0x0a, 0x75, 0x69,
    0x6e, 0x74, 0x20, 0x77, 0x6f, 0x72, 0x64, 0x28, 0x74, 0x68, 0x72, 0x65,
    0x61, 0x64, 0x20, 0x63, 0x6f, 0x6e, 0x73, 0x74, 0x20, 0x75, 0x69, 0x6e,
    0x74, 0x26, 0x20, 0x69, 0x6e, 0x64, 0x65, 0x78, 0x2c, 0x20, 0x63, 0x6f,
    0x6e, 0x73, 0x74, 0x20, 0x64, 0x65, 0x76, 0x69, 0x63, 0x65, 0x20, 0x50,
    0x61, 0x63, 0x6b, 0x65, 0x74, 0x26, 0x20, 0x70, 0x61, 0x63, 0x6b, 0x65,
    0x74, 0x29, 0x0a, 0x7b, 0x0a, 0x20, 0x20, 0x20, 0x20, 0x72, 0x65, 0x74,
    0x75, 0x72, 0x6e, 0x20, 0x70, 0x61, 0x63, 0x6b, 0x65, 0x74, 0x2e, 0x77,
    0x6f, 0x72, 0x64, 0x73, 0x5b, 0x69, 0x6e, 0x64, 0x65, 0x78, 0x5d, 0x3b,
    0x0a, 0x7d, 0x0a, 0x0a, 0x73, 0x74, 0x61, 0x74, 0x69, 0x63, 0x20, 0x69,
    0x6e, 0x6c, 0x69, 0x6e, 0x65, 0x20, 0x5f, 0x5f, 0x61, 0x74, 0x74, 0x72,
    0x69, 0x62, 0x75, 0x74, 0x65, 0x5f, 0x5f, 0x28, 0x28, 0x61, 0x6c, 0x77,
    0x61, 0x79, 0x73, 0x5f, 0x69, 0x6e, 0x6c, 0x69, 0x6e, 0x65, 0x29, 0x29,
    0x0a, 0x66, 0x6c, 0x6f, 0x61, 0x74, 0x34, 0x20, 0x61, 0x72, 0x67, 0x62,
    0x28, 0x74, 0x68, 0x72, 0x65, 0x61, 0x64, 0x20, 0x63, 0x6f, 0x6e, 0x73,
    0x74, 0x20, 0x75, 0x69, 0x6e, 0x74, 0x26, 0x20, 0x63, 0x29, 0x0a, 0x7b,
    0x0a, 0x20, 0x20, 0x20, 0x20, 0x72, 0x65, 0x74, 0x75, 0x72, 0x6e, 0x20,
    0x66, 0x6c, 0x6f, 0x61, 0x74, 0x34, 0x28, 0x66, 0x6c, 0x6f, 0x61, 0x74,
    0x28, 0x28, 0x63, 0x20, 0x3e, 0x3e, 0x20, 0x31, 0x36, 0x75, 0x29, 0x20,
    0x26, 0x20, 0x32, 0x35, 0x35, 0x75, 0x29, 0x2c, 0x20, 0x66, 0x6c, 0x6f,
    0x61, 0x74, 0x28, 0x28, 0x63, 0x20, 0x3e, 0x3e, 0x20, 0x38, 0x75, 0x29,
    0x20, 0x26, 0x20, 0x32, 0x35, 0x35, 0x75, 0x29, 0x2c, 0x20, 0x66, 0x6c,
    0x6f, 0x61, 0x74, 0x28, 0x63, 0x20, 0x26, 0x20, 0x32, 0x35, 0x35, 0x75,
    0x29, 0x2c, 0x20, 0x66, 0x6c, 0x6f, 0x61, 0x74, 0x28, 0x63, 0x20, 0x3e,
    0x3e, 0x20, 0x32, 0x34, 0x75, 0x29, 0x29, 0x20, 0x2f, 0x20, 0x66, 0x6c,
    0x6f, 0x61, 0x74, 0x34, 0x28, 0x32, 0x35, 0x35, 0x2e, 0x30, 0x29, 0x3b,
    0x0a, 0x7d, 0x0a, 0x0a, 0x73, 0x74, 0x61, 0x74, 0x69, 0x63, 0x20, 0x69,
    0x6e, 0x6c, 0x69, 0x6e, 0x65, 0x20, 0x5f, 0x5f, 0x61, 0x74, 0x74, 0x72,
    0x69, 0x62, 0x75, 0x74, 0x65, 0x5f, 0x5f, 0x28, 0x28, 0x61, 0x6c, 0x77,
    0x61, 0x79, 0x73, 0x5f, 0x69, 0x6e, 0x6c, 0x69, 0x6e, 0x65, 0x29, 0x29,
    0x0a, 0x66, 0x6c, 0x6f, 0x61, 0x74, 0x34, 0x20, 0x63, 0x65, 0x6c, 0x6c,
    0x43, 0x6f, 0x6c, 0x6f, 0x72, 0x28, 0x74, 0x68, 0x72, 0x65, 0x61, 0x64,
    0x20, 0x63, 0x6f, 0x6e, 0x73, 0x74, 0x20, 0x75, 0x69, 0x6e, 0x74, 0x26,
    0x20, 0x63, 0x65, 0x6c, 0x6c, 0x2c, 0x20, 0x74, 0x68, 0x72, 0x65, 0x61,
    0x64, 0x20, 0x63, 0x6f, 0x6e, 0x73, 0x74, 0x20, 0x75, 0x69, 0x6e, 0x74,
    0x26, 0x20, 0x6d, 0x65, 0x74, 0x61, 0x2c, 0x20, 0x74, 0x68, 0x72, 0x65,
    0x61, 0x64, 0x20, 0x63, 0x6f, 0x6e, 0x73, 0x74, 0x20, 0x75, 0x69, 0x6e,
    0x74, 0x26, 0x20, 0x63, 0x6f, 0x6c, 0x6f, 0x72, 0x73, 0x2c, 0x20, 0x74,
    0x68, 0x72, 0x65, 0x61, 0x64, 0x20, 0x63, 0x6f, 0x6e, 0x73, 0x74, 0x20,
    0x75, 0x69, 0x6e, 0x74, 0x26, 0x20, 0x62, 0x61, 0x6e, 0x64, 0x2c, 0x20,
    0x74, 0x68, 0x72, 0x65, 0x61, 0x64, 0x20, 0x63, 0x6f, 0x6e, 0x73, 0x74,
    0x20, 0x75, 0x69, 0x6e, 0x74, 0x26, 0x20, 0x78, 0x2c, 0x20, 0x63, 0x6f,
    0x6e, 0x73, 0x74, 0x20, 0x64, 0x65, 0x76, 0x69, 0x63, 0x65, 0x20, 0x50,
    0x61, 0x63, 0x6b, 0x65, 0x74, 0x26, 0x20, 0x70, 0x61, 0x63, 0x6b, 0x65,
    0x74, 0x29, 0x0a, 0x7b, 0x0a, 0x20, 0x20, 0x20, 0x20, 0x75, 0x69, 0x6e,
    0x74, 0x20, 0x62, 0x69, 0x74, 0x20, 0x3d, 0x20, 0x78, 0x20, 0x26, 0x20,
    0x37, 0x75, 0x3b, 0x0a, 0x20, 0x20, 0x20, 0x20, 0x75, 0x69, 0x6e, 0x74,
    0x20, 0x70, 0x61, 0x72, 0x61, 0x6d, 0x20, 0x3d, 0x20, 0x63, 0x65, 0x6c,
    0x6c, 0x3b, 0x0a, 0x20, 0x20, 0x20, 0x20, 0x75, 0x69, 0x6e, 0x74, 0x20,
    0x6c, 0x61, 0x6e, 0x65, 0x73, 0x20, 0x3d, 0x20, 0x77, 0x6f, 0x72, 0x64,
    0x28, 0x70, 0x61, 0x72, 0x61, 0x6d, 0x2c, 0x20, 0x70, 0x61, 0x63, 0x6b,
    0x65, 0x74, 0x29, 0x20, 0x3e, 0x3e, 0x20, 0x62, 0x69, 0x74, 0x3b, 0x0a,
    0x20, 0x20, 0x20, 0x20, 0x75, 0x69, 0x6e, 0x74, 0x20, 0x70, 0x61, 0x72,
    0x61, 0x6d, 0x5f, 0x31, 0x20, 0x3d, 0x20, 0x63, 0x65, 0x6c, 0x6c, 0x20,
    0x2b, 0x20, 0x31, 0x75, 0x3b, 0x0a, 0x20, 0x20, 0x20, 0x20, 0x75, 0x69,
    0x6e, 0x74, 0x20, 0x70, 0x61, 0x6c, 0x65, 0x74, 0x74, 0x65, 0x20, 0x3d,
    0x20, 0x77, 0x6f, 0x72, 0x64, 0x28, 0x70, 0x61, 0x72, 0x61, 0x6d, 0x5f,
    0x31, 0x2c, 0x20, 0x70, 0x61, 0x63, 0x6b, 0x65, 0x74, 0x29, 0x20, 0x3e,
    0x3e, 0x20, 0x62, 0x69, 0x74, 0x3b, 0x0a, 0x20, 0x20, 0x20, 0x20, 0x75,
    0x69, 0x6e, 0x74, 0x20, 0x70, 0x61, 0x72, 0x61, 0x6d, 0x5f, 0x32, 0x20,
    0x3d, 0x20, 0x63, 0x65, 0x6c, 0x6c, 0x20, 0x2b, 0x20, 0x32, 0x75, 0x3b,
    0x0a, 0x20, 0x20, 0x20, 0x20, 0x75, 0x69, 0x6e, 0x74, 0x20, 0x66, 0x6c,
    0x61, 0x67, 0x73, 0x20, 0x3d, 0x20, 0x77, 0x6f, 0x72, 0x64, 0x28, 0x70,
    0x61, 0x72, 0x61, 0x6d, 0x5f, 0x32, 0x2c, 0x20, 0x70, 0x61, 0x63, 0x6b,
    0x65, 0x74, 0x29, 0x3b, 0x0a, 0x20, 0x20, 0x20, 0x20, 0x75, 0x69, 0x6e,
    0x74, 0x20, 0x70, 0x69, 0x78, 0x65, 0x6c, 0x20, 0x3d, 0x20, 0x28, 0x28,
    0x28, 0x6c, 0x61, 0x6e, 0x65, 0x73, 0x20, 0x26, 0x20, 0x31, 0x75, 0x29,
    0x20, 0x7c, 0x20, 0x28, 0x28, 0x6c, 0x61, 0x6e, 0x65, 0x73, 0x20, 0x3e,
    0x3e, 0x20, 0x37, 0x75, 0x29, 0x20, 0x26, 0x20, 0x32, 0x75, 0x29, 0x29,
    0x20, 0x7c, 0x20, 0x28, 0x28, 0x6c, 0x61, 0x6e, 0x65, 0x73, 0x20, 0x3e,
    0x3e, 0x20, 0x31, 0x34, 0x75, 0x29, 0x20, 0x26, 0x20, 0x34, 0x75, 0x29,
    0x29, 0x20, 0x7c, 0x20, 0x28, 0x28, 0x6c, 0x61, 0x6e, 0x65, 0x73, 0x20,
    0x3e, 0x3e, 0x20, 0x32, 0x31, 0x75, 0x29, 0x20, 0x26, 0x20, 0x38, 0x75,
    0x29, 0x3b, 0x0a, 0x20, 0x20, 0x20, 0x20, 0x75, 0x69, 0x6e, 0x74, 0x20,
    0x62, 0x61, 0x73, 0x65, 0x20, 0x3d, 0x20, 0x28, 0x28, 0x28, 0x70, 0x61,
    0x6c, 0x65, 0x74, 0x74, 0x65, 0x20, 0x26, 0x20, 0x31, 0x75, 0x29, 0x20,
    0x7c, 0x20, 0x28, 0x28, 0x70, 0x61, 0x6c, 0x65, 0x74, 0x74, 0x65, 0x20,
    0x3e, 0x3e, 0x20, 0x37, 0x75, 0x29, 0x20, 0x26, 0x20, 0x32, 0x75, 0x29,
    0x29, 0x20, 0x7c, 0x20, 0x28, 0x28, 0x70, 0x61, 0x6c, 0x65, 0x74, 0x74,
    0x65, 0x20, 0x3e, 0x3e, 0x20, 0x31, 0x34, 0x75, 0x29, 0x20, 0x26, 0x20,
    0x34, 0x75, 0x29, 0x29, 0x20, 0x2a, 0x20, 0x31, 0x36, 0x75, 0x3b, 0x0a,
    0x20, 0x20, 0x20, 0x20, 0x69, 0x66, 0x20, 0x28, 0x28, 0x66, 0x6c, 0x61,
    0x67, 0x73, 0x20, 0x26, 0x20, 0x28, 0x31, 0x75, 0x20, 0x3c, 0x3c, 0x20,
    0x62, 0x69, 0x74, 0x29, 0x29, 0x20, 0x21, 0x3d, 0x20, 0x30, 0x75, 0x29,
    0x0a, 0x20, 0x20, 0x20, 0x20, 0x7b, 0x0a, 0x20, 0x20, 0x20, 0x20, 0x20,
    0x20, 0x20, 0x20, 0x72, 0x65, 0x74, 0x75, 0x72, 0x6e, 0x20, 0x66, 0x6c,
    0x6f, 0x61, 0x74, 0x34, 0x28, 0x30, 0x2e, 0x30, 0x2c, 0x20, 0x30, 0x2e,
    0x30, 0x2c, 0x20, 0x30, 0x2e, 0x30, 0x2c, 0x20, 0x31, 0x2e, 0x30, 0x29,
    0x3b, 0x0a, 0x20, 0x20, 0x20, 0x20, 0x7d, 0x0a, 0x20, 0x20, 0x20, 0x20,
    0x69, 0x66, 0x20, 0x28, 0x70, 0x69, 0x78, 0x65, 0x6c, 0x20, 0x21, 0x3d,
    0x20, 0x30, 0x75, 0x29, 0x0a, 0x20, 0x20, 0x20, 0x20, 0x7b, 0x0a, 0x20,
    0x20, 0x20, 0x20, 0x20, 0x20, 0x20, 0x20, 0x75, 0x69, 0x6e, 0x74, 0x20,
    0x70, 0x61, 0x72, 0x61, 0x6d, 0x5f, 0x33, 0x20, 0x3d, 0x20, 0x28, 0x63,
    0x6f, 0x6c, 0x6f, 0x72, 0x73, 0x20, 0x2b, 0x20, 0x62, 0x61, 0x73, 0x65,
    0x29, 0x20, 0x2b, 0x20, 0x70, 0x69, 0x78, 0x65, 0x6c, 0x3b, 0x0a, 0x20,
    0x20, 0x20, 0x20, 0x20, 0x20, 0x20, 0x20, 0x75, 0x69, 0x6e, 0x74, 0x20,
    0x70, 0x61, 0x72, 0x61, 0x6d, 0x5f, 0x34, 0x20, 0x3d, 0x20, 0x77, 0x6f,
    0x72, 0x64, 0x28, 0x70, 0x61, 0x72, 0x61, 0x6d, 0x5f, 0x33, 0x2c, 0x20,
    0x70, 0x61, 0x63, 0x6b, 0x65, 0x74, 0x29, 0x3b, 0x0a, 0x20, 0x20, 0x20,
    0x20, 0x20, 0x20, 0x20, 0x20, 0x72, 0x65, 0x74, 0x75, 0x72, 0x6e, 0x20,
    0x61, 0x72, 0x67, 0x62, 0x28, 0x70, 0x61, 0x72, 0x61, 0x6d, 0x5f, 0x34,
    0x29, 0x3b, 0x0a, 0x20, 0x20, 0x20, 0x20, 0x7d, 0x0a, 0x20, 0x20, 0x20,
    0x20, 0x62, 0x6f, 0x6f, 0x6c, 0x20, 0x5f, 0x31, 0x35, 0x36, 0x20, 0x3d,
    0x20, 0x28, 0x66, 0x6c, 0x61, 0x67, 0x73, 0x20, 0x26, 0x20, 0x28, 0x31,
    0x75, 0x20, 0x3c, 0x3c, 0x20, 0x28, 0x62, 0x69, 0x74, 0x20, 0x2b, 0x20,
    0x38, 0x75, 0x29, 0x29, 0x29, 0x20, 0x21, 0x3d, 0x20, 0x30, 0x75, 0x3b,
    0x0a, 0x20, 0x20, 0x20, 0x20, 0x62, 0x6f, 0x6f, 0x6c, 0x20, 0x5f, 0x31,
    0x39, 0x30, 0x3b, 0x0a, 0x20, 0x20, 0x20, 0x20, 0x69, 0x66, 0x20, 0x28,
    0x21, 0x5f, 0x31, 0x35, 0x36, 0x29, 0x0a, 0x20, 0x20, 0x20, 0x20, 0x7b,
    0x0a, 0x20, 0x20, 0x20, 0x20, 0x20, 0x20, 0x20, 0x20, 0x62, 0x6f, 0x6f,
    0x6c, 0x20, 0x5f, 0x31, 0x36, 0x31, 0x20, 0x3d, 0x20, 0x62, 0x61, 0x6e,
    0x64, 0x20, 0x3d, 0x3d, 0x20, 0x30, 0x75, 0x3b, 0x0a, 0x20, 0x20, 0x20,
    0x20, 0x20, 0x20, 0x20, 0x20, 0x62, 0x6f, 0x6f, 0x6c, 0x20, 0x5f, 0x31,
    0x37, 0x30, 0x3b, 0x0a, 0x20, 0x20, 0x20, 0x20, 0x20, 0x20, 0x20, 0x20,
    0x69, 0x66, 0x20, 0x28, 0x5f, 0x31, 0x36, 0x31, 0x29, 0x0a, 0x20, 0x20,
    0x20, 0x20, 0x20, 0x20, 0x20, 0x20, 0x7b, 0x0a, 0x20, 0x20, 0x20, 0x20,
    0x20, 0x20, 0x20, 0x20, 0x20, 0x20, 0x20, 0x20, 0x5f, 0x31, 0x37, 0x30,
    0x20, 0x3d, 0x20, 0x28, 0x66, 0x6c, 0x61, 0x67, 0x73, 0x20, 0x26, 0x20,
    0x28, 0x31, 0x75, 0x20, 0x3c, 0x3c, 0x20, 0x28, 0x62, 0x69, 0x74, 0x20,
    0x2b, 0x20, 0x31, 0x36, 0x75, 0x29, 0x29, 0x29, 0x20, 0x3d, 0x3d, 0x20,
    0x30, 0x75, 0x3b, 0x0a, 0x20, 0x20, 0x20, 0x20, 0x20, 0x20, 0x20, 0x20,
    0x7d, 0x0a, 0x20, 0x20, 0x20, 0x20, 0x20, 0x20, 0x20, 0x20, 0x65, 0x6c,
    0x73, 0x65, 0x0a, 0x20, 0x20, 0x20, 0x20, 0x20, 0x20, 0x20, 0x20, 0x7b,
    0x0a, 0x20, 0x20, 0x20, 0x20, 0x20, 0x20, 0x20, 0x20, 0x20, 0x20, 0x20,
    0x20, 0x5f, 0x31, 0x37, 0x30, 0x20, 0x3d, 0x20, 0x5f, 0x31, 0x36, 0x31,
    0x3b, 0x0a, 0x20, 0x20, 0x20, 0x20, 0x20, 0x20, 0x20, 0x20, 0x7d, 0x0a,
    0x20, 0x20, 0x20, 0x20, 0x20, 0x20, 0x20, 0x20, 0x62, 0x6f, 0x6f, 0x6c,
    0x20, 0x5f, 0x31, 0x37, 0x39, 0x3b, 0x0a, 0x20, 0x20, 0x20, 0x20, 0x20,
    0x20, 0x20, 0x20, 0x69, 0x66, 0x20, 0x28, 0x5f, 0x31, 0x37, 0x30, 0x29,
    0x0a, 0x20, 0x20, 0x20, 0x20, 0x20, 0x20, 0x20, 0x20, 0x7b, 0x0a, 0x20,
    0x20, 0x20, 0x20, 0x20, 0x20, 0x20, 0x20, 0x20, 0x20, 0x20, 0x20, 0x75,
    0x69, 0x6e, 0x74, 0x20, 0x70, 0x61, 0x72, 0x61, 0x6d, 0x5f, 0x35, 0x20,
    0x3d, 0x20, 0x6d, 0x65, 0x74, 0x61, 0x20, 0x2b, 0x20, 0x32, 0x75, 0x3b,
    0x0a, 0x20, 0x20, 0x20, 0x20, 0x20, 0x20, 0x20, 0x20, 0x20, 0x20, 0x20,
    0x20, 0x5f, 0x31, 0x37, 0x39, 0x20, 0x3d, 0x20, 0x78, 0x20, 0x3e, 0x3d,
    0x20, 0x77, 0x6f, 0x72, 0x64, 0x28, 0x70, 0x61, 0x72, 0x61, 0x6d, 0x5f,
    0x35, 0x2c, 0x20, 0x70, 0x61, 0x63, 0x6b, 0x65, 0x74, 0x29, 0x3b, 0x0a,
    0x20, 0x20, 0x20, 0x20, 0x20, 0x20, 0x20, 0x20, 0x7d, 0x0a, 0x20, 0x20,
    0x20, 0x20, 0x20, 0x20, 0x20, 0x20, 0x65, 0x6c, 0x73, 0x65, 0x0a, 0x20,
    0x20, 0x20, 0x20, 0x20, 0x20, 0x20, 0x20, 0x7b, 0x0a, 0x20, 0x20, 0x20,
    0x20, 0x20, 0x20, 0x20, 0x20, 0x20, 0x20, 0x20, 0x20, 0x5f, 0x31, 0x37,
    0x39, 0x20, 0x3d, 0x20, 0x5f, 0x31, 0x37, 0x30, 0x3b, 0x0a, 0x20, 0x20,
    0x20, 0x20, 0x20, 0x20, 0x20, 0x20, 0x7d, 0x0a, 0x20, 0x20, 0x20, 0x20,
    0x20, 0x20, 0x20, 0x20, 0x62, 0x6f, 0x6f, 0x6c, 0x20, 0x5f, 0x31, 0x38,
    0x39, 0x3b, 0x0a, 0x20, 0x20, 0x20, 0x20, 0x20, 0x20, 0x20, 0x20, 0x69,
    0x66, 0x20, 0x28, 0x5f, 0x31, 0x37, 0x39, 0x29, 0x0a, 0x20, 0x20, 0x20,
    0x20, 0x20, 0x20, 0x20, 0x20, 0x7b, 0x0a, 0x20, 0x20, 0x20, 0x20, 0x20,
    0x20, 0x20, 0x20, 0x20, 0x20, 0x20, 0x20, 0x75, 0x69, 0x6e, 0x74, 0x20,
    0x70, 0x61, 0x72, 0x61, 0x6d, 0x5f, 0x36, 0x20, 0x3d, 0x20, 0x6d, 0x65,
    0x74, 0x61, 0x20, 0x2b, 0x20, 0x33, 0x75, 0x3b, 0x0a, 0x20, 0x20, 0x20,
    0x20, 0x20, 0x20, 0x20, 0x20, 0x20, 0x20, 0x20, 0x20, 0x5f, 0x31, 0x38,
    0x39, 0x20, 0x3d, 0x20, 0x78, 0x20, 0x3c, 0x20, 0x77, 0x6f, 0x72, 0x64,
    0x28, 0x70, 0x61, 0x72, 0x61, 0x6d, 0x5f, 0x36, 0x2c, 0x20, 0x70, 0x61,
    0x63, 0x6b, 0x65, 0x74, 0x29, 0x3b, 0x0a, 0x20, 0x20, 0x20, 0x20, 0x20,
    0x20, 0x20, 0x20, 0x7d, 0x0a, 0x20, 0x20, 0x20, 0x20, 0x20, 0x20, 0x20,
    0x20, 0x65, 0x6c, 0x73, 0x65, 0x0a, 0x20, 0x20, 0x20, 0x20, 0x20, 0x20,
    0x20, 0x20, 0x7b, 0x0a, 0x20, 0x20, 0x20, 0x20, 0x20, 0x20, 0x20, 0x20,
    0x20, 0x20, 0x20, 0x20, 0x5f, 0x31, 0x38, 0x39, 0x20, 0x3d, 0x20, 0x5f,
    0x31, 0x37, 0x39, 0x3b, 0x0a, 0x20, 0x20, 0x20, 0x20, 0x20, 0x20, 0x20,
    0x20, 0x7d, 0x0a, 0x20, 0x20, 0x20, 0x20, 0x20, 0x20, 0x20, 0x20, 0x5f,
    0x31, 0x39, 0x30, 0x20, 0x3d, 0x20, 0x5f, 0x31, 0x38, 0x39, 0x3b, 0x0a,
    0x20, 0x20, 0x20, 0x20, 0x7d, 0x0a, 0x20, 0x20, 0x20, 0x20, 0x65, 0x6c,
    0x73, 0x65, 0x0a, 0x20, 0x20, 0x20, 0x20, 0x7b, 0x0a, 0x20, 0x20, 0x20,
    0x20, 0x20, 0x20, 0x20, 0x20, 0x5f, 0x31, 0x39, 0x30, 0x20, 0x3d, 0x20,
    0x5f, 0x31, 0x35, 0x36, 0x3b, 0x0a, 0x20, 0x20, 0x20, 0x20, 0x7d, 0x0a,
    0x20, 0x20, 0x20, 0x20, 0x69, 0x66, 0x20, 0x28, 0x5f, 0x31, 0x39, 0x30,
    0x29, 0x0a, 0x20, 0x20, 0x20, 0x20, 0x7b, 0x0a, 0x20, 0x20, 0x20, 0x20,
    0x20, 0x20, 0x20, 0x20, 0x75, 0x69, 0x6e, 0x74, 0x20, 0x70, 0x61, 0x72,
    0x61, 0x6d, 0x5f, 0x37, 0x20, 0x3d, 0x20, 0x6d, 0x65, 0x74, 0x61, 0x20,
    0x2b, 0x20, 0x31, 0x75, 0x3b, 0x0a, 0x20, 0x20, 0x20, 0x20, 0x20, 0x20,
    0x20, 0x20, 0x75, 0x69, 0x6e, 0x74, 0x20, 0x70, 0x61, 0x72, 0x61, 0x6d,
    0x5f, 0x38, 0x20, 0x3d, 0x20, 0x77, 0x6f, 0x72, 0x64, 0x28, 0x70, 0x61,
    0x72, 0x61, 0x6d, 0x5f, 0x37, 0x2c, 0x20, 0x70, 0x61, 0x63, 0x6b, 0x65,
    0x74, 0x29, 0x3b, 0x0a, 0x20, 0x20, 0x20, 0x20, 0x20, 0x20, 0x20, 0x20,
    0x72, 0x65, 0x74, 0x75, 0x72, 0x6e, 0x20, 0x61, 0x72, 0x67, 0x62, 0x28,
    0x70, 0x61, 0x72, 0x61, 0x6d, 0x5f, 0x38, 0x29, 0x3b, 0x0a, 0x20, 0x20,
    0x20, 0x20, 0x7d, 0x0a, 0x20, 0x20, 0x20, 0x20, 0x72, 0x65, 0x74, 0x75,
    0x72, 0x6e, 0x20, 0x66, 0x6c, 0x6f, 0x61, 0x74, 0x34, 0x28, 0x30, 0x2e,
    0x30, 0x29, 0x3b, 0x0a, 0x7d, 0x0a, 0x0a, 0x73, 0x74, 0x61, 0x74, 0x69,
    0x63, 0x20, 0x69, 0x6e, 0x6c, 0x69, 0x6e, 0x65, 0x20, 0x5f, 0x5f, 0x61,
    0x74, 0x74, 0x72, 0x69, 0x62, 0x75, 0x74, 0x65, 0x5f, 0x5f, 0x28, 0x28,
    0x61, 0x6c, 0x77, 0x61, 0x79, 0x73, 0x5f, 0x69, 0x6e, 0x6c, 0x69, 0x6e,
    0x65, 0x29, 0x29, 0x0a, 0x66, 0x6c, 0x6f, 0x61, 0x74, 0x34, 0x20, 0x63,
    0x6f, 0x6c, 0x6f, 0x72, 0x41, 0x74, 0x28, 0x74, 0x68, 0x72, 0x65, 0x61,
    0x64, 0x20, 0x75, 0x69, 0x6e, 0x74, 0x32, 0x26, 0x20, 0x70, 0x2c, 0x20,
    0x74, 0x68, 0x72, 0x65, 0x61, 0x64, 0x20, 0x75, 0x69, 0x6e, 0x74, 0x26,
    0x20, 0x73, 0x6f, 0x75, 0x72, 0x63, 0x65, 0x2c, 0x20, 0x74, 0x68, 0x72,
    0x65, 0x61, 0x64, 0x20, 0x63, 0x6f, 0x6e, 0x73, 0x74, 0x20, 0x75, 0x69,
    0x6e, 0x74, 0x26, 0x20, 0x62, 0x61, 0x6e, 0x64, 0x2c, 0x20, 0x63, 0x6f,
    0x6e, 0x73, 0x74, 0x20, 0x64, 0x65, 0x76, 0x69, 0x63, 0x65, 0x20, 0x50,
    0x61, 0x63, 0x6b, 0x65, 0x74, 0x26, 0x20, 0x70, 0x61, 0x63, 0x6b, 0x65,
    0x74, 0x29, 0x0a, 0x7b, 0x0a, 0x20, 0x20, 0x20, 0x20, 0x66, 0x6c, 0x6f,
    0x61, 0x74, 0x34, 0x20, 0x72, 0x65, 0x73, 0x75, 0x6c, 0x74, 0x20, 0x3d,
    0x20, 0x66, 0x6c, 0x6f, 0x61, 0x74, 0x34, 0x28, 0x30, 0x2e, 0x30, 0x29,
    0x3b, 0x0a, 0x20, 0x20, 0x20, 0x20, 0x75, 0x69, 0x6e, 0x74, 0x20, 0x70,
    0x61, 0x72, 0x61, 0x6d, 0x20, 0x3d, 0x20, 0x28, 0x73, 0x6f, 0x75, 0x72,
    0x63, 0x65, 0x20, 0x3d, 0x3d, 0x20, 0x32, 0x75, 0x29, 0x20, 0x3f, 0x20,
    0x34, 0x75, 0x20, 0x3a, 0x20, 0x30, 0x75, 0x3b, 0x0a, 0x20, 0x20, 0x20,
    0x20, 0x62, 0x6f, 0x6f, 0x6c, 0x20, 0x5f, 0x32, 0x31, 0x32, 0x20, 0x3d,
    0x20, 0x70, 0x2e, 0x78, 0x20, 0x3e, 0x3d, 0x20, 0x77, 0x6f, 0x72, 0x64,
    0x28, 0x70, 0x61, 0x72, 0x61, 0x6d, 0x2c, 0x20, 0x70, 0x61, 0x63, 0x6b,
    0x65, 0x74, 0x29, 0x3b, 0x0a, 0x20, 0x20, 0x20, 0x20, 0x62, 0x6f, 0x6f,
    0x6c, 0x20, 0x5f, 0x32, 0x32, 0x35, 0x3b, 0x0a, 0x20, 0x20, 0x20, 0x20,
    0x69, 0x66, 0x20, 0x28, 0x21, 0x5f, 0x32, 0x31, 0x32, 0x29, 0x0a, 0x20,
    0x20, 0x20, 0x20, 0x7b, 0x0a, 0x20, 0x20, 0x20, 0x20, 0x20, 0x20, 0x20,
    0x20, 0x75, 0x69, 0x6e, 0x74, 0x20, 0x70, 0x61, 0x72, 0x61, 0x6d, 0x5f,
    0x31, 0x20, 0x3d, 0x20, 0x28, 0x73, 0x6f, 0x75, 0x72, 0x63, 0x65, 0x20,
    0x3d, 0x3d, 0x20, 0x32, 0x75, 0x29, 0x20, 0x3f, 0x20, 0x35, 0x75, 0x20,
    0x3a, 0x20, 0x31, 0x75, 0x3b, 0x0a, 0x20, 0x20, 0x20, 0x20, 0x20, 0x20,
    0x20, 0x20, 0x5f, 0x32, 0x32, 0x35, 0x20, 0x3d, 0x20, 0x70, 0x2e, 0x79,
    0x20, 0x3e, 0x3d, 0x20, 0x77, 0x6f, 0x72, 0x64, 0x28, 0x70, 0x61, 0x72,
    0x61, 0x6d, 0x5f, 0x31, 0x2c, 0x20, 0x70, 0x61, 0x63, 0x6b, 0x65, 0x74,
    0x29, 0x3b, 0x0a, 0x20, 0x20, 0x20, 0x20, 0x7d, 0x0a, 0x20, 0x20, 0x20,
    0x20, 0x65, 0x6c, 0x73, 0x65, 0x0a, 0x20, 0x20, 0x20, 0x20, 0x7b, 0x0a,
    0x20, 0x20, 0x20, 0x20, 0x20, 0x20, 0x20, 0x20, 0x5f, 0x32, 0x32, 0x35,
    0x20, 0x3d, 0x20, 0x5f, 0x32, 0x31, 0x32, 0x3b, 0x0a, 0x20, 0x20, 0x20,
    0x20, 0x7d, 0x0a, 0x20, 0x20, 0x20, 0x20, 0x69, 0x66, 0x20, 0x28, 0x5f,
    0x32, 0x32, 0x35, 0x29, 0x0a, 0x20, 0x20, 0x20, 0x20, 0x7b, 0x0a, 0x20,
    0x20, 0x20, 0x20, 0x20, 0x20, 0x20, 0x20, 0x72, 0x65, 0x74, 0x75, 0x72,
    0x6e, 0x20, 0x72, 0x65, 0x73, 0x75, 0x6c, 0x74, 0x3b, 0x0a, 0x20, 0x20,
    0x20, 0x20, 0x7d, 0x0a, 0x20, 0x20, 0x20, 0x20, 0x75, 0x69, 0x6e, 0x74,
    0x20, 0x72, 0x6f, 0x77, 0x20, 0x3d, 0x20, 0x28, 0x73, 0x6f, 0x75, 0x72,
    0x63, 0x65, 0x20, 0x2a, 0x20, 0x33, 0x35, 0x32, 0x75, 0x29, 0x20, 0x2b,
    0x20, 0x70, 0x2e, 0x79, 0x3b, 0x0a, 0x20, 0x20, 0x20, 0x20, 0x75, 0x69,
    0x6e, 0x74, 0x20, 0x6d, 0x65, 0x74, 0x61, 0x20, 0x3d, 0x20, 0x38, 0x75,
    0x20, 0x2b, 0x20, 0x28, 0x72, 0x6f, 0x77, 0x20, 0x2a, 0x20, 0x38, 0x75,
    0x29, 0x3b, 0x0a, 0x20, 0x20, 0x20, 0x20, 0x69, 0x66, 0x20, 0x28, 0x73,
    0x6f, 0x75, 0x72, 0x63, 0x65, 0x20, 0x3d, 0x3d, 0x20, 0x32, 0x75, 0x29,
    0x0a, 0x20, 0x20, 0x20, 0x20, 0x7b, 0x0a, 0x20, 0x20, 0x20, 0x20, 0x20,
    0x20, 0x20, 0x20, 0x75, 0x69, 0x6e, 0x74, 0x20, 0x70, 0x61, 0x72, 0x61,
    0x6d, 0x5f, 0x32, 0x20, 0x3d, 0x20, 0x6d, 0x65, 0x74, 0x61, 0x20, 0x2b,
    0x20, 0x34, 0x75, 0x3b, 0x0a, 0x20, 0x20, 0x20, 0x20, 0x20, 0x20, 0x20,
    0x20, 0x75, 0x69, 0x6e, 0x74, 0x20, 0x61, 0x6c, 0x69, 0x61, 0x73, 0x20,
    0x3d, 0x20, 0x77, 0x6f, 0x72, 0x64, 0x28, 0x70, 0x61, 0x72, 0x61, 0x6d,
    0x5f, 0x32, 0x2c, 0x20, 0x70, 0x61, 0x63, 0x6b, 0x65, 0x74, 0x29, 0x3b,
    0x0a, 0x20, 0x20, 0x20, 0x20, 0x20, 0x20, 0x20, 0x20, 0x62, 0x6f, 0x6f,
    0x6c, 0x20, 0x5f, 0x32, 0x35, 0x35, 0x20, 0x3d, 0x20, 0x70, 0x2e, 0x78,
    0x20, 0x3e, 0x3d, 0x20, 0x28, 0x61, 0x6c, 0x69, 0x61, 0x73, 0x20, 0x26,
    0x20, 0x36, 0x35, 0x35, 0x33, 0x35, 0x75, 0x29, 0x3b, 0x0a, 0x20, 0x20,
    0x20, 0x20, 0x20, 0x20, 0x20, 0x20, 0x62, 0x6f, 0x6f, 0x6c, 0x20, 0x5f,
    0x32, 0x36, 0x33, 0x3b, 0x0a, 0x20, 0x20, 0x20, 0x20, 0x20, 0x20, 0x20,
    0x20, 0x69, 0x66, 0x20, 0x28, 0x5f, 0x32, 0x35, 0x35, 0x29, 0x0a, 0x20,
    0x20, 0x20, 0x20, 0x20, 0x20, 0x20, 0x20, 0x7b, 0x0a, 0x20, 0x20, 0x20,
    0x20, 0x20, 0x20, 0x20, 0x20, 0x20, 0x20, 0x20, 0x20, 0x5f, 0x32, 0x36,
    0x33, 0x20, 0x3d, 0x20, 0x70, 0x2e, 0x78, 0x20, 0x3c, 0x20, 0x28, 0x61,
    0x6c, 0x69, 0x61, 0x73, 0x20, 0x3e, 0x3e, 0x20, 0x31, 0x36, 0x75, 0x29,
    0x3b, 0x0a, 0x20, 0x20, 0x20, 0x20, 0x20, 0x20, 0x20, 0x20, 0x7d, 0x0a,
    0x20, 0x20, 0x20, 0x20, 0x20, 0x20, 0x20, 0x20, 0x65, 0x6c, 0x73, 0x65,
    0x0a, 0x20, 0x20, 0x20, 0x20, 0x20, 0x20, 0x20, 0x20, 0x7b, 0x0a, 0x20,
    0x20, 0x20, 0x20, 0x20, 0x20, 0x20, 0x20, 0x20, 0x20, 0x20, 0x20, 0x5f,
    0x32, 0x36, 0x33, 0x20, 0x3d, 0x20, 0x5f, 0x32, 0x35, 0x35, 0x3b, 0x0a,
    0x20, 0x20, 0x20, 0x20, 0x20, 0x20, 0x20, 0x20, 0x7d, 0x0a, 0x20, 0x20,
    0x20, 0x20, 0x20, 0x20, 0x20, 0x20, 0x69, 0x66, 0x20, 0x28, 0x5f, 0x32,
    0x36, 0x33, 0x29, 0x0a, 0x20, 0x20, 0x20, 0x20, 0x20, 0x20, 0x20, 0x20,
    0x7b, 0x0a, 0x20, 0x20, 0x20, 0x20, 0x20, 0x20, 0x20, 0x20, 0x20, 0x20,
    0x20, 0x20, 0x75, 0x69, 0x6e, 0x74, 0x20, 0x70, 0x61, 0x72, 0x61, 0x6d,
    0x5f, 0x33, 0x20, 0x3d, 0x20, 0x6d, 0x65, 0x74, 0x61, 0x20, 0x2b, 0x20,
    0x35, 0x75, 0x3b, 0x0a, 0x20, 0x20, 0x20, 0x20, 0x20, 0x20, 0x20, 0x20,
    0x20, 0x20, 0x20, 0x20, 0x75, 0x69, 0x6e, 0x74, 0x20, 0x61, 0x74, 0x20,
    0x3d, 0x20, 0x75, 0x69, 0x6e, 0x74, 0x28, 0x69, 0x6e, 0x74, 0x28, 0x77,
    0x6f, 0x72, 0x64, 0x28, 0x70, 0x61, 0x72, 0x61, 0x6d, 0x5f, 0x33, 0x2c,
    0x20, 0x70, 0x61, 0x63, 0x6b, 0x65, 0x74, 0x29, 0x29, 0x20, 0x2b, 0x20,
    0x69, 0x6e, 0x74, 0x28, 0x70, 0x2e, 0x78, 0x29, 0x29, 0x3b, 0x0a, 0x20,
    0x20, 0x20, 0x20, 0x20, 0x20, 0x20, 0x20, 0x20, 0x20, 0x20, 0x20, 0x75,
    0x69, 0x6e, 0x74, 0x20, 0x70, 0x61, 0x72, 0x61, 0x6d, 0x5f, 0x34, 0x20,
    0x3d, 0x20, 0x36, 0x75, 0x3b, 0x0a, 0x20, 0x20, 0x20, 0x20, 0x20, 0x20,
    0x20, 0x20, 0x20, 0x20, 0x20, 0x20, 0x73, 0x6f, 0x75, 0x72, 0x63, 0x65,
    0x20, 0x3d, 0x20, 0x77, 0x6f, 0x72, 0x64, 0x28, 0x70, 0x61, 0x72, 0x61,
    0x6d, 0x5f, 0x34, 0x2c, 0x20, 0x70, 0x61, 0x63, 0x6b, 0x65, 0x74, 0x29,
    0x3b, 0x0a, 0x20, 0x20, 0x20, 0x20, 0x20, 0x20, 0x20, 0x20, 0x20, 0x20,
    0x20, 0x20, 0x70, 0x20, 0x3d, 0x20, 0x75, 0x69, 0x6e, 0x74, 0x32, 0x28,
    0x61, 0x74, 0x20, 0x25, 0x20, 0x36, 0x34, 0x30, 0x75, 0x2c, 0x20, 0x61,
    0x74, 0x20, 0x2f, 0x20, 0x36, 0x34, 0x30, 0x75, 0x29, 0x3b, 0x0a, 0x20,
    0x20, 0x20, 0x20, 0x20, 0x20, 0x20, 0x20, 0x20, 0x20, 0x20, 0x20, 0x72,
    0x6f, 0x77, 0x20, 0x3d, 0x20, 0x28, 0x73, 0x6f, 0x75, 0x72, 0x63, 0x65,
    0x20, 0x2a, 0x20, 0x33, 0x35, 0x32, 0x75, 0x29, 0x20, 0x2b, 0x20, 0x70,
    0x2e, 0x79, 0x3b, 0x0a, 0x20, 0x20, 0x20, 0x20, 0x20, 0x20, 0x20, 0x20,
    0x20, 0x20, 0x20, 0x20, 0x6d, 0x65, 0x74, 0x61, 0x20, 0x3d, 0x20, 0x38,
    0x75, 0x20, 0x2b, 0x20, 0x28, 0x72, 0x6f, 0x77, 0x20, 0x2a, 0x20, 0x38,
    0x75, 0x29, 0x3b, 0x0a, 0x20, 0x20, 0x20, 0x20, 0x20, 0x20, 0x20, 0x20,
    0x7d, 0x0a, 0x20, 0x20, 0x20, 0x20, 0x7d, 0x0a, 0x20, 0x20, 0x20, 0x20,
    0x75, 0x69, 0x6e, 0x74, 0x20, 0x70, 0x61, 0x72, 0x61, 0x6d, 0x5f, 0x35,
    0x20, 0x3d, 0x20, 0x6d, 0x65, 0x74, 0x61, 0x3b, 0x0a, 0x20, 0x20, 0x20,
    0x20, 0x69, 0x66, 0x20, 0x28, 0x77, 0x6f, 0x72, 0x64, 0x28, 0x70, 0x61,
    0x72, 0x61, 0x6d, 0x5f, 0x35, 0x2c, 0x20, 0x70, 0x61, 0x63, 0x6b, 0x65,
    0x74, 0x29, 0x20, 0x3d, 0x3d, 0x20, 0x30, 0x75, 0x29, 0x0a, 0x20, 0x20,
    0x20, 0x20, 0x7b, 0x0a, 0x20, 0x20, 0x20, 0x20, 0x20, 0x20, 0x20, 0x20,
    0x72, 0x65, 0x74, 0x75, 0x72, 0x6e, 0x20, 0x72, 0x65, 0x73, 0x75, 0x6c,
    0x74, 0x3b, 0x0a, 0x20, 0x20, 0x20, 0x20, 0x7d, 0x0a, 0x20, 0x20, 0x20,
    0x20, 0x75, 0x69, 0x6e, 0x74, 0x20, 0x70, 0x61, 0x72, 0x61, 0x6d, 0x5f,
    0x36, 0x20, 0x3d, 0x20, 0x6d, 0x65, 0x74, 0x61, 0x20, 0x2b, 0x20, 0x37,
    0x75, 0x3b, 0x0a, 0x20, 0x20, 0x20, 0x20, 0x75, 0x69, 0x6e, 0x74, 0x20,
    0x70, 0x69, 0x78, 0x65, 0x6c, 0x73, 0x20, 0x3d, 0x20, 0x77, 0x6f, 0x72,
    0x64, 0x28, 0x70, 0x61, 0x72, 0x61, 0x6d, 0x5f, 0x36, 0x2c, 0x20, 0x70,
    0x61, 0x63, 0x6b, 0x65, 0x74, 0x29, 0x3b, 0x0a, 0x20, 0x20, 0x20, 0x20,
    0x75, 0x69, 0x6e, 0x74, 0x20, 0x70, 0x61, 0x72, 0x61, 0x6d, 0x5f, 0x37,
    0x20, 0x3d, 0x20, 0x6d, 0x65, 0x74, 0x61, 0x20, 0x2b, 0x20, 0x36, 0x75,
    0x3b, 0x0a, 0x20, 0x20, 0x20, 0x20, 0x75, 0x69, 0x6e, 0x74, 0x20, 0x63,
    0x6f, 0x6c, 0x6f, 0x72, 0x73, 0x20, 0x3d, 0x20, 0x77, 0x6f, 0x72, 0x64,
    0x28, 0x70, 0x61, 0x72, 0x61, 0x6d, 0x5f, 0x37, 0x2c, 0x20, 0x70, 0x61,
    0x63, 0x6b, 0x65, 0x74, 0x29, 0x3b, 0x0a, 0x20, 0x20, 0x20, 0x20, 0x69,
    0x66, 0x20, 0x28, 0x70, 0x69, 0x78, 0x65, 0x6c, 0x73, 0x20, 0x3d, 0x3d,
    0x20, 0x30, 0x75, 0x29, 0x0a, 0x20, 0x20, 0x20, 0x20, 0x7b, 0x0a, 0x20,
    0x20, 0x20, 0x20, 0x20, 0x20, 0x20, 0x20, 0x62, 0x6f, 0x6f, 0x6c, 0x20,
    0x5f, 0x33, 0x31, 0x37, 0x20, 0x3d, 0x20, 0x62, 0x61, 0x6e, 0x64, 0x20,
    0x3d, 0x3d, 0x20, 0x30, 0x75, 0x3b, 0x0a, 0x20, 0x20, 0x20, 0x20, 0x20,
    0x20, 0x20, 0x20, 0x62, 0x6f, 0x6f, 0x6c, 0x20, 0x5f, 0x33, 0x32, 0x37,
    0x3b, 0x0a, 0x20, 0x20, 0x20, 0x20, 0x20, 0x20, 0x20, 0x20, 0x69, 0x66,
    0x20, 0x28, 0x5f, 0x33, 0x31, 0x37, 0x29, 0x0a, 0x20, 0x20, 0x20, 0x20,
    0x20, 0x20, 0x20, 0x20, 0x7b, 0x0a, 0x20, 0x20, 0x20, 0x20, 0x20, 0x20,
    0x20, 0x20, 0x20, 0x20, 0x20, 0x20, 0x75, 0x69, 0x6e, 0x74, 0x20, 0x70,
    0x61, 0x72, 0x61, 0x6d, 0x5f, 0x38, 0x20, 0x3d, 0x20, 0x6d, 0x65, 0x74,
    0x61, 0x20, 0x2b, 0x20, 0x32, 0x75, 0x3b, 0x0a, 0x20, 0x20, 0x20, 0x20,
    0x20, 0x20, 0x20, 0x20, 0x20, 0x20, 0x20, 0x20, 0x5f, 0x33, 0x32, 0x37,
    0x20, 0x3d, 0x20, 0x70, 0x2e, 0x78, 0x20, 0x3e, 0x3d, 0x20, 0x77, 0x6f,
    0x72, 0x64, 0x28, 0x70, 0x61, 0x72, 0x61, 0x6d, 0x5f, 0x38, 0x2c, 0x20,
    0x70, 0x61, 0x63, 0x6b, 0x65, 0x74, 0x29, 0x3b, 0x0a, 0x20, 0x20, 0x20,
    0x20, 0x20, 0x20, 0x20, 0x20, 0x7d, 0x0a, 0x20, 0x20, 0x20, 0x20, 0x20,
    0x20, 0x20, 0x20, 0x65, 0x6c, 0x73, 0x65, 0x0a, 0x20, 0x20, 0x20, 0x20,
    0x20, 0x20, 0x20, 0x20, 0x7b, 0x0a, 0x20, 0x20, 0x20, 0x20, 0x20, 0x20,
    0x20, 0x20, 0x20, 0x20, 0x20, 0x20, 0x5f, 0x33, 0x32, 0x37, 0x20, 0x3d,
    0x20, 0x5f, 0x33, 0x31, 0x37, 0x3b, 0x0a, 0x20, 0x20, 0x20, 0x20, 0x20,
    0x20, 0x20, 0x20, 0x7d, 0x0a, 0x20, 0x20, 0x20, 0x20, 0x20, 0x20, 0x20,
    0x20, 0x62, 0x6f, 0x6f, 0x6c, 0x20, 0x5f, 0x33, 0x33, 0x37, 0x3b, 0x0a,
    0x20, 0x20, 0x20, 0x20, 0x20, 0x20, 0x20, 0x20, 0x69, 0x66, 0x20, 0x28,
    0x5f, 0x33, 0x32, 0x37, 0x29, 0x0a, 0x20, 0x20, 0x20, 0x20, 0x20, 0x20,
    0x20, 0x20, 0x7b, 0x0a, 0x20, 0x20, 0x20, 0x20, 0x20, 0x20, 0x20, 0x20,
    0x20, 0x20, 0x20, 0x20, 0x75, 0x69, 0x6e, 0x74, 0x20, 0x70, 0x61, 0x72,
    0x61, 0x6d, 0x5f, 0x39, 0x20, 0x3d, 0x20, 0x6d, 0x65, 0x74, 0x61, 0x20,
    0x2b, 0x20, 0x33, 0x75, 0x3b, 0x0a, 0x20, 0x20, 0x20, 0x20, 0x20, 0x20,
    0x20, 0x20, 0x20, 0x20, 0x20, 0x20, 0x5f, 0x33, 0x33, 0x37, 0x20, 0x3d,
    0x20, 0x70, 0x2e, 0x78, 0x20, 0x3c, 0x20, 0x77, 0x6f, 0x72, 0x64, 0x28,
    0x70, 0x61, 0x72, 0x61, 0x6d, 0x5f, 0x39, 0x2c, 0x20, 0x70, 0x61, 0x63,
    0x6b, 0x65, 0x74, 0x29, 0x3b, 0x0a, 0x20, 0x20, 0x20, 0x20, 0x20, 0x20,
    0x20, 0x20, 0x7d, 0x0a, 0x20, 0x20, 0x20, 0x20, 0x20, 0x20, 0x20, 0x20,
    0x65, 0x6c, 0x73, 0x65, 0x0a, 0x20, 0x20, 0x20, 0x20, 0x20, 0x20, 0x20,
    0x20, 0x7b, 0x0a, 0x20, 0x20, 0x20, 0x20, 0x20, 0x20, 0x20, 0x20, 0x20,
    0x20, 0x20, 0x20, 0x5f, 0x33, 0x33, 0x37, 0x20, 0x3d, 0x20, 0x5f, 0x33,
    0x32, 0x37, 0x3b, 0x0a, 0x20, 0x20, 0x20, 0x20, 0x20, 0x20, 0x20, 0x20,
    0x7d, 0x0a, 0x20, 0x20, 0x20, 0x20, 0x20, 0x20, 0x20, 0x20, 0x69, 0x66,
    0x20, 0x28, 0x5f, 0x33, 0x33, 0x37, 0x29, 0x0a, 0x20, 0x20, 0x20, 0x20,
    0x20, 0x20, 0x20, 0x20, 0x7b, 0x0a, 0x20, 0x20, 0x20, 0x20, 0x20, 0x20,
    0x20, 0x20, 0x20, 0x20, 0x20, 0x20, 0x75, 0x69, 0x6e, 0x74, 0x20, 0x70,
    0x61, 0x72, 0x61, 0x6d, 0x5f, 0x31, 0x30, 0x20, 0x3d, 0x20, 0x6d, 0x65,
    0x74, 0x61, 0x20, 0x2b, 0x20, 0x31, 0x75, 0x3b, 0x0a, 0x20, 0x20, 0x20,
    0x20, 0x20, 0x20, 0x20, 0x20, 0x20, 0x20, 0x20, 0x20, 0x75, 0x69, 0x6e,
    0x74, 0x20, 0x70, 0x61, 0x72, 0x61, 0x6d, 0x5f, 0x31, 0x31, 0x20, 0x3d,
    0x20, 0x77, 0x6f, 0x72, 0x64, 0x28, 0x70, 0x61, 0x72, 0x61, 0x6d, 0x5f,
    0x31, 0x30, 0x2c, 0x20, 0x70, 0x61, 0x63, 0x6b, 0x65, 0x74, 0x29, 0x3b,
    0x0a, 0x20, 0x20, 0x20, 0x20, 0x20, 0x20, 0x20, 0x20, 0x20, 0x20, 0x20,
    0x20, 0x72, 0x65, 0x73, 0x75, 0x6c, 0x74, 0x20, 0x3d, 0x20, 0x61, 0x72,
    0x67, 0x62, 0x28, 0x70, 0x61, 0x72, 0x61, 0x6d, 0x5f, 0x31, 0x31, 0x29,
    0x3b, 0x0a, 0x20, 0x20, 0x20, 0x20, 0x20, 0x20, 0x20, 0x20, 0x7d, 0x0a,
    0x20, 0x20, 0x20, 0x20, 0x20, 0x20, 0x20, 0x20, 0x72, 0x65, 0x74, 0x75,
    0x72, 0x6e, 0x20, 0x72, 0x65, 0x73, 0x75, 0x6c, 0x74, 0x3b, 0x0a, 0x20,
    0x20, 0x20, 0x20, 0x7d, 0x0a, 0x20, 0x20, 0x20, 0x20, 0x75, 0x69, 0x6e,
    0x74, 0x20, 0x70, 0x61, 0x72, 0x61, 0x6d, 0x5f, 0x31, 0x32, 0x20, 0x3d,
    0x20, 0x6d, 0x65, 0x74, 0x61, 0x3b, 0x0a, 0x20, 0x20, 0x20, 0x20, 0x62,
    0x6f, 0x6f, 0x6c, 0x20, 0x5f, 0x33, 0x35, 0x31, 0x20, 0x3d, 0x20, 0x77,
    0x6f, 0x72, 0x64, 0x28, 0x70, 0x61, 0x72, 0x61, 0x6d, 0x5f, 0x31, 0x32,
    0x2c, 0x20, 0x70, 0x61, 0x63, 0x6b, 0x65, 0x74, 0x29, 0x20, 0x3d, 0x3d,
    0x20, 0x34, 0x75, 0x3b, 0x0a, 0x20, 0x20, 0x20, 0x20, 0x62, 0x6f, 0x6f,
    0x6c, 0x20, 0x5f, 0x33, 0x35, 0x39, 0x3b, 0x0a, 0x20, 0x20, 0x20, 0x20,
    0x69, 0x66, 0x20, 0x28, 0x5f, 0x33, 0x35, 0x31, 0x29, 0x0a, 0x20, 0x20,
    0x20, 0x20, 0x7b, 0x0a, 0x20, 0x20, 0x20, 0x20, 0x20, 0x20, 0x20, 0x20,
    0x75, 0x69, 0x6e, 0x74, 0x20, 0x70, 0x61, 0x72, 0x61, 0x6d, 0x5f, 0x31,
    0x33, 0x20, 0x3d, 0x20, 0x6d, 0x65, 0x74, 0x61, 0x20, 0x2b, 0x20, 0x35,
    0x75, 0x3b, 0x0a, 0x20, 0x20, 0x20, 0x20, 0x20, 0x20, 0x20, 0x20, 0x5f,
    0x33, 0x35, 0x39, 0x20, 0x3d, 0x20, 0x77, 0x6f, 0x72, 0x64, 0x28, 0x70,
    0x61, 0x72, 0x61, 0x6d, 0x5f, 0x31, 0x33, 0x2c, 0x20, 0x70, 0x61, 0x63,
    0x6b, 0x65, 0x74, 0x29, 0x20, 0x21, 0x3d, 0x20, 0x30, 0x75, 0x3b, 0x0a,
    0x20, 0x20, 0x20, 0x20, 0x7d, 0x0a, 0x20, 0x20, 0x20, 0x20, 0x65, 0x6c,
    0x73, 0x65, 0x0a, 0x20, 0x20, 0x20, 0x20, 0x7b, 0x0a, 0x20, 0x20, 0x20,
    0x20, 0x20, 0x20, 0x20, 0x20, 0x5f, 0x33, 0x35, 0x39, 0x20, 0x3d, 0x20,
    0x5f, 0x33, 0x35, 0x31, 0x3b, 0x0a, 0x20, 0x20, 0x20, 0x20, 0x7d, 0x0a,
    0x20, 0x20, 0x20, 0x20, 0x69, 0x66, 0x20, 0x28, 0x5f, 0x33, 0x35, 0x39,
    0x29, 0x0a, 0x20, 0x20, 0x20, 0x20, 0x7b, 0x0a, 0x20, 0x20, 0x20, 0x20,
    0x20, 0x20, 0x20, 0x20, 0x75, 0x69, 0x6e, 0x74, 0x20, 0x70, 0x61, 0x72,
    0x61, 0x6d, 0x5f, 0x31, 0x34, 0x20, 0x3d, 0x20, 0x6d, 0x65, 0x74, 0x61,
    0x20, 0x2b, 0x20, 0x35, 0x75, 0x3b, 0x0a, 0x20, 0x20, 0x20, 0x20, 0x20,
    0x20, 0x20, 0x20, 0x75, 0x69, 0x6e, 0x74, 0x20, 0x65, 0x64, 0x69, 0x74,
    0x20, 0x3d, 0x20, 0x28, 0x77, 0x6f, 0x72, 0x64, 0x28, 0x70, 0x61, 0x72,
    0x61, 0x6d, 0x5f, 0x31, 0x34, 0x2c, 0x20, 0x70, 0x61, 0x63, 0x6b, 0x65,
    0x74, 0x29, 0x20, 0x2b, 0x20, 0x28, 0x28, 0x70, 0x2e, 0x78, 0x20, 0x2f,
    0x20, 0x38, 0x75, 0x29, 0x20, 0x2a, 0x20, 0x39, 0x75, 0x29, 0x29, 0x20,
    0x2b, 0x20, 0x28, 0x62, 0x61, 0x6e, 0x64, 0x20, 0x2a, 0x20, 0x33, 0x75,
    0x29, 0x3b, 0x0a, 0x20, 0x20, 0x20, 0x20, 0x20, 0x20, 0x20, 0x20, 0x75,
    0x69, 0x6e, 0x74, 0x20, 0x70, 0x61, 0x72, 0x61, 0x6d, 0x5f, 0x31, 0x35,
    0x20, 0x3d, 0x20, 0x65, 0x64, 0x69, 0x74, 0x20, 0x2b, 0x20, 0x32, 0x75,
    0x3b, 0x0a, 0x20, 0x20, 0x20, 0x20, 0x20, 0x20, 0x20, 0x20, 0x69, 0x66,
    0x20, 0x28, 0x28, 0x77, 0x6f, 0x72, 0x64, 0x28, 0x70, 0x61, 0x72, 0x61,
    0x6d, 0x5f, 0x31, 0x35, 0x2c, 0x20, 0x70, 0x61, 0x63, 0x6b, 0x65, 0x74,
    0x29, 0x20, 0x26, 0x20, 0x28, 0x31, 0x75, 0x20, 0x3c, 0x3c, 0x20, 0x28,
    0x28, 0x70, 0x2e, 0x78, 0x20, 0x26, 0x20, 0x37, 0x75, 0x29, 0x20, 0x2b,
    0x20, 0x32, 0x34, 0x75, 0x29, 0x29, 0x29, 0x20, 0x21, 0x3d, 0x20, 0x30,
    0x75, 0x29, 0x0a, 0x20, 0x20, 0x20, 0x20, 0x20, 0x20, 0x20, 0x20, 0x7b,
    0x0a, 0x20, 0x20, 0x20, 0x20, 0x20, 0x20, 0x20, 0x20, 0x20, 0x20, 0x20,
    0x20, 0x75, 0x69, 0x6e, 0x74, 0x20, 0x70, 0x61, 0x72, 0x61, 0x6d, 0x5f,
    0x31, 0x36, 0x20, 0x3d, 0x20, 0x65, 0x64, 0x69, 0x74, 0x3b, 0x0a, 0x20,
    0x20, 0x20, 0x20, 0x20, 0x20, 0x20, 0x20, 0x20, 0x20, 0x20, 0x20, 0x75,
    0x69, 0x6e, 0x74, 0x20, 0x70, 0x61, 0x72, 0x61, 0x6d, 0x5f, 0x31, 0x37,
    0x20, 0x3d, 0x20, 0x6d, 0x65, 0x74, 0x61, 0x3b, 0x0a, 0x20, 0x20, 0x20,
    0x20, 0x20, 0x20, 0x20, 0x20, 0x20, 0x20, 0x20, 0x20, 0x75, 0x69, 0x6e,
    0x74, 0x20, 0x70, 0x61, 0x72, 0x61, 0x6d, 0x5f, 0x31, 0x38, 0x20, 0x3d,
    0x20, 0x63, 0x6f, 0x6c, 0x6f, 0x72, 0x73, 0x3b, 0x0a, 0x20, 0x20, 0x20,
    0x20, 0x20, 0x20, 0x20, 0x20, 0x20, 0x20, 0x20, 0x20, 0x75, 0x69, 0x6e,
    0x74, 0x20, 0x70, 0x61, 0x72, 0x61, 0x6d, 0x5f, 0x31, 0x39, 0x20, 0x3d,
    0x20, 0x62, 0x61, 0x6e, 0x64, 0x3b, 0x0a, 0x20, 0x20, 0x20, 0x20, 0x20,
    0x20, 0x20, 0x20, 0x20, 0x20, 0x20, 0x20, 0x75, 0x69, 0x6e, 0x74, 0x20,
    0x70, 0x61, 0x72, 0x61, 0x6d, 0x5f, 0x32, 0x30, 0x20, 0x3d, 0x20, 0x70,
    0x2e, 0x78, 0x3b, 0x0a, 0x20, 0x20, 0x20, 0x20, 0x20, 0x20, 0x20, 0x20,
    0x20, 0x20, 0x20, 0x20, 0x72, 0x65, 0x73, 0x75, 0x6c, 0x74, 0x20, 0x3d,
    0x20, 0x63, 0x65, 0x6c, 0x6c, 0x43, 0x6f, 0x6c, 0x6f, 0x72, 0x28, 0x70,
    0x61, 0x72, 0x61, 0x6d, 0x5f, 0x31, 0x36, 0x2c, 0x20, 0x70, 0x61, 0x72,
    0x61, 0x6d, 0x5f, 0x31, 0x37, 0x2c, 0x20, 0x70, 0x61, 0x72, 0x61, 0x6d,
    0x5f, 0x31, 0x38, 0x2c, 0x20, 0x70, 0x61, 0x72, 0x61, 0x6d, 0x5f, 0x31,
    0x39, 0x2c, 0x20, 0x70, 0x61, 0x72, 0x61, 0x6d, 0x5f, 0x32, 0x30, 0x2c,
    0x20, 0x70, 0x61, 0x63, 0x6b, 0x65, 0x74, 0x29, 0x3b, 0x0a, 0x20, 0x20,
    0x20, 0x20, 0x20, 0x20, 0x20, 0x20, 0x20, 0x20, 0x20, 0x20, 0x72, 0x65,
    0x74, 0x75, 0x72, 0x6e, 0x20, 0x72, 0x65, 0x73, 0x75, 0x6c, 0x74, 0x3b,
    0x0a, 0x20, 0x20, 0x20, 0x20, 0x20, 0x20, 0x20, 0x20, 0x7d, 0x0a, 0x20,
    0x20, 0x20, 0x20, 0x7d, 0x0a, 0x20, 0x20, 0x20, 0x20, 0x75, 0x69, 0x6e,
    0x74, 0x20, 0x70, 0x61, 0x72, 0x61, 0x6d, 0x5f, 0x32, 0x31, 0x20, 0x3d,
    0x20, 0x6d, 0x65, 0x74, 0x61, 0x3b, 0x0a, 0x20, 0x20, 0x20, 0x20, 0x69,
    0x66, 0x20, 0x28, 0x77, 0x6f, 0x72, 0x64, 0x28, 0x70, 0x61, 0x72, 0x61,
    0x6d, 0x5f, 0x32, 0x31, 0x2c, 0x20, 0x70, 0x61, 0x63, 0x6b, 0x65, 0x74,
    0x29, 0x20, 0x3e, 0x3d, 0x20, 0x33, 0x75, 0x29, 0x0a, 0x20, 0x20, 0x20,
    0x20, 0x7b, 0x0a, 0x20, 0x20, 0x20, 0x20, 0x20, 0x20, 0x20, 0x20, 0x75,
    0x69, 0x6e, 0x74, 0x20, 0x70, 0x61, 0x72, 0x61, 0x6d, 0x5f, 0x32, 0x32,
    0x20, 0x3d, 0x20, 0x6d, 0x65, 0x74, 0x61, 0x20, 0x2b, 0x20, 0x34, 0x75,
    0x3b, 0x0a, 0x20, 0x20, 0x20, 0x20, 0x20, 0x20, 0x20, 0x20, 0x75, 0x69,
    0x6e, 0x74, 0x20, 0x63, 0x6f, 0x6c, 0x75, 0x6d, 0x6e, 0x20, 0x3d, 0x20,
    0x70, 0x2e, 0x78, 0x20, 0x2b, 0x20, 0x77, 0x6f, 0x72, 0x64, 0x28, 0x70,
    0x61, 0x72, 0x61, 0x6d, 0x5f, 0x32, 0x32, 0x2c, 0x20, 0x70, 0x61, 0x63,
    0x6b, 0x65, 0x74, 0x29, 0x3b, 0x0a, 0x20, 0x20, 0x20, 0x20, 0x20, 0x20,
    0x20, 0x20, 0x75, 0x69, 0x6e, 0x74, 0x20, 0x66, 0x69, 0x6e, 0x65, 0x20,
    0x3d, 0x20, 0x63, 0x6f, 0x6c, 0x75, 0x6d, 0x6e, 0x20, 0x26, 0x20, 0x37,
    0x75, 0x3b, 0x0a, 0x20, 0x20, 0x20, 0x20, 0x20, 0x20, 0x20, 0x20, 0x75,
    0x69, 0x6e, 0x74, 0x20, 0x74, 0x69, 0x6c, 0x65, 0x20, 0x3d, 0x20, 0x70,
    0x69, 0x78, 0x65, 0x6c, 0x73, 0x20, 0x2b, 0x20, 0x28, 0x28, 0x63, 0x6f,
    0x6c, 0x75, 0x6d, 0x6e, 0x20, 0x2f, 0x20, 0x38, 0x75, 0x29, 0x20, 0x2a,
    0x20, 0x32, 0x75, 0x29, 0x3b, 0x0a, 0x20, 0x20, 0x20, 0x20, 0x20, 0x20,
    0x20, 0x20, 0x75, 0x69, 0x6e, 0x74, 0x20, 0x70, 0x61, 0x72, 0x61, 0x6d,
    0x5f, 0x32, 0x33, 0x20, 0x3d, 0x20, 0x74, 0x69, 0x6c, 0x65, 0x20, 0x2b,
    0x20, 0x31, 0x75, 0x3b, 0x0a, 0x20, 0x20, 0x20, 0x20, 0x20, 0x20, 0x20,
    0x20, 0x75, 0x69, 0x6e, 0x74, 0x20, 0x69, 0x6e, 0x66, 0x6f, 0x20, 0x3d,
    0x20, 0x77, 0x6f, 0x72, 0x64, 0x28, 0x70, 0x61, 0x72, 0x61, 0x6d, 0x5f,
    0x32, 0x33, 0x2c, 0x20, 0x70, 0x61, 0x63, 0x6b, 0x65, 0x74, 0x29, 0x3b,
    0x0a, 0x20, 0x20, 0x20, 0x20, 0x20, 0x20, 0x20, 0x20, 0x75, 0x69, 0x6e,
    0x74, 0x20, 0x5f, 0x34, 0x33, 0x36, 0x3b, 0x0a, 0x20, 0x20, 0x20, 0x20,
    0x20, 0x20, 0x20, 0x20, 0x69, 0x66, 0x20, 0x28, 0x28, 0x69, 0x6e, 0x66,
    0x6f, 0x20, 0x26, 0x20, 0x33, 0x32, 0x75, 0x29, 0x20, 0x21, 0x3d, 0x20,
    0x30, 0x75, 0x29, 0x0a, 0x20, 0x20, 0x20, 0x20, 0x20, 0x20, 0x20, 0x20,
    0x7b, 0x0a, 0x20, 0x20, 0x20, 0x20, 0x20, 0x20, 0x20, 0x20, 0x20, 0x20,
    0x20, 0x20, 0x5f, 0x34, 0x33, 0x36, 0x20, 0x3d, 0x20, 0x66, 0x69, 0x6e,
    0x65, 0x3b, 0x0a, 0x20, 0x20, 0x20, 0x20, 0x20, 0x20, 0x20, 0x20, 0x7d,
    0x0a, 0x20, 0x20, 0x20, 0x20, 0x20, 0x20, 0x20, 0x20, 0x65, 0x6c, 0x73,
    0x65, 0x0a, 0x20, 0x20, 0x20, 0x20, 0x20, 0x20, 0x20, 0x20, 0x7b, 0x0a,
    0x20, 0x20, 0x20, 0x20, 0x20, 0x20, 0x20, 0x20, 0x20, 0x20, 0x20, 0x20,
    0x5f, 0x34, 0x33, 0x36, 0x20, 0x3d, 0x20, 0x37, 0x75, 0x20, 0x2d, 0x20,
    0x66, 0x69, 0x6e, 0x65, 0x3b, 0x0a, 0x20, 0x20, 0x20, 0x20, 0x20, 0x20,
    0x20, 0x20, 0x7d, 0x0a, 0x20, 0x20, 0x20, 0x20, 0x20, 0x20, 0x20, 0x20,
    0x75, 0x69, 0x6e, 0x74, 0x20, 0x62, 0x69, 0x74, 0x20, 0x3d, 0x20, 0x5f,
    0x34, 0x33, 0x36, 0x3b, 0x0a, 0x20, 0x20, 0x20, 0x20, 0x20, 0x20, 0x20,
    0x20, 0x75, 0x69, 0x6e, 0x74, 0x20, 0x70, 0x61, 0x72, 0x61, 0x6d, 0x5f,
    0x32, 0x34, 0x20, 0x3d, 0x20, 0x74, 0x69, 0x6c, 0x65, 0x3b, 0x0a, 0x20,
    0x20, 0x20, 0x20, 0x20, 0x20, 0x20, 0x20, 0x75, 0x69, 0x6e, 0x74, 0x20,
    0x72, 0x61, 0x77, 0x20, 0x3d, 0x20, 0x77, 0x6f, 0x72, 0x64, 0x28, 0x70,
    0x61, 0x72, 0x61, 0x6d, 0x5f, 0x32, 0x34, 0x2c, 0x20, 0x70, 0x61, 0x63,
    0x6b, 0x65, 0x74, 0x29, 0x20, 0x3e, 0x3e, 0x20, 0x62, 0x69, 0x74, 0x3b,
    0x0a, 0x20, 0x20, 0x20, 0x20, 0x20, 0x20, 0x20, 0x20, 0x75, 0x69, 0x6e,
    0x74, 0x20, 0x76, 0x61, 0x6c, 0x75, 0x65, 0x20, 0x3d, 0x20, 0x28, 0x28,
    0x28, 0x72, 0x61, 0x77, 0x20, 0x26, 0x20, 0x31, 0x75, 0x29, 0x20, 0x7c,
    0x20, 0x28, 0x28, 0x72, 0x61, 0x77, 0x20, 0x3e, 0x3e, 0x20, 0x37, 0x75,
    0x29, 0x20, 0x26, 0x20, 0x32, 0x75, 0x29, 0x29, 0x20, 0x7c, 0x20, 0x28,
    0x28, 0x72, 0x61, 0x77, 0x20, 0x3e, 0x3e, 0x20, 0x31, 0x34, 0x75, 0x29,
    0x20, 0x26, 0x20, 0x34, 0x75, 0x29, 0x29, 0x20, 0x7c, 0x20, 0x28, 0x28,
    0x72, 0x61, 0x77, 0x20, 0x3e, 0x3e, 0x20, 0x32, 0x31, 0x75, 0x29, 0x20,
    0x26, 0x20, 0x38, 0x75, 0x29, 0x3b, 0x0a, 0x20, 0x20, 0x20, 0x20, 0x20,
    0x20, 0x20, 0x20, 0x62, 0x6f, 0x6f, 0x6c, 0x20, 0x5f, 0x34, 0x36, 0x39,
    0x20, 0x3d, 0x20, 0x28, 0x28, 0x69, 0x6e, 0x66, 0x6f, 0x20, 0x3e, 0x3e,
    0x20, 0x33, 0x75, 0x29, 0x20, 0x26, 0x20, 0x33, 0x75, 0x29, 0x20, 0x3d,
    0x3d, 0x20, 0x62, 0x61, 0x6e, 0x64, 0x3b, 0x0a, 0x20, 0x20, 0x20, 0x20,
    0x20, 0x20, 0x20, 0x20, 0x62, 0x6f, 0x6f, 0x6c, 0x20, 0x5f, 0x34, 0x37,
    0x38, 0x3b, 0x0a, 0x20, 0x20, 0x20, 0x20, 0x20, 0x20, 0x20, 0x20, 0x69,
    0x66, 0x20, 0x28, 0x5f, 0x34, 0x36, 0x39, 0x29, 0x0a, 0x20, 0x20, 0x20,
    0x20, 0x20, 0x20, 0x20, 0x20, 0x7b, 0x0a, 0x20, 0x20, 0x20, 0x20, 0x20,
    0x20, 0x20, 0x20, 0x20, 0x20, 0x20, 0x20, 0x5f, 0x34, 0x37, 0x38, 0x20,
    0x3d, 0x20, 0x28, 0x69, 0x6e, 0x66, 0x6f, 0x20, 0x26, 0x20, 0x28, 0x31,
    0x75, 0x20, 0x3c, 0x3c, 0x20, 0x28, 0x66, 0x69, 0x6e, 0x65, 0x20, 0x2b,
    0x20, 0x38, 0x75, 0x29, 0x29, 0x29, 0x20, 0x21, 0x3d, 0x20, 0x30, 0x75,
    0x3b, 0x0a, 0x20, 0x20, 0x20, 0x20, 0x20, 0x20, 0x20, 0x20, 0x7d, 0x0a,
    0x20, 0x20, 0x20, 0x20, 0x20, 0x20, 0x20, 0x20, 0x65, 0x6c, 0x73, 0x65,
    0x0a, 0x20, 0x20, 0x20, 0x20, 0x20, 0x20, 0x20, 0x20, 0x7b, 0x0a, 0x20,
    0x20, 0x20, 0x20, 0x20, 0x20, 0x20, 0x20, 0x20, 0x20, 0x20, 0x20, 0x5f,
    0x34, 0x37, 0x38, 0x20, 0x3d, 0x20, 0x5f, 0x34, 0x36, 0x39, 0x3b, 0x0a,
    0x20, 0x20, 0x20, 0x20, 0x20, 0x20, 0x20, 0x20, 0x7d, 0x0a, 0x20, 0x20,
    0x20, 0x20, 0x20, 0x20, 0x20, 0x20, 0x69, 0x66, 0x20, 0x28, 0x5f, 0x34,
    0x37, 0x38, 0x20, 0x26, 0x26, 0x20, 0x28, 0x76, 0x61, 0x6c, 0x75, 0x65,
    0x20, 0x21, 0x3d, 0x20, 0x30, 0x75, 0x29, 0x29, 0x0a, 0x20, 0x20, 0x20,
    0x20, 0x20, 0x20, 0x20, 0x20, 0x7b, 0x0a, 0x20, 0x20, 0x20, 0x20, 0x20,
    0x20, 0x20, 0x20, 0x20, 0x20, 0x20, 0x20, 0x75, 0x69, 0x6e, 0x74, 0x20,
    0x70, 0x61, 0x72, 0x61, 0x6d, 0x5f, 0x32, 0x35, 0x20, 0x3d, 0x20, 0x28,
    0x63, 0x6f, 0x6c, 0x6f, 0x72, 0x73, 0x20, 0x2b, 0x20, 0x28, 0x28, 0x69,
    0x6e, 0x66, 0x6f, 0x20, 0x26, 0x20, 0x37, 0x75, 0x29, 0x20, 0x2a, 0x20,
    0x31, 0x36, 0x75, 0x29, 0x29, 0x20, 0x2b, 0x20, 0x76, 0x61, 0x6c, 0x75,
    0x65, 0x3b, 0x0a, 0x20, 0x20, 0x20, 0x20, 0x20, 0x20, 0x20, 0x20, 0x20,
    0x20, 0x20, 0x20, 0x75, 0x69, 0x6e, 0x74, 0x20, 0x70, 0x61, 0x72, 0x61,
    0x6d, 0x5f, 0x32, 0x36, 0x20, 0x3d, 0x20, 0x77, 0x6f, 0x72, 0x64, 0x28,
    0x70, 0x61, 0x72, 0x61, 0x6d, 0x5f, 0x32, 0x35, 0x2c, 0x20, 0x70, 0x61,
    0x63, 0x6b, 0x65, 0x74, 0x29, 0x3b, 0x0a, 0x20, 0x20, 0x20, 0x20, 0x20,
    0x20, 0x20, 0x20, 0x20, 0x20, 0x20, 0x20, 0x72, 0x65, 0x73, 0x75, 0x6c,
    0x74, 0x20, 0x3d, 0x20, 0x61, 0x72, 0x67, 0x62, 0x28, 0x70, 0x61, 0x72,
    0x61, 0x6d, 0x5f, 0x32, 0x36, 0x29, 0x3b, 0x0a, 0x20, 0x20, 0x20, 0x20,
    0x20, 0x20, 0x20, 0x20, 0x7d, 0x0a, 0x20, 0x20, 0x20, 0x20, 0x20, 0x20,
    0x20, 0x20, 0x65, 0x6c, 0x73, 0x65, 0x0a, 0x20, 0x20, 0x20, 0x20, 0x20,
    0x20, 0x20, 0x20, 0x7b, 0x0a, 0x20, 0x20, 0x20, 0x20, 0x20, 0x20, 0x20,
    0x20, 0x20, 0x20, 0x20, 0x20, 0x62, 0x6f, 0x6f, 0x6c, 0x20, 0x5f, 0x34,
    0x39, 0x37, 0x20, 0x3d, 0x20, 0x62, 0x61, 0x6e, 0x64, 0x20, 0x3d, 0x3d,
    0x20, 0x30, 0x75, 0x3b, 0x0a, 0x20, 0x20, 0x20, 0x20, 0x20, 0x20, 0x20,
    0x20, 0x20, 0x20, 0x20, 0x20, 0x62, 0x6f, 0x6f, 0x6c, 0x20, 0x5f, 0x35,
    0x30, 0x37, 0x3b, 0x0a, 0x20, 0x20, 0x20, 0x20, 0x20, 0x20, 0x20, 0x20,
    0x20, 0x20, 0x20, 0x20, 0x69, 0x66, 0x20, 0x28, 0x5f, 0x34, 0x39, 0x37,
    0x29, 0x0a, 0x20, 0x20, 0x20, 0x20, 0x20, 0x20, 0x20, 0x20, 0x20, 0x20,
    0x20, 0x20, 0x7b, 0x0a, 0x20, 0x20, 0x20, 0x20, 0x20, 0x20, 0x20, 0x20,
    0x20, 0x20, 0x20, 0x20, 0x20, 0x20, 0x20, 0x20, 0x75, 0x69, 0x6e, 0x74,
    0x20, 0x70, 0x61, 0x72, 0x61, 0x6d, 0x5f, 0x32, 0x37, 0x20, 0x3d, 0x20,
    0x6d, 0x65, 0x74, 0x61, 0x20, 0x2b, 0x20, 0x32, 0x75, 0x3b, 0x0a, 0x20,
    0x20, 0x20, 0x20, 0x20, 0x20, 0x20, 0x20, 0x20, 0x20, 0x20, 0x20, 0x20,
    0x20, 0x20, 0x20, 0x5f, 0x35, 0x30, 0x37, 0x20, 0x3d, 0x20, 0x70, 0x2e,
    0x78, 0x20, 0x3e, 0x3d, 0x20, 0x77, 0x6f, 0x72, 0x64, 0x28, 0x70, 0x61,
    0x72, 0x61, 0x6d, 0x5f, 0x32, 0x37, 0x2c, 0x20, 0x70, 0x61, 0x63, 0x6b,
    0x65, 0x74, 0x29, 0x3b, 0x0a, 0x20, 0x20, 0x20, 0x20, 0x20, 0x20, 0x20,
    0x20, 0x20, 0x20, 0x20, 0x20, 0x7d, 0x0a, 0x20, 0x20, 0x20, 0x20, 0x20,
    0x20, 0x20, 0x20, 0x20, 0x20, 0x20, 0x20, 0x65, 0x6c, 0x73, 0x65, 0x0a,
    0x20, 0x20, 0x20, 0x20, 0x20, 0x20, 0x20, 0x20, 0x20, 0x20, 0x20, 0x20,
    0x7b, 0x0a, 0x20, 0x20, 0x20, 0x20, 0x20, 0x20, 0x20, 0x20, 0x20, 0x20,
    0x20, 0x20, 0x20, 0x20, 0x20, 0x20, 0x5f, 0x35, 0x30, 0x37, 0x20, 0x3d,
    0x20, 0x5f, 0x34, 0x39, 0x37, 0x3b, 0x0a, 0x20, 0x20, 0x20, 0x20, 0x20,
    0x20, 0x20, 0x20, 0x20, 0x20, 0x20, 0x20, 0x7d, 0x0a, 0x20, 0x20, 0x20,
    0x20, 0x20, 0x20, 0x20, 0x20, 0x20, 0x20, 0x20, 0x20, 0x62, 0x6f, 0x6f,
    0x6c, 0x20, 0x5f, 0x35, 0x31, 0x37, 0x3b, 0x0a, 0x20, 0x20, 0x20, 0x20,
    0x20, 0x20, 0x20, 0x20, 0x20, 0x20, 0x20, 0x20, 0x69, 0x66, 0x20, 0x28,
    0x5f, 0x35, 0x30, 0x37, 0x29, 0x0a, 0x20, 0x20, 0x20, 0x20, 0x20, 0x20,
    0x20, 0x20, 0x20, 0x20, 0x20, 0x20, 0x7b, 0x0a, 0x20, 0x20, 0x20, 0x20,
    0x20, 0x20, 0x20, 0x20, 0x20, 0x20, 0x20, 0x20, 0x20, 0x20, 0x20, 0x20,
    0x75, 0x69, 0x6e, 0x74, 0x20, 0x70, 0x61, 0x72, 0x61, 0x6d, 0x5f, 0x32,
    0x38, 0x20, 0x3d, 0x20, 0x6d, 0x65, 0x74, 0x61, 0x20, 0x2b, 0x20, 0x33,
    0x75, 0x3b, 0x0a, 0x20, 0x20, 0x20, 0x20, 0x20, 0x20, 0x20, 0x20, 0x20,
    0x20, 0x20, 0x20, 0x20, 0x20, 0x20, 0x20, 0x5f, 0x35, 0x31, 0x37, 0x20,
    0x3d, 0x20, 0x70, 0x2e, 0x78, 0x20, 0x3c, 0x20, 0x77, 0x6f, 0x72, 0x64,
    0x28, 0x70, 0x61, 0x72, 0x61, 0x6d, 0x5f, 0x32, 0x38, 0x2c, 0x20, 0x70,
    0x61, 0x63, 0x6b, 0x65, 0x74, 0x29, 0x3b, 0x0a, 0x20, 0x20, 0x20, 0x20,
    0x20, 0x20, 0x20, 0x20, 0x20, 0x20, 0x20, 0x20, 0x7d, 0x0a, 0x20, 0x20,
    0x20, 0x20, 0x20, 0x20, 0x20, 0x20, 0x20, 0x20, 0x20, 0x20, 0x65, 0x6c,
    0x73, 0x65, 0x0a, 0x20, 0x20, 0x20, 0x20, 0x20, 0x20, 0x20, 0x20, 0x20,
    0x20, 0x20, 0x20, 0x7b, 0x0a, 0x20, 0x20, 0x20, 0x20, 0x20, 0x20, 0x20,
    0x20, 0x20, 0x20, 0x20, 0x20, 0x20, 0x20, 0x20, 0x20, 0x5f, 0x35, 0x31,
    0x37, 0x20, 0x3d, 0x20, 0x5f, 0x35, 0x30, 0x37, 0x3b, 0x0a, 0x20, 0x20,
    0x20, 0x20, 0x20, 0x20, 0x20, 0x20, 0x20, 0x20, 0x20, 0x20, 0x7d, 0x0a,
    0x20, 0x20, 0x20, 0x20, 0x20, 0x20, 0x20, 0x20, 0x20, 0x20, 0x20, 0x20,
    0x69, 0x66, 0x20, 0x28, 0x5f, 0x35, 0x31, 0x37, 0x29, 0x0a, 0x20, 0x20,
    0x20, 0x20, 0x20, 0x20, 0x20, 0x20, 0x20, 0x20, 0x20, 0x20, 0x7b, 0x0a,
    0x20, 0x20, 0x20, 0x20, 0x20, 0x20, 0x20, 0x20, 0x20, 0x20, 0x20, 0x20,
    0x20, 0x20, 0x20, 0x20, 0x75, 0x69, 0x6e, 0x74, 0x20, 0x70, 0x61, 0x72,
    0x61, 0x6d, 0x5f, 0x32, 0x39, 0x20, 0x3d, 0x20, 0x6d, 0x65, 0x74, 0x61,
    0x20, 0x2b, 0x20, 0x31, 0x75, 0x3b, 0x0a, 0x20, 0x20, 0x20, 0x20, 0x20,
    0x20, 0x20, 0x20, 0x20, 0x20, 0x20, 0x20, 0x20, 0x20, 0x20, 0x20, 0x75,
    0x69, 0x6e, 0x74, 0x20, 0x70, 0x61, 0x72, 0x61, 0x6d, 0x5f, 0x33, 0x30,
    0x20, 0x3d, 0x20, 0x77, 0x6f, 0x72, 0x64, 0x28, 0x70, 0x61, 0x72, 0x61,
    0x6d, 0x5f, 0x32, 0x39, 0x2c, 0x20, 0x70, 0x61, 0x63, 0x6b, 0x65, 0x74,
    0x29, 0x3b, 0x0a, 0x20, 0x20, 0x20, 0x20, 0x20, 0x20, 0x20, 0x20, 0x20,
    0x20, 0x20, 0x20, 0x20, 0x20, 0x20, 0x20, 0x72, 0x65, 0x73, 0x75, 0x6c,
    0x74, 0x20, 0x3d, 0x20, 0x61, 0x72, 0x67, 0x62, 0x28, 0x70, 0x61, 0x72,
    0x61, 0x6d, 0x5f, 0x33, 0x30, 0x29, 0x3b, 0x0a, 0x20, 0x20, 0x20, 0x20,
    0x20, 0x20, 0x20, 0x20, 0x20, 0x20, 0x20, 0x20, 0x7d, 0x0a, 0x20, 0x20,
    0x20, 0x20, 0x20, 0x20, 0x20, 0x20, 0x7d, 0x0a, 0x20, 0x20, 0x20, 0x20,
    0x20, 0x20, 0x20, 0x20, 0x72, 0x65, 0x74, 0x75, 0x72, 0x6e, 0x20, 0x72,
    0x65, 0x73, 0x75, 0x6c, 0x74, 0x3b, 0x0a, 0x20, 0x20, 0x20, 0x20, 0x7d,
    0x0a, 0x20, 0x20, 0x20, 0x20, 0x75, 0x69, 0x6e, 0x74, 0x20, 0x70, 0x61,
    0x72, 0x61, 0x6d, 0x5f, 0x33, 0x31, 0x20, 0x3d, 0x20, 0x6d, 0x65, 0x74,
    0x61, 0x3b, 0x0a, 0x20, 0x20, 0x20, 0x20, 0x69, 0x66, 0x20, 0x28, 0x77,
    0x6f, 0x72, 0x64, 0x28, 0x70, 0x61, 0x72, 0x61, 0x6d, 0x5f, 0x33, 0x31,
    0x2c, 0x20, 0x70, 0x61, 0x63, 0x6b, 0x65, 0x74, 0x29, 0x20, 0x3d, 0x3d,
    0x20, 0x32, 0x75, 0x29, 0x0a, 0x20, 0x20, 0x20, 0x20, 0x7b, 0x0a, 0x20,
    0x20, 0x20, 0x20, 0x20, 0x20, 0x20, 0x20, 0x75, 0x69, 0x6e, 0x74, 0x20,
    0x63, 0x65, 0x6c, 0x6c, 0x20, 0x3d, 0x20, 0x28, 0x70, 0x69, 0x78, 0x65,
    0x6c, 0x73, 0x20, 0x2b, 0x20, 0x28, 0x28, 0x70, 0x2e, 0x78, 0x20, 0x2f,
    0x20, 0x38, 0x75, 0x29, 0x20, 0x2a, 0x20, 0x28, 0x28, 0x73, 0x6f, 0x75,
    0x72, 0x63, 0x65, 0x20, 0x3d, 0x3d, 0x20, 0x32, 0x75, 0x29, 0x20, 0x3f,
    0x20, 0x33, 0x75, 0x20, 0x3a, 0x20, 0x39, 0x75, 0x29, 0x29, 0x29, 0x20,
    0x2b, 0x20, 0x28, 0x62, 0x61, 0x6e, 0x64, 0x20, 0x2a, 0x20, 0x33, 0x75,
    0x29, 0x3b, 0x0a, 0x20, 0x20, 0x20, 0x20, 0x20, 0x20, 0x20, 0x20, 0x75,
    0x69, 0x6e, 0x74, 0x20, 0x70, 0x61, 0x72, 0x61, 0x6d, 0x5f, 0x33, 0x32,
    0x20, 0x3d, 0x20, 0x63, 0x65, 0x6c, 0x6c, 0x3b, 0x0a, 0x20, 0x20, 0x20,
    0x20, 0x20, 0x20, 0x20, 0x20, 0x75, 0x69, 0x6e, 0x74, 0x20, 0x70, 0x61,
    0x72, 0x61, 0x6d, 0x5f, 0x33, 0x33, 0x20, 0x3d, 0x20, 0x6d, 0x65, 0x74,
    0x61, 0x3b, 0x0a, 0x20, 0x20, 0x20, 0x20, 0x20, 0x20, 0x20, 0x20, 0x75,
    0x69, 0x6e, 0x74, 0x20, 0x70, 0x61, 0x72, 0x61, 0x6d, 0x5f, 0x33, 0x34,
    0x20, 0x3d, 0x20, 0x63, 0x6f, 0x6c, 0x6f, 0x72, 0x73, 0x3b, 0x0a, 0x20,
    0x20, 0x20, 0x20, 0x20, 0x20, 0x20, 0x20, 0x75, 0x69, 0x6e, 0x74, 0x20,
    0x70, 0x61, 0x72, 0x61, 0x6d, 0x5f, 0x33, 0x35, 0x20, 0x3d, 0x20, 0x62,
    0x61, 0x6e, 0x64, 0x3b, 0x0a, 0x20, 0x20, 0x20, 0x20, 0x20, 0x20, 0x20,
    0x20, 0x75, 0x69, 0x6e, 0x74, 0x20, 0x70, 0x61, 0x72, 0x61, 0x6d, 0x5f,
    0x33, 0x36, 0x20, 0x3d, 0x20, 0x70, 0x2e, 0x78, 0x3b, 0x0a, 0x20, 0x20,
    0x20, 0x20, 0x20, 0x20, 0x20, 0x20, 0x72, 0x65, 0x73, 0x75, 0x6c, 0x74,
    0x20, 0x3d, 0x20, 0x63, 0x65, 0x6c, 0x6c, 0x43, 0x6f, 0x6c, 0x6f, 0x72,
    0x28, 0x70, 0x61, 0x72, 0x61, 0x6d, 0x5f, 0x33, 0x32, 0x2c, 0x20, 0x70,
    0x61, 0x72, 0x61, 0x6d, 0x5f, 0x33, 0x33, 0x2c, 0x20, 0x70, 0x61, 0x72,
    0x61, 0x6d, 0x5f, 0x33, 0x34, 0x2c, 0x20, 0x70, 0x61, 0x72, 0x61, 0x6d,
    0x5f, 0x33, 0x35, 0x2c, 0x20, 0x70, 0x61, 0x72, 0x61, 0x6d, 0x5f, 0x33,
    0x36, 0x2c, 0x20, 0x70, 0x61, 0x63, 0x6b, 0x65, 0x74, 0x29, 0x3b, 0x0a,
    0x20, 0x20, 0x20, 0x20, 0x20, 0x20, 0x20, 0x20, 0x72, 0x65, 0x74, 0x75,
    0x72, 0x6e, 0x20, 0x72, 0x65, 0x73, 0x75, 0x6c, 0x74, 0x3b, 0x0a, 0x20,
    0x20, 0x20, 0x20, 0x7d, 0x0a, 0x20, 0x20, 0x20, 0x20, 0x75, 0x69, 0x6e,
    0x74, 0x20, 0x70, 0x61, 0x72, 0x61, 0x6d, 0x5f, 0x33, 0x37, 0x20, 0x3d,
    0x20, 0x70, 0x69, 0x78, 0x65, 0x6c, 0x73, 0x20, 0x2b, 0x20, 0x70, 0x2e,
    0x78, 0x3b, 0x0a, 0x20, 0x20, 0x20, 0x20, 0x75, 0x69, 0x6e, 0x74, 0x20,
    0x76, 0x61, 0x6c, 0x75, 0x65, 0x5f, 0x31, 0x20, 0x3d, 0x20, 0x77, 0x6f,
    0x72, 0x64, 0x28, 0x70, 0x61, 0x72, 0x61, 0x6d, 0x5f, 0x33, 0x37, 0x2c,
    0x20, 0x70, 0x61, 0x63, 0x6b, 0x65, 0x74, 0x29, 0x3b, 0x0a, 0x20, 0x20,
    0x20, 0x20, 0x75, 0x69, 0x6e, 0x74, 0x20, 0x63, 0x6f, 0x64, 0x65, 0x20,
    0x3d, 0x20, 0x28, 0x76, 0x61, 0x6c, 0x75, 0x65, 0x5f, 0x31, 0x20, 0x3e,
    0x3e, 0x20, 0x28, 0x62, 0x61, 0x6e, 0x64, 0x20, 0x2a, 0x20, 0x39, 0x75,
    0x29, 0x29, 0x20, 0x26, 0x20, 0x35, 0x31, 0x31, 0x75, 0x3b, 0x0a, 0x20,
    0x20, 0x20, 0x20, 0x69, 0x66, 0x20, 0x28, 0x63, 0x6f, 0x64, 0x65, 0x20,
    0x3d, 0x3d, 0x20, 0x32, 0x35, 0x37, 0x75, 0x29, 0x0a, 0x20, 0x20, 0x20,
    0x20, 0x7b, 0x0a, 0x20, 0x20, 0x20, 0x20, 0x20, 0x20, 0x20, 0x20, 0x72,
    0x65, 0x73, 0x75, 0x6c, 0x74, 0x20, 0x3d, 0x20, 0x66, 0x6c, 0x6f, 0x61,
    0x74, 0x34, 0x28, 0x30, 0x2e, 0x30, 0x2c, 0x20, 0x30, 0x2e, 0x30, 0x2c,
    0x20, 0x30, 0x2e, 0x30, 0x2c, 0x20, 0x31, 0x2e, 0x30, 0x29, 0x3b, 0x0a,
    0x20, 0x20, 0x20, 0x20, 0x7d, 0x0a, 0x20, 0x20, 0x20, 0x20, 0x65, 0x6c,
    0x73, 0x65, 0x0a, 0x20, 0x20, 0x20, 0x20, 0x7b, 0x0a, 0x20, 0x20, 0x20,
    0x20, 0x20, 0x20, 0x20, 0x20, 0x69, 0x66, 0x20, 0x28, 0x63, 0x6f, 0x64,
    0x65, 0x20, 0x3d, 0x3d, 0x20, 0x32, 0x35, 0x38, 0x75, 0x29, 0x0a, 0x20,
    0x20, 0x20, 0x20, 0x20, 0x20, 0x20, 0x20, 0x7b, 0x0a, 0x20, 0x20, 0x20,
    0x20, 0x20, 0x20, 0x20, 0x20, 0x20, 0x20, 0x20, 0x20, 0x75, 0x69, 0x6e,
    0x74, 0x20, 0x70, 0x61, 0x72, 0x61, 0x6d, 0x5f, 0x33, 0x38, 0x20, 0x3d,
    0x20, 0x6d, 0x65, 0x74, 0x61, 0x20, 0x2b, 0x20, 0x31, 0x75, 0x3b, 0x0a,
    0x20, 0x20, 0x20, 0x20, 0x20, 0x20, 0x20, 0x20, 0x20, 0x20, 0x20, 0x20,
    0x75, 0x69, 0x6e, 0x74, 0x20, 0x70, 0x61, 0x72, 0x61, 0x6d, 0x5f, 0x33,
    0x39, 0x20, 0x3d, 0x20, 0x77, 0x6f, 0x72, 0x64, 0x28, 0x70, 0x61, 0x72,
    0x61, 0x6d, 0x5f, 0x33, 0x38, 0x2c, 0x20, 0x70, 0x61, 0x63, 0x6b, 0x65,
    0x74, 0x29, 0x3b, 0x0a, 0x20, 0x20, 0x20, 0x20, 0x20, 0x20, 0x20, 0x20,
    0x20, 0x20, 0x20, 0x20, 0x72, 0x65, 0x73, 0x75, 0x6c, 0x74, 0x20, 0x3d,
    0x20, 0x61, 0x72, 0x67, 0x62, 0x28, 0x70, 0x61, 0x72, 0x61, 0x6d, 0x5f,
    0x33, 0x39, 0x29, 0x3b, 0x0a, 0x20, 0x20, 0x20, 0x20, 0x20, 0x20, 0x20,
    0x20, 0x7d, 0x0a, 0x20, 0x20, 0x20, 0x20, 0x20, 0x20, 0x20, 0x20, 0x65,
    0x6c, 0x73, 0x65, 0x0a, 0x20, 0x20, 0x20, 0x20, 0x20, 0x20, 0x20, 0x20,
    0x7b, 0x0a, 0x20, 0x20, 0x20, 0x20, 0x20, 0x20, 0x20, 0x20, 0x20, 0x20,
    0x20, 0x20, 0x69, 0x66, 0x20, 0x28, 0x28, 0x63, 0x6f, 0x64, 0x65, 0x20,
    0x21, 0x3d, 0x20, 0x30, 0x75, 0x29, 0x20, 0x26, 0x26, 0x20, 0x28, 0x63,
    0x6f, 0x64, 0x65, 0x20, 0x3c, 0x3d, 0x20, 0x32, 0x35, 0x36, 0x75, 0x29,
    0x29, 0x0a, 0x20, 0x20, 0x20, 0x20, 0x20, 0x20, 0x20, 0x20, 0x20, 0x20,
    0x20, 0x20, 0x7b, 0x0a, 0x20, 0x20, 0x20, 0x20, 0x20, 0x20, 0x20, 0x20,
    0x20, 0x20, 0x20, 0x20, 0x20, 0x20, 0x20, 0x20, 0x75, 0x69, 0x6e, 0x74,
    0x20, 0x70, 0x61, 0x72, 0x61, 0x6d, 0x5f, 0x34, 0x30, 0x20, 0x3d, 0x20,
    0x28, 0x63, 0x6f, 0x6c, 0x6f, 0x72, 0x73, 0x20, 0x2b, 0x20, 0x63, 0x6f,
    0x64, 0x65, 0x29, 0x20, 0x2d, 0x20, 0x31, 0x75, 0x3b, 0x0a, 0x20, 0x20,
    0x20, 0x20, 0x20, 0x20, 0x20, 0x20, 0x20, 0x20, 0x20, 0x20, 0x20, 0x20,
    0x20, 0x20, 0x75, 0x69, 0x6e, 0x74, 0x20, 0x70, 0x61, 0x72, 0x61, 0x6d,
    0x5f, 0x34, 0x31, 0x20, 0x3d, 0x20, 0x77, 0x6f, 0x72, 0x64, 0x28, 0x70,
    0x61, 0x72, 0x61, 0x6d, 0x5f, 0x34, 0x30, 0x2c, 0x20, 0x70, 0x61, 0x63,
    0x6b, 0x65, 0x74, 0x29, 0x3b, 0x0a, 0x20, 0x20, 0x20, 0x20, 0x20, 0x20,
    0x20, 0x20, 0x20, 0x20, 0x20, 0x20, 0x20, 0x20, 0x20, 0x20, 0x72, 0x65,
    0x73, 0x75, 0x6c, 0x74, 0x20, 0x3d, 0x20, 0x61, 0x72, 0x67, 0x62, 0x28,
    0x70, 0x61, 0x72, 0x61, 0x6d, 0x5f, 0x34, 0x31, 0x29, 0x3b, 0x0a, 0x20,
    0x20, 0x20, 0x20, 0x20, 0x20, 0x20, 0x20, 0x20, 0x20, 0x20, 0x20, 0x7d,
    0x0a, 0x20, 0x20, 0x20, 0x20, 0x20, 0x20, 0x20, 0x20, 0x20, 0x20, 0x20,
    0x20, 0x65, 0x6c, 0x73, 0x65, 0x0a, 0x20, 0x20, 0x20, 0x20, 0x20, 0x20,
    0x20, 0x20, 0x20, 0x20, 0x20, 0x20, 0x7b, 0x0a, 0x20, 0x20, 0x20, 0x20,
    0x20, 0x20, 0x20, 0x20, 0x20, 0x20, 0x20, 0x20, 0x20, 0x20, 0x20, 0x20,
    0x62, 0x6f, 0x6f, 0x6c, 0x20, 0x5f, 0x36, 0x31, 0x34, 0x20, 0x3d, 0x20,
    0x28, 0x63, 0x6f, 0x64, 0x65, 0x20, 0x3d, 0x3d, 0x20, 0x30, 0x75, 0x29,
    0x20, 0x26, 0x26, 0x20, 0x28, 0x62, 0x61, 0x6e, 0x64, 0x20, 0x3d, 0x3d,
    0x20, 0x30, 0x75, 0x29, 0x3b, 0x0a, 0x20, 0x20, 0x20, 0x20, 0x20, 0x20,
    0x20, 0x20, 0x20, 0x20, 0x20, 0x20, 0x20, 0x20, 0x20, 0x20, 0x62, 0x6f,
    0x6f, 0x6c, 0x20, 0x5f, 0x36, 0x32, 0x31, 0x3b, 0x0a, 0x20, 0x20, 0x20,
    0x20, 0x20, 0x20, 0x20, 0x20, 0x20, 0x20, 0x20, 0x20, 0x20, 0x20, 0x20,
    0x20, 0x69, 0x66, 0x20, 0x28, 0x5f, 0x36, 0x31, 0x34, 0x29, 0x0a, 0x20,
    0x20, 0x20, 0x20, 0x20, 0x20, 0x20, 0x20, 0x20, 0x20, 0x20, 0x20, 0x20,
    0x20, 0x20, 0x20, 0x7b, 0x0a, 0x20, 0x20, 0x20, 0x20, 0x20, 0x20, 0x20,
    0x20, 0x20, 0x20, 0x20, 0x20, 0x20, 0x20, 0x20, 0x20, 0x20, 0x20, 0x20,
    0x20, 0x5f, 0x36, 0x32, 0x31, 0x20, 0x3d, 0x20, 0x28, 0x76, 0x61, 0x6c,
    0x75, 0x65, 0x5f, 0x31, 0x20, 0x26, 0x20, 0x32, 0x31, 0x34, 0x37, 0x34,
    0x38, 0x33, 0x36, 0x34, 0x38, 0x75, 0x29, 0x20, 0x3d, 0x3d, 0x20, 0x30,
    0x75, 0x3b, 0x0a, 0x20, 0x20, 0x20, 0x20, 0x20, 0x20, 0x20, 0x20, 0x20,
    0x20, 0x20, 0x20, 0x20, 0x20, 0x20, 0x20, 0x7d, 0x0a, 0x20, 0x20, 0x20,
    0x20, 0x20, 0x20, 0x20, 0x20, 0x20, 0x20, 0x20, 0x20, 0x20, 0x20, 0x20,
    0x20, 0x65, 0x6c, 0x73, 0x65, 0x0a, 0x20, 0x20, 0x20, 0x20, 0x20, 0x20,
    0x20, 0x20, 0x20, 0x20, 0x20, 0x20, 0x20, 0x20, 0x20, 0x20, 0x7b, 0x0a,
    0x20, 0x20, 0x20, 0x20, 0x20, 0x20, 0x20, 0x20, 0x20, 0x20, 0x20, 0x20,
    0x20, 0x20, 0x20, 0x20, 0x20, 0x20, 0x20, 0x20, 0x5f, 0x36, 0x32, 0x31,
    0x20, 0x3d, 0x20, 0x5f, 0x36, 0x31, 0x34, 0x3b, 0x0a, 0x20, 0x20, 0x20,
    0x20, 0x20, 0x20, 0x20, 0x20, 0x20, 0x20, 0x20, 0x20, 0x20, 0x20, 0x20,
    0x20, 0x7d, 0x0a, 0x20, 0x20, 0x20, 0x20, 0x20, 0x20, 0x20, 0x20, 0x20,
    0x20, 0x20, 0x20, 0x20, 0x20, 0x20, 0x20, 0x62, 0x6f, 0x6f, 0x6c, 0x20,
    0x5f, 0x36, 0x33, 0x31, 0x3b, 0x0a, 0x20, 0x20, 0x20, 0x20, 0x20, 0x20,
    0x20, 0x20, 0x20, 0x20, 0x20, 0x20, 0x20, 0x20, 0x20, 0x20, 0x69, 0x66,
    0x20, 0x28, 0x5f, 0x36, 0x32, 0x31, 0x29, 0x0a, 0x20, 0x20, 0x20, 0x20,
    0x20, 0x20, 0x20, 0x20, 0x20, 0x20, 0x20, 0x20, 0x20, 0x20, 0x20, 0x20,
    0x7b, 0x0a, 0x20, 0x20, 0x20, 0x20, 0x20, 0x20, 0x20, 0x20, 0x20, 0x20,
    0x20, 0x20, 0x20, 0x20, 0x20, 0x20, 0x20, 0x20, 0x20, 0x20, 0x75, 0x69,
    0x6e, 0x74, 0x20, 0x70, 0x61, 0x72, 0x61, 0x6d, 0x5f, 0x34, 0x32, 0x20,
    0x3d, 0x20, 0x6d, 0x65, 0x74, 0x61, 0x20, 0x2b, 0x20, 0x32, 0x75, 0x3b,
    0x0a, 0x20, 0x20, 0x20, 0x20, 0x20, 0x20, 0x20, 0x20, 0x20, 0x20, 0x20,
    0x20, 0x20, 0x20, 0x20, 0x20, 0x20, 0x20, 0x20, 0x20, 0x5f, 0x36, 0x33,
    0x31, 0x20, 0x3d, 0x20, 0x70, 0x2e, 0x78, 0x20, 0x3e, 0x3d, 0x20, 0x77,
    0x6f, 0x72, 0x64, 0x28, 0x70, 0x61, 0x72, 0x61, 0x6d, 0x5f, 0x34, 0x32,
    0x2c, 0x20, 0x70, 0x61, 0x63, 0x6b, 0x65, 0x74, 0x29, 0x3b, 0x0a, 0x20,
    0x20, 0x20, 0x20, 0x20, 0x20, 0x20, 0x20, 0x20, 0x20, 0x20, 0x20, 0x20,
    0x20, 0x20, 0x20, 0x7d, 0x0a, 0x20, 0x20, 0x20, 0x20, 0x20, 0x20, 0x20,
    0x20, 0x20, 0x20, 0x20, 0x20, 0x20, 0x20, 0x20, 0x20, 0x65, 0x6c, 0x73,
    0x65, 0x0a, 0x20, 0x20, 0x20, 0x20, 0x20, 0x20, 0x20, 0x20, 0x20, 0x20,
    0x20, 0x20, 0x20, 0x20, 0x20, 0x20, 0x7b, 0x0a, 0x20, 0x20, 0x20, 0x20,
    0x20, 0x20, 0x20, 0x20, 0x20, 0x20, 0x20, 0x20, 0x20, 0x20, 0x20, 0x20,
    0x20, 0x20, 0x20, 0x20, 0x5f, 0x36, 0x33, 0x31, 0x20, 0x3d, 0x20, 0x5f,
    0x36, 0x32, 0x31, 0x3b, 0x0a, 0x20, 0x20, 0x20, 0x20, 0x20, 0x20, 0x20,
    0x20, 0x20, 0x20, 0x20, 0x20, 0x20, 0x20, 0x20, 0x20, 0x7d, 0x0a, 0x20,
    0x20, 0x20, 0x20, 0x20, 0x20, 0x20, 0x20, 0x20, 0x20, 0x20, 0x20, 0x20,
    0x20, 0x20, 0x20, 0x62, 0x6f, 0x6f, 0x6c, 0x20, 0x5f, 0x36, 0x34, 0x31,
    0x3b, 0x0a, 0x20, 0x20, 0x20, 0x20, 0x20, 0x20, 0x20, 0x20, 0x20, 0x20,
    0x20, 0x20, 0x20, 0x20, 0x20, 0x20, 0x69, 0x66, 0x20, 0x28, 0x5f, 0x36,
    0x33, 0x31, 0x29, 0x0a, 0x20, 0x20, 0x20, 0x20, 0x20, 0x20, 0x20, 0x20,
    0x20, 0x20, 0x20, 0x20, 0x20, 0x20, 0x20, 0x20, 0x7b, 0x0a, 0x20, 0x20,
    0x20, 0x20, 0x20, 0x20, 0x20, 0x20, 0x20, 0x20, 0x20, 0x20, 0x20, 0x20,
    0x20, 0x20, 0x20, 0x20, 0x20, 0x20, 0x75, 0x69, 0x6e, 0x74, 0x20, 0x70,
    0x61, 0x72, 0x61, 0x6d, 0x5f, 0x34, 0x33, 0x20, 0x3d, 0x20, 0x6d, 0x65,
    0x74, 0x61, 0x20, 0x2b, 0x20, 0x33, 0x75, 0x3b, 0x0a, 0x20, 0x20, 0x20,
    0x20, 0x20, 0x20, 0x20, 0x20, 0x20, 0x20, 0x20, 0x20, 0x20, 0x20, 0x20,
    0x20, 0x20, 0x20, 0x20, 0x20, 0x5f, 0x36, 0x34, 0x31, 0x20, 0x3d, 0x20,
    0x70, 0x2e, 0x78, 0x20, 0x3c, 0x20, 0x77, 0x6f, 0x72, 0x64, 0x28, 0x70,
    0x61, 0x72, 0x61, 0x6d, 0x5f, 0x34, 0x33, 0x2c, 0x20, 0x70, 0x61, 0x63,
    0x6b, 0x65, 0x74, 0x29, 0x3b, 0x0a, 0x20, 0x20, 0x20, 0x20, 0x20, 0x20,
    0x20, 0x20, 0x20, 0x20, 0x20, 0x20, 0x20, 0x20, 0x20, 0x20, 0x7d, 0x0a,
    0x20, 0x20, 0x20, 0x20, 0x20, 0x20, 0x20, 0x20, 0x20, 0x20, 0x20, 0x20,
    0x20, 0x20, 0x20, 0x20, 0x65, 0x6c, 0x73, 0x65, 0x0a, 0x20, 0x20, 0x20,
    0x20, 0x20, 0x20, 0x20, 0x20, 0x20, 0x20, 0x20, 0x20, 0x20, 0x20, 0x20,
    0x20, 0x7b, 0x0a, 0x20, 0x20, 0x20, 0x20, 0x20, 0x20, 0x20, 0x20, 0x20,
    0x20, 0x20, 0x20, 0x20, 0x20, 0x20, 0x20, 0x20, 0x20, 0x20, 0x20, 0x5f,
    0x36, 0x34, 0x31, 0x20, 0x3d, 0x20, 0x5f, 0x36, 0x33, 0x31, 0x3b, 0x0a,
    0x20, 0x20, 0x20, 0x20, 0x20, 0x20, 0x20, 0x20, 0x20, 0x20, 0x20, 0x20,
    0x20, 0x20, 0x20, 0x20, 0x7d, 0x0a, 0x20, 0x20, 0x20, 0x20, 0x20, 0x20,
    0x20, 0x20, 0x20, 0x20, 0x20, 0x20, 0x20, 0x20, 0x20, 0x20, 0x69, 0x66,
    0x20, 0x28, 0x5f, 0x36, 0x34, 0x31, 0x29, 0x0a, 0x20, 0x20, 0x20, 0x20,
    0x20, 0x20, 0x20, 0x20, 0x20, 0x20, 0x20, 0x20, 0x20, 0x20, 0x20, 0x20,
    0x7b, 0x0a, 0x20, 0x20, 0x20, 0x20, 0x20, 0x20, 0x20, 0x20, 0x20, 0x20,
    0x20, 0x20, 0x20, 0x20, 0x20, 0x20, 0x20, 0x20, 0x20, 0x20, 0x75, 0x69,
    0x6e, 0x74, 0x20, 0x70, 0x61, 0x72, 0x61, 0x6d, 0x5f, 0x34, 0x34, 0x20,
    0x3d, 0x20, 0x6d, 0x65, 0x74, 0x61, 0x20, 0x2b, 0x20, 0x31, 0x75, 0x3b,
    0x0a, 0x20, 0x20, 0x20, 0x20, 0x20, 0x20, 0x20, 0x20, 0x20, 0x20, 0x20,
    0x20, 0x20, 0x20, 0x20, 0x20, 0x20, 0x20, 0x20, 0x20, 0x75, 0x69, 0x6e,
    0x74, 0x20, 0x70, 0x61, 0x72, 0x61, 0x6d, 0x5f, 0x34, 0x35, 0x20, 0x3d,
    0x20, 0x77, 0x6f, 0x72, 0x64, 0x28, 0x70, 0x61, 0x72, 0x61, 0x6d, 0x5f,
    0x34, 0x34, 0x2c, 0x20, 0x70, 0x61, 0x63, 0x6b, 0x65, 0x74, 0x29, 0x3b,
    0x0a, 0x20, 0x20, 0x20, 0x20, 0x20, 0x20, 0x20, 0x20, 0x20, 0x20, 0x20,
    0x20, 0x20, 0x20, 0x20, 0x20, 0x20, 0x20, 0x20, 0x20, 0x72, 0x65, 0x73,
    0x75, 0x6c, 0x74, 0x20, 0x3d, 0x20, 0x61, 0x72, 0x67, 0x62, 0x28, 0x70,
    0x61, 0x72, 0x61, 0x6d, 0x5f, 0x34, 0x35, 0x29, 0x3b, 0x0a, 0x20, 0x20,
    0x20, 0x20, 0x20, 0x20, 0x20, 0x20, 0x20, 0x20, 0x20, 0x20, 0x20, 0x20,
    0x20, 0x20, 0x7d, 0x0a, 0x20, 0x20, 0x20, 0x20, 0x20, 0x20, 0x20, 0x20,
    0x20, 0x20, 0x20, 0x20, 0x7d, 0x0a, 0x20, 0x20, 0x20, 0x20, 0x20, 0x20,
    0x20, 0x20, 0x7d, 0x0a, 0x20, 0x20, 0x20, 0x20, 0x7d, 0x0a, 0x20, 0x20,
    0x20, 0x20, 0x72, 0x65, 0x74, 0x75, 0x72, 0x6e, 0x20, 0x72, 0x65, 0x73,
    0x75, 0x6c, 0x74, 0x3b, 0x0a, 0x7d, 0x0a, 0x0a, 0x6b, 0x65, 0x72, 0x6e,
    0x65, 0x6c, 0x20, 0x76, 0x6f, 0x69, 0x64, 0x20, 0x6d, 0x61, 0x69, 0x6e,
    0x30, 0x28, 0x63, 0x6f, 0x6e, 0x73, 0x74, 0x20, 0x64, 0x65, 0x76, 0x69,
    0x63, 0x65, 0x20, 0x50, 0x61, 0x63, 0x6b, 0x65, 0x74, 0x26, 0x20, 0x70,
    0x61, 0x63, 0x6b, 0x65, 0x74, 0x20, 0x5b, 0x5b, 0x62, 0x75, 0x66, 0x66,
    0x65, 0x72, 0x28, 0x31, 0x29, 0x5d, 0x5d, 0x2c, 0x20, 0x63, 0x6f, 0x6e,
    0x73, 0x74, 0x61, 0x6e, 0x74, 0x20, 0x43, 0x6f, 0x6e, 0x74, 0x65, 0x78,
    0x74, 0x26, 0x20, 0x73, 0x65, 0x74, 0x74, 0x69, 0x6e, 0x67, 0x73, 0x20,
    0x5b, 0x5b, 0x62, 0x75, 0x66, 0x66, 0x65, 0x72, 0x28, 0x30, 0x29, 0x5d,
    0x5d, 0x2c, 0x20, 0x74, 0x65, 0x78, 0x74, 0x75, 0x72, 0x65, 0x32, 0x64,
    0x3c, 0x66, 0x6c, 0x6f, 0x61, 0x74, 0x2c, 0x20, 0x61, 0x63, 0x63, 0x65,
    0x73, 0x73, 0x3a, 0x3a, 0x77, 0x72, 0x69, 0x74, 0x65, 0x3e, 0x20, 0x6c,
    0x6f, 0x77, 0x42, 0x61, 0x6e, 0x64, 0x20, 0x5b, 0x5b, 0x74, 0x65, 0x78,
    0x74, 0x75, 0x72, 0x65, 0x28, 0x30, 0x29, 0x5d, 0x5d, 0x2c, 0x20, 0x74,
    0x65, 0x78, 0x74, 0x75, 0x72, 0x65, 0x32, 0x64, 0x3c, 0x66, 0x6c, 0x6f,
    0x61, 0x74, 0x2c, 0x20, 0x61, 0x63, 0x63, 0x65, 0x73, 0x73, 0x3a, 0x3a,
    0x77, 0x72, 0x69, 0x74, 0x65, 0x3e, 0x20, 0x68, 0x69, 0x67, 0x68, 0x42,
    0x61, 0x6e, 0x64, 0x20, 0x5b, 0x5b, 0x74, 0x65, 0x78, 0x74, 0x75, 0x72,
    0x65, 0x28, 0x31, 0x29, 0x5d, 0x5d, 0x2c, 0x20, 0x74, 0x65, 0x78, 0x74,
    0x75, 0x72, 0x65, 0x32, 0x64, 0x3c, 0x66, 0x6c, 0x6f, 0x61, 0x74, 0x2c,
    0x20, 0x61, 0x63, 0x63, 0x65, 0x73, 0x73, 0x3a, 0x3a, 0x77, 0x72, 0x69,
    0x74, 0x65, 0x3e, 0x20, 0x66, 0x61, 0x72, 0x42, 0x61, 0x6e, 0x64, 0x20,
    0x5b, 0x5b, 0x74, 0x65, 0x78, 0x74, 0x75, 0x72, 0x65, 0x28, 0x32, 0x29,
    0x5d, 0x5d, 0x2c, 0x20, 0x75, 0x69, 0x6e, 0x74, 0x33, 0x20, 0x67, 0x6c,
    0x5f, 0x47, 0x6c, 0x6f, 0x62, 0x61, 0x6c, 0x49, 0x6e, 0x76, 0x6f, 0x63,
    0x61, 0x74, 0x69, 0x6f, 0x6e, 0x49, 0x44, 0x20, 0x5b, 0x5b, 0x74, 0x68,
    0x72, 0x65, 0x61, 0x64, 0x5f, 0x70, 0x6f, 0x73, 0x69, 0x74, 0x69, 0x6f,
    0x6e, 0x5f, 0x69, 0x6e, 0x5f, 0x67, 0x72, 0x69, 0x64, 0x5d, 0x5d, 0x29,
    0x0a, 0x7b, 0x0a, 0x20, 0x20, 0x20, 0x20, 0x75, 0x69, 0x6e, 0x74, 0x32,
    0x20, 0x70, 0x20, 0x3d, 0x20, 0x67, 0x6c, 0x5f, 0x47, 0x6c, 0x6f, 0x62,
    0x61, 0x6c, 0x49, 0x6e, 0x76, 0x6f, 0x63, 0x61, 0x74, 0x69, 0x6f, 0x6e,
    0x49, 0x44, 0x2e, 0x78, 0x79, 0x3b, 0x0a, 0x20, 0x20, 0x20, 0x20, 0x69,
    0x66, 0x20, 0x28, 0x61, 0x6e, 0x79, 0x28, 0x70, 0x20, 0x3e, 0x3d, 0x20,
    0x73, 0x65, 0x74, 0x74, 0x69, 0x6e, 0x67, 0x73, 0x2e, 0x70, 0x6c, 0x61,
    0x6e, 0x65, 0x2e, 0x7a, 0x77, 0x29, 0x29, 0x0a, 0x20, 0x20, 0x20, 0x20,
    0x7b, 0x0a, 0x20, 0x20, 0x20, 0x20, 0x20, 0x20, 0x20, 0x20, 0x72, 0x65,
    0x74, 0x75, 0x72, 0x6e, 0x3b, 0x0a, 0x20, 0x20, 0x20, 0x20, 0x7d, 0x0a,
    0x20, 0x20, 0x20, 0x20, 0x75, 0x69, 0x6e, 0x74, 0x20, 0x73, 0x6f, 0x75,
    0x72, 0x63, 0x65, 0x20, 0x3d, 0x20, 0x73, 0x65, 0x74, 0x74, 0x69, 0x6e,
    0x67, 0x73, 0x2e, 0x70, 0x6c, 0x61, 0x6e, 0x65, 0x2e, 0x78, 0x3b, 0x0a,
    0x20, 0x20, 0x20, 0x20, 0x75, 0x69, 0x6e, 0x74, 0x20, 0x62, 0x61, 0x6e,
    0x64, 0x73, 0x20, 0x3d, 0x20, 0x73, 0x65, 0x74, 0x74, 0x69, 0x6e, 0x67,
    0x73, 0x2e, 0x70, 0x6c, 0x61, 0x6e, 0x65, 0x2e, 0x79, 0x3b, 0x0a, 0x20,
    0x20, 0x20, 0x20, 0x69, 0x66, 0x20, 0x28, 0x28, 0x62, 0x61, 0x6e, 0x64,
    0x73, 0x20, 0x26, 0x20, 0x31, 0x75, 0x29, 0x20, 0x21, 0x3d, 0x20, 0x30,
    0x75, 0x29, 0x0a, 0x20, 0x20, 0x20, 0x20, 0x7b, 0x0a, 0x20, 0x20, 0x20,
    0x20, 0x20, 0x20, 0x20, 0x20, 0x75, 0x69, 0x6e, 0x74, 0x32, 0x20, 0x70,
    0x61, 0x72, 0x61, 0x6d, 0x20, 0x3d, 0x20, 0x70, 0x3b, 0x0a, 0x20, 0x20,
    0x20, 0x20, 0x20, 0x20, 0x20, 0x20, 0x75, 0x69, 0x6e, 0x74, 0x20, 0x70,
    0x61, 0x72, 0x61, 0x6d, 0x5f, 0x31, 0x20, 0x3d, 0x20, 0x73, 0x6f, 0x75,
    0x72, 0x63, 0x65, 0x3b, 0x0a, 0x20, 0x20, 0x20, 0x20, 0x20, 0x20, 0x20,
    0x20, 0x75, 0x69, 0x6e, 0x74, 0x20, 0x70, 0x61, 0x72, 0x61, 0x6d, 0x5f,
    0x32, 0x20, 0x3d, 0x20, 0x30, 0x75, 0x3b, 0x0a, 0x20, 0x20, 0x20, 0x20,
    0x20, 0x20, 0x20, 0x20, 0x66, 0x6c, 0x6f, 0x61, 0x74, 0x34, 0x20, 0x5f,
    0x36, 0x39, 0x37, 0x20, 0x3d, 0x20, 0x63, 0x6f, 0x6c, 0x6f, 0x72, 0x41,
    0x74, 0x28, 0x70, 0x61, 0x72, 0x61, 0x6d, 0x2c, 0x20, 0x70, 0x61, 0x72,
    0x61, 0x6d, 0x5f, 0x31, 0x2c, 0x20, 0x70, 0x61, 0x72, 0x61, 0x6d, 0x5f,
    0x32, 0x2c, 0x20, 0x70, 0x61, 0x63, 0x6b, 0x65, 0x74, 0x29, 0x3b, 0x0a,
    0x20, 0x20, 0x20, 0x20, 0x20, 0x20, 0x20, 0x20, 0x6c, 0x6f, 0x77, 0x42,
    0x61, 0x6e, 0x64, 0x2e, 0x77, 0x72, 0x69, 0x74, 0x65, 0x28, 0x5f, 0x36,
    0x39, 0x37, 0x2c, 0x20, 0x75, 0x69, 0x6e, 0x74, 0x32, 0x28, 0x69, 0x6e,
    0x74, 0x32, 0x28, 0x70, 0x29, 0x29, 0x29, 0x3b, 0x0a, 0x20, 0x20, 0x20,
    0x20, 0x7d, 0x0a, 0x20, 0x20, 0x20, 0x20, 0x69, 0x66, 0x20, 0x28, 0x28,
    0x62, 0x61, 0x6e, 0x64, 0x73, 0x20, 0x26, 0x20, 0x32, 0x75, 0x29, 0x20,
    0x21, 0x3d, 0x20, 0x30, 0x75, 0x29, 0x0a, 0x20, 0x20, 0x20, 0x20, 0x7b,
    0x0a, 0x20, 0x20, 0x20, 0x20, 0x20, 0x20, 0x20, 0x20, 0x75, 0x69, 0x6e,
    0x74, 0x32, 0x20, 0x70, 0x61, 0x72, 0x61, 0x6d, 0x5f, 0x33, 0x20, 0x3d,
    0x20, 0x70, 0x3b, 0x0a, 0x20, 0x20, 0x20, 0x20, 0x20, 0x20, 0x20, 0x20,
    0x75, 0x69, 0x6e, 0x74, 0x20, 0x70, 0x61, 0x72, 0x61, 0x6d, 0x5f, 0x34,
    0x20, 0x3d, 0x20, 0x73, 0x6f, 0x75, 0x72, 0x63, 0x65, 0x3b, 0x0a, 0x20,
    0x20, 0x20, 0x20, 0x20, 0x20, 0x20, 0x20, 0x75, 0x69, 0x6e, 0x74, 0x20,
    0x70, 0x61, 0x72, 0x61, 0x6d, 0x5f, 0x35, 0x20, 0x3d, 0x20, 0x31, 0x75,
    0x3b, 0x0a, 0x20, 0x20, 0x20, 0x20, 0x20, 0x20, 0x20, 0x20, 0x66, 0x6c,
    0x6f, 0x61, 0x74, 0x34, 0x20, 0x5f, 0x37, 0x31, 0x32, 0x20, 0x3d, 0x20,
    0x63, 0x6f, 0x6c, 0x6f, 0x72, 0x41, 0x74, 0x28, 0x70, 0x61, 0x72, 0x61,
    0x6d, 0x5f, 0x33, 0x2c, 0x20, 0x70, 0x61, 0x72, 0x61, 0x6d, 0x5f, 0x34,
    0x2c, 0x20, 0x70, 0x61, 0x72, 0x61, 0x6d, 0x5f, 0x35, 0x2c, 0x20, 0x70,
    0x61, 0x63, 0x6b, 0x65, 0x74, 0x29, 0x3b, 0x0a, 0x20, 0x20, 0x20, 0x20,
    0x20, 0x20, 0x20, 0x20, 0x68, 0x69, 0x67, 0x68, 0x42, 0x61, 0x6e, 0x64,
    0x2e, 0x77, 0x72, 0x69, 0x74, 0x65, 0x28, 0x5f, 0x37, 0x31, 0x32, 0x2c,
    0x20, 0x75, 0x69, 0x6e, 0x74, 0x32, 0x28, 0x69, 0x6e, 0x74, 0x32, 0x28,
    0x70, 0x29, 0x29, 0x29, 0x3b, 0x0a, 0x20, 0x20, 0x20, 0x20, 0x7d, 0x0a,
    0x20, 0x20, 0x20, 0x20, 0x69, 0x66, 0x20, 0x28, 0x28, 0x62, 0x61, 0x6e,
    0x64, 0x73, 0x20, 0x26, 0x20, 0x34, 0x75, 0x29, 0x20, 0x21, 0x3d, 0x20,
    0x30, 0x75, 0x29, 0x0a, 0x20, 0x20, 0x20, 0x20, 0x7b, 0x0a, 0x20, 0x20,
    0x20, 0x20, 0x20, 0x20, 0x20, 0x20, 0x75, 0x69, 0x6e, 0x74, 0x32, 0x20,
    0x70, 0x61, 0x72, 0x61, 0x6d, 0x5f, 0x36, 0x20, 0x3d, 0x20, 0x70, 0x3b,
    0x0a, 0x20, 0x20, 0x20, 0x20, 0x20, 0x20, 0x20, 0x20, 0x75, 0x69, 0x6e,
    0x74, 0x20, 0x70, 0x61, 0x72, 0x61, 0x6d, 0x5f, 0x37, 0x20, 0x3d, 0x20,
    0x73, 0x6f, 0x75, 0x72, 0x63, 0x65, 0x3b, 0x0a, 0x20, 0x20, 0x20, 0x20,
    0x20, 0x20, 0x20, 0x20, 0x75, 0x69, 0x6e, 0x74, 0x20, 0x70, 0x61, 0x72,
    0x61, 0x6d, 0x5f, 0x38, 0x20, 0x3d, 0x20, 0x32, 0x75, 0x3b, 0x0a, 0x20,
    0x20, 0x20, 0x20, 0x20, 0x20, 0x20, 0x20, 0x66, 0x6c, 0x6f, 0x61, 0x74,
    0x34, 0x20, 0x5f, 0x37, 0x32, 0x37, 0x20, 0x3d, 0x20, 0x63, 0x6f, 0x6c,
    0x6f, 0x72, 0x41, 0x74, 0x28, 0x70, 0x61, 0x72, 0x61, 0x6d, 0x5f, 0x36,
    0x2c, 0x20, 0x70, 0x61, 0x72, 0x61, 0x6d, 0x5f, 0x37, 0x2c, 0x20, 0x70,
    0x61, 0x72, 0x61, 0x6d, 0x5f, 0x38, 0x2c, 0x20, 0x70, 0x61, 0x63, 0x6b,
    0x65, 0x74, 0x29, 0x3b, 0x0a, 0x20, 0x20, 0x20, 0x20, 0x20, 0x20, 0x20,
    0x20, 0x66, 0x61, 0x72, 0x42, 0x61, 0x6e, 0x64, 0x2e, 0x77, 0x72, 0x69,
    0x74, 0x65, 0x28, 0x5f, 0x37, 0x32, 0x37, 0x2c, 0x20, 0x75, 0x69, 0x6e,
    0x74, 0x32, 0x28, 0x69, 0x6e, 0x74, 0x32, 0x28, 0x70, 0x29, 0x29, 0x29,
    0x3b, 0x0a, 0x20, 0x20, 0x20, 0x20, 0x7d, 0x0a, 0x7d, 0x0a, 0x0a,
    0x00
};
static const unsigned int kPpuBgCaptureCompMSLSize = 10703u;

static const unsigned char kPpuBgCaptureCompSPV[] = {
    0x03, 0x02, 0x23, 0x07, 0x00, 0x00, 0x01, 0x00, 0x0b, 0x00, 0x0d, 0x00,
    0xa5, 0x10, 0x00, 0x00, 0x00, 0x00, 0x00, 0x00, 0x11, 0x00, 0x02, 0x00,
    0x01, 0x00, 0x00, 0x00, 0x0b, 0x00, 0x06, 0x00, 0x01, 0x00, 0x00, 0x00,
    0x47, 0x4c, 0x53, 0x4c, 0x2e, 0x73, 0x74, 0x64, 0x2e, 0x34, 0x35, 0x30,
    0x00, 0x00, 0x00, 0x00, 0x0e, 0x00, 0x03, 0x00, 0x00, 0x00, 0x00, 0x00,
    0x01, 0x00, 0x00, 0x00, 0x0f, 0x00, 0x06, 0x00, 0x05, 0x00, 0x00, 0x00,
    0x04, 0x00, 0x00, 0x00, 0x6d, 0x61, 0x69, 0x6e, 0x00, 0x00, 0x00, 0x00,
    0x90, 0x02, 0x00, 0x00, 0x10, 0x00, 0x06, 0x00, 0x04, 0x00, 0x00, 0x00,
    0x11, 0x00, 0x00, 0x00, 0x08, 0x00, 0x00, 0x00, 0x08, 0x00, 0x00, 0x00,
    0x01, 0x00, 0x00, 0x00, 0x47, 0x00, 0x04, 0x00, 0x22, 0x00, 0x00, 0x00,
    0x06, 0x00, 0x00, 0x00, 0x04, 0x00, 0x00, 0x00, 0x47, 0x00, 0x03, 0x00,
    0x23, 0x00, 0x00, 0x00, 0x03, 0x00, 0x00, 0x00, 0x48, 0x00, 0x04, 0x00,
    0x23, 0x00, 0x00, 0x00, 0x00, 0x00, 0x00, 0x00, 0x18, 0x00, 0x00, 0x00,
    0x48, 0x00, 0x05, 0x00, 0x23, 0x00, 0x00, 0x00, 0x00, 0x00, 0x00, 0x00,
    0x23, 0x00, 0x00, 0x00, 0x00, 0x00, 0x00, 0x00, 0x47, 0x00, 0x03, 0x00,
    0x25, 0x00, 0x00, 0x00, 0x18, 0x00, 0x00, 0x00, 0x47, 0x00, 0x04, 0x00,
    0x25, 0x00, 0x00, 0x00, 0x21, 0x00, 0x00, 0x00, 0x00, 0x00, 0x00, 0x00,
    0x47, 0x00, 0x04, 0x00, 0x25, 0x00, 0x00, 0x00, 0x22, 0x00, 0x00, 0x00,
    0x00, 0x00, 0x00, 0x00, 0x47, 0x00, 0x04, 0x00, 0x90, 0x02, 0x00, 0x00,
    0x0b, 0x00, 0x00, 0x00, 0x1c, 0x00, 0x00, 0x00, 0x47, 0x00, 0x03, 0x00,
    0x95, 0x02, 0x00, 0x00, 0x02, 0x00, 0x00, 0x00, 0x48, 0x00, 0x05, 0x00,
    0x95, 0x02, 0x00, 0x00, 0x00, 0x00, 0x00, 0x00, 0x23, 0x00, 0x00, 0x00,
    0x00, 0x00, 0x00, 0x00, 0x47, 0x00, 0x04, 0x00, 0x97, 0x02, 0x00, 0x00,
    0x21, 0x00, 0x00, 0x00, 0x00, 0x00, 0x00, 0x00, 0x47, 0x00, 0x04, 0x00,
    0x97, 0x02, 0x00, 0x00, 0x22, 0x00, 0x00, 0x00, 0x02, 0x00, 0x00, 0x00,
    0x47, 0x00, 0x03, 0x00, 0xaf, 0x02, 0x00, 0x00, 0x19, 0x00, 0x00, 0x00,
    0x47, 0x00, 0x04, 0x00, 0xaf, 0x02, 0x00, 0x00, 0x21, 0x00, 0x00, 0x00,
    0x00, 0x00, 0x00, 0x00, 0x47, 0x00, 0x04, 0x00, 0xaf, 0x02, 0x00, 0x00,
    0x22, 0x00, 0x00, 0x00, 0x01, 0x00, 0x00, 0x00, 0x47, 0x00, 0x03, 0x00,
    0xbf, 0x02, 0x00, 0x00, 0x19, 0x00, 0x00, 0x00, 0x47, 0x00, 0x04, 0x00,
    0xbf, 0x02, 0x00, 0x00, 0x21, 0x00, 0x00, 0x00, 0x01, 0x00, 0x00, 0x00,
    0x47, 0x00, 0x04, 0x00, 0xbf, 0x02, 0x00, 0x00, 0x22, 0x00, 0x00, 0x00,
    0x01, 0x00, 0x00, 0x00, 0x47, 0x00, 0x03, 0x00, 0xce, 0x02, 0x00, 0x00,
    0x19, 0x00, 0x00, 0x00, 0x47, 0x00, 0x04, 0x00, 0xce, 0x02, 0x00, 0x00,
    0x21, 0x00, 0x00, 0x00, 0x02, 0x00, 0x00, 0x00, 0x47, 0x00, 0x04, 0x00,
    0xce, 0x02, 0x00, 0x00, 0x22, 0x00, 0x00, 0x00, 0x01, 0x00, 0x00, 0x00,
    0x47, 0x00, 0x04, 0x00, 0xd8, 0x02, 0x00, 0x00, 0x0b, 0x00, 0x00, 0x00,
    0x19, 0x00, 0x00, 0x00, 0x13, 0x00, 0x02, 0x00, 0x02, 0x00, 0x00, 0x00,
    0x21, 0x00, 0x03, 0x00, 0x03, 0x00, 0x00, 0x00, 0x02, 0x00, 0x00, 0x00,
    0x15, 0x00, 0x04, 0x00, 0x06, 0x00, 0x00, 0x00, 0x20, 0x00, 0x00, 0x00,
    0x00, 0x00, 0x00, 0x00, 0x16, 0x00, 0x03, 0x00, 0x0c, 0x00, 0x00, 0x00,
    0x20, 0x00, 0x00, 0x00, 0x17, 0x00, 0x04, 0x00, 0x0d, 0x00, 0x00, 0x00,
    0x0c, 0x00, 0x00, 0x00, 0x04, 0x00, 0x00, 0x00, 0x17, 0x00, 0x04, 0x00,
    0x1a, 0x00, 0x00, 0x00, 0x06, 0x00, 0x00, 0x00, 0x02, 0x00, 0x00, 0x00,
    0x1d, 0x00, 0x03, 0x00, 0x22, 0x00, 0x00, 0x00, 0x06, 0x00, 0x00, 0x00,
    0x1e, 0x00, 0x03, 0x00, 0x23, 0x00, 0x00, 0x00, 0x22, 0x00, 0x00, 0x00,
    0x20, 0x00, 0x04, 0x00, 0x24, 0x00, 0x00, 0x00, 0x02, 0x00, 0x00, 0x00,
    0x23, 0x00, 0x00, 0x00, 0x3b, 0x00, 0x04, 0x00, 0x24, 0x00, 0x00, 0x00,
    0x25, 0x00, 0x00, 0x00, 0x02, 0x00, 0x00, 0x00, 0x15, 0x00, 0x04, 0x00,
    0x26, 0x00, 0x00, 0x00, 0x20, 0x00, 0x00, 0x00, 0x01, 0x00, 0x00, 0x00,
    0x2b, 0x00, 0x04, 0x00, 0x26, 0x00, 0x00, 0x00, 0x27, 0x00, 0x00, 0x00,
    0x00, 0x00, 0x00, 0x00, 0x20, 0x00, 0x04, 0x00, 0x29, 0x00, 0x00, 0x00,
    0x02, 0x00, 0x00, 0x00, 0x06, 0x00, 0x00, 0x00, 0x2b, 0x00, 0x04, 0x00,
    0x06, 0x00, 0x00, 0x00, 0x2f, 0x00, 0x00, 0x00, 0x10, 0x00, 0x00, 0x00,
    0x2b, 0x00, 0x04, 0x00, 0x06, 0x00, 0x00, 0x00, 0x31, 0x00, 0x00, 0x00,
    0xff, 0x00, 0x00, 0x00, 0x2b, 0x00, 0x04, 0x00, 0x06, 0x00, 0x00, 0x00,
    0x35, 0x00, 0x00, 0x00, 0x08, 0x00, 0x00, 0x00, 0x2b, 0x00, 0x04, 0x00,
    0x06, 0x00, 0x00, 0x00, 0x3d, 0x00, 0x00, 0x00, 0x18, 0x00, 0x00, 0x00,
    0x2b, 0x00, 0x04, 0x00, 0x06, 0x00, 0x00, 0x00, 0x48, 0x00, 0x00, 0x00,
    0x07, 0x00, 0x00, 0x00, 0x2b, 0x00, 0x04, 0x00, 0x06, 0x00, 0x00, 0x00,
    0x52, 0x00, 0x00, 0x00, 0x01, 0x00, 0x00, 0x00, 0x2b, 0x00, 0x04, 0x00,
    0x06, 0x00, 0x00, 0x00, 0x5a, 0x00, 0x00, 0x00, 0x02, 0x00, 0x00, 0x00,
    0x2b, 0x00, 0x04, 0x00, 0x06, 0x00, 0x00, 0x00, 0x66, 0x00, 0x00, 0x00,
    0x0e, 0x00, 0x00, 0x00, 0x2b, 0x00, 0x04, 0x00, 0x06, 0x00, 0x00, 0x00,
    0x68, 0x00, 0x00, 0x00, 0x04, 0x00, 0x00, 0x00, 0x2b, 0x00, 0x04, 0x00,
    0x06, 0x00, 0x00, 0x00, 0x6c, 0x00, 0x00, 0x00, 0x15, 0x00, 0x00, 0x00,
    0x2b, 0x00, 0x04, 0x00, 0x06, 0x00, 0x00, 0x00, 0x80, 0x00, 0x00, 0x00,
    0x00, 0x00, 0x00, 0x00, 0x14, 0x00, 0x02, 0x00, 0x81, 0x00, 0x00, 0x00,
    0x2b, 0x00, 0x04, 0x00, 0x0c, 0x00, 0x00, 0x00, 0x85, 0x00, 0x00, 0x00,
    0x00, 0x00, 0x00, 0x00, 0x2b, 0x00, 0x04, 0x00, 0x0c, 0x00, 0x00, 0x00,
    0x86, 0x00, 0x00, 0x00, 0x00, 0x00, 0x80, 0x3f, 0x2c, 0x00, 0x07, 0x00,
    0x0d, 0x00, 0x00, 0x00, 0x87, 0x00, 0x00, 0x00, 0x85, 0x00, 0x00, 0x00,
    0x85, 0x00, 0x00, 0x00, 0x85, 0x00, 0x00, 0x00, 0x86, 0x00, 0x00, 0x00,
    0x2b, 0x00, 0x04, 0x00, 0x06, 0x00, 0x00, 0x00, 0xb8, 0x00, 0x00, 0x00,
    0x03, 0x00, 0x00, 0x00, 0x2c, 0x00, 0x07, 0x00, 0x0d, 0x00, 0x00, 0x00,
    0xc8, 0x00, 0x00, 0x00, 0x85, 0x00, 0x00, 0x00, 0x85, 0x00, 0x00, 0x00,
    0x85, 0x00, 0x00, 0x00, 0x85, 0x00, 0x00, 0x00, 0x2b, 0x00, 0x04, 0x00,
    0x06, 0x00, 0x00, 0x00, 0xdc, 0x00, 0x00, 0x00, 0x05, 0x00, 0x00, 0x00,
    0x2b, 0x00, 0x04, 0x00, 0x06, 0x00, 0x00, 0x00, 0xe8, 0x00, 0x00, 0x00,
    0x60, 0x01, 0x00, 0x00, 0x2b, 0x00, 0x04, 0x00, 0x06, 0x00, 0x00, 0x00,
    0xfd, 0x00, 0x00, 0x00, 0xff, 0xff, 0x00, 0x00, 0x2b, 0x00, 0x04, 0x00,
    0x06, 0x00, 0x00, 0x00, 0x15, 0x01, 0x00, 0x00, 0x06, 0x00, 0x00, 0x00,
    0x2b, 0x00, 0x04, 0x00, 0x06, 0x00, 0x00, 0x00, 0x19, 0x01, 0x00, 0x00,
    0x80, 0x02, 0x00, 0x00, 0x2b, 0x00, 0x04, 0x00, 0x06, 0x00, 0x00, 0x00,
    0x72, 0x01, 0x00, 0x00, 0x09, 0x00, 0x00, 0x00, 0x2b, 0x00, 0x04, 0x00,
    0x06, 0x00, 0x00, 0x00, 0xb1, 0x01, 0x00, 0x00, 0x20, 0x00, 0x00, 0x00,
    0x2b, 0x00, 0x04, 0x00, 0x06, 0x00, 0x00, 0x00, 0x3d, 0x02, 0x00, 0x00,
    0xff, 0x01, 0x00, 0x00, 0x2b, 0x00, 0x04, 0x00, 0x06, 0x00, 0x00, 0x00,
    0x40, 0x02, 0x00, 0x00, 0x01, 0x01, 0x00, 0x00, 0x2b, 0x00, 0x04, 0x00,
    0x06, 0x00, 0x00, 0x00, 0x46, 0x02, 0x00, 0x00, 0x02, 0x01, 0x00, 0x00,
    0x2b, 0x00, 0x04, 0x00, 0x06, 0x00, 0x00, 0x00, 0x54, 0x02, 0x00, 0x00,
    0x00, 0x01, 0x00, 0x00, 0x2b, 0x00, 0x04, 0x00, 0x06, 0x00, 0x00, 0x00,
    0x6a, 0x02, 0x00, 0x00, 0x00, 0x00, 0x00, 0x80, 0x17, 0x00, 0x04, 0x00,
    0x8e, 0x02, 0x00, 0x00, 0x06, 0x00, 0x00, 0x00, 0x03, 0x00, 0x00, 0x00,
    0x20, 0x00, 0x04, 0x00, 0x8f, 0x02, 0x00, 0x00, 0x01, 0x00, 0x00, 0x00,
    0x8e, 0x02, 0x00, 0x00, 0x3b, 0x00, 0x04, 0x00, 0x8f, 0x02, 0x00, 0x00,
    0x90, 0x02, 0x00, 0x00, 0x01, 0x00, 0x00, 0x00, 0x17, 0x00, 0x04, 0x00,
    0x94, 0x02, 0x00, 0x00, 0x06, 0x00, 0x00, 0x00, 0x04, 0x00, 0x00, 0x00,
    0x1e, 0x00, 0x03, 0x00, 0x95, 0x02, 0x00, 0x00, 0x94, 0x02, 0x00, 0x00,
    0x20, 0x00, 0x04, 0x00, 0x96, 0x02, 0x00, 0x00, 0x02, 0x00, 0x00, 0x00,
    0x95, 0x02, 0x00, 0x00, 0x3b, 0x00, 0x04, 0x00, 0x96, 0x02, 0x00, 0x00,
    0x97, 0x02, 0x00, 0x00, 0x02, 0x00, 0x00, 0x00, 0x20, 0x00, 0x04, 0x00,
    0x98, 0x02, 0x00, 0x00, 0x02, 0x00, 0x00, 0x00, 0x94, 0x02, 0x00, 0x00,
    0x17, 0x00, 0x04, 0x00, 0x9c, 0x02, 0x00, 0x00, 0x81, 0x00, 0x00, 0x00,
    0x02, 0x00, 0x00, 0x00, 0x19, 0x00, 0x09, 0x00, 0xad, 0x02, 0x00, 0x00,
    0x0c, 0x00, 0x00, 0x00, 0x01, 0x00, 0x00, 0x00, 0x00, 0x00, 0x00, 0x00,
    0x00, 0x00, 0x00, 0x00, 0x00, 0x00, 0x00, 0x00, 0x02, 0x00, 0x00, 0x00,
    0x04, 0x00, 0x00, 0x00, 0x20, 0x00, 0x04, 0x00, 0xae, 0x02, 0x00, 0x00,
    0x00, 0x00, 0x00, 0x00, 0xad, 0x02, 0x00, 0x00, 0x3b, 0x00, 0x04, 0x00,
    0xae, 0x02, 0x00, 0x00, 0xaf, 0x02, 0x00, 0x00, 0x00, 0x00, 0x00, 0x00,
    0x17, 0x00, 0x04, 0x00, 0xb2, 0x02, 0x00, 0x00, 0x26, 0x00, 0x00, 0x00,
    0x02, 0x00, 0x00, 0x00, 0x3b, 0x00, 0x04, 0x00, 0xae, 0x02, 0x00, 0x00,
    0xbf, 0x02, 0x00, 0x00, 0x00, 0x00, 0x00, 0x00, 0x3b, 0x00, 0x04, 0x00,
    0xae, 0x02, 0x00, 0x00, 0xce, 0x02, 0x00, 0x00, 0x00, 0x00, 0x00, 0x00,
    0x2c, 0x00, 0x06, 0x00, 0x8e, 0x02, 0x00, 0x00, 0xd8, 0x02, 0x00, 0x00,
    0x35, 0x00, 0x00, 0x00, 0x35, 0x00, 0x00, 0x00, 0x52, 0x00, 0x00, 0x00,
    0x2a, 0x00, 0x03, 0x00, 0x81, 0x00, 0x00, 0x00, 0x9a, 0x10, 0x00, 0x00,
    0x2b, 0x00, 0x04, 0x00, 0x06, 0x00, 0x00, 0x00, 0x9c, 0x10, 0x00, 0x00,
    0x12, 0x00, 0x00, 0x00, 0x2b, 0x00, 0x04, 0x00, 0x06, 0x00, 0x00, 0x00,
    0x9d, 0x10, 0x00, 0x00, 0x0c, 0x00, 0x00, 0x00, 0x2b, 0x00, 0x04, 0x00,
    0x06, 0x00, 0x00, 0x00, 0x9e, 0x10, 0x00, 0x00, 0x0d, 0x00, 0x00, 0x00,
    0x2b, 0x00, 0x04, 0x00, 0x0c, 0x00, 0x00, 0x00, 0x9f, 0x10, 0x00, 0x00,
    0x81, 0x80, 0x80, 0x3b, 0x2c, 0x00, 0x07, 0x00, 0x0d, 0x00, 0x00, 0x00,
    0xa0, 0x10, 0x00, 0x00, 0x9f, 0x10, 0x00, 0x00, 0x9f, 0x10, 0x00, 0x00,
    0x9f, 0x10, 0x00, 0x00, 0x9f, 0x10, 0x00, 0x00, 0x36, 0x00, 0x05, 0x00,
    0x02, 0x00, 0x00, 0x00, 0x04, 0x00, 0x00, 0x00, 0x00, 0x00, 0x00, 0x00,
    0x03, 0x00, 0x00, 0x00, 0xf8, 0x00, 0x02, 0x00, 0x05, 0x00, 0x00, 0x00,
    0xf7, 0x00, 0x03, 0x00, 0xd9, 0x02, 0x00, 0x00, 0x00, 0x00, 0x00, 0x00,
    0xfb, 0x00, 0x03, 0x00, 0x80, 0x00, 0x00, 0x00, 0xda, 0x02, 0x00, 0x00,
    0xf8, 0x00, 0x02, 0x00, 0xda, 0x02, 0x00, 0x00, 0x3d, 0x00, 0x04, 0x00,
    0x8e, 0x02, 0x00, 0x00, 0x91, 0x02, 0x00, 0x00, 0x90, 0x02, 0x00, 0x00,
    0x4f, 0x00, 0x07, 0x00, 0x1a, 0x00, 0x00, 0x00, 0x92, 0x02, 0x00, 0x00,
    0x91, 0x02, 0x00, 0x00, 0x91, 0x02, 0x00, 0x00, 0x00, 0x00, 0x00, 0x00,
    0x01, 0x00, 0x00, 0x00, 0x41, 0x00, 0x05, 0x00, 0x98, 0x02, 0x00, 0x00,
    0x99, 0x02, 0x00, 0x00, 0x97, 0x02, 0x00, 0x00, 0x27, 0x00, 0x00, 0x00,
    0x3d, 0x00, 0x04, 0x00, 0x94, 0x02, 0x00, 0x00, 0x9a, 0x02, 0x00, 0x00,
    0x99, 0x02, 0x00, 0x00, 0x4f, 0x00, 0x07, 0x00, 0x1a, 0x00, 0x00, 0x00,
    0x9b, 0x02, 0x00, 0x00, 0x9a, 0x02, 0x00, 0x00, 0x9a, 0x02, 0x00, 0x00,
    0x02, 0x00, 0x00, 0x00, 0x03, 0x00, 0x00, 0x00, 0xae, 0x00, 0x05, 0x00,
    0x9c, 0x02, 0x00, 0x00, 0x9d, 0x02, 0x00, 0x00, 0x92, 0x02, 0x00, 0x00,
    0x9b, 0x02, 0x00, 0x00, 0x9a, 0x00, 0x04, 0x00, 0x81, 0x00, 0x00, 0x00,
    0x9e, 0x02, 0x00, 0x00, 0x9d, 0x02, 0x00, 0x00, 0xf7, 0x00, 0x03, 0x00,
    0xa0, 0x02, 0x00, 0x00, 0x00, 0x00, 0x00, 0x00, 0xfa, 0x00, 0x04, 0x00,
    0x9e, 0x02, 0x00, 0x00, 0x9f, 0x02, 0x00, 0x00, 0xa0, 0x02, 0x00, 0x00,
    0xf8, 0x00, 0x02, 0x00, 0x9f, 0x02, 0x00, 0x00, 0xf9, 0x00, 0x02, 0x00,
    0xd9, 0x02, 0x00, 0x00, 0xf8, 0x00, 0x02, 0x00, 0xa0, 0x02, 0x00, 0x00,
    0x41, 0x00, 0x06, 0x00, 0x29, 0x00, 0x00, 0x00, 0xa3, 0x02, 0x00, 0x00,
    0x97, 0x02, 0x00, 0x00, 0x27, 0x00, 0x00, 0x00, 0x80, 0x00, 0x00, 0x00,
    0x3d, 0x00, 0x04, 0x00, 0x06, 0x00, 0x00, 0x00, 0xa4, 0x02, 0x00, 0x00,
    0xa3, 0x02, 0x00, 0x00, 0x41, 0x00, 0x06, 0x00, 0x29, 0x00, 0x00, 0x00,
    0xa6, 0x02, 0x00, 0x00, 0x97, 0x02, 0x00, 0x00, 0x27, 0x00, 0x00, 0x00,
    0x52, 0x00, 0x00, 0x00, 0x3d, 0x00, 0x04, 0x00, 0x06, 0x00, 0x00, 0x00,
    0xa7, 0x02, 0x00, 0x00, 0xa6, 0x02, 0x00, 0x00, 0xc7, 0x00, 0x05, 0x00,
    0x06, 0x00, 0x00, 0x00, 0xa9, 0x02, 0x00, 0x00, 0xa7, 0x02, 0x00, 0x00,
    0x52, 0x00, 0x00, 0x00, 0xab, 0x00, 0x05, 0x00, 0x81, 0x00, 0x00, 0x00,
    0xaa, 0x02, 0x00, 0x00, 0xa9, 0x02, 0x00, 0x00, 0x80, 0x00, 0x00, 0x00,
    0xf7, 0x00, 0x03, 0x00, 0xac, 0x02, 0x00, 0x00, 0x00, 0x00, 0x00, 0x00,
    0xfa, 0x00, 0x04, 0x00, 0xaa, 0x02, 0x00, 0x00, 0xab, 0x02, 0x00, 0x00,
    0xac, 0x02, 0x00, 0x00, 0xf8, 0x00, 0x02, 0x00, 0xab, 0x02, 0x00, 0x00,
    0x3d, 0x00, 0x04, 0x00, 0xad, 0x02, 0x00, 0x00, 0xb0, 0x02, 0x00, 0x00,
    0xaf, 0x02, 0x00, 0x00, 0x7c, 0x00, 0x04, 0x00, 0xb2, 0x02, 0x00, 0x00,
    0xb3, 0x02, 0x00, 0x00, 0x92, 0x02, 0x00, 0x00, 0xf7, 0x00, 0x03, 0x00,
    0x9b, 0x04, 0x00, 0x00, 0x00, 0x00, 0x00, 0x00, 0xfb, 0x00, 0x03, 0x00,
    0x80, 0x00, 0x00, 0x00, 0x2e, 0x03, 0x00, 0x00, 0xf8, 0x00, 0x02, 0x00,
    0x2e, 0x03, 0x00, 0x00, 0x51, 0x00, 0x05, 0x00, 0x06, 0x00, 0x00, 0x00,
    0x30, 0x03, 0x00, 0x00, 0x91, 0x02, 0x00, 0x00, 0x00, 0x00, 0x00, 0x00,
    0xaa, 0x00, 0x05, 0x00, 0x81, 0x00, 0x00, 0x00, 0x32, 0x03, 0x00, 0x00,
    0xa4, 0x02, 0x00, 0x00, 0x5a, 0x00, 0x00, 0x00, 0xa9, 0x00, 0x06, 0x00,
    0x06, 0x00, 0x00, 0x00, 0x33, 0x03, 0x00, 0x00, 0x32, 0x03, 0x00, 0x00,
    0x68, 0x00, 0x00, 0x00, 0x80, 0x00, 0x00, 0x00, 0x41, 0x00, 0x06, 0x00,
    0x29, 0x00, 0x00, 0x00, 0xa0, 0x04, 0x00, 0x00, 0x25, 0x00, 0x00, 0x00,
    0x27, 0x00, 0x00, 0x00, 0x33, 0x03, 0x00, 0x00, 0x3d, 0x00, 0x04, 0x00,
    0x06, 0x00, 0x00, 0x00, 0xa1, 0x04, 0x00, 0x00, 0xa0, 0x04, 0x00, 0x00,
    0xae, 0x00, 0x05, 0x00, 0x81, 0x00, 0x00, 0x00, 0x35, 0x03, 0x00, 0x00,
    0x30, 0x03, 0x00, 0x00, 0xa1, 0x04, 0x00, 0x00, 0xa8, 0x00, 0x04, 0x00,
    0x81, 0x00, 0x00, 0x00, 0x36, 0x03, 0x00, 0x00, 0x35, 0x03, 0x00, 0x00,
    0xf7, 0x00, 0x03, 0x00, 0x3f, 0x03, 0x00, 0x00, 0x00, 0x00, 0x00, 0x00,
    0xfa, 0x00, 0x04, 0x00, 0x36, 0x03, 0x00, 0x00, 0x37, 0x03, 0x00, 0x00,
    0x3f, 0x03, 0x00, 0x00, 0xf8, 0x00, 0x02, 0x00, 0x37, 0x03, 0x00, 0x00,
    0x51, 0x00, 0x05, 0x00, 0x06, 0x00, 0x00, 0x00, 0x39, 0x03, 0x00, 0x00,
    0x91, 0x02, 0x00, 0x00, 0x01, 0x00, 0x00, 0x00, 0xa9, 0x00, 0x06, 0x00,
    0x06, 0x00, 0x00, 0x00, 0x3c, 0x03, 0x00, 0x00, 0x32, 0x03, 0x00, 0x00,
    0xdc, 0x00, 0x00, 0x00, 0x52, 0x00, 0x00, 0x00, 0x41, 0x00, 0x06, 0x00,
    0x29, 0x00, 0x00, 0x00, 0xa5, 0x04, 0x00, 0x00, 0x25, 0x00, 0x00, 0x00,
    0x27, 0x00, 0x00, 0x00, 0x3c, 0x03, 0x00, 0x00, 0x3d, 0x00, 0x04, 0x00,
    0x06, 0x00, 0x00, 0x00, 0xa6, 0x04, 0x00, 0x00, 0xa5, 0x04, 0x00, 0x00,
    0xae, 0x00, 0x05, 0x00, 0x81, 0x00, 0x00, 0x00, 0x3e, 0x03, 0x00, 0x00,
    0x39, 0x03, 0x00, 0x00, 0xa6, 0x04, 0x00, 0x00, 0xf9, 0x00, 0x02, 0x00,
    0x3f, 0x03, 0x00, 0x00, 0xf8, 0x00, 0x02, 0x00, 0x3f, 0x03, 0x00, 0x00,
    0xf5, 0x00, 0x07, 0x00, 0x81, 0x00, 0x00, 0x00, 0x40, 0x03, 0x00, 0x00,
    0x35, 0x03, 0x00, 0x00, 0x2e, 0x03, 0x00, 0x00, 0x3e, 0x03, 0x00, 0x00,
    0x37, 0x03, 0x00, 0x00, 0xf7, 0x00, 0x03, 0x00, 0x43, 0x03, 0x00, 0x00,
    0x00, 0x00, 0x00, 0x00, 0xfa, 0x00, 0x04, 0x00, 0x40, 0x03, 0x00, 0x00,
    0x41, 0x03, 0x00, 0x00, 0x43, 0x03, 0x00, 0x00, 0xf8, 0x00, 0x02, 0x00,
    0x41, 0x03, 0x00, 0x00, 0xf9, 0x00, 0x02, 0x00, 0x9b, 0x04, 0x00, 0x00,
    0xf8, 0x00, 0x02, 0x00, 0x43, 0x03, 0x00, 0x00, 0x84, 0x00, 0x05, 0x00,
    0x06, 0x00, 0x00, 0x00, 0x45, 0x03, 0x00, 0x00, 0xa4, 0x02, 0x00, 0x00,
    0xe8, 0x00, 0x00, 0x00, 0x51, 0x00, 0x05, 0x00, 0x06, 0x00, 0x00, 0x00,
    0x47, 0x03, 0x00, 0x00, 0x91, 0x02, 0x00, 0x00, 0x01, 0x00, 0x00, 0x00,
    0x80, 0x00, 0x05, 0x00, 0x06, 0x00, 0x00, 0x00, 0x48, 0x03, 0x00, 0x00,
    0x45, 0x03, 0x00, 0x00, 0x47, 0x03, 0x00, 0x00, 0x84, 0x00, 0x05, 0x00,
    0x06, 0x00, 0x00, 0x00, 0x4a, 0x03, 0x00, 0x00, 0x48, 0x03, 0x00, 0x00,
    0x35, 0x00, 0x00, 0x00, 0x80, 0x00, 0x05, 0x00, 0x06, 0x00, 0x00, 0x00,
    0x4b, 0x03, 0x00, 0x00, 0x35, 0x00, 0x00, 0x00, 0x4a, 0x03, 0x00, 0x00,
    0xf7, 0x00, 0x03, 0x00, 0x78, 0x03, 0x00, 0x00, 0x00, 0x00, 0x00, 0x00,
    0xfa, 0x00, 0x04, 0x00, 0x32, 0x03, 0x00, 0x00, 0x4e, 0x03, 0x00, 0x00,
    0x78, 0x03, 0x00, 0x00, 0xf8, 0x00, 0x02, 0x00, 0x4e, 0x03, 0x00, 0x00,
    0x80, 0x00, 0x05, 0x00, 0x06, 0x00, 0x00, 0x00, 0x50, 0x03, 0x00, 0x00,
    0x4a, 0x03, 0x00, 0x00, 0x9d, 0x10, 0x00, 0x00, 0x41, 0x00, 0x06, 0x00,
    0x29, 0x00, 0x00, 0x00, 0xaa, 0x04, 0x00, 0x00, 0x25, 0x00, 0x00, 0x00,
    0x27, 0x00, 0x00, 0x00, 0x50, 0x03, 0x00, 0x00, 0x3d, 0x00, 0x04, 0x00,
    0x06, 0x00, 0x00, 0x00, 0xab, 0x04, 0x00, 0x00, 0xaa, 0x04, 0x00, 0x00,
    0xc7, 0x00, 0x05, 0x00, 0x06, 0x00, 0x00, 0x00, 0x55, 0x03, 0x00, 0x00,
    0xab, 0x04, 0x00, 0x00, 0xfd, 0x00, 0x00, 0x00, 0xae, 0x00, 0x05, 0x00,
    0x81, 0x00, 0x00, 0x00, 0x56, 0x03, 0x00, 0x00, 0x30, 0x03, 0x00, 0x00,
    0x55, 0x03, 0x00, 0x00, 0xf7, 0x00, 0x03, 0x00, 0x5d, 0x03, 0x00, 0x00,
    0x00, 0x00, 0x00, 0x00, 0xfa, 0x00, 0x04, 0x00, 0x56, 0x03, 0x00, 0x00,
    0x57, 0x03, 0x00, 0x00, 0x5d, 0x03, 0x00, 0x00, 0xf8, 0x00, 0x02, 0x00,
    0x57, 0x03, 0x00, 0x00, 0xc2, 0x00, 0x05, 0x00, 0x06, 0x00, 0x00, 0x00,
    0x5b, 0x03, 0x00, 0x00, 0xab, 0x04, 0x00, 0x00, 0x2f, 0x00, 0x00, 0x00,
    0xb0, 0x00, 0x05, 0x00, 0x81, 0x00, 0x00, 0x00, 0x5c, 0x03, 0x00, 0x00,
    0x30, 0x03, 0x00, 0x00, 0x5b, 0x03, 0x00, 0x00, 0xf9, 0x00, 0x02, 0x00,
    0x5d, 0x03, 0x00, 0x00, 0xf8, 0x00, 0x02, 0x00, 0x5d, 0x03, 0x00, 0x00,
    0xf5, 0x00, 0x07, 0x00, 0x81, 0x00, 0x00, 0x00, 0x5e, 0x03, 0x00, 0x00,
    0x56, 0x03, 0x00, 0x00, 0x4e, 0x03, 0x00, 0x00, 0x5c, 0x03, 0x00, 0x00,
    0x57, 0x03, 0x00, 0x00, 0xf7, 0x00, 0x03, 0x00, 0x77, 0x03, 0x00, 0x00,
    0x00, 0x00, 0x00, 0x00, 0xfa, 0x00, 0x04, 0x00, 0x5e, 0x03, 0x00, 0x00,
    0x5f, 0x03, 0x00, 0x00, 0x77, 0x03, 0x00, 0x00, 0xf8, 0x00, 0x02, 0x00,
    0x5f, 0x03, 0x00, 0x00, 0x80, 0x00, 0x05, 0x00, 0x06, 0x00, 0x00, 0x00,
    0x61, 0x03, 0x00, 0x00, 0x4a, 0x03, 0x00, 0x00, 0x9e, 0x10, 0x00, 0x00,
    0x41, 0x00, 0x06, 0x00, 0x29, 0x00, 0x00, 0x00, 0xaf, 0x04, 0x00, 0x00,
    0x25, 0x00, 0x00, 0x00, 0x27, 0x00, 0x00, 0x00, 0x61, 0x03, 0x00, 0x00,
    0x3d, 0x00, 0x04, 0x00, 0x06, 0x00, 0x00, 0x00, 0xb0, 0x04, 0x00, 0x00,
    0xaf, 0x04, 0x00, 0x00, 0x7c, 0x00, 0x04, 0x00, 0x26, 0x00, 0x00, 0x00,
    0x63, 0x03, 0x00, 0x00, 0xb0, 0x04, 0x00, 0x00, 0x7c, 0x00, 0x04, 0x00,
    0x26, 0x00, 0x00, 0x00, 0x66, 0x03, 0x00, 0x00, 0x30, 0x03, 0x00, 0x00,
    0x80, 0x00, 0x05, 0x00, 0x26, 0x00, 0x00, 0x00, 0x67, 0x03, 0x00, 0x00,
    0x63, 0x03, 0x00, 0x00, 0x66, 0x03, 0x00, 0x00, 0x7c, 0x00, 0x04, 0x00,
    0x06, 0x00, 0x00, 0x00, 0x68, 0x03, 0x00, 0x00, 0x67, 0x03, 0x00, 0x00,
    0x41, 0x00, 0x06, 0x00, 0x29, 0x00, 0x00, 0x00, 0xb4, 0x04, 0x00, 0x00,
    0x25, 0x00, 0x00, 0x00, 0x27, 0x00, 0x00, 0x00, 0x15, 0x01, 0x00, 0x00,
    0x3d, 0x00, 0x04, 0x00, 0x06, 0x00, 0x00, 0x00, 0xb5, 0x04, 0x00, 0x00,
    0xb4, 0x04, 0x00, 0x00, 0x89, 0x00, 0x05, 0x00, 0x06, 0x00, 0x00, 0x00,
    0x6b, 0x03, 0x00, 0x00, 0x68, 0x03, 0x00, 0x00, 0x19, 0x01, 0x00, 0x00,
    0x86, 0x00, 0x05, 0x00, 0x06, 0x00, 0x00, 0x00, 0x6d, 0x03, 0x00, 0x00,
    0x68, 0x03, 0x00, 0x00, 0x19, 0x01, 0x00, 0x00, 0x50, 0x00, 0x05, 0x00,
    0x1a, 0x00, 0x00, 0x00, 0x6e, 0x03, 0x00, 0x00, 0x6b, 0x03, 0x00, 0x00,
    0x6d, 0x03, 0x00, 0x00, 0x84, 0x00, 0x05, 0x00, 0x06, 0x00, 0x00, 0x00,
    0x70, 0x03, 0x00, 0x00, 0xb5, 0x04, 0x00, 0x00, 0xe8, 0x00, 0x00, 0x00,
    0x80, 0x00, 0x05, 0x00, 0x06, 0x00, 0x00, 0x00, 0x73, 0x03, 0x00, 0x00,
    0x70, 0x03, 0x00, 0x00, 0x6d, 0x03, 0x00, 0x00, 0x84, 0x00, 0x05, 0x00,
    0x06, 0x00, 0x00, 0x00, 0x75, 0x03, 0x00, 0x00, 0x73, 0x03, 0x00, 0x00,
    0x35, 0x00, 0x00, 0x00, 0x80, 0x00, 0x05, 0x00, 0x06, 0x00, 0x00, 0x00,
    0x76, 0x03, 0x00, 0x00, 0x35, 0x00, 0x00, 0x00, 0x75, 0x03, 0x00, 0x00,
    0xf9, 0x00, 0x02, 0x00, 0x77, 0x03, 0x00, 0x00, 0xf8, 0x00, 0x02, 0x00,
    0x77, 0x03, 0x00, 0x00, 0xf5, 0x00, 0x07, 0x00, 0x06, 0x00, 0x00, 0x00,
    0x0c, 0x10, 0x00, 0x00, 0xa4, 0x02, 0x00, 0x00, 0x5d, 0x03, 0x00, 0x00,
    0xb5, 0x04, 0x00, 0x00, 0x5f, 0x03, 0x00, 0x00, 0xf5, 0x00, 0x07, 0x00,
    0x1a, 0x00, 0x00, 0x00, 0xf4, 0x0f, 0x00, 0x00, 0x92, 0x02, 0x00, 0x00,
    0x5d, 0x03, 0x00, 0x00, 0x6e, 0x03, 0x00, 0x00, 0x5f, 0x03, 0x00, 0x00,
    0xf5, 0x00, 0x07, 0x00, 0x06, 0x00, 0x00, 0x00, 0xf0, 0x0f, 0x00, 0x00,
    0x4b, 0x03, 0x00, 0x00, 0x5d, 0x03, 0x00, 0x00, 0x76, 0x03, 0x00, 0x00,
    0x5f, 0x03, 0x00, 0x00, 0xf9, 0x00, 0x02, 0x00, 0x78, 0x03, 0x00, 0x00,
    0xf8, 0x00, 0x02, 0x00, 0x78, 0x03, 0x00, 0x00, 0xf5, 0x00, 0x07, 0x00,
    0x06, 0x00, 0x00, 0x00, 0x0b, 0x10, 0x00, 0x00, 0xa4, 0x02, 0x00, 0x00,
    0x43, 0x03, 0x00, 0x00, 0x0c, 0x10, 0x00, 0x00, 0x77, 0x03, 0x00, 0x00,
    0xf5, 0x00, 0x07, 0x00, 0x1a, 0x00, 0x00, 0x00, 0xf3, 0x0f, 0x00, 0x00,
    0x92, 0x02, 0x00, 0x00, 0x43, 0x03, 0x00, 0x00, 0xf4, 0x0f, 0x00, 0x00,
    0x77, 0x03, 0x00, 0x00, 0xf5, 0x00, 0x07, 0x00, 0x06, 0x00, 0x00, 0x00,
    0xef, 0x0f, 0x00, 0x00, 0x4b, 0x03, 0x00, 0x00, 0x43, 0x03, 0x00, 0x00,
    0xf0, 0x0f, 0x00, 0x00, 0x77, 0x03, 0x00, 0x00, 0x41, 0x00, 0x06, 0x00,
    0x29, 0x00, 0x00, 0x00, 0xb9, 0x04, 0x00, 0x00, 0x25, 0x00, 0x00, 0x00,
    0x27, 0x00, 0x00, 0x00, 0xef, 0x0f, 0x00, 0x00, 0x3d, 0x00, 0x04, 0x00,
    0x06, 0x00, 0x00, 0x00, 0xba, 0x04, 0x00, 0x00, 0xb9, 0x04, 0x00, 0x00,
    0xaa, 0x00, 0x05, 0x00, 0x81, 0x00, 0x00, 0x00, 0x7b, 0x03, 0x00, 0x00,
    0xba, 0x04, 0x00, 0x00, 0x80, 0x00, 0x00, 0x00, 0xf7, 0x00, 0x03, 0x00,
    0x7e, 0x03, 0x00, 0x00, 0x00, 0x00, 0x00, 0x00, 0xfa, 0x00, 0x04, 0x00,
    0x7b, 0x03, 0x00, 0x00, 0x7c, 0x03, 0x00, 0x00, 0x7e, 0x03, 0x00, 0x00,
    0xf8, 0x00, 0x02, 0x00, 0x7c, 0x03, 0x00, 0x00, 0xf9, 0x00, 0x02, 0x00,
    0x9b, 0x04, 0x00, 0x00, 0xf8, 0x00, 0x02, 0x00, 0x7e, 0x03, 0x00, 0x00,
    0x80, 0x00, 0x05, 0x00, 0x06, 0x00, 0x00, 0x00, 0x80, 0x03, 0x00, 0x00,
    0xef, 0x0f, 0x00, 0x00, 0x48, 0x00, 0x00, 0x00, 0x41, 0x00, 0x06, 0x00,
    0x29, 0x00, 0x00, 0x00, 0xbe, 0x04, 0x00, 0x00, 0x25, 0x00, 0x00, 0x00,
    0x27, 0x00, 0x00, 0x00, 0x80, 0x03, 0x00, 0x00, 0x3d, 0x00, 0x04, 0x00,
    0x06, 0x00, 0x00, 0x00, 0xbf, 0x04, 0x00, 0x00, 0xbe, 0x04, 0x00, 0x00,
    0x80, 0x00, 0x05, 0x00, 0x06, 0x00, 0x00, 0x00, 0x83, 0x03, 0x00, 0x00,
    0xef, 0x0f, 0x00, 0x00, 0x15, 0x01, 0x00, 0x00, 0x41, 0x00, 0x06, 0x00,
    0x29, 0x00, 0x00, 0x00, 0xc3, 0x04, 0x00, 0x00, 0x25, 0x00, 0x00, 0x00,
    0x27, 0x00, 0x00, 0x00, 0x83, 0x03, 0x00, 0x00, 0x3d, 0x00, 0x04, 0x00,
    0x06, 0x00, 0x00, 0x00, 0xc4, 0x04, 0x00, 0x00, 0xc3, 0x04, 0x00, 0x00,
    0xaa, 0x00, 0x05, 0x00, 0x81, 0x00, 0x00, 0x00, 0x86, 0x03, 0x00, 0x00,
    0xbf, 0x04, 0x00, 0x00, 0x80, 0x00, 0x00, 0x00, 0xf7, 0x00, 0x03, 0x00,
    0xa3, 0x03, 0x00, 0x00, 0x00, 0x00, 0x00, 0x00, 0xfa, 0x00, 0x04, 0x00,
    0x86, 0x03, 0x00, 0x00, 0x87, 0x03, 0x00, 0x00, 0xa3, 0x03, 0x00, 0x00,
    0xf8, 0x00, 0x02, 0x00, 0x87, 0x03, 0x00, 0x00, 0x51, 0x00, 0x05, 0x00,
    0x06, 0x00, 0x00, 0x00, 0x8c, 0x03, 0x00, 0x00, 0xf3, 0x0f, 0x00, 0x00,
    0x00, 0x00, 0x00, 0x00, 0x80, 0x00, 0x05, 0x00, 0x06, 0x00, 0x00, 0x00,
    0x8e, 0x03, 0x00, 0x00, 0xef, 0x0f, 0x00, 0x00, 0x5a, 0x00, 0x00, 0x00,
    0x41, 0x00, 0x06, 0x00, 0x29, 0x00, 0x00, 0x00, 0xc8, 0x04, 0x00, 0x00,
    0x25, 0x00, 0x00, 0x00, 0x27, 0x00, 0x00, 0x00, 0x8e, 0x03, 0x00, 0x00,
    0x3d, 0x00, 0x04, 0x00, 0x06, 0x00, 0x00, 0x00, 0xc9, 0x04, 0x00, 0x00,
    0xc8, 0x04, 0x00, 0x00, 0xae, 0x00, 0x05, 0x00, 0x81, 0x00, 0x00, 0x00,
    0x90, 0x03, 0x00, 0x00, 0x8c, 0x03, 0x00, 0x00, 0xc9, 0x04, 0x00, 0x00,
    0xf7, 0x00, 0x03, 0x00, 0x9a, 0x03, 0x00, 0x00, 0x00, 0x00, 0x00, 0x00,
    0xfa, 0x00, 0x04, 0x00, 0x90, 0x03, 0x00, 0x00, 0x93, 0x03, 0x00, 0x00,
    0x9a, 0x03, 0x00, 0x00, 0xf8, 0x00, 0x02, 0x00, 0x93, 0x03, 0x00, 0x00,
    0x80, 0x00, 0x05, 0x00, 0x06, 0x00, 0x00, 0x00, 0x97, 0x03, 0x00, 0x00,
    0xef, 0x0f, 0x00, 0x00, 0xb8, 0x00, 0x00, 0x00, 0x41, 0x00, 0x06, 0x00,
    0x29, 0x00, 0x00, 0x00, 0xcd, 0x04, 0x00, 0x00, 0x25, 0x00, 0x00, 0x00,
    0x27, 0x00, 0x00, 0x00, 0x97, 0x03, 0x00, 0x00, 0x3d, 0x00, 0x04, 0x00,
    0x06, 0x00, 0x00, 0x00, 0xce, 0x04, 0x00, 0x00, 0xcd, 0x04, 0x00, 0x00,
    0xb0, 0x00, 0x05, 0x00, 0x81, 0x00, 0x00, 0x00, 0x99, 0x03, 0x00, 0x00,
    0x8c, 0x03, 0x00, 0x00, 0xce, 0x04, 0x00, 0x00, 0xf9, 0x00, 0x02, 0x00,
    0x9a, 0x03, 0x00, 0x00, 0xf8, 0x00, 0x02, 0x00, 0x9a, 0x03, 0x00, 0x00,
    0xf5, 0x00, 0x07, 0x00, 0x81, 0x00, 0x00, 0x00, 0x9b, 0x03, 0x00, 0x00,
    0x90, 0x03, 0x00, 0x00, 0x87, 0x03, 0x00, 0x00, 0x99, 0x03, 0x00, 0x00,
    0x93, 0x03, 0x00, 0x00, 0xf7, 0x00, 0x03, 0x00, 0xa1, 0x03, 0x00, 0x00,
    0x00, 0x00, 0x00, 0x00, 0xfa, 0x00, 0x04, 0x00, 0x9b, 0x03, 0x00, 0x00,
    0x9c, 0x03, 0x00, 0x00, 0xa1, 0x03, 0x00, 0x00, 0xf8, 0x00, 0x02, 0x00,
    0x9c, 0x03, 0x00, 0x00, 0x80, 0x00, 0x05, 0x00, 0x06, 0x00, 0x00, 0x00,
    0x9e, 0x03, 0x00, 0x00, 0xef, 0x0f, 0x00, 0x00, 0x52, 0x00, 0x00, 0x00,
    0x41, 0x00, 0x06, 0x00, 0x29, 0x00, 0x00, 0x00, 0xd2, 0x04, 0x00, 0x00,
    0x25, 0x00, 0x00, 0x00, 0x27, 0x00, 0x00, 0x00, 0x9e, 0x03, 0x00, 0x00,
    0x3d, 0x00, 0x04, 0x00, 0x06, 0x00, 0x00, 0x00, 0xd3, 0x04, 0x00, 0x00,
    0xd2, 0x04, 0x00, 0x00, 0xc2, 0x00, 0x05, 0x00, 0x06, 0x00, 0x00, 0x00,
    0xd7, 0x04, 0x00, 0x00, 0xd3, 0x04, 0x00, 0x00, 0x2f, 0x00, 0x00, 0x00,
    0xc7, 0x00, 0x05, 0x00, 0x06, 0x00, 0x00, 0x00, 0xd8, 0x04, 0x00, 0x00,
    0xd7, 0x04, 0x00, 0x00, 0x31, 0x00, 0x00, 0x00, 0x70, 0x00, 0x04, 0x00,
    0x0c, 0x00, 0x00, 0x00, 0xd9, 0x04, 0x00, 0x00, 0xd8, 0x04, 0x00, 0x00,
    0xc2, 0x00, 0x05, 0x00, 0x06, 0x00, 0x00, 0x00, 0xdb, 0x04, 0x00, 0x00,
    0xd3, 0x04, 0x00, 0x00, 0x35, 0x00, 0x00, 0x00, 0xc7, 0x00, 0x05, 0x00,
    0x06, 0x00, 0x00, 0x00, 0xdc, 0x04, 0x00, 0x00, 0xdb, 0x04, 0x00, 0x00,
    0x31, 0x00, 0x00, 0x00, 0x70, 0x00, 0x04, 0x00, 0x0c, 0x00, 0x00, 0x00,
    0xdd, 0x04, 0x00, 0x00, 0xdc, 0x04, 0x00, 0x00, 0xc7, 0x00, 0x05, 0x00,
    0x06, 0x00, 0x00, 0x00, 0xdf, 0x04, 0x00, 0x00, 0xd3, 0x04, 0x00, 0x00,
    0x31, 0x00, 0x00, 0x00, 0x70, 0x00, 0x04, 0x00, 0x0c, 0x00, 0x00, 0x00,
    0xe0, 0x04, 0x00, 0x00, 0xdf, 0x04, 0x00, 0x00, 0xc2, 0x00, 0x05, 0x00,
    0x06, 0x00, 0x00, 0x00, 0xe2, 0x04, 0x00, 0x00, 0xd3, 0x04, 0x00, 0x00,
    0x3d, 0x00, 0x00, 0x00, 0x70, 0x00, 0x04, 0x00, 0x0c, 0x00, 0x00, 0x00,
    0xe3, 0x04, 0x00, 0x00, 0xe2, 0x04, 0x00, 0x00, 0x50, 0x00, 0x07, 0x00,
    0x0d, 0x00, 0x00, 0x00, 0xe4, 0x04, 0x00, 0x00, 0xd9, 0x04, 0x00, 0x00,
    0xdd, 0x04, 0x00, 0x00, 0xe0, 0x04, 0x00, 0x00, 0xe3, 0x04, 0x00, 0x00,
    0x85, 0x00, 0x05, 0x00, 0x0d, 0x00, 0x00, 0x00, 0xe6, 0x04, 0x00, 0x00,
    0xe4, 0x04, 0x00, 0x00, 0xa0, 0x10, 0x00, 0x00, 0xf9, 0x00, 0x02, 0x00,
    0xa1, 0x03, 0x00, 0x00, 0xf8, 0x00, 0x02, 0x00, 0xa1, 0x03, 0x00, 0x00,
    0xf5, 0x00, 0x07, 0x00, 0x0d, 0x00, 0x00, 0x00, 0x21, 0x10, 0x00, 0x00,
    0xc8, 0x00, 0x00, 0x00, 0x9a, 0x03, 0x00, 0x00, 0xe6, 0x04, 0x00, 0x00,
    0x9c, 0x03, 0x00, 0x00, 0xf9, 0x00, 0x02, 0x00, 0x9b, 0x04, 0x00, 0x00,
    0xf8, 0x00, 0x02, 0x00, 0xa3, 0x03, 0x00, 0x00, 0xaa, 0x00, 0x05, 0x00,
    0x81, 0x00, 0x00, 0x00, 0xa6, 0x03, 0x00, 0x00, 0xba, 0x04, 0x00, 0x00,
    0x68, 0x00, 0x00, 0x00, 0xf7, 0x00, 0x03, 0x00, 0xac, 0x03, 0x00, 0x00,
    0x00, 0x00, 0x00, 0x00, 0xfa, 0x00, 0x04, 0x00, 0xa6, 0x03, 0x00, 0x00,
    0xa7, 0x03, 0x00, 0x00, 0xac, 0x03, 0x00, 0x00, 0xf8, 0x00, 0x02, 0x00,
    0xa7, 0x03, 0x00, 0x00, 0x80, 0x00, 0x05, 0x00, 0x06, 0x00, 0x00, 0x00,
    0xa9, 0x03, 0x00, 0x00, 0xef, 0x0f, 0x00, 0x00, 0xdc, 0x00, 0x00, 0x00,
    0x41, 0x00, 0x06, 0x00, 0x29, 0x00, 0x00, 0x00, 0xef, 0x04, 0x00, 0x00,
    0x25, 0x00, 0x00, 0x00, 0x27, 0x00, 0x00, 0x00, 0xa9, 0x03, 0x00, 0x00,
    0x3d, 0x00, 0x04, 0x00, 0x06, 0x00, 0x00, 0x00, 0xf0, 0x04, 0x00, 0x00,
    0xef, 0x04, 0x00, 0x00, 0xab, 0x00, 0x05, 0x00, 0x81, 0x00, 0x00, 0x00,
    0xab, 0x03, 0x00, 0x00, 0xf0, 0x04, 0x00, 0x00, 0x80, 0x00, 0x00, 0x00,
    0xf9, 0x00, 0x02, 0x00, 0xac, 0x03, 0x00, 0x00, 0xf8, 0x00, 0x02, 0x00,
    0xac, 0x03, 0x00, 0x00, 0xf5, 0x00, 0x07, 0x00, 0x81, 0x00, 0x00, 0x00,
    0xad, 0x03, 0x00, 0x00, 0xa6, 0x03, 0x00, 0x00, 0xa3, 0x03, 0x00, 0x00,
    0xab, 0x03, 0x00, 0x00, 0xa7, 0x03, 0x00, 0x00, 0xf7, 0x00, 0x03, 0x00,
    0xce, 0x03, 0x00, 0x00, 0x00, 0x00, 0x00, 0x00, 0xfa, 0x00, 0x04, 0x00,
    0xad, 0x03, 0x00, 0x00, 0xae, 0x03, 0x00, 0x00, 0xce, 0x03, 0x00, 0x00,
    0xf8, 0x00, 0x02, 0x00, 0xae, 0x03, 0x00, 0x00, 0x80, 0x00, 0x05, 0x00,
    0x06, 0x00, 0x00, 0x00, 0xb0, 0x03, 0x00, 0x00, 0xef, 0x0f, 0x00, 0x00,
    0xdc, 0x00, 0x00, 0x00, 0x41, 0x00, 0x06, 0x00, 0x29, 0x00, 0x00, 0x00,
    0xf4, 0x04, 0x00, 0x00, 0x25, 0x00, 0x00, 0x00, 0x27, 0x00, 0x00, 0x00,
    0xb0, 0x03, 0x00, 0x00, 0x3d, 0x00, 0x04, 0x00, 0x06, 0x00, 0x00, 0x00,
    0xf5, 0x04, 0x00, 0x00, 0xf4, 0x04, 0x00, 0x00, 0x51, 0x00, 0x05, 0x00,
    0x06, 0x00, 0x00, 0x00, 0xb3, 0x03, 0x00, 0x00, 0xf3, 0x0f, 0x00, 0x00,
    0x00, 0x00, 0x00, 0x00, 0x86, 0x00, 0x05, 0x00, 0x06, 0x00, 0x00, 0x00,
    0xb4, 0x03, 0x00, 0x00, 0xb3, 0x03, 0x00, 0x00, 0x35, 0x00, 0x00, 0x00,
    0x84, 0x00, 0x05, 0x00, 0x06, 0x00, 0x00, 0x00, 0xb5, 0x03, 0x00, 0x00,
    0xb4, 0x03, 0x00, 0x00, 0x72, 0x01, 0x00, 0x00, 0x80, 0x00, 0x05, 0x00,
    0x06, 0x00, 0x00, 0x00, 0xb6, 0x03, 0x00, 0x00, 0xf5, 0x04, 0x00, 0x00,
    0xb5, 0x03, 0x00, 0x00, 0x80, 0x00, 0x05, 0x00, 0x06, 0x00, 0x00, 0x00,
    0xbb, 0x03, 0x00, 0x00, 0xb6, 0x03, 0x00, 0x00, 0x5a, 0x00, 0x00, 0x00,
    0x41, 0x00, 0x06, 0x00, 0x29, 0x00, 0x00, 0x00, 0xf9, 0x04, 0x00, 0x00,
    0x25, 0x00, 0x00, 0x00, 0x27, 0x00, 0x00, 0x00, 0xbb, 0x03, 0x00, 0x00,
    0x3d, 0x00, 0x04, 0x00, 0x06, 0x00, 0x00, 0x00, 0xfa, 0x04, 0x00, 0x00,
    0xf9, 0x04, 0x00, 0x00, 0xc7, 0x00, 0x05, 0x00, 0x06, 0x00, 0x00, 0x00,
    0xbf, 0x03, 0x00, 0x00, 0xb3, 0x03, 0x00, 0x00, 0x48, 0x00, 0x00, 0x00,
    0x80, 0x00, 0x05, 0x00, 0x06, 0x00, 0x00, 0x00, 0xc0, 0x03, 0x00, 0x00,
    0xbf, 0x03, 0x00, 0x00, 0x3d, 0x00, 0x00, 0x00, 0xc4, 0x00, 0x05, 0x00,
    0x06, 0x00, 0x00, 0x00, 0xc1, 0x03, 0x00, 0x00, 0x52, 0x00, 0x00, 0x00,
    0xc0, 0x03, 0x00, 0x00, 0xc7, 0x00, 0x05, 0x00, 0x06, 0x00, 0x00, 0x00,
    0xc2, 0x03, 0x00, 0x00, 0xfa, 0x04, 0x00, 0x00, 0xc1, 0x03, 0x00, 0x00,
    0xab, 0x00, 0x05, 0x00, 0x81, 0x00, 0x00, 0x00, 0xc3, 0x03, 0x00, 0x00,
    0xc2, 0x03, 0x00, 0x00, 0x80, 0x00, 0x00, 0x00, 0xf7, 0x00, 0x03, 0x00,
    0xcd, 0x03, 0x00, 0x00, 0x00, 0x00, 0x00, 0x00, 0xfa, 0x00, 0x04, 0x00,
    0xc3, 0x03, 0x00, 0x00, 0xc4, 0x03, 0x00, 0x00, 0xcd, 0x03, 0x00, 0x00,
    0xf8, 0x00, 0x02, 0x00, 0xc4, 0x03, 0x00, 0x00, 0xf7, 0x00, 0x03, 0x00,
    0x73, 0x05, 0x00, 0x00, 0x00, 0x00, 0x00, 0x00, 0xfb, 0x00, 0x03, 0x00,
    0x80, 0x00, 0x00, 0x00, 0x0e, 0x05, 0x00, 0x00, 0xf8, 0x00, 0x02, 0x00,
    0x0e, 0x05, 0x00, 0x00, 0x41, 0x00, 0x06, 0x00, 0x29, 0x00, 0x00, 0x00,
    0x78, 0x05, 0x00, 0x00, 0x25, 0x00, 0x00, 0x00, 0x27, 0x00, 0x00, 0x00,
    0xb6, 0x03, 0x00, 0x00, 0x3d, 0x00, 0x04, 0x00, 0x06, 0x00, 0x00, 0x00,
    0x79, 0x05, 0x00, 0x00, 0x78, 0x05, 0x00, 0x00, 0xc2, 0x00, 0x05, 0x00,
    0x06, 0x00, 0x00, 0x00, 0x14, 0x05, 0x00, 0x00, 0x79, 0x05, 0x00, 0x00,
    0xbf, 0x03, 0x00, 0x00, 0x80, 0x00, 0x05, 0x00, 0x06, 0x00, 0x00, 0x00,
    0x16, 0x05, 0x00, 0x00, 0xb6, 0x03, 0x00, 0x00, 0x52, 0x00, 0x00, 0x00,
    0x41, 0x00, 0x06, 0x00, 0x29, 0x00, 0x00, 0x00, 0x7d, 0x05, 0x00, 0x00,
    0x25, 0x00, 0x00, 0x00, 0x27, 0x00, 0x00, 0x00, 0x16, 0x05, 0x00, 0x00,
    0x3d, 0x00, 0x04, 0x00, 0x06, 0x00, 0x00, 0x00, 0x7e, 0x05, 0x00, 0x00,
    0x7d, 0x05, 0x00, 0x00, 0xc2, 0x00, 0x05, 0x00, 0x06, 0x00, 0x00, 0x00,
    0x19, 0x05, 0x00, 0x00, 0x7e, 0x05, 0x00, 0x00, 0xbf, 0x03, 0x00, 0x00,
    0xc7, 0x00, 0x05, 0x00, 0x06, 0x00, 0x00, 0x00, 0x1e, 0x05, 0x00, 0x00,
    0x14, 0x05, 0x00, 0x00, 0x52, 0x00, 0x00, 0x00, 0xc2, 0x00, 0x05, 0x00,
    0x06, 0x00, 0x00, 0x00, 0x20, 0x05, 0x00, 0x00, 0x14, 0x05, 0x00, 0x00,
    0x48, 0x00, 0x00, 0x00, 0xc7, 0x00, 0x05, 0x00, 0x06, 0x00, 0x00, 0x00,
    0x21, 0x05, 0x00, 0x00, 0x20, 0x05, 0x00, 0x00, 0x5a, 0x00, 0x00, 0x00,
    0xc5, 0x00, 0x05, 0x00, 0x06, 0x00, 0x00, 0x00, 0x22, 0x05, 0x00, 0x00,
    0x1e, 0x05, 0x00, 0x00, 0x21, 0x05, 0x00, 0x00, 0xc2, 0x00, 0x05, 0x00,
    0x06, 0x00, 0x00, 0x00, 0x24, 0x05, 0x00, 0x00, 0x14, 0x05, 0x00, 0x00,
    0x66, 0x00, 0x00, 0x00, 0xc7, 0x00, 0x05, 0x00, 0x06, 0x00, 0x00, 0x00,
    0x25, 0x05, 0x00, 0x00, 0x24, 0x05, 0x00, 0x00, 0x68, 0x00, 0x00, 0x00,
    0xc5, 0x00, 0x05, 0x00, 0x06, 0x00, 0x00, 0x00, 0x26, 0x05, 0x00, 0x00,
    0x22, 0x05, 0x00, 0x00, 0x25, 0x05, 0x00, 0x00, 0xc2, 0x00, 0x05, 0x00,
    0x06, 0x00, 0x00, 0x00, 0x28, 0x05, 0x00, 0x00, 0x14, 0x05, 0x00, 0x00,
    0x6c, 0x00, 0x00, 0x00, 0xc7, 0x00, 0x05, 0x00, 0x06, 0x00, 0x00, 0x00,
    0x29, 0x05, 0x00, 0x00, 0x28, 0x05, 0x00, 0x00, 0x35, 0x00, 0x00, 0x00,
    0xc5, 0x00, 0x05, 0x00, 0x06, 0x00, 0x00, 0x00, 0x2a, 0x05, 0x00, 0x00,
    0x26, 0x05, 0x00, 0x00, 0x29, 0x05, 0x00, 0x00, 0xc7, 0x00, 0x05, 0x00,
    0x06, 0x00, 0x00, 0x00, 0x2c, 0x05, 0x00, 0x00, 0x19, 0x05, 0x00, 0x00,
    0x52, 0x00, 0x00, 0x00, 0xc2, 0x00, 0x05, 0x00, 0x06, 0x00, 0x00, 0x00,
    0x2e, 0x05, 0x00, 0x00, 0x19, 0x05, 0x00, 0x00, 0x48, 0x00, 0x00, 0x00,
    0xc7, 0x00, 0x05, 0x00, 0x06, 0x00, 0x00, 0x00, 0x2f, 0x05, 0x00, 0x00,
    0x2e, 0x05, 0x00, 0x00, 0x5a, 0x00, 0x00, 0x00, 0xc5, 0x00, 0x05, 0x00,
    0x06, 0x00, 0x00, 0x00, 0x30, 0x05, 0x00, 0x00, 0x2c, 0x05, 0x00, 0x00,
    0x2f, 0x05, 0x00, 0x00, 0xc2, 0x00, 0x05, 0x00, 0x06, 0x00, 0x00, 0x00,
    0x32, 0x05, 0x00, 0x00, 0x19, 0x05, 0x00, 0x00, 0x66, 0x00, 0x00, 0x00,
    0xc7, 0x00, 0x05, 0x00, 0x06, 0x00, 0x00, 0x00, 0x33, 0x05, 0x00, 0x00,
    0x32, 0x05, 0x00, 0x00, 0x68, 0x00, 0x00, 0x00, 0xc5, 0x00, 0x05, 0x00,
    0x06, 0x00, 0x00, 0x00, 0x34, 0x05, 0x00, 0x00, 0x30, 0x05, 0x00, 0x00,
    0x33, 0x05, 0x00, 0x00, 0x84, 0x00, 0x05, 0x00, 0x06, 0x00, 0x00, 0x00,
    0x35, 0x05, 0x00, 0x00, 0x34, 0x05, 0x00, 0x00, 0x2f, 0x00, 0x00, 0x00,
    0xc4, 0x00, 0x05, 0x00, 0x06, 0x00, 0x00, 0x00, 0x38, 0x05, 0x00, 0x00,
    0x52, 0x00, 0x00, 0x00, 0xbf, 0x03, 0x00, 0x00, 0xc7, 0x00, 0x05, 0x00,
    0x06, 0x00, 0x00, 0x00, 0x39, 0x05, 0x00, 0x00, 0xfa, 0x04, 0x00, 0x00,
    0x38, 0x05, 0x00, 0x00, 0xab, 0x00, 0x05, 0x00, 0x81, 0x00, 0x00, 0x00,
    0x3a, 0x05, 0x00, 0x00, 0x39, 0x05, 0x00, 0x00, 0x80, 0x00, 0x00, 0x00,
    0xf7, 0x00, 0x03, 0x00, 0x3c, 0x05, 0x00, 0x00, 0x00, 0x00, 0x00, 0x00,
    0xfa, 0x00, 0x04, 0x00, 0x3a, 0x05, 0x00, 0x00, 0x3b, 0x05, 0x00, 0x00,
    0x3c, 0x05, 0x00, 0x00, 0xf8, 0x00, 0x02, 0x00, 0x3b, 0x05, 0x00, 0x00,
    0xf9, 0x00, 0x02, 0x00, 0x73, 0x05, 0x00, 0x00, 0xf8, 0x00, 0x02, 0x00,
    0x3c, 0x05, 0x00, 0x00, 0xab, 0x00, 0x05, 0x00, 0x81, 0x00, 0x00, 0x00,
    0x3e, 0x05, 0x00, 0x00, 0x2a, 0x05, 0x00, 0x00, 0x80, 0x00, 0x00, 0x00,
    0xf7, 0x00, 0x03, 0x00, 0x47, 0x05, 0x00, 0x00, 0x00, 0x00, 0x00, 0x00,
    0xfa, 0x00, 0x04, 0x00, 0x3e, 0x05, 0x00, 0x00, 0x3f, 0x05, 0x00, 0x00,
    0x47, 0x05, 0x00, 0x00, 0xf8, 0x00, 0x02, 0x00, 0x3f, 0x05, 0x00, 0x00,
    0x80, 0x00, 0x05, 0x00, 0x06, 0x00, 0x00, 0x00, 0x42, 0x05, 0x00, 0x00,
    0xc4, 0x04, 0x00, 0x00, 0x35, 0x05, 0x00, 0x00, 0x80, 0x00, 0x05, 0x00,
    0x06, 0x00, 0x00, 0x00, 0x44, 0x05, 0x00, 0x00, 0x42, 0x05, 0x00, 0x00,
    0x2a, 0x05, 0x00, 0x00, 0x41, 0x00, 0x06, 0x00, 0x29, 0x00, 0x00, 0x00,
    0x87, 0x05, 0x00, 0x00, 0x25, 0x00, 0x00, 0x00, 0x27, 0x00, 0x00, 0x00,
    0x44, 0x05, 0x00, 0x00, 0x3d, 0x00, 0x04, 0x00, 0x06, 0x00, 0x00, 0x00,
    0x88, 0x05, 0x00, 0x00, 0x87, 0x05, 0x00, 0x00, 0xc2, 0x00, 0x05, 0x00,
    0x06, 0x00, 0x00, 0x00, 0x8c, 0x05, 0x00, 0x00, 0x88, 0x05, 0x00, 0x00,
    0x2f, 0x00, 0x00, 0x00, 0xc7, 0x00, 0x05, 0x00, 0x06, 0x00, 0x00, 0x00,
    0x8d, 0x05, 0x00, 0x00, 0x8c, 0x05, 0x00, 0x00, 0x31, 0x00, 0x00, 0x00,
    0x70, 0x00, 0x04, 0x00, 0x0c, 0x00, 0x00, 0x00, 0x8e, 0x05, 0x00, 0x00,
    0x8d, 0x05, 0x00, 0x00, 0xc2, 0x00, 0x05, 0x00, 0x06, 0x00, 0x00, 0x00,
    0x90, 0x05, 0x00, 0x00, 0x88, 0x05, 0x00, 0x00, 0x35, 0x00, 0x00, 0x00,
    0xc7, 0x00, 0x05, 0x00, 0x06, 0x00, 0x00, 0x00, 0x91, 0x05, 0x00, 0x00,
    0x90, 0x05, 0x00, 0x00, 0x31, 0x00, 0x00, 0x00, 0x70, 0x00, 0x04, 0x00,
    0x0c, 0x00, 0x00, 0x00, 0x92, 0x05, 0x00, 0x00, 0x91, 0x05, 0x00, 0x00,
    0xc7, 0x00, 0x05, 0x00, 0x06, 0x00, 0x00, 0x00, 0x94, 0x05, 0x00, 0x00,
    0x88, 0x05, 0x00, 0x00, 0x31, 0x00, 0x00, 0x00, 0x70, 0x00, 0x04, 0x00,
    0x0c, 0x00, 0x00, 0x00, 0x95, 0x05, 0x00, 0x00, 0x94, 0x05, 0x00, 0x00,
    0xc2, 0x00, 0x05, 0x00, 0x06, 0x00, 0x00, 0x00, 0x97, 0x05, 0x00, 0x00,
    0x88, 0x05, 0x00, 0x00, 0x3d, 0x00, 0x00, 0x00, 0x70, 0x00, 0x04, 0x00,
    0x0c, 0x00, 0x00, 0x00, 0x98, 0x05, 0x00, 0x00, 0x97, 0x05, 0x00, 0x00,
    0x50, 0x00, 0x07, 0x00, 0x0d, 0x00, 0x00, 0x00, 0x99, 0x05, 0x00, 0x00,
    0x8e, 0x05, 0x00, 0x00, 0x92, 0x05, 0x00, 0x00, 0x95, 0x05, 0x00, 0x00,
    0x98, 0x05, 0x00, 0x00, 0x85, 0x00, 0x05, 0x00, 0x0d, 0x00, 0x00, 0x00,
    0x9b, 0x05, 0x00, 0x00, 0x99, 0x05, 0x00, 0x00, 0xa0, 0x10, 0x00, 0x00,
    0xf9, 0x00, 0x02, 0x00, 0x73, 0x05, 0x00, 0x00, 0xf8, 0x00, 0x02, 0x00,
    0x47, 0x05, 0x00, 0x00, 0x80, 0x00, 0x05, 0x00, 0x06, 0x00, 0x00, 0x00,
    0x4a, 0x05, 0x00, 0x00, 0xbf, 0x03, 0x00, 0x00, 0x35, 0x00, 0x00, 0x00,
    0xc4, 0x00, 0x05, 0x00, 0x06, 0x00, 0x00, 0x00, 0x4b, 0x05, 0x00, 0x00,
    0x52, 0x00, 0x00, 0x00, 0x4a, 0x05, 0x00, 0x00, 0xc7, 0x00, 0x05, 0x00,
    0x06, 0x00, 0x00, 0x00, 0x4c, 0x05, 0x00, 0x00, 0xfa, 0x04, 0x00, 0x00,
    0x4b, 0x05, 0x00, 0x00, 0xab, 0x00, 0x05, 0x00, 0x81, 0x00, 0x00, 0x00,
    0x4d, 0x05, 0x00, 0x00, 0x4c, 0x05, 0x00, 0x00, 0x80, 0x00, 0x00, 0x00,
    0xa8, 0x00, 0x04, 0x00, 0x81, 0x00, 0x00, 0x00, 0x4e, 0x05, 0x00, 0x00,
    0x4d, 0x05, 0x00, 0x00, 0xf7, 0x00, 0x03, 0x00, 0x6b, 0x05, 0x00, 0x00,
    0x00, 0x00, 0x00, 0x00, 0xfa, 0x00, 0x04, 0x00, 0x4e, 0x05, 0x00, 0x00,
    0x4f, 0x05, 0x00, 0x00, 0x6b, 0x05, 0x00, 0x00, 0xf8, 0x00, 0x02, 0x00,
    0x4f, 0x05, 0x00, 0x00, 0x80, 0x00, 0x05, 0x00, 0x06, 0x00, 0x00, 0x00,
    0x55, 0x05, 0x00, 0x00, 0xbf, 0x03, 0x00, 0x00, 0x2f, 0x00, 0x00, 0x00,
    0xc4, 0x00, 0x05, 0x00, 0x06, 0x00, 0x00, 0x00, 0x56, 0x05, 0x00, 0x00,
    0x52, 0x00, 0x00, 0x00, 0x55, 0x05, 0x00, 0x00, 0xc7, 0x00, 0x05, 0x00,
    0x06, 0x00, 0x00, 0x00, 0x57, 0x05, 0x00, 0x00, 0xfa, 0x04, 0x00, 0x00,
    0x56, 0x05, 0x00, 0x00, 0xaa, 0x00, 0x05, 0x00, 0x81, 0x00, 0x00, 0x00,
    0x58, 0x05, 0x00, 0x00, 0x57, 0x05, 0x00, 0x00, 0x80, 0x00, 0x00, 0x00,
    0xf7, 0x00, 0x03, 0x00, 0x61, 0x05, 0x00, 0x00, 0x00, 0x00, 0x00, 0x00,
    0xfa, 0x00, 0x04, 0x00, 0x58, 0x05, 0x00, 0x00, 0x5b, 0x05, 0x00, 0x00,
    0x61, 0x05, 0x00, 0x00, 0xf8, 0x00, 0x02, 0x00, 0x5b, 0x05, 0x00, 0x00,
    0x80, 0x00, 0x05, 0x00, 0x06, 0x00, 0x00, 0x00, 0x5e, 0x05, 0x00, 0x00,
    0xef, 0x0f, 0x00, 0x00, 0x5a, 0x00, 0x00, 0x00, 0x41, 0x00, 0x06, 0x00,
    0x29, 0x00, 0x00, 0x00, 0x9f, 0x05, 0x00, 0x00, 0x25, 0x00, 0x00, 0x00,
    0x27, 0x00, 0x00, 0x00, 0x5e, 0x05, 0x00, 0x00, 0x3d, 0x00, 0x04, 0x00,
    0x06, 0x00, 0x00, 0x00, 0xa0, 0x05, 0x00, 0x00, 0x9f, 0x05, 0x00, 0x00,
    0xae, 0x00, 0x05, 0x00, 0x81, 0x00, 0x00, 0x00, 0x60, 0x05, 0x00, 0x00,
    0xb3, 0x03, 0x00, 0x00, 0xa0, 0x05, 0x00, 0x00, 0xf9, 0x00, 0x02, 0x00,
    0x61, 0x05, 0x00, 0x00, 0xf8, 0x00, 0x02, 0x00, 0x61, 0x05, 0x00, 0x00,
    0xf5, 0x00, 0x07, 0x00, 0x81, 0x00, 0x00, 0x00, 0x62, 0x05, 0x00, 0x00,
    0x58, 0x05, 0x00, 0x00, 0x4f, 0x05, 0x00, 0x00, 0x60, 0x05, 0x00, 0x00,
    0x5b, 0x05, 0x00, 0x00, 0xf7, 0x00, 0x03, 0x00, 0x69, 0x05, 0x00, 0x00,
    0x00, 0x00, 0x00, 0x00, 0xfa, 0x00, 0x04, 0x00, 0x62, 0x05, 0x00, 0x00,
    0x63, 0x05, 0x00, 0x00, 0x69, 0x05, 0x00, 0x00, 0xf8, 0x00, 0x02, 0x00,
    0x63, 0x05, 0x00, 0x00, 0x80, 0x00, 0x05, 0x00, 0x06, 0x00, 0x00, 0x00,
    0x66, 0x05, 0x00, 0x00, 0xef, 0x0f, 0x00, 0x00, 0xb8, 0x00, 0x00, 0x00,
    0x41, 0x00, 0x06, 0x00, 0x29, 0x00, 0x00, 0x00, 0xa4, 0x05, 0x00, 0x00,
    0x25, 0x00, 0x00, 0x00, 0x27, 0x00, 0x00, 0x00, 0x66, 0x05, 0x00, 0x00,
    0x3d, 0x00, 0x04, 0x00, 0x06, 0x00, 0x00, 0x00, 0xa5, 0x05, 0x00, 0x00,
    0xa4, 0x05, 0x00, 0x00, 0xb0, 0x00, 0x05, 0x00, 0x81, 0x00, 0x00, 0x00,
    0x68, 0x05, 0x00, 0x00, 0xb3, 0x03, 0x00, 0x00, 0xa5, 0x05, 0x00, 0x00,
    0xf9, 0x00, 0x02, 0x00, 0x69, 0x05, 0x00, 0x00, 0xf8, 0x00, 0x02, 0x00,
    0x69, 0x05, 0x00, 0x00, 0xf5, 0x00, 0x07, 0x00, 0x81, 0x00, 0x00, 0x00,
    0x6a, 0x05, 0x00, 0x00, 0x62, 0x05, 0x00, 0x00, 0x61, 0x05, 0x00, 0x00,
    0x68, 0x05, 0x00, 0x00, 0x63, 0x05, 0x00, 0x00, 0xf9, 0x00, 0x02, 0x00,
    0x6b, 0x05, 0x00, 0x00, 0xf8, 0x00, 0x02, 0x00, 0x6b, 0x05, 0x00, 0x00,
    0xf5, 0x00, 0x07, 0x00, 0x81, 0x00, 0x00, 0x00, 0x6c, 0x05, 0x00, 0x00,
    0x4d, 0x05, 0x00, 0x00, 0x47, 0x05, 0x00, 0x00, 0x6a, 0x05, 0x00, 0x00,
    0x69, 0x05, 0x00, 0x00, 0xf7, 0x00, 0x03, 0x00, 0x72, 0x05, 0x00, 0x00,
    0x00, 0x00, 0x00, 0x00, 0xfa, 0x00, 0x04, 0x00, 0x6c, 0x05, 0x00, 0x00,
    0x6d, 0x05, 0x00, 0x00, 0x72, 0x05, 0x00, 0x00, 0xf8, 0x00, 0x02, 0x00,
    0x6d, 0x05, 0x00, 0x00, 0x80, 0x00, 0x05, 0x00, 0x06, 0x00, 0x00, 0x00,
    0x6f, 0x05, 0x00, 0x00, 0xef, 0x0f, 0x00, 0x00, 0x52, 0x00, 0x00, 0x00,
    0x41, 0x00, 0x06, 0x00, 0x29, 0x00, 0x00, 0x00, 0xa9, 0x05, 0x00, 0x00,
    0x25, 0x00, 0x00, 0x00, 0x27, 0x00, 0x00, 0x00, 0x6f, 0x05, 0x00, 0x00,
    0x3d, 0x00, 0x04, 0x00, 0x06, 0x00, 0x00, 0x00, 0xaa, 0x05, 0x00, 0x00,
    0xa9, 0x05, 0x00, 0x00, 0xc2, 0x00, 0x05, 0x00, 0x06, 0x00, 0x00, 0x00,
    0xae, 0x05, 0x00, 0x00, 0xaa, 0x05, 0x00, 0x00, 0x2f, 0x00, 0x00, 0x00,
    0xc7, 0x00, 0x05, 0x00, 0x06, 0x00, 0x00, 0x00, 0xaf, 0x05, 0x00, 0x00,
    0xae, 0x05, 0x00, 0x00, 0x31, 0x00, 0x00, 0x00, 0x70, 0x00, 0x04, 0x00,
    0x0c, 0x00, 0x00, 0x00, 0xb0, 0x05, 0x00, 0x00, 0xaf, 0x05, 0x00, 0x00,
    0xc2, 0x00, 0x05, 0x00, 0x06, 0x00, 0x00, 0x00, 0xb2, 0x05, 0x00, 0x00,
    0xaa, 0x05, 0x00, 0x00, 0x35, 0x00, 0x00, 0x00, 0xc7, 0x00, 0x05, 0x00,
    0x06, 0x00, 0x00, 0x00, 0xb3, 0x05, 0x00, 0x00, 0xb2, 0x05, 0x00, 0x00,
    0x31, 0x00, 0x00, 0x00, 0x70, 0x00, 0x04, 0x00, 0x0c, 0x00, 0x00, 0x00,
    0xb4, 0x05, 0x00, 0x00, 0xb3, 0x05, 0x00, 0x00, 0xc7, 0x00, 0x05, 0x00,
    0x06, 0x00, 0x00, 0x00, 0xb6, 0x05, 0x00, 0x00, 0xaa, 0x05, 0x00, 0x00,
    0x31, 0x00, 0x00, 0x00, 0x70, 0x00, 0x04, 0x00, 0x0c, 0x00, 0x00, 0x00,
    0xb7, 0x05, 0x00, 0x00, 0xb6, 0x05, 0x00, 0x00, 0xc2, 0x00, 0x05, 0x00,
    0x06, 0x00, 0x00, 0x00, 0xb9, 0x05, 0x00, 0x00, 0xaa, 0x05, 0x00, 0x00,
    0x3d, 0x00, 0x00, 0x00, 0x70, 0x00, 0x04, 0x00, 0x0c, 0x00, 0x00, 0x00,
    0xba, 0x05, 0x00, 0x00, 0xb9, 0x05, 0x00, 0x00, 0x50, 0x00, 0x07, 0x00,
    0x0d, 0x00, 0x00, 0x00, 0xbb, 0x05, 0x00, 0x00, 0xb0, 0x05, 0x00, 0x00,
    0xb4, 0x05, 0x00, 0x00, 0xb7, 0x05, 0x00, 0x00, 0xba, 0x05, 0x00, 0x00,
    0x85, 0x00, 0x05, 0x00, 0x0d, 0x00, 0x00, 0x00, 0xbd, 0x05, 0x00, 0x00,
    0xbb, 0x05, 0x00, 0x00, 0xa0, 0x10, 0x00, 0x00, 0xf9, 0x00, 0x02, 0x00,
    0x73, 0x05, 0x00, 0x00, 0xf8, 0x00, 0x02, 0x00, 0x72, 0x05, 0x00, 0x00,
    0xf9, 0x00, 0x02, 0x00, 0x73, 0x05, 0x00, 0x00, 0xf8, 0x00, 0x02, 0x00,
    0x73, 0x05, 0x00, 0x00, 0xf5, 0x00, 0x0b, 0x00, 0x0d, 0x00, 0x00, 0x00,
    0x1d, 0x10, 0x00, 0x00, 0x87, 0x00, 0x00, 0x00, 0x3b, 0x05, 0x00, 0x00,
    0x9b, 0x05, 0x00, 0x00, 0x3f, 0x05, 0x00, 0x00, 0xbd, 0x05, 0x00, 0x00,
    0x6d, 0x05, 0x00, 0x00, 0xc8, 0x00, 0x00, 0x00, 0x72, 0x05, 0x00, 0x00,
    0xf9, 0x00, 0x02, 0x00, 0x9b, 0x04, 0x00, 0x00, 0xf8, 0x00, 0x02, 0x00,
    0xcd, 0x03, 0x00, 0x00, 0xf9, 0x00, 0x02, 0x00, 0xce, 0x03, 0x00, 0x00,
    0xf8, 0x00, 0x02, 0x00, 0xce, 0x03, 0x00, 0x00, 0xae, 0x00, 0x05, 0x00,
    0x81, 0x00, 0x00, 0x00, 0xd1, 0x03, 0x00, 0x00, 0xba, 0x04, 0x00, 0x00,
    0xb8, 0x00, 0x00, 0x00, 0xf7, 0x00, 0x03, 0x00, 0x37, 0x04, 0x00, 0x00,
    0x00, 0x00, 0x00, 0x00, 0xfa, 0x00, 0x04, 0x00, 0xd1, 0x03, 0x00, 0x00,
    0xd2, 0x03, 0x00, 0x00, 0x37, 0x04, 0x00, 0x00, 0xf8, 0x00, 0x02, 0x00,
    0xd2, 0x03, 0x00, 0x00, 0x51, 0x00, 0x05, 0x00, 0x06, 0x00, 0x00, 0x00,
    0xd4, 0x03, 0x00, 0x00, 0xf3, 0x0f, 0x00, 0x00, 0x00, 0x00, 0x00, 0x00,
    0x80, 0x00, 0x05, 0x00, 0x06, 0x00, 0x00, 0x00, 0xd6, 0x03, 0x00, 0x00,
    0xef, 0x0f, 0x00, 0x00, 0x68, 0x00, 0x00, 0x00, 0x41, 0x00, 0x06, 0x00,
    0x29, 0x00, 0x00, 0x00, 0xc6, 0x05, 0x00, 0x00, 0x25, 0x00, 0x00, 0x00,
    0x27, 0x00, 0x00, 0x00, 0xd6, 0x03, 0x00, 0x00, 0x3d, 0x00, 0x04, 0x00,
    0x06, 0x00, 0x00, 0x00, 0xc7, 0x05, 0x00, 0x00, 0xc6, 0x05, 0x00, 0x00,
    0x80, 0x00, 0x05, 0x00, 0x06, 0x00, 0x00, 0x00, 0xd8, 0x03, 0x00, 0x00,
    0xd4, 0x03, 0x00, 0x00, 0xc7, 0x05, 0x00, 0x00, 0xc7, 0x00, 0x05, 0x00,
    0x06, 0x00, 0x00, 0x00, 0xda, 0x03, 0x00, 0x00, 0xd8, 0x03, 0x00, 0x00,
    0x48, 0x00, 0x00, 0x00, 0x86, 0x00, 0x05, 0x00, 0x06, 0x00, 0x00, 0x00,
    0xdd, 0x03, 0x00, 0x00, 0xd8, 0x03, 0x00, 0x00, 0x35, 0x00, 0x00, 0x00,
    0x84, 0x00, 0x05, 0x00, 0x06, 0x00, 0x00, 0x00, 0xde, 0x03, 0x00, 0x00,
    0xdd, 0x03, 0x00, 0x00, 0x5a, 0x00, 0x00, 0x00, 0x80, 0x00, 0x05, 0x00,
    0x06, 0x00, 0x00, 0x00, 0xdf, 0x03, 0x00, 0x00, 0xbf, 0x04, 0x00, 0x00,
    0xde, 0x03, 0x00, 0x00, 0x80, 0x00, 0x05, 0x00, 0x06, 0x00, 0x00, 0x00,
    0xe1, 0x03, 0x00, 0x00, 0xdf, 0x03, 0x00, 0x00, 0x52, 0x00, 0x00, 0x00,
    0x41, 0x00, 0x06, 0x00, 0x29, 0x00, 0x00, 0x00, 0xcb, 0x05, 0x00, 0x00,
    0x25, 0x00, 0x00, 0x00, 0x27, 0x00, 0x00, 0x00, 0xe1, 0x03, 0x00, 0x00,
    0x3d, 0x00, 0x04, 0x00, 0x06, 0x00, 0x00, 0x00, 0xcc, 0x05, 0x00, 0x00,
    0xcb, 0x05, 0x00, 0x00, 0xc7, 0x00, 0x05, 0x00, 0x06, 0x00, 0x00, 0x00,
    0xe4, 0x03, 0x00, 0x00, 0xcc, 0x05, 0x00, 0x00, 0xb1, 0x01, 0x00, 0x00,
    0xab, 0x00, 0x05, 0x00, 0x81, 0x00, 0x00, 0x00, 0xe5, 0x03, 0x00, 0x00,
    0xe4, 0x03, 0x00, 0x00, 0x80, 0x00, 0x00, 0x00, 0xf7, 0x00, 0x03, 0x00,
    0xeb, 0x03, 0x00, 0x00, 0x00, 0x00, 0x00, 0x00, 0xfa, 0x00, 0x04, 0x00,
    0xe5, 0x03, 0x00, 0x00, 0xe6, 0x03, 0x00, 0x00, 0xe8, 0x03, 0x00, 0x00,
    0xf8, 0x00, 0x02, 0x00, 0xe8, 0x03, 0x00, 0x00, 0x82, 0x00, 0x05, 0x00,
    0x06, 0x00, 0x00, 0x00, 0xea, 0x03, 0x00, 0x00, 0x48, 0x00, 0x00, 0x00,
    0xda, 0x03, 0x00, 0x00, 0xf9, 0x00, 0x02, 0x00, 0xeb, 0x03, 0x00, 0x00,
    0xf8, 0x00, 0x02, 0x00, 0xe6, 0x03, 0x00, 0x00, 0xf9, 0x00, 0x02, 0x00,
    0xeb, 0x03, 0x00, 0x00, 0xf8, 0x00, 0x02, 0x00, 0xeb, 0x03, 0x00, 0x00,
    0xf5, 0x00, 0x07, 0x00, 0x06, 0x00, 0x00, 0x00, 0x0f, 0x10, 0x00, 0x00,
    0xda, 0x03, 0x00, 0x00, 0xe6, 0x03, 0x00, 0x00, 0xea, 0x03, 0x00, 0x00,
    0xe8, 0x03, 0x00, 0x00, 0x41, 0x00, 0x06, 0x00, 0x29, 0x00, 0x00, 0x00,
    0xd0, 0x05, 0x00, 0x00, 0x25, 0x00, 0x00, 0x00, 0x27, 0x00, 0x00, 0x00,
    0xdf, 0x03, 0x00, 0x00, 0x3d, 0x00, 0x04, 0x00, 0x06, 0x00, 0x00, 0x00,
    0xd1, 0x05, 0x00, 0x00, 0xd0, 0x05, 0x00, 0x00, 0xc2, 0x00, 0x05, 0x00,
    0x06, 0x00, 0x00, 0x00, 0xf0, 0x03, 0x00, 0x00, 0xd1, 0x05, 0x00, 0x00,
    0x0f, 0x10, 0x00, 0x00, 0xc7, 0x00, 0x05, 0x00, 0x06, 0x00, 0x00, 0x00,
    0xf2, 0x03, 0x00, 0x00, 0xf0, 0x03, 0x00, 0x00, 0x52, 0x00, 0x00, 0x00,
    0xc2, 0x00, 0x05, 0x00, 0x06, 0x00, 0x00, 0x00, 0xf4, 0x03, 0x00, 0x00,
    0xf0, 0x03, 0x00, 0x00, 0x48, 0x00, 0x00, 0x00, 0xc7, 0x00, 0x05, 0x00,
    0x06, 0x00, 0x00, 0x00, 0xf5, 0x03, 0x00, 0x00, 0xf4, 0x03, 0x00, 0x00,
    0x5a, 0x00, 0x00, 0x00, 0xc5, 0x00, 0x05, 0x00, 0x06, 0x00, 0x00, 0x00,
    0xf6, 0x03, 0x00, 0x00, 0xf2, 0x03, 0x00, 0x00, 0xf5, 0x03, 0x00, 0x00,
    0xc2, 0x00, 0x05, 0x00, 0x06, 0x00, 0x00, 0x00, 0xf8, 0x03, 0x00, 0x00,
    0xf0, 0x03, 0x00, 0x00, 0x66, 0x00, 0x00, 0x00, 0xc7, 0x00, 0x05, 0x00,
    0x06, 0x00, 0x00, 0x00, 0xf9, 0x03, 0x00, 0x00, 0xf8, 0x03, 0x00, 0x00,
    0x68, 0x00, 0x00, 0x00, 0xc5, 0x00, 0x05, 0x00, 0x06, 0x00, 0x00, 0x00,
    0xfa, 0x03, 0x00, 0x00, 0xf6, 0x03, 0x00, 0x00, 0xf9, 0x03, 0x00, 0x00,
    0xc2, 0x00, 0x05, 0x00, 0x06, 0x00, 0x00, 0x00, 0xfc, 0x03, 0x00, 0x00,
    0xf0, 0x03, 0x00, 0x00, 0x6c, 0x00, 0x00, 0x00, 0xc7, 0x00, 0x05, 0x00,
    0x06, 0x00, 0x00, 0x00, 0xfd, 0x03, 0x00, 0x00, 0xfc, 0x03, 0x00, 0x00,
    0x35, 0x00, 0x00, 0x00, 0xc5, 0x00, 0x05, 0x00, 0x06, 0x00, 0x00, 0x00,
    0xfe, 0x03, 0x00, 0x00, 0xfa, 0x03, 0x00, 0x00, 0xfd, 0x03, 0x00, 0x00,
    0xc2, 0x00, 0x05, 0x00, 0x06, 0x00, 0x00, 0x00, 0x00, 0x04, 0x00, 0x00,
    0xcc, 0x05, 0x00, 0x00, 0xb8, 0x00, 0x00, 0x00, 0xc7, 0x00, 0x05, 0x00,
    0x06, 0x00, 0x00, 0x00, 0x01, 0x04, 0x00, 0x00, 0x00, 0x04, 0x00, 0x00,
    0xb8, 0x00, 0x00, 0x00, 0xaa, 0x00, 0x05, 0x00, 0x81, 0x00, 0x00, 0x00,
    0x03, 0x04, 0x00, 0x00, 0x01, 0x04, 0x00, 0x00, 0x80, 0x00, 0x00, 0x00,
    0xf7, 0x00, 0x03, 0x00, 0x0b, 0x04, 0x00, 0x00, 0x00, 0x00, 0x00, 0x00,
    0xfa, 0x00, 0x04, 0x00, 0x03, 0x04, 0x00, 0x00, 0x04, 0x04, 0x00, 0x00,
    0x0b, 0x04, 0x00, 0x00, 0xf8, 0x00, 0x02, 0x00, 0x04, 0x04, 0x00, 0x00,
    0x80, 0x00, 0x05, 0x00, 0x06, 0x00, 0x00, 0x00, 0x07, 0x04, 0x00, 0x00,
    0xda, 0x03, 0x00, 0x00, 0x35, 0x00, 0x00, 0x00, 0xc4, 0x00, 0x05, 0x00,
    0x06, 0x00, 0x00, 0x00, 0x08, 0x04, 0x00, 0x00, 0x52, 0x00, 0x00, 0x00,
    0x07, 0x04, 0x00, 0x00, 0xc7, 0x00, 0x05, 0x00, 0x06, 0x00, 0x00, 0x00,
    0x09, 0x04, 0x00, 0x00, 0xcc, 0x05, 0x00, 0x00, 0x08, 0x04, 0x00, 0x00,
    0xab, 0x00, 0x05, 0x00, 0x81, 0x00, 0x00, 0x00, 0x0a, 0x04, 0x00, 0x00,
    0x09, 0x04, 0x00, 0x00, 0x80, 0x00, 0x00, 0x00, 0xf9, 0x00, 0x02, 0x00,
    0x0b, 0x04, 0x00, 0x00, 0xf8, 0x00, 0x02, 0x00, 0x0b, 0x04, 0x00, 0x00,
    0xf5, 0x00, 0x07, 0x00, 0x81, 0x00, 0x00, 0x00, 0x0c, 0x04, 0x00, 0x00,
    0x03, 0x04, 0x00, 0x00, 0xeb, 0x03, 0x00, 0x00, 0x0a, 0x04, 0x00, 0x00,
    0x04, 0x04, 0x00, 0x00, 0xab, 0x00, 0x05, 0x00, 0x81, 0x00, 0x00, 0x00,
    0x0e, 0x04, 0x00, 0x00, 0xfe, 0x03, 0x00, 0x00, 0x80, 0x00, 0x00, 0x00,
    0xa7, 0x00, 0x05, 0x00, 0x81, 0x00, 0x00, 0x00, 0x0f, 0x04, 0x00, 0x00,
    0x0c, 0x04, 0x00, 0x00, 0x0e, 0x04, 0x00, 0x00, 0xf7, 0x00, 0x03, 0x00,
    0x35, 0x04, 0x00, 0x00, 0x00, 0x00, 0x00, 0x00, 0xfa, 0x00, 0x04, 0x00,
    0x0f, 0x04, 0x00, 0x00, 0x10, 0x04, 0x00, 0x00, 0x1a, 0x04, 0x00, 0x00,
    0xf8, 0x00, 0x02, 0x00, 0x1a, 0x04, 0x00, 0x00, 0x80, 0x00, 0x05, 0x00,
    0x06, 0x00, 0x00, 0x00, 0x21, 0x04, 0x00, 0x00, 0xef, 0x0f, 0x00, 0x00,
    0x5a, 0x00, 0x00, 0x00, 0x41, 0x00, 0x06, 0x00, 0x29, 0x00, 0x00, 0x00,
    0xed, 0x05, 0x00, 0x00, 0x25, 0x00, 0x00, 0x00, 0x27, 0x00, 0x00, 0x00,
    0x21, 0x04, 0x00, 0x00, 0x3d, 0x00, 0x04, 0x00, 0x06, 0x00, 0x00, 0x00,
    0xee, 0x05, 0x00, 0x00, 0xed, 0x05, 0x00, 0x00, 0xae, 0x00, 0x05, 0x00,
    0x81, 0x00, 0x00, 0x00, 0x23, 0x04, 0x00, 0x00, 0xd4, 0x03, 0x00, 0x00,
    0xee, 0x05, 0x00, 0x00, 0xf7, 0x00, 0x03, 0x00, 0x2d, 0x04, 0x00, 0x00,
    0x00, 0x00, 0x00, 0x00, 0xfa, 0x00, 0x04, 0x00, 0x23, 0x04, 0x00, 0x00,
    0x26, 0x04, 0x00, 0x00, 0x2d, 0x04, 0x00, 0x00, 0xf8, 0x00, 0x02, 0x00,
    0x26, 0x04, 0x00, 0x00, 0x80, 0x00, 0x05, 0x00, 0x06, 0x00, 0x00, 0x00,
    0x2a, 0x04, 0x00, 0x00, 0xef, 0x0f, 0x00, 0x00, 0xb8, 0x00, 0x00, 0x00,
    0x41, 0x00, 0x06, 0x00, 0x29, 0x00, 0x00, 0x00, 0xf2, 0x05, 0x00, 0x00,
    0x25, 0x00, 0x00, 0x00, 0x27, 0x00, 0x00, 0x00, 0x2a, 0x04, 0x00, 0x00,
    0x3d, 0x00, 0x04, 0x00, 0x06, 0x00, 0x00, 0x00, 0xf3, 0x05, 0x00, 0x00,
    0xf2, 0x05, 0x00, 0x00, 0xb0, 0x00, 0x05, 0x00, 0x81, 0x00, 0x00, 0x00,
    0x2c, 0x04, 0x00, 0x00, 0xd4, 0x03, 0x00, 0x00, 0xf3, 0x05, 0x00, 0x00,
    0xf9, 0x00, 0x02, 0x00, 0x2d, 0x04, 0x00, 0x00, 0xf8, 0x00, 0x02, 0x00,
    0x2d, 0x04, 0x00, 0x00, 0xf5, 0x00, 0x07, 0x00, 0x81, 0x00, 0x00, 0x00,
    0x2e, 0x04, 0x00, 0x00, 0x23, 0x04, 0x00, 0x00, 0x1a, 0x04, 0x00, 0x00,
    0x2c, 0x04, 0x00, 0x00, 0x26, 0x04, 0x00, 0x00, 0xf7, 0x00, 0x03, 0x00,
    0x34, 0x04, 0x00, 0x00, 0x00, 0x00, 0x00, 0x00, 0xfa, 0x00, 0x04, 0x00,
    0x2e, 0x04, 0x00, 0x00, 0x2f, 0x04, 0x00, 0x00, 0x34, 0x04, 0x00, 0x00,
    0xf8, 0x00, 0x02, 0x00, 0x2f, 0x04, 0x00, 0x00, 0x80, 0x00, 0x05, 0x00,
    0x06, 0x00, 0x00, 0x00, 0x31, 0x04, 0x00, 0x00, 0xef, 0x0f, 0x00, 0x00,
    0x52, 0x00, 0x00, 0x00, 0x41, 0x00, 0x06, 0x00, 0x29, 0x00, 0x00, 0x00,
    0xf7, 0x05, 0x00, 0x00, 0x25, 0x00, 0x00, 0x00, 0x27, 0x00, 0x00, 0x00,
    0x31, 0x04, 0x00, 0x00, 0x3d, 0x00, 0x04, 0x00, 0x06, 0x00, 0x00, 0x00,
    0xf8, 0x05, 0x00, 0x00, 0xf7, 0x05, 0x00, 0x00, 0xc2, 0x00, 0x05, 0x00,
    0x06, 0x00, 0x00, 0x00, 0xfc, 0x05, 0x00, 0x00, 0xf8, 0x05, 0x00, 0x00,
    0x2f, 0x00, 0x00, 0x00, 0xc7, 0x00, 0x05, 0x00, 0x06, 0x00, 0x00, 0x00,
    0xfd, 0x05, 0x00, 0x00, 0xfc, 0x05, 0x00, 0x00, 0x31, 0x00, 0x00, 0x00,
    0x70, 0x00, 0x04, 0x00, 0x0c, 0x00, 0x00, 0x00, 0xfe, 0x05, 0x00, 0x00,
    0xfd, 0x05, 0x00, 0x00, 0xc2, 0x00, 0x05, 0x00, 0x06, 0x00, 0x00, 0x00,
    0x00, 0x06, 0x00, 0x00, 0xf8, 0x05, 0x00, 0x00, 0x35, 0x00, 0x00, 0x00,
    0xc7, 0x00, 0x05, 0x00, 0x06, 0x00, 0x00, 0x00, 0x01, 0x06, 0x00, 0x00,
    0x00, 0x06, 0x00, 0x00, 0x31, 0x00, 0x00, 0x00, 0x70, 0x00, 0x04, 0x00,
    0x0c, 0x00, 0x00, 0x00, 0x02, 0x06, 0x00, 0x00, 0x01, 0x06, 0x00, 0x00,
    0xc7, 0x00, 0x05, 0x00, 0x06, 0x00, 0x00, 0x00, 0x04, 0x06, 0x00, 0x00,
    0xf8, 0x05, 0x00, 0x00, 0x31, 0x00, 0x00, 0x00, 0x70, 0x00, 0x04, 0x00,
    0x0c, 0x00, 0x00, 0x00, 0x05, 0x06, 0x00, 0x00, 0x04, 0x06, 0x00, 0x00,
    0xc2, 0x00, 0x05, 0x00, 0x06, 0x00, 0x00, 0x00, 0x07, 0x06, 0x00, 0x00,
    0xf8, 0x05, 0x00, 0x00, 0x3d, 0x00, 0x00, 0x00, 0x70, 0x00, 0x04, 0x00,
    0x0c, 0x00, 0x00, 0x00, 0x08, 0x06, 0x00, 0x00, 0x07, 0x06, 0x00, 0x00,
    0x50, 0x00, 0x07, 0x00, 0x0d, 0x00, 0x00, 0x00, 0x09, 0x06, 0x00, 0x00,
    0xfe, 0x05, 0x00, 0x00, 0x02, 0x06, 0x00, 0x00, 0x05, 0x06, 0x00, 0x00,
    0x08, 0x06, 0x00, 0x00, 0x85, 0x00, 0x05, 0x00, 0x0d, 0x00, 0x00, 0x00,
    0x0b, 0x06, 0x00, 0x00, 0x09, 0x06, 0x00, 0x00, 0xa0, 0x10, 0x00, 0x00,
    0xf9, 0x00, 0x02, 0x00, 0x34, 0x04, 0x00, 0x00, 0xf8, 0x00, 0x02, 0x00,
    0x34, 0x04, 0x00, 0x00, 0xf5, 0x00, 0x07, 0x00, 0x0d, 0x00, 0x00, 0x00,
    0x18, 0x10, 0x00, 0x00, 0xc8, 0x00, 0x00, 0x00, 0x2d, 0x04, 0x00, 0x00,
    0x0b, 0x06, 0x00, 0x00, 0x2f, 0x04, 0x00, 0x00, 0xf9, 0x00, 0x02, 0x00,
    0x35, 0x04, 0x00, 0x00, 0xf8, 0x00, 0x02, 0x00, 0x10, 0x04, 0x00, 0x00,
    0xc7, 0x00, 0x05, 0x00, 0x06, 0x00, 0x00, 0x00, 0x13, 0x04, 0x00, 0x00,
    0xcc, 0x05, 0x00, 0x00, 0x48, 0x00, 0x00, 0x00, 0x84, 0x00, 0x05, 0x00,
    0x06, 0x00, 0x00, 0x00, 0x14, 0x04, 0x00, 0x00, 0x13, 0x04, 0x00, 0x00,
    0x2f, 0x00, 0x00, 0x00, 0x80, 0x00, 0x05, 0x00, 0x06, 0x00, 0x00, 0x00,
    0x15, 0x04, 0x00, 0x00, 0xc4, 0x04, 0x00, 0x00, 0x14, 0x04, 0x00, 0x00,
    0x80, 0x00, 0x05, 0x00, 0x06, 0x00, 0x00, 0x00, 0x17, 0x04, 0x00, 0x00,
    0x15, 0x04, 0x00, 0x00, 0xfe, 0x03, 0x00, 0x00, 0x41, 0x00, 0x06, 0x00,
    0x29, 0x00, 0x00, 0x00, 0xd5, 0x05, 0x00, 0x00, 0x25, 0x00, 0x00, 0x00,
    0x27, 0x00, 0x00, 0x00, 0x17, 0x04, 0x00, 0x00, 0x3d, 0x00, 0x04, 0x00,
    0x06, 0x00, 0x00, 0x00, 0xd6, 0x05, 0x00, 0x00, 0xd5, 0x05, 0x00, 0x00,
    0xc2, 0x00, 0x05, 0x00, 0x06, 0x00, 0x00, 0x00, 0xda, 0x05, 0x00, 0x00,
    0xd6, 0x05, 0x00, 0x00, 0x2f, 0x00, 0x00, 0x00, 0xc7, 0x00, 0x05, 0x00,
    0x06, 0x00, 0x00, 0x00, 0xdb, 0x05, 0x00, 0x00, 0xda, 0x05, 0x00, 0x00,
    0x31, 0x00, 0x00, 0x00, 0x70, 0x00, 0x04, 0x00, 0x0c, 0x00, 0x00, 0x00,
    0xdc, 0x05, 0x00, 0x00, 0xdb, 0x05, 0x00, 0x00, 0xc2, 0x00, 0x05, 0x00,
    0x06, 0x00, 0x00, 0x00, 0xde, 0x05, 0x00, 0x00, 0xd6, 0x05, 0x00, 0x00,
    0x35, 0x00, 0x00, 0x00, 0xc7, 0x00, 0x05, 0x00, 0x06, 0x00, 0x00, 0x00,
    0xdf, 0x05, 0x00, 0x00, 0xde, 0x05, 0x00, 0x00, 0x31, 0x00, 0x00, 0x00,
    0x70, 0x00, 0x04, 0x00, 0x0c, 0x00, 0x00, 0x00, 0xe0, 0x05, 0x00, 0x00,
    0xdf, 0x05, 0x00, 0x00, 0xc7, 0x00, 0x05, 0x00, 0x06, 0x00, 0x00, 0x00,
    0xe2, 0x05, 0x00, 0x00, 0xd6, 0x05, 0x00, 0x00, 0x31, 0x00, 0x00, 0x00,
    0x70, 0x00, 0x04, 0x00, 0x0c, 0x00, 0x00, 0x00, 0xe3, 0x05, 0x00, 0x00,
    0xe2, 0x05, 0x00, 0x00, 0xc2, 0x00, 0x05, 0x00, 0x06, 0x00, 0x00, 0x00,
    0xe5, 0x05, 0x00, 0x00, 0xd6, 0x05, 0x00, 0x00, 0x3d, 0x00, 0x00, 0x00,
    0x70, 0x00, 0x04, 0x00, 0x0c, 0x00, 0x00, 0x00, 0xe6, 0x05, 0x00, 0x00,
    0xe5, 0x05, 0x00, 0x00, 0x50, 0x00, 0x07, 0x00, 0x0d, 0x00, 0x00, 0x00,
    0xe7, 0x05, 0x00, 0x00, 0xdc, 0x05, 0x00, 0x00, 0xe0, 0x05, 0x00, 0x00,
    0xe3, 0x05, 0x00, 0x00, 0xe6, 0x05, 0x00, 0x00, 0x85, 0x00, 0x05, 0x00,
    0x0d, 0x00, 0x00, 0x00, 0xe9, 0x05, 0x00, 0x00, 0xe7, 0x05, 0x00, 0x00,
    0xa0, 0x10, 0x00, 0x00, 0xf9, 0x00, 0x02, 0x00, 0x35, 0x04, 0x00, 0x00,
    0xf8, 0x00, 0x02, 0x00, 0x35, 0x04, 0x00, 0x00, 0xf5, 0x00, 0x07, 0x00,
    0x0d, 0x00, 0x00, 0x00, 0x17, 0x10, 0x00, 0x00, 0xe9, 0x05, 0x00, 0x00,
    0x10, 0x04, 0x00, 0x00, 0x18, 0x10, 0x00, 0x00, 0x34, 0x04, 0x00, 0x00,
    0xf9, 0x00, 0x02, 0x00, 0x9b, 0x04, 0x00, 0x00, 0xf8, 0x00, 0x02, 0x00,
    0x37, 0x04, 0x00, 0x00, 0xaa, 0x00, 0x05, 0x00, 0x81, 0x00, 0x00, 0x00,
    0x3a, 0x04, 0x00, 0x00, 0xba, 0x04, 0x00, 0x00, 0x5a, 0x00, 0x00, 0x00,
    0xf7, 0x00, 0x03, 0x00, 0x50, 0x04, 0x00, 0x00, 0x00, 0x00, 0x00, 0x00,
    0xfa, 0x00, 0x04, 0x00, 0x3a, 0x04, 0x00, 0x00, 0x3b, 0x04, 0x00, 0x00,
    0x50, 0x04, 0x00, 0x00, 0xf8, 0x00, 0x02, 0x00, 0x3b, 0x04, 0x00, 0x00,
    0x51, 0x00, 0x05, 0x00, 0x06, 0x00, 0x00, 0x00, 0x3e, 0x04, 0x00, 0x00,
    0xf3, 0x0f, 0x00, 0x00, 0x00, 0x00, 0x00, 0x00, 0x86, 0x00, 0x05, 0x00,
    0x06, 0x00, 0x00, 0x00, 0x3f, 0x04, 0x00, 0x00, 0x3e, 0x04, 0x00, 0x00,
    0x35, 0x00, 0x00, 0x00, 0xaa, 0x00, 0x05, 0x00, 0x81, 0x00, 0x00, 0x00,
    0x41, 0x04, 0x00, 0x00, 0x0b, 0x10, 0x00, 0x00, 0x5a, 0x00, 0x00, 0x00,
    0xa9, 0x00, 0x06, 0x00, 0x06, 0x00, 0x00, 0x00, 0x42, 0x04, 0x00, 0x00,
    0x41, 0x04, 0x00, 0x00, 0xb8, 0x00, 0x00, 0x00, 0x72, 0x01, 0x00, 0x00,
    0x84, 0x00, 0x05, 0x00, 0x06, 0x00, 0x00, 0x00, 0x43, 0x04, 0x00, 0x00,
    0x3f, 0x04, 0x00, 0x00, 0x42, 0x04, 0x00, 0x00, 0x80, 0x00, 0x05, 0x00,
    0x06, 0x00, 0x00, 0x00, 0x44, 0x04, 0x00, 0x00, 0xbf, 0x04, 0x00, 0x00,
    0x43, 0x04, 0x00, 0x00, 0xf7, 0x00, 0x03, 0x00, 0x89, 0x06, 0x00, 0x00,
    0x00, 0x00, 0x00, 0x00, 0xfb, 0x00, 0x03, 0x00, 0x80, 0x00, 0x00, 0x00,
    0x24, 0x06, 0x00, 0x00, 0xf8, 0x00, 0x02, 0x00, 0x24, 0x06, 0x00, 0x00,
    0xc7, 0x00, 0x05, 0x00, 0x06, 0x00, 0x00, 0x00, 0x26, 0x06, 0x00, 0x00,
    0x3e, 0x04, 0x00, 0x00, 0x48, 0x00, 0x00, 0x00, 0x41, 0x00, 0x06, 0x00,
    0x29, 0x00, 0x00, 0x00, 0x8e, 0x06, 0x00, 0x00, 0x25, 0x00, 0x00, 0x00,
    0x27, 0x00, 0x00, 0x00, 0x44, 0x04, 0x00, 0x00, 0x3d, 0x00, 0x04, 0x00,
    0x06, 0x00, 0x00, 0x00, 0x8f, 0x06, 0x00, 0x00, 0x8e, 0x06, 0x00, 0x00,
    0xc2, 0x00, 0x05, 0x00, 0x06, 0x00, 0x00, 0x00, 0x2a, 0x06, 0x00, 0x00,
    0x8f, 0x06, 0x00, 0x00, 0x26, 0x06, 0x00, 0x00, 0x80, 0x00, 0x05, 0x00,
    0x06, 0x00, 0x00, 0x00, 0x2c, 0x06, 0x00, 0x00, 0x44, 0x04, 0x00, 0x00,
    0x52, 0x00, 0x00, 0x00, 0x41, 0x00, 0x06, 0x00, 0x29, 0x00, 0x00, 0x00,
    0x93, 0x06, 0x00, 0x00, 0x25, 0x00, 0x00, 0x00, 0x27, 0x00, 0x00, 0x00,
    0x2c, 0x06, 0x00, 0x00, 0x3d, 0x00, 0x04, 0x00, 0x06, 0x00, 0x00, 0x00,
    0x94, 0x06, 0x00, 0x00, 0x93, 0x06, 0x00, 0x00, 0xc2, 0x00, 0x05, 0x00,
    0x06, 0x00, 0x00, 0x00, 0x2f, 0x06, 0x00, 0x00, 0x94, 0x06, 0x00, 0x00,
    0x26, 0x06, 0x00, 0x00, 0x80, 0x00, 0x05, 0x00, 0x06, 0x00, 0x00, 0x00,
    0x31, 0x06, 0x00, 0x00, 0x44, 0x04, 0x00, 0x00, 0x5a, 0x00, 0x00, 0x00,
    0x41, 0x00, 0x06, 0x00, 0x29, 0x00, 0x00, 0x00, 0x98, 0x06, 0x00, 0x00,
    0x25, 0x00, 0x00, 0x00, 0x27, 0x00, 0x00, 0x00, 0x31, 0x06, 0x00, 0x00,
    0x3d, 0x00, 0x04, 0x00, 0x06, 0x00, 0x00, 0x00, 0x99, 0x06, 0x00, 0x00,
    0x98, 0x06, 0x00, 0x00, 0xc7, 0x00, 0x05, 0x00, 0x06, 0x00, 0x00, 0x00,
    0x34, 0x06, 0x00, 0x00, 0x2a, 0x06, 0x00, 0x00, 0x52, 0x00, 0x00, 0x00,
    0xc2, 0x00, 0x05, 0x00, 0x06, 0x00, 0x00, 0x00, 0x36, 0x06, 0x00, 0x00,
    0x2a, 0x06, 0x00, 0x00, 0x48, 0x00, 0x00, 0x00, 0xc7, 0x00, 0x05, 0x00,
    0x06, 0x00, 0x00, 0x00, 0x37, 0x06, 0x00, 0x00, 0x36, 0x06, 0x00, 0x00,
    0x5a, 0x00, 0x00, 0x00, 0xc5, 0x00, 0x05, 0x00, 0x06, 0x00, 0x00, 0x00,
    0x38, 0x06, 0x00, 0x00, 0x34, 0x06, 0x00, 0x00, 0x37, 0x06, 0x00, 0x00,
    0xc2, 0x00, 0x05, 0x00, 0x06, 0x00, 0x00, 0x00, 0x3a, 0x06, 0x00, 0x00,
    0x2a, 0x06, 0x00, 0x00, 0x66, 0x00, 0x00, 0x00, 0xc7, 0x00, 0x05, 0x00,
    0x06, 0x00, 0x00, 0x00, 0x3b, 0x06, 0x00, 0x00, 0x3a, 0x06, 0x00, 0x00,
    0x68, 0x00, 0x00, 0x00, 0xc5, 0x00, 0x05, 0x00, 0x06, 0x00, 0x00, 0x00,
    0x3c, 0x06, 0x00, 0x00, 0x38, 0x06, 0x00, 0x00, 0x3b, 0x06, 0x00, 0x00,
    0xc2, 0x00, 0x05, 0x00, 0x06, 0x00, 0x00, 0x00, 0x3e, 0x06, 0x00, 0x00,
    0x2a, 0x06, 0x00, 0x00, 0x6c, 0x00, 0x00, 0x00, 0xc7, 0x00, 0x05, 0x00,
    0x06, 0x00, 0x00, 0x00, 0x3f, 0x06, 0x00, 0x00, 0x3e, 0x06, 0x00, 0x00,
    0x35, 0x00, 0x00, 0x00, 0xc5, 0x00, 0x05, 0x00, 0x06, 0x00, 0x00, 0x00,
    0x40, 0x06, 0x00, 0x00, 0x3c, 0x06, 0x00, 0x00, 0x3f, 0x06, 0x00, 0x00,
    0xc7, 0x00, 0x05, 0x00, 0x06, 0x00, 0x00, 0x00, 0x42, 0x06, 0x00, 0x00,
    0x2f, 0x06, 0x00, 0x00, 0x52, 0x00, 0x00, 0x00, 0xc2, 0x00, 0x05, 0x00,
    0x06, 0x00, 0x00, 0x00, 0x44, 0x06, 0x00, 0x00, 0x2f, 0x06, 0x00, 0x00,
    0x48, 0x00, 0x00, 0x00, 0xc7, 0x00, 0x05, 0x00, 0x06, 0x00, 0x00, 0x00,
    0x45, 0x06, 0x00, 0x00, 0x44, 0x06, 0x00, 0x00, 0x5a, 0x00, 0x00, 0x00,
    0xc5, 0x00, 0x05, 0x00, 0x06, 0x00, 0x00, 0x00, 0x46, 0x06, 0x00, 0x00,
    0x42, 0x06, 0x00, 0x00, 0x45, 0x06, 0x00, 0x00, 0xc2, 0x00, 0x05, 0x00,
    0x06, 0x00, 0x00, 0x00, 0x48, 0x06, 0x00, 0x00, 0x2f, 0x06, 0x00, 0x00,
    0x66, 0x00, 0x00, 0x00, 0xc7, 0x00, 0x05, 0x00, 0x06, 0x00, 0x00, 0x00,
    0x49, 0x06, 0x00, 0x00, 0x48, 0x06, 0x00, 0x00, 0x68, 0x00, 0x00, 0x00,
    0xc5, 0x00, 0x05, 0x00, 0x06, 0x00, 0x00, 0x00, 0x4a, 0x06, 0x00, 0x00,
    0x46, 0x06, 0x00, 0x00, 0x49, 0x06, 0x00, 0x00, 0x84, 0x00, 0x05, 0x00,
    0x06, 0x00, 0x00, 0x00, 0x4b, 0x06, 0x00, 0x00, 0x4a, 0x06, 0x00, 0x00,
    0x2f, 0x00, 0x00, 0x00, 0xc4, 0x00, 0x05, 0x00, 0x06, 0x00, 0x00, 0x00,
    0x4e, 0x06, 0x00, 0x00, 0x52, 0x00, 0x00, 0x00, 0x26, 0x06, 0x00, 0x00,
    0xc7, 0x00, 0x05, 0x00, 0x06, 0x00, 0x00, 0x00, 0x4f, 0x06, 0x00, 0x00,
    0x99, 0x06, 0x00, 0x00, 0x4e, 0x06, 0x00, 0x00, 0xab, 0x00, 0x05, 0x00,
    0x81, 0x00, 0x00, 0x00, 0x50, 0x06, 0x00, 0x00, 0x4f, 0x06, 0x00, 0x00,
    0x80, 0x00, 0x00, 0x00, 0xf7, 0x00, 0x03, 0x00, 0x52, 0x06, 0x00, 0x00,
    0x00, 0x00, 0x00, 0x00, 0xfa, 0x00, 0x04, 0x00, 0x50, 0x06, 0x00, 0x00,
    0x51, 0x06, 0x00, 0x00, 0x52, 0x06, 0x00, 0x00, 0xf8, 0x00, 0x02, 0x00,
    0x51, 0x06, 0x00, 0x00, 0xf9, 0x00, 0x02, 0x00, 0x89, 0x06, 0x00, 0x00,
    0xf8, 0x00, 0x02, 0x00, 0x52, 0x06, 0x00, 0x00, 0xab, 0x00, 0x05, 0x00,
    0x81, 0x00, 0x00, 0x00, 0x54, 0x06, 0x00, 0x00, 0x40, 0x06, 0x00, 0x00,
    0x80, 0x00, 0x00, 0x00, 0xf7, 0x00, 0x03, 0x00, 0x5d, 0x06, 0x00, 0x00,
    0x00, 0x00, 0x00, 0x00, 0xfa, 0x00, 0x04, 0x00, 0x54, 0x06, 0x00, 0x00,
    0x55, 0x06, 0x00, 0x00, 0x5d, 0x06, 0x00, 0x00, 0xf8, 0x00, 0x02, 0x00,
    0x55, 0x06, 0x00, 0x00, 0x80, 0x00, 0x05, 0x00, 0x06, 0x00, 0x00, 0x00,
    0x58, 0x06, 0x00, 0x00, 0xc4, 0x04, 0x00, 0x00, 0x4b, 0x06, 0x00, 0x00,
    0x80, 0x00, 0x05, 0x00, 0x06, 0x00, 0x00, 0x00, 0x5a, 0x06, 0x00, 0x00,
    0x58, 0x06, 0x00, 0x00, 0x40, 0x06, 0x00, 0x00, 0x41, 0x00, 0x06, 0x00,
    0x29, 0x00, 0x00, 0x00, 0x9d, 0x06, 0x00, 0x00, 0x25, 0x00, 0x00, 0x00,
    0x27, 0x00, 0x00, 0x00, 0x5a, 0x06, 0x00, 0x00, 0x3d, 0x00, 0x04, 0x00,
    0x06, 0x00, 0x00, 0x00, 0x9e, 0x06, 0x00, 0x00, 0x9d, 0x06, 0x00, 0x00,
    0xc2, 0x00, 0x05, 0x00, 0x06, 0x00, 0x00, 0x00, 0xa2, 0x06, 0x00, 0x00,
    0x9e, 0x06, 0x00, 0x00, 0x2f, 0x00, 0x00, 0x00, 0xc7, 0x00, 0x05, 0x00,
    0x06, 0x00, 0x00, 0x00, 0xa3, 0x06, 0x00, 0x00, 0xa2, 0x06, 0x00, 0x00,
    0x31, 0x00, 0x00, 0x00, 0x70, 0x00, 0x04, 0x00, 0x0c, 0x00, 0x00, 0x00,
    0xa4, 0x06, 0x00, 0x00, 0xa3, 0x06, 0x00, 0x00, 0xc2, 0x00, 0x05, 0x00,
    0x06, 0x00, 0x00, 0x00, 0xa6, 0x06, 0x00, 0x00, 0x9e, 0x06, 0x00, 0x00,
    0x35, 0x00, 0x00, 0x00, 0xc7, 0x00, 0x05, 0x00, 0x06, 0x00, 0x00, 0x00,
    0xa7, 0x06, 0x00, 0x00, 0xa6, 0x06, 0x00, 0x00, 0x31, 0x00, 0x00, 0x00,
    0x70, 0x00, 0x04, 0x00, 0x0c, 0x00, 0x00, 0x00, 0xa8, 0x06, 0x00, 0x00,
    0xa7, 0x06, 0x00, 0x00, 0xc7, 0x00, 0x05, 0x00, 0x06, 0x00, 0x00, 0x00,
    0xaa, 0x06, 0x00, 0x00, 0x9e, 0x06, 0x00, 0x00, 0x31, 0x00, 0x00, 0x00,
    0x70, 0x00, 0x04, 0x00, 0x0c, 0x00, 0x00, 0x00, 0xab, 0x06, 0x00, 0x00,
    0xaa, 0x06, 0x00, 0x00, 0xc2, 0x00, 0x05, 0x00, 0x06, 0x00, 0x00, 0x00,
    0xad, 0x06, 0x00, 0x00, 0x9e, 0x06, 0x00, 0x00, 0x3d, 0x00, 0x00, 0x00,
    0x70, 0x00, 0x04, 0x00, 0x0c, 0x00, 0x00, 0x00, 0xae, 0x06, 0x00, 0x00,
    0xad, 0x06, 0x00, 0x00, 0x50, 0x00, 0x07, 0x00, 0x0d, 0x00, 0x00, 0x00,
    0xaf, 0x06, 0x00, 0x00, 0xa4, 0x06, 0x00, 0x00, 0xa8, 0x06, 0x00, 0x00,
    0xab, 0x06, 0x00, 0x00, 0xae, 0x06, 0x00, 0x00, 0x85, 0x00, 0x05, 0x00,
    0x0d, 0x00, 0x00, 0x00, 0xb1, 0x06, 0x00, 0x00, 0xaf, 0x06, 0x00, 0x00,
    0xa0, 0x10, 0x00, 0x00, 0xf9, 0x00, 0x02, 0x00, 0x89, 0x06, 0x00, 0x00,
    0xf8, 0x00, 0x02, 0x00, 0x5d, 0x06, 0x00, 0x00, 0x80, 0x00, 0x05, 0x00,
    0x06, 0x00, 0x00, 0x00, 0x60, 0x06, 0x00, 0x00, 0x26, 0x06, 0x00, 0x00,
    0x35, 0x00, 0x00, 0x00, 0xc4, 0x00, 0x05, 0x00, 0x06, 0x00, 0x00, 0x00,
    0x61, 0x06, 0x00, 0x00, 0x52, 0x00, 0x00, 0x00, 0x60, 0x06, 0x00, 0x00,
    0xc7, 0x00, 0x05, 0x00, 0x06, 0x00, 0x00, 0x00, 0x62, 0x06, 0x00, 0x00,
    0x99, 0x06, 0x00, 0x00, 0x61, 0x06, 0x00, 0x00, 0xab, 0x00, 0x05, 0x00,
    0x81, 0x00, 0x00, 0x00, 0x63, 0x06, 0x00, 0x00, 0x62, 0x06, 0x00, 0x00,
    0x80, 0x00, 0x00, 0x00, 0xa8, 0x00, 0x04, 0x00, 0x81, 0x00, 0x00, 0x00,
    0x64, 0x06, 0x00, 0x00, 0x63, 0x06, 0x00, 0x00, 0xf7, 0x00, 0x03, 0x00,
    0x81, 0x06, 0x00, 0x00, 0x00, 0x00, 0x00, 0x00, 0xfa, 0x00, 0x04, 0x00,
    0x64, 0x06, 0x00, 0x00, 0x65, 0x06, 0x00, 0x00, 0x81, 0x06, 0x00, 0x00,
    0xf8, 0x00, 0x02, 0x00, 0x65, 0x06, 0x00, 0x00, 0x80, 0x00, 0x05, 0x00,
    0x06, 0x00, 0x00, 0x00, 0x6b, 0x06, 0x00, 0x00, 0x26, 0x06, 0x00, 0x00,
    0x2f, 0x00, 0x00, 0x00, 0xc4, 0x00, 0x05, 0x00, 0x06, 0x00, 0x00, 0x00,
    0x6c, 0x06, 0x00, 0x00, 0x52, 0x00, 0x00, 0x00, 0x6b, 0x06, 0x00, 0x00,
    0xc7, 0x00, 0x05, 0x00, 0x06, 0x00, 0x00, 0x00, 0x6d, 0x06, 0x00, 0x00,
    0x99, 0x06, 0x00, 0x00, 0x6c, 0x06, 0x00, 0x00, 0xaa, 0x00, 0x05, 0x00,
    0x81, 0x00, 0x00, 0x00, 0x6e, 0x06, 0x00, 0x00, 0x6d, 0x06, 0x00, 0x00,
    0x80, 0x00, 0x00, 0x00, 0xf7, 0x00, 0x03, 0x00, 0x77, 0x06, 0x00, 0x00,
    0x00, 0x00, 0x00, 0x00, 0xfa, 0x00, 0x04, 0x00, 0x6e, 0x06, 0x00, 0x00,
    0x71, 0x06, 0x00, 0x00, 0x77, 0x06, 0x00, 0x00, 0xf8, 0x00, 0x02, 0x00,
    0x71, 0x06, 0x00, 0x00, 0x80, 0x00, 0x05, 0x00, 0x06, 0x00, 0x00, 0x00,
    0x74, 0x06, 0x00, 0x00, 0xef, 0x0f, 0x00, 0x00, 0x5a, 0x00, 0x00, 0x00,
    0x41, 0x00, 0x06, 0x00, 0x29, 0x00, 0x00, 0x00, 0xb5, 0x06, 0x00, 0x00,
    0x25, 0x00, 0x00, 0x00, 0x27, 0x00, 0x00, 0x00, 0x74, 0x06, 0x00, 0x00,
    0x3d, 0x00, 0x04, 0x00, 0x06, 0x00, 0x00, 0x00, 0xb6, 0x06, 0x00, 0x00,
    0xb5, 0x06, 0x00, 0x00, 0xae, 0x00, 0x05, 0x00, 0x81, 0x00, 0x00, 0x00,
    0x76, 0x06, 0x00, 0x00, 0x3e, 0x04, 0x00, 0x00, 0xb6, 0x06, 0x00, 0x00,
    0xf9, 0x00, 0x02, 0x00, 0x77, 0x06, 0x00, 0x00, 0xf8, 0x00, 0x02, 0x00,
    0x77, 0x06, 0x00, 0x00, 0xf5, 0x00, 0x07, 0x00, 0x81, 0x00, 0x00, 0x00,
    0x78, 0x06, 0x00, 0x00, 0x6e, 0x06, 0x00, 0x00, 0x65, 0x06, 0x00, 0x00,
    0x76, 0x06, 0x00, 0x00, 0x71, 0x06, 0x00, 0x00, 0xf7, 0x00, 0x03, 0x00,
    0x7f, 0x06, 0x00, 0x00, 0x00, 0x00, 0x00, 0x00, 0xfa, 0x00, 0x04, 0x00,
    0x78, 0x06, 0x00, 0x00, 0x79, 0x06, 0x00, 0x00, 0x7f, 0x06, 0x00, 0x00,
    0xf8, 0x00, 0x02, 0x00, 0x79, 0x06, 0x00, 0x00, 0x80, 0x00, 0x05, 0x00,
    0x06, 0x00, 0x00, 0x00, 0x7c, 0x06, 0x00, 0x00, 0xef, 0x0f, 0x00, 0x00,
    0xb8, 0x00, 0x00, 0x00, 0x41, 0x00, 0x06, 0x00, 0x29, 0x00, 0x00, 0x00,
    0xba, 0x06, 0x00, 0x00, 0x25, 0x00, 0x00, 0x00, 0x27, 0x00, 0x00, 0x00,
    0x7c, 0x06, 0x00, 0x00, 0x3d, 0x00, 0x04, 0x00, 0x06, 0x00, 0x00, 0x00,
    0xbb, 0x06, 0x00, 0x00, 0xba, 0x06, 0x00, 0x00, 0xb0, 0x00, 0x05, 0x00,
    0x81, 0x00, 0x00, 0x00, 0x7e, 0x06, 0x00, 0x00, 0x3e, 0x04, 0x00, 0x00,
    0xbb, 0x06, 0x00, 0x00, 0xf9, 0x00, 0x02, 0x00, 0x7f, 0x06, 0x00, 0x00,
    0xf8, 0x00, 0x02, 0x00, 0x7f, 0x06, 0x00, 0x00, 0xf5, 0x00, 0x07, 0x00,
    0x81, 0x00, 0x00, 0x00, 0x80, 0x06, 0x00, 0x00, 0x78, 0x06, 0x00, 0x00,
    0x77, 0x06, 0x00, 0x00, 0x7e, 0x06, 0x00, 0x00, 0x79, 0x06, 0x00, 0x00,
    0xf9, 0x00, 0x02, 0x00, 0x81, 0x06, 0x00, 0x00, 0xf8, 0x00, 0x02, 0x00,
    0x81, 0x06, 0x00, 0x00, 0xf5, 0x00, 0x07, 0x00, 0x81, 0x00, 0x00, 0x00,
    0x82, 0x06, 0x00, 0x00, 0x63, 0x06, 0x00, 0x00, 0x5d, 0x06, 0x00, 0x00,
    0x80, 0x06, 0x00, 0x00, 0x7f, 0x06, 0x00, 0x00, 0xf7, 0x00, 0x03, 0x00,
    0x88, 0x06, 0x00, 0x00, 0x00, 0x00, 0x00, 0x00, 0xfa, 0x00, 0x04, 0x00,
    0x82, 0x06, 0x00, 0x00, 0x83, 0x06, 0x00, 0x00, 0x88, 0x06, 0x00, 0x00,
    0xf8, 0x00, 0x02, 0x00, 0x83, 0x06, 0x00, 0x00, 0x80, 0x00, 0x05, 0x00,
    0x06, 0x00, 0x00, 0x00, 0x85, 0x06, 0x00, 0x00, 0xef, 0x0f, 0x00, 0x00,
    0x52, 0x00, 0x00, 0x00, 0x41, 0x00, 0x06, 0x00, 0x29, 0x00, 0x00, 0x00,
    0xbf, 0x06, 0x00, 0x00, 0x25, 0x00, 0x00, 0x00, 0x27, 0x00, 0x00, 0x00,
    0x85, 0x06, 0x00, 0x00, 0x3d, 0x00, 0x04, 0x00, 0x06, 0x00, 0x00, 0x00,
    0xc0, 0x06, 0x00, 0x00, 0xbf, 0x06, 0x00, 0x00, 0xc2, 0x00, 0x05, 0x00,
    0x06, 0x00, 0x00, 0x00, 0xc4, 0x06, 0x00, 0x00, 0xc0, 0x06, 0x00, 0x00,
    0x2f, 0x00, 0x00, 0x00, 0xc7, 0x00, 0x05, 0x00, 0x06, 0x00, 0x00, 0x00,
    0xc5, 0x06, 0x00, 0x00, 0xc4, 0x06, 0x00, 0x00, 0x31, 0x00, 0x00, 0x00,
    0x70, 0x00, 0x04, 0x00, 0x0c, 0x00, 0x00, 0x00, 0xc6, 0x06, 0x00, 0x00,
    0xc5, 0x06, 0x00, 0x00, 0xc2, 0x00, 0x05, 0x00, 0x06, 0x00, 0x00, 0x00,
    0xc8, 0x06, 0x00, 0x00, 0xc0, 0x06, 0x00, 0x00, 0x35, 0x00, 0x00, 0x00,
    0xc7, 0x00, 0x05, 0x00, 0x06, 0x00, 0x00, 0x00, 0xc9, 0x06, 0x00, 0x00,
    0xc8, 0x06, 0x00, 0x00, 0x31, 0x00, 0x00, 0x00, 0x70, 0x00, 0x04, 0x00,
    0x0c, 0x00, 0x00, 0x00, 0xca, 0x06, 0x00, 0x00, 0xc9, 0x06, 0x00, 0x00,
    0xc7, 0x00, 0x05, 0x00, 0x06, 0x00, 0x00, 0x00, 0xcc, 0x06, 0x00, 0x00,
    0xc0, 0x06, 0x00, 0x00, 0x31, 0x00, 0x00, 0x00, 0x70, 0x00, 0x04, 0x00,
    0x0c, 0x00, 0x00, 0x00, 0xcd, 0x06, 0x00, 0x00, 0xcc, 0x06, 0x00, 0x00,
    0xc2, 0x00, 0x05, 0x00, 0x06, 0x00, 0x00, 0x00, 0xcf, 0x06, 0x00, 0x00,
    0xc0, 0x06, 0x00, 0x00, 0x3d, 0x00, 0x00, 0x00, 0x70, 0x00, 0x04, 0x00,
    0x0c, 0x00, 0x00, 0x00, 0xd0, 0x06, 0x00, 0x00, 0xcf, 0x06, 0x00, 0x00,
    0x50, 0x00, 0x07, 0x00, 0x0d, 0x00, 0x00, 0x00, 0xd1, 0x06, 0x00, 0x00,
    0xc6, 0x06, 0x00, 0x00, 0xca, 0x06, 0x00, 0x00, 0xcd, 0x06, 0x00, 0x00,
    0xd0, 0x06, 0x00, 0x00, 0x85, 0x00, 0x05, 0x00, 0x0d, 0x00, 0x00, 0x00,
    0xd3, 0x06, 0x00, 0x00, 0xd1, 0x06, 0x00, 0x00, 0xa0, 0x10, 0x00, 0x00,
    0xf9, 0x00, 0x02, 0x00, 0x89, 0x06, 0x00, 0x00, 0xf8, 0x00, 0x02, 0x00,
    0x88, 0x06, 0x00, 0x00, 0xf9, 0x00, 0x02, 0x00, 0x89, 0x06, 0x00, 0x00,
    0xf8, 0x00, 0x02, 0x00, 0x89, 0x06, 0x00, 0x00, 0xf5, 0x00, 0x0b, 0x00,
    0x0d, 0x00, 0x00, 0x00, 0x0e, 0x10, 0x00, 0x00, 0x87, 0x00, 0x00, 0x00,
    0x51, 0x06, 0x00, 0x00, 0xb1, 0x06, 0x00, 0x00, 0x55, 0x06, 0x00, 0x00,
    0xd3, 0x06, 0x00, 0x00, 0x83, 0x06, 0x00, 0x00, 0xc8, 0x00, 0x00, 0x00,
    0x88, 0x06, 0x00, 0x00, 0xf9, 0x00, 0x02, 0x00, 0x9b, 0x04, 0x00, 0x00,
    0xf8, 0x00, 0x02, 0x00, 0x50, 0x04, 0x00, 0x00, 0x51, 0x00, 0x05, 0x00,
    0x06, 0x00, 0x00, 0x00, 0x53, 0x04, 0x00, 0x00, 0xf3, 0x0f, 0x00, 0x00,
    0x00, 0x00, 0x00, 0x00, 0x80, 0x00, 0x05, 0x00, 0x06, 0x00, 0x00, 0x00,
    0x54, 0x04, 0x00, 0x00, 0xbf, 0x04, 0x00, 0x00, 0x53, 0x04, 0x00, 0x00,
    0x41, 0x00, 0x06, 0x00, 0x29, 0x00, 0x00, 0x00, 0xd7, 0x06, 0x00, 0x00,
    0x25, 0x00, 0x00, 0x00, 0x27, 0x00, 0x00, 0x00, 0x54, 0x04, 0x00, 0x00,
    0x3d, 0x00, 0x04, 0x00, 0x06, 0x00, 0x00, 0x00, 0xd8, 0x06, 0x00, 0x00,
    0xd7, 0x06, 0x00, 0x00, 0xc7, 0x00, 0x05, 0x00, 0x06, 0x00, 0x00, 0x00,
    0x5a, 0x04, 0x00, 0x00, 0xd8, 0x06, 0x00, 0x00, 0x3d, 0x02, 0x00, 0x00,
    0xaa, 0x00, 0x05, 0x00, 0x81, 0x00, 0x00, 0x00, 0x5c, 0x04, 0x00, 0x00,
    0x5a, 0x04, 0x00, 0x00, 0x40, 0x02, 0x00, 0x00, 0xf7, 0x00, 0x03, 0x00,
    0x99, 0x04, 0x00, 0x00, 0x00, 0x00, 0x00, 0x00, 0xfa, 0x00, 0x04, 0x00,
    0x5c, 0x04, 0x00, 0x00, 0x5d, 0x04, 0x00, 0x00, 0x5e, 0x04, 0x00, 0x00,
    0xf8, 0x00, 0x02, 0x00, 0x5e, 0x04, 0x00, 0x00, 0xaa, 0x00, 0x05, 0x00,
    0x81, 0x00, 0x00, 0x00, 0x60, 0x04, 0x00, 0x00, 0x5a, 0x04, 0x00, 0x00,
    0x46, 0x02, 0x00, 0x00, 0xf7, 0x00, 0x03, 0x00, 0x98, 0x04, 0x00, 0x00,
    0x00, 0x00, 0x00, 0x00, 0xfa, 0x00, 0x04, 0x00, 0x60, 0x04, 0x00, 0x00,
    0x61, 0x04, 0x00, 0x00, 0x66, 0x04, 0x00, 0x00, 0xf8, 0x00, 0x02, 0x00,
    0x66, 0x04, 0x00, 0x00, 0xab, 0x00, 0x05, 0x00, 0x81, 0x00, 0x00, 0x00,
    0x68, 0x04, 0x00, 0x00, 0x5a, 0x04, 0x00, 0x00, 0x80, 0x00, 0x00, 0x00,
    0xb2, 0x00, 0x05, 0x00, 0x81, 0x00, 0x00, 0x00, 0x6a, 0x04, 0x00, 0x00,
    0x5a, 0x04, 0x00, 0x00, 0x54, 0x02, 0x00, 0x00, 0xa7, 0x00, 0x05, 0x00,
    0x81, 0x00, 0x00, 0x00, 0x6b, 0x04, 0x00, 0x00, 0x68, 0x04, 0x00, 0x00,
    0x6a, 0x04, 0x00, 0x00, 0xf7, 0x00, 0x03, 0x00, 0x97, 0x04, 0x00, 0x00,
    0x00, 0x00, 0x00, 0x00, 0xfa, 0x00, 0x04, 0x00, 0x6b, 0x04, 0x00, 0x00,
    0x6c, 0x04, 0x00, 0x00, 0x73, 0x04, 0x00, 0x00, 0xf8, 0x00, 0x02, 0x00,
    0x73, 0x04, 0x00, 0x00, 0xaa, 0x00, 0x05, 0x00, 0x81, 0x00, 0x00, 0x00,
    0x75, 0x04, 0x00, 0x00, 0x5a, 0x04, 0x00, 0x00, 0x80, 0x00, 0x00, 0x00,
    0xf7, 0x00, 0x03, 0x00, 0x7d, 0x04, 0x00, 0x00, 0x00, 0x00, 0x00, 0x00,
    0xfa, 0x00, 0x04, 0x00, 0x75, 0x04, 0x00, 0x00, 0x79, 0x04, 0x00, 0x00,
    0x7d, 0x04, 0x00, 0x00, 0xf8, 0x00, 0x02, 0x00, 0x79, 0x04, 0x00, 0x00,
    0xc7, 0x00, 0x05, 0x00, 0x06, 0x00, 0x00, 0x00, 0x7b, 0x04, 0x00, 0x00,
    0xd8, 0x06, 0x00, 0x00, 0x6a, 0x02, 0x00, 0x00, 0xaa, 0x00, 0x05, 0x00,
    0x81, 0x00, 0x00, 0x00, 0x7c, 0x04, 0x00, 0x00, 0x7b, 0x04, 0x00, 0x00,
    0x80, 0x00, 0x00, 0x00, 0xf9, 0x00, 0x02, 0x00, 0x7d, 0x04, 0x00, 0x00,
    0xf8, 0x00, 0x02, 0x00, 0x7d, 0x04, 0x00, 0x00, 0xf5, 0x00, 0x07, 0x00,
    0x81, 0x00, 0x00, 0x00, 0x7e, 0x04, 0x00, 0x00, 0x75, 0x04, 0x00, 0x00,
    0x73, 0x04, 0x00, 0x00, 0x7c, 0x04, 0x00, 0x00, 0x79, 0x04, 0x00, 0x00,
    0xf7, 0x00, 0x03, 0x00, 0x86, 0x04, 0x00, 0x00, 0x00, 0x00, 0x00, 0x00,
    0xfa, 0x00, 0x04, 0x00, 0x7e, 0x04, 0x00, 0x00, 0x7f, 0x04, 0x00, 0x00,
    0x86, 0x04, 0x00, 0x00, 0xf8, 0x00, 0x02, 0x00, 0x7f, 0x04, 0x00, 0x00,
    0x80, 0x00, 0x05, 0x00, 0x06, 0x00, 0x00, 0x00, 0x83, 0x04, 0x00, 0x00,
    0xef, 0x0f, 0x00, 0x00, 0x5a, 0x00, 0x00, 0x00, 0x41, 0x00, 0x06, 0x00,
    0x29, 0x00, 0x00, 0x00, 0x0c, 0x07, 0x00, 0x00, 0x25, 0x00, 0x00, 0x00,
    0x27, 0x00, 0x00, 0x00, 0x83, 0x04, 0x00, 0x00, 0x3d, 0x00, 0x04, 0x00,
    0x06, 0x00, 0x00, 0x00, 0x0d, 0x07, 0x00, 0x00, 0x0c, 0x07, 0x00, 0x00,
    0xae, 0x00, 0x05, 0x00, 0x81, 0x00, 0x00, 0x00, 0x85, 0x04, 0x00, 0x00,
    0x53, 0x04, 0x00, 0x00, 0x0d, 0x07, 0x00, 0x00, 0xf9, 0x00, 0x02, 0x00,
    0x86, 0x04, 0x00, 0x00, 0xf8, 0x00, 0x02, 0x00, 0x86, 0x04, 0x00, 0x00,
    0xf5, 0x00, 0x07, 0x00, 0x81, 0x00, 0x00, 0x00, 0x87, 0x04, 0x00, 0x00,
    0x7e, 0x04, 0x00, 0x00, 0x7d, 0x04, 0x00, 0x00, 0x85, 0x04, 0x00, 0x00,
    0x7f, 0x04, 0x00, 0x00, 0xf7, 0x00, 0x03, 0x00, 0x8f, 0x04, 0x00, 0x00,
    0x00, 0x00, 0x00, 0x00, 0xfa, 0x00, 0x04, 0x00, 0x87, 0x04, 0x00, 0x00,
    0x88, 0x04, 0x00, 0x00, 0x8f, 0x04, 0x00, 0x00, 0xf8, 0x00, 0x02, 0x00,
    0x88, 0x04, 0x00, 0x00, 0x80, 0x00, 0x05, 0x00, 0x06, 0x00, 0x00, 0x00,
    0x8c, 0x04, 0x00, 0x00, 0xef, 0x0f, 0x00, 0x00, 0xb8, 0x00, 0x00, 0x00,
    0x41, 0x00, 0x06, 0x00, 0x29, 0x00, 0x00, 0x00, 0x11, 0x07, 0x00, 0x00,
    0x25, 0x00, 0x00, 0x00, 0x27, 0x00, 0x00, 0x00, 0x8c, 0x04, 0x00, 0x00,
    0x3d, 0x00, 0x04, 0x00, 0x06, 0x00, 0x00, 0x00, 0x12, 0x07, 0x00, 0x00,
    0x11, 0x07, 0x00, 0x00, 0xb0, 0x00, 0x05, 0x00, 0x81, 0x00, 0x00, 0x00,
    0x8e, 0x04, 0x00, 0x00, 0x53, 0x04, 0x00, 0x00, 0x12, 0x07, 0x00, 0x00,
    0xf9, 0x00, 0x02, 0x00, 0x8f, 0x04, 0x00, 0x00, 0xf8, 0x00, 0x02, 0x00,
    0x8f, 0x04, 0x00, 0x00, 0xf5, 0x00, 0x07, 0x00, 0x81, 0x00, 0x00, 0x00,
    0x90, 0x04, 0x00, 0x00, 0x87, 0x04, 0x00, 0x00, 0x86, 0x04, 0x00, 0x00,
    0x8e, 0x04, 0x00, 0x00, 0x88, 0x04, 0x00, 0x00, 0xf7, 0x00, 0x03, 0x00,
    0x96, 0x04, 0x00, 0x00, 0x00, 0x00, 0x00, 0x00, 0xfa, 0x00, 0x04, 0x00,
    0x90, 0x04, 0x00, 0x00, 0x91, 0x04, 0x00, 0x00, 0x96, 0x04, 0x00, 0x00,
    0xf8, 0x00, 0x02, 0x00, 0x91, 0x04, 0x00, 0x00, 0x80, 0x00, 0x05, 0x00,
    0x06, 0x00, 0x00, 0x00, 0x93, 0x04, 0x00, 0x00, 0xef, 0x0f, 0x00, 0x00,
    0x52, 0x00, 0x00, 0x00, 0x41, 0x00, 0x06, 0x00, 0x29, 0x00, 0x00, 0x00,
    0x16, 0x07, 0x00, 0x00, 0x25, 0x00, 0x00, 0x00, 0x27, 0x00, 0x00, 0x00,
    0x93, 0x04, 0x00, 0x00, 0x3d, 0x00, 0x04, 0x00, 0x06, 0x00, 0x00, 0x00,
    0x17, 0x07, 0x00, 0x00, 0x16, 0x07, 0x00, 0x00, 0xc2, 0x00, 0x05, 0x00,
    0x06, 0x00, 0x00, 0x00, 0x1b, 0x07, 0x00, 0x00, 0x17, 0x07, 0x00, 0x00,
    0x2f, 0x00, 0x00, 0x00, 0xc7, 0x00, 0x05, 0x00, 0x06, 0x00, 0x00, 0x00,
    0x1c, 0x07, 0x00, 0x00, 0x1b, 0x07, 0x00, 0x00, 0x31, 0x00, 0x00, 0x00,
    0x70, 0x00, 0x04, 0x00, 0x0c, 0x00, 0x00, 0x00, 0x1d, 0x07, 0x00, 0x00,
    0x1c, 0x07, 0x00, 0x00, 0xc2, 0x00, 0x05, 0x00, 0x06, 0x00, 0x00, 0x00,
    0x1f, 0x07, 0x00, 0x00, 0x17, 0x07, 0x00, 0x00, 0x35, 0x00, 0x00, 0x00,
    0xc7, 0x00, 0x05, 0x00, 0x06, 0x00, 0x00, 0x00, 0x20, 0x07, 0x00, 0x00,
    0x1f, 0x07, 0x00, 0x00, 0x31, 0x00, 0x00, 0x00, 0x70, 0x00, 0x04, 0x00,
    0x0c, 0x00, 0x00, 0x00, 0x21, 0x07, 0x00, 0x00, 0x20, 0x07, 0x00, 0x00,
    0xc7, 0x00, 0x05, 0x00, 0x06, 0x00, 0x00, 0x00, 0x23, 0x07, 0x00, 0x00,
    0x17, 0x07, 0x00, 0x00, 0x31, 0x00, 0x00, 0x00, 0x70, 0x00, 0x04, 0x00,
    0x0c, 0x00, 0x00, 0x00, 0x24, 0x07, 0x00, 0x00, 0x23, 0x07, 0x00, 0x00,
    0xc2, 0x00, 0x05, 0x00, 0x06, 0x00, 0x00, 0x00, 0x26, 0x07, 0x00, 0x00,
    0x17, 0x07, 0x00, 0x00, 0x3d, 0x00, 0x00, 0x00, 0x70, 0x00, 0x04, 0x00,
    0x0c, 0x00, 0x00, 0x00, 0x27, 0x07, 0x00, 0x00, 0x26, 0x07, 0x00, 0x00,
    0x50, 0x00, 0x07, 0x00, 0x0d, 0x00, 0x00, 0x00, 0x28, 0x07, 0x00, 0x00,
    0x1d, 0x07, 0x00, 0x00, 0x21, 0x07, 0x00, 0x00, 0x24, 0x07, 0x00, 0x00,
    0x27, 0x07, 0x00, 0x00, 0x85, 0x00, 0x05, 0x00, 0x0d, 0x00, 0x00, 0x00,
    0x2a, 0x07, 0x00, 0x00, 0x28, 0x07, 0x00, 0x00, 0xa0, 0x10, 0x00, 0x00,
    0xf9, 0x00, 0x02, 0x00, 0x96, 0x04, 0x00, 0x00, 0xf8, 0x00, 0x02, 0x00,
    0x96, 0x04, 0x00, 0x00, 0xf5, 0x00, 0x07, 0x00, 0x0d, 0x00, 0x00, 0x00,
    0xff, 0x0f, 0x00, 0x00, 0xc8, 0x00, 0x00, 0x00, 0x8f, 0x04, 0x00, 0x00,
    0x2a, 0x07, 0x00, 0x00, 0x91, 0x04, 0x00, 0x00, 0xf9, 0x00, 0x02, 0x00,
    0x97, 0x04, 0x00, 0x00, 0xf8, 0x00, 0x02, 0x00, 0x6c, 0x04, 0x00, 0x00,
    0x80, 0x00, 0x05, 0x00, 0x06, 0x00, 0x00, 0x00, 0x6f, 0x04, 0x00, 0x00,
    0xc4, 0x04, 0x00, 0x00, 0x5a, 0x04, 0x00, 0x00, 0x82, 0x00, 0x05, 0x00,
    0x06, 0x00, 0x00, 0x00, 0x70, 0x04, 0x00, 0x00, 0x6f, 0x04, 0x00, 0x00,
    0x52, 0x00, 0x00, 0x00, 0x41, 0x00, 0x06, 0x00, 0x29, 0x00, 0x00, 0x00,
    0xf4, 0x06, 0x00, 0x00, 0x25, 0x00, 0x00, 0x00, 0x27, 0x00, 0x00, 0x00,
    0x70, 0x04, 0x00, 0x00, 0x3d, 0x00, 0x04, 0x00, 0x06, 0x00, 0x00, 0x00,
    0xf5, 0x06, 0x00, 0x00, 0xf4, 0x06, 0x00, 0x00, 0xc2, 0x00, 0x05, 0x00,
    0x06, 0x00, 0x00, 0x00, 0xf9, 0x06, 0x00, 0x00, 0xf5, 0x06, 0x00, 0x00,
    0x2f, 0x00, 0x00, 0x00, 0xc7, 0x00, 0x05, 0x00, 0x06, 0x00, 0x00, 0x00,
    0xfa, 0x06, 0x00, 0x00, 0xf9, 0x06, 0x00, 0x00, 0x31, 0x00, 0x00, 0x00,
    0x70, 0x00, 0x04, 0x00, 0x0c, 0x00, 0x00, 0x00, 0xfb, 0x06, 0x00, 0x00,
    0xfa, 0x06, 0x00, 0x00, 0xc2, 0x00, 0x05, 0x00, 0x06, 0x00, 0x00, 0x00,
    0xfd, 0x06, 0x00, 0x00, 0xf5, 0x06, 0x00, 0x00, 0x35, 0x00, 0x00, 0x00,
    0xc7, 0x00, 0x05, 0x00, 0x06, 0x00, 0x00, 0x00, 0xfe, 0x06, 0x00, 0x00,
    0xfd, 0x06, 0x00, 0x00, 0x31, 0x00, 0x00, 0x00, 0x70, 0x00, 0x04, 0x00,
    0x0c, 0x00, 0x00, 0x00, 0xff, 0x06, 0x00, 0x00, 0xfe, 0x06, 0x00, 0x00,
    0xc7, 0x00, 0x05, 0x00, 0x06, 0x00, 0x00, 0x00, 0x01, 0x07, 0x00, 0x00,
    0xf5, 0x06, 0x00, 0x00, 0x31, 0x00, 0x00, 0x00, 0x70, 0x00, 0x04, 0x00,
    0x0c, 0x00, 0x00, 0x00, 0x02, 0x07, 0x00, 0x00, 0x01, 0x07, 0x00, 0x00,
    0xc2, 0x00, 0x05, 0x00, 0x06, 0x00, 0x00, 0x00, 0x04, 0x07, 0x00, 0x00,
    0xf5, 0x06, 0x00, 0x00, 0x3d, 0x00, 0x00, 0x00, 0x70, 0x00, 0x04, 0x00,
    0x0c, 0x00, 0x00, 0x00, 0x05, 0x07, 0x00, 0x00, 0x04, 0x07, 0x00, 0x00,
    0x50, 0x00, 0x07, 0x00, 0x0d, 0x00, 0x00, 0x00, 0x06, 0x07, 0x00, 0x00,
    0xfb, 0x06, 0x00, 0x00, 0xff, 0x06, 0x00, 0x00, 0x02, 0x07, 0x00, 0x00,
    0x05, 0x07, 0x00, 0x00, 0x85, 0x00, 0x05, 0x00, 0x0d, 0x00, 0x00, 0x00,
    0x08, 0x07, 0x00, 0x00, 0x06, 0x07, 0x00, 0x00, 0xa0, 0x10, 0x00, 0x00,
    0xf9, 0x00, 0x02, 0x00, 0x97, 0x04, 0x00, 0x00, 0xf8, 0x00, 0x02, 0x00,
    0x97, 0x04, 0x00, 0x00, 0xf5, 0x00, 0x07, 0x00, 0x0d, 0x00, 0x00, 0x00,
    0xfe, 0x0f, 0x00, 0x00, 0x08, 0x07, 0x00, 0x00, 0x6c, 0x04, 0x00, 0x00,
    0xff, 0x0f, 0x00, 0x00, 0x96, 0x04, 0x00, 0x00, 0xf9, 0x00, 0x02, 0x00,
    0x98, 0x04, 0x00, 0x00, 0xf8, 0x00, 0x02, 0x00, 0x61, 0x04, 0x00, 0x00,
    0x80, 0x00, 0x05, 0x00, 0x06, 0x00, 0x00, 0x00, 0x63, 0x04, 0x00, 0x00,
    0xef, 0x0f, 0x00, 0x00, 0x52, 0x00, 0x00, 0x00, 0x41, 0x00, 0x06, 0x00,
    0x29, 0x00, 0x00, 0x00, 0xdc, 0x06, 0x00, 0x00, 0x25, 0x00, 0x00, 0x00,
    0x27, 0x00, 0x00, 0x00, 0x63, 0x04, 0x00, 0x00, 0x3d, 0x00, 0x04, 0x00,
    0x06, 0x00, 0x00, 0x00, 0xdd, 0x06, 0x00, 0x00, 0xdc, 0x06, 0x00, 0x00,
    0xc2, 0x00, 0x05, 0x00, 0x06, 0x00, 0x00, 0x00, 0xe1, 0x06, 0x00, 0x00,
    0xdd, 0x06, 0x00, 0x00, 0x2f, 0x00, 0x00, 0x00, 0xc7, 0x00, 0x05, 0x00,
    0x06, 0x00, 0x00, 0x00, 0xe2, 0x06, 0x00, 0x00, 0xe1, 0x06, 0x00, 0x00,
    0x31, 0x00, 0x00, 0x00, 0x70, 0x00, 0x04, 0x00, 0x0c, 0x00, 0x00, 0x00,
    0xe3, 0x06, 0x00, 0x00, 0xe2, 0x06, 0x00, 0x00, 0xc2, 0x00, 0x05, 0x00,
    0x06, 0x00, 0x00, 0x00, 0xe5, 0x06, 0x00, 0x00, 0xdd, 0x06, 0x00, 0x00,
    0x35, 0x00, 0x00, 0x00, 0xc7, 0x00, 0x05, 0x00, 0x06, 0x00, 0x00, 0x00,
    0xe6, 0x06, 0x00, 0x00, 0xe5, 0x06, 0x00, 0x00, 0x31, 0x00, 0x00, 0x00,
    0x70, 0x00, 0x04, 0x00, 0x0c, 0x00, 0x00, 0x00, 0xe7, 0x06, 0x00, 0x00,
    0xe6, 0x06, 0x00, 0x00, 0xc7, 0x00, 0x05, 0x00, 0x06, 0x00, 0x00, 0x00,
    0xe9, 0x06, 0x00, 0x00, 0xdd, 0x06, 0x00, 0x00, 0x31, 0x00, 0x00, 0x00,
    0x70, 0x00, 0x04, 0x00, 0x0c, 0x00, 0x00, 0x00, 0xea, 0x06, 0x00, 0x00,
    0xe9, 0x06, 0x00, 0x00, 0xc2, 0x00, 0x05, 0x00, 0x06, 0x00, 0x00, 0x00,
    0xec, 0x06, 0x00, 0x00, 0xdd, 0x06, 0x00, 0x00, 0x3d, 0x00, 0x00, 0x00,
    0x70, 0x00, 0x04, 0x00, 0x0c, 0x00, 0x00, 0x00, 0xed, 0x06, 0x00, 0x00,
    0xec, 0x06, 0x00, 0x00, 0x50, 0x00, 0x07, 0x00, 0x0d, 0x00, 0x00, 0x00,
    0xee, 0x06, 0x00, 0x00, 0xe3, 0x06, 0x00, 0x00, 0xe7, 0x06, 0x00, 0x00,
    0xea, 0x06, 0x00, 0x00, 0xed, 0x06, 0x00, 0x00, 0x85, 0x00, 0x05, 0x00,
    0x0d, 0x00, 0x00, 0x00, 0xf0, 0x06, 0x00, 0x00, 0xee, 0x06, 0x00, 0x00,
    0xa0, 0x10, 0x00, 0x00, 0xf9, 0x00, 0x02, 0x00, 0x98, 0x04, 0x00, 0x00,
    0xf8, 0x00, 0x02, 0x00, 0x98, 0x04, 0x00, 0x00, 0xf5, 0x00, 0x07, 0x00,
    0x0d, 0x00, 0x00, 0x00, 0xfd, 0x0f, 0x00, 0x00, 0xf0, 0x06, 0x00, 0x00,
    0x61, 0x04, 0x00, 0x00, 0xfe, 0x0f, 0x00, 0x00, 0x97, 0x04, 0x00, 0x00,
    0xf9, 0x00, 0x02, 0x00, 0x99, 0x04, 0x00, 0x00, 0xf8, 0x00, 0x02, 0x00,
    0x5d, 0x04, 0x00, 0x00, 0xf9, 0x00, 0x02, 0x00, 0x99, 0x04, 0x00, 0x00,
    0xf8, 0x00, 0x02, 0x00, 0x99, 0x04, 0x00, 0x00, 0xf5, 0x00, 0x07, 0x00,
    0x0d, 0x00, 0x00, 0x00, 0xfc, 0x0f, 0x00, 0x00, 0x87, 0x00, 0x00, 0x00,
    0x5d, 0x04, 0x00, 0x00, 0xfd, 0x0f, 0x00, 0x00, 0x98, 0x04, 0x00, 0x00,
    0xf9, 0x00, 0x02, 0x00, 0x9b, 0x04, 0x00, 0x00, 0xf8, 0x00, 0x02, 0x00,
    0x9b, 0x04, 0x00, 0x00, 0xf5, 0x00, 0x11, 0x00, 0x0d, 0x00, 0x00, 0x00,
    0x24, 0x10, 0x00, 0x00, 0xc8, 0x00, 0x00, 0x00, 0x41, 0x03, 0x00, 0x00,
    0xc8, 0x00, 0x00, 0x00, 0x7c, 0x03, 0x00, 0x00, 0x21, 0x10, 0x00, 0x00,
    0xa1, 0x03, 0x00, 0x00, 0x1d, 0x10, 0x00, 0x00, 0x73, 0x05, 0x00, 0x00,
    0x17, 0x10, 0x00, 0x00, 0x35, 0x04, 0x00, 0x00, 0x0e, 0x10, 0x00, 0x00,
    0x89, 0x06, 0x00, 0x00, 0xfc, 0x0f, 0x00, 0x00, 0x99, 0x04, 0x00, 0x00,
    0x63, 0x00, 0x04, 0x00, 0xb0, 0x02, 0x00, 0x00, 0xb3, 0x02, 0x00, 0x00,
    0x24, 0x10, 0x00, 0x00, 0xf9, 0x00, 0x02, 0x00, 0xac, 0x02, 0x00, 0x00,
    0xf8, 0x00, 0x02, 0x00, 0xac, 0x02, 0x00, 0x00, 0xc7, 0x00, 0x05, 0x00,
    0x06, 0x00, 0x00, 0x00, 0xbb, 0x02, 0x00, 0x00, 0xa7, 0x02, 0x00, 0x00,
    0x5a, 0x00, 0x00, 0x00, 0xab, 0x00, 0x05, 0x00, 0x81, 0x00, 0x00, 0x00,
    0xbc, 0x02, 0x00, 0x00, 0xbb, 0x02, 0x00, 0x00, 0x80, 0x00, 0x00, 0x00,
    0xf7, 0x00, 0x03, 0x00, 0xbe, 0x02, 0x00, 0x00, 0x00, 0x00, 0x00, 0x00,
    0xfa, 0x00, 0x04, 0x00, 0xbc, 0x02, 0x00, 0x00, 0xbd, 0x02, 0x00, 0x00,
    0xbe, 0x02, 0x00, 0x00, 0xf8, 0x00, 0x02, 0x00, 0xbd, 0x02, 0x00, 0x00,
    0x3d, 0x00, 0x04, 0x00, 0xad, 0x02, 0x00, 0x00, 0xc0, 0x02, 0x00, 0x00,
    0xbf, 0x02, 0x00, 0x00, 0x7c, 0x00, 0x04, 0x00, 0xb2, 0x02, 0x00, 0x00,
    0xc2, 0x02, 0x00, 0x00, 0x92, 0x02, 0x00, 0x00, 0xf7, 0x00, 0x03, 0x00,
    0xdd, 0x08, 0x00, 0x00, 0x00, 0x00, 0x00, 0x00, 0xfb, 0x00, 0x03, 0x00,
    0x80, 0x00, 0x00, 0x00, 0x70, 0x07, 0x00, 0x00, 0xf8, 0x00, 0x02, 0x00,
    0x70, 0x07, 0x00, 0x00, 0x51, 0x00, 0x05, 0x00, 0x06, 0x00, 0x00, 0x00,
    0x72, 0x07, 0x00, 0x00, 0x91, 0x02, 0x00, 0x00, 0x00, 0x00, 0x00, 0x00,
    0xaa, 0x00, 0x05, 0x00, 0x81, 0x00, 0x00, 0x00, 0x74, 0x07, 0x00, 0x00,
    0xa4, 0x02, 0x00, 0x00, 0x5a, 0x00, 0x00, 0x00, 0xa9, 0x00, 0x06, 0x00,
    0x06, 0x00, 0x00, 0x00, 0x75, 0x07, 0x00, 0x00, 0x74, 0x07, 0x00, 0x00,
    0x68, 0x00, 0x00, 0x00, 0x80, 0x00, 0x00, 0x00, 0x41, 0x00, 0x06, 0x00,
    0x29, 0x00, 0x00, 0x00, 0xe2, 0x08, 0x00, 0x00, 0x25, 0x00, 0x00, 0x00,
    0x27, 0x00, 0x00, 0x00, 0x75, 0x07, 0x00, 0x00, 0x3d, 0x00, 0x04, 0x00,
    0x06, 0x00, 0x00, 0x00, 0xe3, 0x08, 0x00, 0x00, 0xe2, 0x08, 0x00, 0x00,
    0xae, 0x00, 0x05, 0x00, 0x81, 0x00, 0x00, 0x00, 0x77, 0x07, 0x00, 0x00,
    0x72, 0x07, 0x00, 0x00, 0xe3, 0x08, 0x00, 0x00, 0xa8, 0x00, 0x04, 0x00,
    0x81, 0x00, 0x00, 0x00, 0x78, 0x07, 0x00, 0x00, 0x77, 0x07, 0x00, 0x00,
    0xf7, 0x00, 0x03, 0x00, 0x81, 0x07, 0x00, 0x00, 0x00, 0x00, 0x00, 0x00,
    0xfa, 0x00, 0x04, 0x00, 0x78, 0x07, 0x00, 0x00, 0x79, 0x07, 0x00, 0x00,
    0x81, 0x07, 0x00, 0x00, 0xf8, 0x00, 0x02, 0x00, 0x79, 0x07, 0x00, 0x00,
    0x51, 0x00, 0x05, 0x00, 0x06, 0x00, 0x00, 0x00, 0x7b, 0x07, 0x00, 0x00,
    0x91, 0x02, 0x00, 0x00, 0x01, 0x00, 0x00, 0x00, 0xa9, 0x00, 0x06, 0x00,
    0x06, 0x00, 0x00, 0x00, 0x7e, 0x07, 0x00, 0x00, 0x74, 0x07, 0x00, 0x00,
    0xdc, 0x00, 0x00, 0x00, 0x52, 0x00, 0x00, 0x00, 0x41, 0x00, 0x06, 0x00,
    0x29, 0x00, 0x00, 0x00, 0xe7, 0x08, 0x00, 0x00, 0x25, 0x00, 0x00, 0x00,
    0x27, 0x00, 0x00, 0x00, 0x7e, 0x07, 0x00, 0x00, 0x3d, 0x00, 0x04, 0x00,
    0x06, 0x00, 0x00, 0x00, 0xe8, 0x08, 0x00, 0x00, 0xe7, 0x08, 0x00, 0x00,
    0xae, 0x00, 0x05, 0x00, 0x81, 0x00, 0x00, 0x00, 0x80, 0x07, 0x00, 0x00,
    0x7b, 0x07, 0x00, 0x00, 0xe8, 0x08, 0x00, 0x00, 0xf9, 0x00, 0x02, 0x00,
    0x81, 0x07, 0x00, 0x00, 0xf8, 0x00, 0x02, 0x00, 0x81, 0x07, 0x00, 0x00,
    0xf5, 0x00, 0x07, 0x00, 0x81, 0x00, 0x00, 0x00, 0x82, 0x07, 0x00, 0x00,
    0x77, 0x07, 0x00, 0x00, 0x70, 0x07, 0x00, 0x00, 0x80, 0x07, 0x00, 0x00,
    0x79, 0x07, 0x00, 0x00, 0xf7, 0x00, 0x03, 0x00, 0x85, 0x07, 0x00, 0x00,
    0x00, 0x00, 0x00, 0x00, 0xfa, 0x00, 0x04, 0x00, 0x82, 0x07, 0x00, 0x00,
    0x83, 0x07, 0x00, 0x00, 0x85, 0x07, 0x00, 0x00, 0xf8, 0x00, 0x02, 0x00,
    0x83, 0x07, 0x00, 0x00, 0xf9, 0x00, 0x02, 0x00, 0xdd, 0x08, 0x00, 0x00,
    0xf8, 0x00, 0x02, 0x00, 0x85, 0x07, 0x00, 0x00, 0x84, 0x00, 0x05, 0x00,
    0x06, 0x00, 0x00, 0x00, 0x87, 0x07, 0x00, 0x00, 0xa4, 0x02, 0x00, 0x00,
    0xe8, 0x00, 0x00, 0x00, 0x51, 0x00, 0x05, 0x00, 0x06, 0x00, 0x00, 0x00,
    0x89, 0x07, 0x00, 0x00, 0x91, 0x02, 0x00, 0x00, 0x01, 0x00, 0x00, 0x00,
    0x80, 0x00, 0x05, 0x00, 0x06, 0x00, 0x00, 0x00, 0x8a, 0x07, 0x00, 0x00,
    0x87, 0x07, 0x00, 0x00, 0x89, 0x07, 0x00, 0x00, 0x84, 0x00, 0x05, 0x00,
    0x06, 0x00, 0x00, 0x00, 0x8c, 0x07, 0x00, 0x00, 0x8a, 0x07, 0x00, 0x00,
    0x35, 0x00, 0x00, 0x00, 0x80, 0x00, 0x05, 0x00, 0x06, 0x00, 0x00, 0x00,
    0x8d, 0x07, 0x00, 0x00, 0x35, 0x00, 0x00, 0x00, 0x8c, 0x07, 0x00, 0x00,
    0xf7, 0x00, 0x03, 0x00, 0xba, 0x07, 0x00, 0x00, 0x00, 0x00, 0x00, 0x00,
    0xfa, 0x00, 0x04, 0x00, 0x74, 0x07, 0x00, 0x00, 0x90, 0x07, 0x00, 0x00,
    0xba, 0x07, 0x00, 0x00, 0xf8, 0x00, 0x02, 0x00, 0x90, 0x07, 0x00, 0x00,
    0x80, 0x00, 0x05, 0x00, 0x06, 0x00, 0x00, 0x00, 0x92, 0x07, 0x00, 0x00,
    0x8c, 0x07, 0x00, 0x00, 0x9d, 0x10, 0x00, 0x00, 0x41, 0x00, 0x06, 0x00,
    0x29, 0x00, 0x00, 0x00, 0xec, 0x08, 0x00, 0x00, 0x25, 0x00, 0x00, 0x00,
    0x27, 0x00, 0x00, 0x00, 0x92, 0x07, 0x00, 0x00, 0x3d, 0x00, 0x04, 0x00,
    0x06, 0x00, 0x00, 0x00, 0xed, 0x08, 0x00, 0x00, 0xec, 0x08, 0x00, 0x00,
    0xc7, 0x00, 0x05, 0x00, 0x06, 0x00, 0x00, 0x00, 0x97, 0x07, 0x00, 0x00,
    0xed, 0x08, 0x00, 0x00, 0xfd, 0x00, 0x00, 0x00, 0xae, 0x00, 0x05, 0x00,
    0x81, 0x00, 0x00, 0x00, 0x98, 0x07, 0x00, 0x00, 0x72, 0x07, 0x00, 0x00,
    0x97, 0x07, 0x00, 0x00, 0xf7, 0x00, 0x03, 0x00, 0x9f, 0x07, 0x00, 0x00,
    0x00, 0x00, 0x00, 0x00, 0xfa, 0x00, 0x04, 0x00, 0x98, 0x07, 0x00, 0x00,
    0x99, 0x07, 0x00, 0x00, 0x9f, 0x07, 0x00, 0x00, 0xf8, 0x00, 0x02, 0x00,
    0x99, 0x07, 0x00, 0x00, 0xc2, 0x00, 0x05, 0x00, 0x06, 0x00, 0x00, 0x00,
    0x9d, 0x07, 0x00, 0x00, 0xed, 0x08, 0x00, 0x00, 0x2f, 0x00, 0x00, 0x00,
    0xb0, 0x00, 0x05, 0x00, 0x81, 0x00, 0x00, 0x00, 0x9e, 0x07, 0x00, 0x00,
    0x72, 0x07, 0x00, 0x00, 0x9d, 0x07, 0x00, 0x00, 0xf9, 0x00, 0x02, 0x00,
    0x9f, 0x07, 0x00, 0x00, 0xf8, 0x00, 0x02, 0x00, 0x9f, 0x07, 0x00, 0x00,
    0xf5, 0x00, 0x07, 0x00, 0x81, 0x00, 0x00, 0x00, 0xa0, 0x07, 0x00, 0x00,
    0x98, 0x07, 0x00, 0x00, 0x90, 0x07, 0x00, 0x00, 0x9e, 0x07, 0x00, 0x00,
    0x99, 0x07, 0x00, 0x00, 0xf7, 0x00, 0x03, 0x00, 0xb9, 0x07, 0x00, 0x00,
    0x00, 0x00, 0x00, 0x00, 0xfa, 0x00, 0x04, 0x00, 0xa0, 0x07, 0x00, 0x00,
    0xa1, 0x07, 0x00, 0x00, 0xb9, 0x07, 0x00, 0x00, 0xf8, 0x00, 0x02, 0x00,
    0xa1, 0x07, 0x00, 0x00, 0x80, 0x00, 0x05, 0x00, 0x06, 0x00, 0x00, 0x00,
    0xa3, 0x07, 0x00, 0x00, 0x8c, 0x07, 0x00, 0x00, 0x9e, 0x10, 0x00, 0x00,
    0x41, 0x00, 0x06, 0x00, 0x29, 0x00, 0x00, 0x00, 0xf1, 0x08, 0x00, 0x00,
    0x25, 0x00, 0x00, 0x00, 0x27, 0x00, 0x00, 0x00, 0xa3, 0x07, 0x00, 0x00,
    0x3d, 0x00, 0x04, 0x00, 0x06, 0x00, 0x00, 0x00, 0xf2, 0x08, 0x00, 0x00,
    0xf1, 0x08, 0x00, 0x00, 0x7c, 0x00, 0x04, 0x00, 0x26, 0x00, 0x00, 0x00,
    0xa5, 0x07, 0x00, 0x00, 0xf2, 0x08, 0x00, 0x00, 0x7c, 0x00, 0x04, 0x00,
    0x26, 0x00, 0x00, 0x00, 0xa8, 0x07, 0x00, 0x00, 0x72, 0x07, 0x00, 0x00,
    0x80, 0x00, 0x05, 0x00, 0x26, 0x00, 0x00, 0x00, 0xa9, 0x07, 0x00, 0x00,
    0xa5, 0x07, 0x00, 0x00, 0xa8, 0x07, 0x00, 0x00, 0x7c, 0x00, 0x04, 0x00,
    0x06, 0x00, 0x00, 0x00, 0xaa, 0x07, 0x00, 0x00, 0xa9, 0x07, 0x00, 0x00,
    0x41, 0x00, 0x06, 0x00, 0x29, 0x00, 0x00, 0x00, 0xf6, 0x08, 0x00, 0x00,
    0x25, 0x00, 0x00, 0x00, 0x27, 0x00, 0x00, 0x00, 0x15, 0x01, 0x00, 0x00,
    0x3d, 0x00, 0x04, 0x00, 0x06, 0x00, 0x00, 0x00, 0xf7, 0x08, 0x00, 0x00,
    0xf6, 0x08, 0x00, 0x00, 0x89, 0x00, 0x05, 0x00, 0x06, 0x00, 0x00, 0x00,
    0xad, 0x07, 0x00, 0x00, 0xaa, 0x07, 0x00, 0x00, 0x19, 0x01, 0x00, 0x00,
    0x86, 0x00, 0x05, 0x00, 0x06, 0x00, 0x00, 0x00, 0xaf, 0x07, 0x00, 0x00,
    0xaa, 0x07, 0x00, 0x00, 0x19, 0x01, 0x00, 0x00, 0x50, 0x00, 0x05, 0x00,
    0x1a, 0x00, 0x00, 0x00, 0xb0, 0x07, 0x00, 0x00, 0xad, 0x07, 0x00, 0x00,
    0xaf, 0x07, 0x00, 0x00, 0x84, 0x00, 0x05, 0x00, 0x06, 0x00, 0x00, 0x00,
    0xb2, 0x07, 0x00, 0x00, 0xf7, 0x08, 0x00, 0x00, 0xe8, 0x00, 0x00, 0x00,
    0x80, 0x00, 0x05, 0x00, 0x06, 0x00, 0x00, 0x00, 0xb5, 0x07, 0x00, 0x00,
    0xb2, 0x07, 0x00, 0x00, 0xaf, 0x07, 0x00, 0x00, 0x84, 0x00, 0x05, 0x00,
    0x06, 0x00, 0x00, 0x00, 0xb7, 0x07, 0x00, 0x00, 0xb5, 0x07, 0x00, 0x00,
    0x35, 0x00, 0x00, 0x00, 0x80, 0x00, 0x05, 0x00, 0x06, 0x00, 0x00, 0x00,
    0xb8, 0x07, 0x00, 0x00, 0x35, 0x00, 0x00, 0x00, 0xb7, 0x07, 0x00, 0x00,
    0xf9, 0x00, 0x02, 0x00, 0xb9, 0x07, 0x00, 0x00, 0xf8, 0x00, 0x02, 0x00,
    0xb9, 0x07, 0x00, 0x00, 0xf5, 0x00, 0x07, 0x00, 0x06, 0x00, 0x00, 0x00,
    0x46, 0x10, 0x00, 0x00, 0xa4, 0x02, 0x00, 0x00, 0x9f, 0x07, 0x00, 0x00,
    0xf7, 0x08, 0x00, 0x00, 0xa1, 0x07, 0x00, 0x00, 0xf5, 0x00, 0x07, 0x00,
    0x1a, 0x00, 0x00, 0x00, 0x2e, 0x10, 0x00, 0x00, 0x92, 0x02, 0x00, 0x00,
    0x9f, 0x07, 0x00, 0x00, 0xb0, 0x07, 0x00, 0x00, 0xa1, 0x07, 0x00, 0x00,
    0xf5, 0x00, 0x07, 0x00, 0x06, 0x00, 0x00, 0x00, 0x2a, 0x10, 0x00, 0x00,
    0x8d, 0x07, 0x00, 0x00, 0x9f, 0x07, 0x00, 0x00, 0xb8, 0x07, 0x00, 0x00,
    0xa1, 0x07, 0x00, 0x00, 0xf9, 0x00, 0x02, 0x00, 0xba, 0x07, 0x00, 0x00,
    0xf8, 0x00, 0x02, 0x00, 0xba, 0x07, 0x00, 0x00, 0xf5, 0x00, 0x07, 0x00,
    0x06, 0x00, 0x00, 0x00, 0x45, 0x10, 0x00, 0x00, 0xa4, 0x02, 0x00, 0x00,
    0x85, 0x07, 0x00, 0x00, 0x46, 0x10, 0x00, 0x00, 0xb9, 0x07, 0x00, 0x00,
    0xf5, 0x00, 0x07, 0x00, 0x1a, 0x00, 0x00, 0x00, 0x2d, 0x10, 0x00, 0x00,
    0x92, 0x02, 0x00, 0x00, 0x85, 0x07, 0x00, 0x00, 0x2e, 0x10, 0x00, 0x00,
    0xb9, 0x07, 0x00, 0x00, 0xf5, 0x00, 0x07, 0x00, 0x06, 0x00, 0x00, 0x00,
    0x29, 0x10, 0x00, 0x00, 0x8d, 0x07, 0x00, 0x00, 0x85, 0x07, 0x00, 0x00,
    0x2a, 0x10, 0x00, 0x00, 0xb9, 0x07, 0x00, 0x00, 0x41, 0x00, 0x06, 0x00,
    0x29, 0x00, 0x00, 0x00, 0xfb, 0x08, 0x00, 0x00, 0x25, 0x00, 0x00, 0x00,
    0x27, 0x00, 0x00, 0x00, 0x29, 0x10, 0x00, 0x00, 0x3d, 0x00, 0x04, 0x00,
    0x06, 0x00, 0x00, 0x00, 0xfc, 0x08, 0x00, 0x00, 0xfb, 0x08, 0x00, 0x00,
    0xaa, 0x00, 0x05, 0x00, 0x81, 0x00, 0x00, 0x00, 0xbd, 0x07, 0x00, 0x00,
    0xfc, 0x08, 0x00, 0x00, 0x80, 0x00, 0x00, 0x00, 0xf7, 0x00, 0x03, 0x00,
    0xc0, 0x07, 0x00, 0x00, 0x00, 0x00, 0x00, 0x00, 0xfa, 0x00, 0x04, 0x00,
    0xbd, 0x07, 0x00, 0x00, 0xbe, 0x07, 0x00, 0x00, 0xc0, 0x07, 0x00, 0x00,
    0xf8, 0x00, 0x02, 0x00, 0xbe, 0x07, 0x00, 0x00, 0xf9, 0x00, 0x02, 0x00,
    0xdd, 0x08, 0x00, 0x00, 0xf8, 0x00, 0x02, 0x00, 0xc0, 0x07, 0x00, 0x00,
    0x80, 0x00, 0x05, 0x00, 0x06, 0x00, 0x00, 0x00, 0xc2, 0x07, 0x00, 0x00,
    0x29, 0x10, 0x00, 0x00, 0x48, 0x00, 0x00, 0x00, 0x41, 0x00, 0x06, 0x00,
    0x29, 0x00, 0x00, 0x00, 0x00, 0x09, 0x00, 0x00, 0x25, 0x00, 0x00, 0x00,
    0x27, 0x00, 0x00, 0x00, 0xc2, 0x07, 0x00, 0x00, 0x3d, 0x00, 0x04, 0x00,
    0x06, 0x00, 0x00, 0x00, 0x01, 0x09, 0x00, 0x00, 0x00, 0x09, 0x00, 0x00,
    0x80, 0x00, 0x05, 0x00, 0x06, 0x00, 0x00, 0x00, 0xc5, 0x07, 0x00, 0x00,
    0x29, 0x10, 0x00, 0x00, 0x15, 0x01, 0x00, 0x00, 0x41, 0x00, 0x06, 0x00,
    0x29, 0x00, 0x00, 0x00, 0x05, 0x09, 0x00, 0x00, 0x25, 0x00, 0x00, 0x00,
    0x27, 0x00, 0x00, 0x00, 0xc5, 0x07, 0x00, 0x00, 0x3d, 0x00, 0x04, 0x00,
    0x06, 0x00, 0x00, 0x00, 0x06, 0x09, 0x00, 0x00, 0x05, 0x09, 0x00, 0x00,
    0xaa, 0x00, 0x05, 0x00, 0x81, 0x00, 0x00, 0x00, 0xc8, 0x07, 0x00, 0x00,
    0x01, 0x09, 0x00, 0x00, 0x80, 0x00, 0x00, 0x00, 0xf7, 0x00, 0x03, 0x00,
    0xe5, 0x07, 0x00, 0x00, 0x00, 0x00, 0x00, 0x00, 0xfa, 0x00, 0x04, 0x00,
    0xc8, 0x07, 0x00, 0x00, 0xc9, 0x07, 0x00, 0x00, 0xe5, 0x07, 0x00, 0x00,
    0xf8, 0x00, 0x02, 0x00, 0xc9, 0x07, 0x00, 0x00, 0xf9, 0x00, 0x02, 0x00,
    0xdd, 0x08, 0x00, 0x00, 0xf8, 0x00, 0x02, 0x00, 0xe5, 0x07, 0x00, 0x00,
    0xaa, 0x00, 0x05, 0x00, 0x81, 0x00, 0x00, 0x00, 0xe8, 0x07, 0x00, 0x00,
    0xfc, 0x08, 0x00, 0x00, 0x68, 0x00, 0x00, 0x00, 0xf7, 0x00, 0x03, 0x00,
    0xee, 0x07, 0x00, 0x00, 0x00, 0x00, 0x00, 0x00, 0xfa, 0x00, 0x04, 0x00,
    0xe8, 0x07, 0x00, 0x00, 0xe9, 0x07, 0x00, 0x00, 0xee, 0x07, 0x00, 0x00,
    0xf8, 0x00, 0x02, 0x00, 0xe9, 0x07, 0x00, 0x00, 0x80, 0x00, 0x05, 0x00,
    0x06, 0x00, 0x00, 0x00, 0xeb, 0x07, 0x00, 0x00, 0x29, 0x10, 0x00, 0x00,
    0xdc, 0x00, 0x00, 0x00, 0x41, 0x00, 0x06, 0x00, 0x29, 0x00, 0x00, 0x00,
    0x31, 0x09, 0x00, 0x00, 0x25, 0x00, 0x00, 0x00, 0x27, 0x00, 0x00, 0x00,
    0xeb, 0x07, 0x00, 0x00, 0x3d, 0x00, 0x04, 0x00, 0x06, 0x00, 0x00, 0x00,
    0x32, 0x09, 0x00, 0x00, 0x31, 0x09, 0x00, 0x00, 0xab, 0x00, 0x05, 0x00,
    0x81, 0x00, 0x00, 0x00, 0xed, 0x07, 0x00, 0x00, 0x32, 0x09, 0x00, 0x00,
    0x80, 0x00, 0x00, 0x00, 0xf9, 0x00, 0x02, 0x00, 0xee, 0x07, 0x00, 0x00,
    0xf8, 0x00, 0x02, 0x00, 0xee, 0x07, 0x00, 0x00, 0xf5, 0x00, 0x07, 0x00,
    0x81, 0x00, 0x00, 0x00, 0xef, 0x07, 0x00, 0x00, 0xe8, 0x07, 0x00, 0x00,
    0xe5, 0x07, 0x00, 0x00, 0xed, 0x07, 0x00, 0x00, 0xe9, 0x07, 0x00, 0x00,
    0xf7, 0x00, 0x03, 0x00, 0x10, 0x08, 0x00, 0x00, 0x00, 0x00, 0x00, 0x00,
    0xfa, 0x00, 0x04, 0x00, 0xef, 0x07, 0x00, 0x00, 0xf0, 0x07, 0x00, 0x00,
    0x10, 0x08, 0x00, 0x00, 0xf8, 0x00, 0x02, 0x00, 0xf0, 0x07, 0x00, 0x00,
    0x80, 0x00, 0x05, 0x00, 0x06, 0x00, 0x00, 0x00, 0xf2, 0x07, 0x00, 0x00,
    0x29, 0x10, 0x00, 0x00, 0xdc, 0x00, 0x00, 0x00, 0x41, 0x00, 0x06, 0x00,
    0x29, 0x00, 0x00, 0x00, 0x36, 0x09, 0x00, 0x00, 0x25, 0x00, 0x00, 0x00,
    0x27, 0x00, 0x00, 0x00, 0xf2, 0x07, 0x00, 0x00, 0x3d, 0x00, 0x04, 0x00,
    0x06, 0x00, 0x00, 0x00, 0x37, 0x09, 0x00, 0x00, 0x36, 0x09, 0x00, 0x00,
    0x51, 0x00, 0x05, 0x00, 0x06, 0x00, 0x00, 0x00, 0xf5, 0x07, 0x00, 0x00,
    0x2d, 0x10, 0x00, 0x00, 0x00, 0x00, 0x00, 0x00, 0x86, 0x00, 0x05, 0x00,
    0x06, 0x00, 0x00, 0x00, 0xf6, 0x07, 0x00, 0x00, 0xf5, 0x07, 0x00, 0x00,
    0x35, 0x00, 0x00, 0x00, 0x84, 0x00, 0x05, 0x00, 0x06, 0x00, 0x00, 0x00,
    0xf7, 0x07, 0x00, 0x00, 0xf6, 0x07, 0x00, 0x00, 0x72, 0x01, 0x00, 0x00,
    0x80, 0x00, 0x05, 0x00, 0x06, 0x00, 0x00, 0x00, 0xf8, 0x07, 0x00, 0x00,
    0x37, 0x09, 0x00, 0x00, 0xf7, 0x07, 0x00, 0x00, 0x80, 0x00, 0x05, 0x00,
    0x06, 0x00, 0x00, 0x00, 0xfb, 0x07, 0x00, 0x00, 0xf8, 0x07, 0x00, 0x00,
    0xb8, 0x00, 0x00, 0x00, 0x80, 0x00, 0x05, 0x00, 0x06, 0x00, 0x00, 0x00,
    0xfd, 0x07, 0x00, 0x00, 0xf8, 0x07, 0x00, 0x00, 0xdc, 0x00, 0x00, 0x00,
    0x41, 0x00, 0x06, 0x00, 0x29, 0x00, 0x00, 0x00, 0x3b, 0x09, 0x00, 0x00,
    0x25, 0x00, 0x00, 0x00, 0x27, 0x00, 0x00, 0x00, 0xfd, 0x07, 0x00, 0x00,
    0x3d, 0x00, 0x04, 0x00, 0x06, 0x00, 0x00, 0x00, 0x3c, 0x09, 0x00, 0x00,
    0x3b, 0x09, 0x00, 0x00, 0xc7, 0x00, 0x05, 0x00, 0x06, 0x00, 0x00, 0x00,
    0x01, 0x08, 0x00, 0x00, 0xf5, 0x07, 0x00, 0x00, 0x48, 0x00, 0x00, 0x00,
    0x80, 0x00, 0x05, 0x00, 0x06, 0x00, 0x00, 0x00, 0x02, 0x08, 0x00, 0x00,
    0x01, 0x08, 0x00, 0x00, 0x3d, 0x00, 0x00, 0x00, 0xc4, 0x00, 0x05, 0x00,
    0x06, 0x00, 0x00, 0x00, 0x03, 0x08, 0x00, 0x00, 0x52, 0x00, 0x00, 0x00,
    0x02, 0x08, 0x00, 0x00, 0xc7, 0x00, 0x05, 0x00, 0x06, 0x00, 0x00, 0x00,
    0x04, 0x08, 0x00, 0x00, 0x3c, 0x09, 0x00, 0x00, 0x03, 0x08, 0x00, 0x00,
    0xab, 0x00, 0x05, 0x00, 0x81, 0x00, 0x00, 0x00, 0x05, 0x08, 0x00, 0x00,
    0x04, 0x08, 0x00, 0x00, 0x80, 0x00, 0x00, 0x00, 0xf7, 0x00, 0x03, 0x00,
    0x0f, 0x08, 0x00, 0x00, 0x00, 0x00, 0x00, 0x00, 0xfa, 0x00, 0x04, 0x00,
    0x05, 0x08, 0x00, 0x00, 0x06, 0x08, 0x00, 0x00, 0x0f, 0x08, 0x00, 0x00,
    0xf8, 0x00, 0x02, 0x00, 0x06, 0x08, 0x00, 0x00, 0xf7, 0x00, 0x03, 0x00,
    0xb5, 0x09, 0x00, 0x00, 0x00, 0x00, 0x00, 0x00, 0xfb, 0x00, 0x03, 0x00,
    0x80, 0x00, 0x00, 0x00, 0x50, 0x09, 0x00, 0x00, 0xf8, 0x00, 0x02, 0x00,
    0x50, 0x09, 0x00, 0x00, 0x41, 0x00, 0x06, 0x00, 0x29, 0x00, 0x00, 0x00,
    0xba, 0x09, 0x00, 0x00, 0x25, 0x00, 0x00, 0x00, 0x27, 0x00, 0x00, 0x00,
    0xfb, 0x07, 0x00, 0x00, 0x3d, 0x00, 0x04, 0x00, 0x06, 0x00, 0x00, 0x00,
    0xbb, 0x09, 0x00, 0x00, 0xba, 0x09, 0x00, 0x00, 0xc2, 0x00, 0x05, 0x00,
    0x06, 0x00, 0x00, 0x00, 0x56, 0x09, 0x00, 0x00, 0xbb, 0x09, 0x00, 0x00,
    0x01, 0x08, 0x00, 0x00, 0x80, 0x00, 0x05, 0x00, 0x06, 0x00, 0x00, 0x00,
    0x58, 0x09, 0x00, 0x00, 0xf8, 0x07, 0x00, 0x00, 0x68, 0x00, 0x00, 0x00,
    0x41, 0x00, 0x06, 0x00, 0x29, 0x00, 0x00, 0x00, 0xbf, 0x09, 0x00, 0x00,
    0x25, 0x00, 0x00, 0x00, 0x27, 0x00, 0x00, 0x00, 0x58, 0x09, 0x00, 0x00,
    0x3d, 0x00, 0x04, 0x00, 0x06, 0x00, 0x00, 0x00, 0xc0, 0x09, 0x00, 0x00,
    0xbf, 0x09, 0x00, 0x00, 0xc2, 0x00, 0x05, 0x00, 0x06, 0x00, 0x00, 0x00,
    0x5b, 0x09, 0x00, 0x00, 0xc0, 0x09, 0x00, 0x00, 0x01, 0x08, 0x00, 0x00,
    0xc7, 0x00, 0x05, 0x00, 0x06, 0x00, 0x00, 0x00, 0x60, 0x09, 0x00, 0x00,
    0x56, 0x09, 0x00, 0x00, 0x52, 0x00, 0x00, 0x00, 0xc2, 0x00, 0x05, 0x00,
    0x06, 0x00, 0x00, 0x00, 0x62, 0x09, 0x00, 0x00, 0x56, 0x09, 0x00, 0x00,
    0x48, 0x00, 0x00, 0x00, 0xc7, 0x00, 0x05, 0x00, 0x06, 0x00, 0x00, 0x00,
    0x63, 0x09, 0x00, 0x00, 0x62, 0x09, 0x00, 0x00, 0x5a, 0x00, 0x00, 0x00,
    0xc5, 0x00, 0x05, 0x00, 0x06, 0x00, 0x00, 0x00, 0x64, 0x09, 0x00, 0x00,
    0x60, 0x09, 0x00, 0x00, 0x63, 0x09, 0x00, 0x00, 0xc2, 0x00, 0x05, 0x00,
    0x06, 0x00, 0x00, 0x00, 0x66, 0x09, 0x00, 0x00, 0x56, 0x09, 0x00, 0x00,
    0x66, 0x00, 0x00, 0x00, 0xc7, 0x00, 0x05, 0x00, 0x06, 0x00, 0x00, 0x00,
    0x67, 0x09, 0x00, 0x00, 0x66, 0x09, 0x00, 0x00, 0x68, 0x00, 0x00, 0x00,
    0xc5, 0x00, 0x05, 0x00, 0x06, 0x00, 0x00, 0x00, 0x68, 0x09, 0x00, 0x00,
    0x64, 0x09, 0x00, 0x00, 0x67, 0x09, 0x00, 0x00, 0xc2, 0x00, 0x05, 0x00,
    0x06, 0x00, 0x00, 0x00, 0x6a, 0x09, 0x00, 0x00, 0x56, 0x09, 0x00, 0x00,
    0x6c, 0x00, 0x00, 0x00, 0xc7, 0x00, 0x05, 0x00, 0x06, 0x00, 0x00, 0x00,
    0x6b, 0x09, 0x00, 0x00, 0x6a, 0x09, 0x00, 0x00, 0x35, 0x00, 0x00, 0x00,
    0xc5, 0x00, 0x05, 0x00, 0x06, 0x00, 0x00, 0x00, 0x6c, 0x09, 0x00, 0x00,
    0x68, 0x09, 0x00, 0x00, 0x6b, 0x09, 0x00, 0x00, 0xc7, 0x00, 0x05, 0x00,
    0x06, 0x00, 0x00, 0x00, 0x6e, 0x09, 0x00, 0x00, 0x5b, 0x09, 0x00, 0x00,
    0x52, 0x00, 0x00, 0x00, 0xc2, 0x00, 0x05, 0x00, 0x06, 0x00, 0x00, 0x00,
    0x70, 0x09, 0x00, 0x00, 0x5b, 0x09, 0x00, 0x00, 0x48, 0x00, 0x00, 0x00,
    0xc7, 0x00, 0x05, 0x00, 0x06, 0x00, 0x00, 0x00, 0x71, 0x09, 0x00, 0x00,
    0x70, 0x09, 0x00, 0x00, 0x5a, 0x00, 0x00, 0x00, 0xc5, 0x00, 0x05, 0x00,
    0x06, 0x00, 0x00, 0x00, 0x72, 0x09, 0x00, 0x00, 0x6e, 0x09, 0x00, 0x00,
    0x71, 0x09, 0x00, 0x00, 0xc2, 0x00, 0x05, 0x00, 0x06, 0x00, 0x00, 0x00,
    0x74, 0x09, 0x00, 0x00, 0x5b, 0x09, 0x00, 0x00, 0x66, 0x00, 0x00, 0x00,
    0xc7, 0x00, 0x05, 0x00, 0x06, 0x00, 0x00, 0x00, 0x75, 0x09, 0x00, 0x00,
    0x74, 0x09, 0x00, 0x00, 0x68, 0x00, 0x00, 0x00, 0xc5, 0x00, 0x05, 0x00,
    0x06, 0x00, 0x00, 0x00, 0x76, 0x09, 0x00, 0x00, 0x72, 0x09, 0x00, 0x00,
    0x75, 0x09, 0x00, 0x00, 0x84, 0x00, 0x05, 0x00, 0x06, 0x00, 0x00, 0x00,
    0x77, 0x09, 0x00, 0x00, 0x76, 0x09, 0x00, 0x00, 0x2f, 0x00, 0x00, 0x00,
    0xc4, 0x00, 0x05, 0x00, 0x06, 0x00, 0x00, 0x00, 0x7a, 0x09, 0x00, 0x00,
    0x52, 0x00, 0x00, 0x00, 0x01, 0x08, 0x00, 0x00, 0xc7, 0x00, 0x05, 0x00,
    0x06, 0x00, 0x00, 0x00, 0x7b, 0x09, 0x00, 0x00, 0x3c, 0x09, 0x00, 0x00,
    0x7a, 0x09, 0x00, 0x00, 0xab, 0x00, 0x05, 0x00, 0x81, 0x00, 0x00, 0x00,
    0x7c, 0x09, 0x00, 0x00, 0x7b, 0x09, 0x00, 0x00, 0x80, 0x00, 0x00, 0x00,
    0xf7, 0x00, 0x03, 0x00, 0x7e, 0x09, 0x00, 0x00, 0x00, 0x00, 0x00, 0x00,
    0xfa, 0x00, 0x04, 0x00, 0x7c, 0x09, 0x00, 0x00, 0x7d, 0x09, 0x00, 0x00,
    0x7e, 0x09, 0x00, 0x00, 0xf8, 0x00, 0x02, 0x00, 0x7d, 0x09, 0x00, 0x00,
    0xf9, 0x00, 0x02, 0x00, 0xb5, 0x09, 0x00, 0x00, 0xf8, 0x00, 0x02, 0x00,
    0x7e, 0x09, 0x00, 0x00, 0xab, 0x00, 0x05, 0x00, 0x81, 0x00, 0x00, 0x00,
    0x80, 0x09, 0x00, 0x00, 0x6c, 0x09, 0x00, 0x00, 0x80, 0x00, 0x00, 0x00,
    0xf7, 0x00, 0x03, 0x00, 0x89, 0x09, 0x00, 0x00, 0x00, 0x00, 0x00, 0x00,
    0xfa, 0x00, 0x04, 0x00, 0x80, 0x09, 0x00, 0x00, 0x81, 0x09, 0x00, 0x00,
    0x89, 0x09, 0x00, 0x00, 0xf8, 0x00, 0x02, 0x00, 0x81, 0x09, 0x00, 0x00,
    0x80, 0x00, 0x05, 0x00, 0x06, 0x00, 0x00, 0x00, 0x84, 0x09, 0x00, 0x00,
    0x06, 0x09, 0x00, 0x00, 0x77, 0x09, 0x00, 0x00, 0x80, 0x00, 0x05, 0x00,
    0x06, 0x00, 0x00, 0x00, 0x86, 0x09, 0x00, 0x00, 0x84, 0x09, 0x00, 0x00,
    0x6c, 0x09, 0x00, 0x00, 0x41, 0x00, 0x06, 0x00, 0x29, 0x00, 0x00, 0x00,
    0xc9, 0x09, 0x00, 0x00, 0x25, 0x00, 0x00, 0x00, 0x27, 0x00, 0x00, 0x00,
    0x86, 0x09, 0x00, 0x00, 0x3d, 0x00, 0x04, 0x00, 0x06, 0x00, 0x00, 0x00,
    0xca, 0x09, 0x00, 0x00, 0xc9, 0x09, 0x00, 0x00, 0xc2, 0x00, 0x05, 0x00,
    0x06, 0x00, 0x00, 0x00, 0xce, 0x09, 0x00, 0x00, 0xca, 0x09, 0x00, 0x00,
    0x2f, 0x00, 0x00, 0x00, 0xc7, 0x00, 0x05, 0x00, 0x06, 0x00, 0x00, 0x00,
    0xcf, 0x09, 0x00, 0x00, 0xce, 0x09, 0x00, 0x00, 0x31, 0x00, 0x00, 0x00,
    0x70, 0x00, 0x04, 0x00, 0x0c, 0x00, 0x00, 0x00, 0xd0, 0x09, 0x00, 0x00,
    0xcf, 0x09, 0x00, 0x00, 0xc2, 0x00, 0x05, 0x00, 0x06, 0x00, 0x00, 0x00,
    0xd2, 0x09, 0x00, 0x00, 0xca, 0x09, 0x00, 0x00, 0x35, 0x00, 0x00, 0x00,
    0xc7, 0x00, 0x05, 0x00, 0x06, 0x00, 0x00, 0x00, 0xd3, 0x09, 0x00, 0x00,
    0xd2, 0x09, 0x00, 0x00, 0x31, 0x00, 0x00, 0x00, 0x70, 0x00, 0x04, 0x00,
    0x0c, 0x00, 0x00, 0x00, 0xd4, 0x09, 0x00, 0x00, 0xd3, 0x09, 0x00, 0x00,
    0xc7, 0x00, 0x05, 0x00, 0x06, 0x00, 0x00, 0x00, 0xd6, 0x09, 0x00, 0x00,
    0xca, 0x09, 0x00, 0x00, 0x31, 0x00, 0x00, 0x00, 0x70, 0x00, 0x04, 0x00,
    0x0c, 0x00, 0x00, 0x00, 0xd7, 0x09, 0x00, 0x00, 0xd6, 0x09, 0x00, 0x00,
    0xc2, 0x00, 0x05, 0x00, 0x06, 0x00, 0x00, 0x00, 0xd9, 0x09, 0x00, 0x00,
    0xca, 0x09, 0x00, 0x00, 0x3d, 0x00, 0x00, 0x00, 0x70, 0x00, 0x04, 0x00,
    0x0c, 0x00, 0x00, 0x00, 0xda, 0x09, 0x00, 0x00, 0xd9, 0x09, 0x00, 0x00,
    0x50, 0x00, 0x07, 0x00, 0x0d, 0x00, 0x00, 0x00, 0xdb, 0x09, 0x00, 0x00,
    0xd0, 0x09, 0x00, 0x00, 0xd4, 0x09, 0x00, 0x00, 0xd7, 0x09, 0x00, 0x00,
    0xda, 0x09, 0x00, 0x00, 0x85, 0x00, 0x05, 0x00, 0x0d, 0x00, 0x00, 0x00,
    0xdd, 0x09, 0x00, 0x00, 0xdb, 0x09, 0x00, 0x00, 0xa0, 0x10, 0x00, 0x00,
    0xf9, 0x00, 0x02, 0x00, 0xb5, 0x09, 0x00, 0x00, 0xf8, 0x00, 0x02, 0x00,
    0x89, 0x09, 0x00, 0x00, 0x80, 0x00, 0x05, 0x00, 0x06, 0x00, 0x00, 0x00,
    0x8c, 0x09, 0x00, 0x00, 0x01, 0x08, 0x00, 0x00, 0x35, 0x00, 0x00, 0x00,
    0xc4, 0x00, 0x05, 0x00, 0x06, 0x00, 0x00, 0x00, 0x8d, 0x09, 0x00, 0x00,
    0x52, 0x00, 0x00, 0x00, 0x8c, 0x09, 0x00, 0x00, 0xc7, 0x00, 0x05, 0x00,
    0x06, 0x00, 0x00, 0x00, 0x8e, 0x09, 0x00, 0x00, 0x3c, 0x09, 0x00, 0x00,
    0x8d, 0x09, 0x00, 0x00, 0xab, 0x00, 0x05, 0x00, 0x81, 0x00, 0x00, 0x00,
    0x8f, 0x09, 0x00, 0x00, 0x8e, 0x09, 0x00, 0x00, 0x80, 0x00, 0x00, 0x00,
    0xa8, 0x00, 0x04, 0x00, 0x81, 0x00, 0x00, 0x00, 0x90, 0x09, 0x00, 0x00,
    0x8f, 0x09, 0x00, 0x00, 0xa9, 0x00, 0x06, 0x00, 0x81, 0x00, 0x00, 0x00,
    0xa1, 0x10, 0x00, 0x00, 0x90, 0x09, 0x00, 0x00, 0x9a, 0x10, 0x00, 0x00,
    0x8f, 0x09, 0x00, 0x00, 0xf7, 0x00, 0x03, 0x00, 0xb4, 0x09, 0x00, 0x00,
    0x00, 0x00, 0x00, 0x00, 0xfa, 0x00, 0x04, 0x00, 0xa1, 0x10, 0x00, 0x00,
    0xaf, 0x09, 0x00, 0x00, 0xb4, 0x09, 0x00, 0x00, 0xf8, 0x00, 0x02, 0x00,
    0xaf, 0x09, 0x00, 0x00, 0x80, 0x00, 0x05, 0x00, 0x06, 0x00, 0x00, 0x00,
    0xb1, 0x09, 0x00, 0x00, 0x29, 0x10, 0x00, 0x00, 0x52, 0x00, 0x00, 0x00,
    0x41, 0x00, 0x06, 0x00, 0x29, 0x00, 0x00, 0x00, 0xeb, 0x09, 0x00, 0x00,
    0x25, 0x00, 0x00, 0x00, 0x27, 0x00, 0x00, 0x00, 0xb1, 0x09, 0x00, 0x00,
    0x3d, 0x00, 0x04, 0x00, 0x06, 0x00, 0x00, 0x00, 0xec, 0x09, 0x00, 0x00,
    0xeb, 0x09, 0x00, 0x00, 0xc2, 0x00, 0x05, 0x00, 0x06, 0x00, 0x00, 0x00,
    0xf0, 0x09, 0x00, 0x00, 0xec, 0x09, 0x00, 0x00, 0x2f, 0x00, 0x00, 0x00,
    0xc7, 0x00, 0x05, 0x00, 0x06, 0x00, 0x00, 0x00, 0xf1, 0x09, 0x00, 0x00,
    0xf0, 0x09, 0x00, 0x00, 0x31, 0x00, 0x00, 0x00, 0x70, 0x00, 0x04, 0x00,
    0x0c, 0x00, 0x00, 0x00, 0xf2, 0x09, 0x00, 0x00, 0xf1, 0x09, 0x00, 0x00,
    0xc2, 0x00, 0x05, 0x00, 0x06, 0x00, 0x00, 0x00, 0xf4, 0x09, 0x00, 0x00,
    0xec, 0x09, 0x00, 0x00, 0x35, 0x00, 0x00, 0x00, 0xc7, 0x00, 0x05, 0x00,
    0x06, 0x00, 0x00, 0x00, 0xf5, 0x09, 0x00, 0x00, 0xf4, 0x09, 0x00, 0x00,
    0x31, 0x00, 0x00, 0x00, 0x70, 0x00, 0x04, 0x00, 0x0c, 0x00, 0x00, 0x00,
    0xf6, 0x09, 0x00, 0x00, 0xf5, 0x09, 0x00, 0x00, 0xc7, 0x00, 0x05, 0x00,
    0x06, 0x00, 0x00, 0x00, 0xf8, 0x09, 0x00, 0x00, 0xec, 0x09, 0x00, 0x00,
    0x31, 0x00, 0x00, 0x00, 0x70, 0x00, 0x04, 0x00, 0x0c, 0x00, 0x00, 0x00,
    0xf9, 0x09, 0x00, 0x00, 0xf8, 0x09, 0x00, 0x00, 0xc2, 0x00, 0x05, 0x00,
    0x06, 0x00, 0x00, 0x00, 0xfb, 0x09, 0x00, 0x00, 0xec, 0x09, 0x00, 0x00,
    0x3d, 0x00, 0x00, 0x00, 0x70, 0x00, 0x04, 0x00, 0x0c, 0x00, 0x00, 0x00,
    0xfc, 0x09, 0x00, 0x00, 0xfb, 0x09, 0x00, 0x00, 0x50, 0x00, 0x07, 0x00,
    0x0d, 0x00, 0x00, 0x00, 0xfd, 0x09, 0x00, 0x00, 0xf2, 0x09, 0x00, 0x00,
    0xf6, 0x09, 0x00, 0x00, 0xf9, 0x09, 0x00, 0x00, 0xfc, 0x09, 0x00, 0x00,
    0x85, 0x00, 0x05, 0x00, 0x0d, 0x00, 0x00, 0x00, 0xff, 0x09, 0x00, 0x00,
    0xfd, 0x09, 0x00, 0x00, 0xa0, 0x10, 0x00, 0x00, 0xf9, 0x00, 0x02, 0x00,
    0xb5, 0x09, 0x00, 0x00, 0xf8, 0x00, 0x02, 0x00, 0xb4, 0x09, 0x00, 0x00,
    0xf9, 0x00, 0x02, 0x00, 0xb5, 0x09, 0x00, 0x00, 0xf8, 0x00, 0x02, 0x00,
    0xb5, 0x09, 0x00, 0x00, 0xf5, 0x00, 0x0b, 0x00, 0x0d, 0x00, 0x00, 0x00,
    0x57, 0x10, 0x00, 0x00, 0x87, 0x00, 0x00, 0x00, 0x7d, 0x09, 0x00, 0x00,
    0xdd, 0x09, 0x00, 0x00, 0x81, 0x09, 0x00, 0x00, 0xff, 0x09, 0x00, 0x00,
    0xaf, 0x09, 0x00, 0x00, 0xc8, 0x00, 0x00, 0x00, 0xb4, 0x09, 0x00, 0x00,
    0xf9, 0x00, 0x02, 0x00, 0xdd, 0x08, 0x00, 0x00, 0xf8, 0x00, 0x02, 0x00,
    0x0f, 0x08, 0x00, 0x00, 0xf9, 0x00, 0x02, 0x00, 0x10, 0x08, 0x00, 0x00,
    0xf8, 0x00, 0x02, 0x00, 0x10, 0x08, 0x00, 0x00, 0xae, 0x00, 0x05, 0x00,
    0x81, 0x00, 0x00, 0x00, 0x13, 0x08, 0x00, 0x00, 0xfc, 0x08, 0x00, 0x00,
    0xb8, 0x00, 0x00, 0x00, 0xf7, 0x00, 0x03, 0x00, 0x79, 0x08, 0x00, 0x00,
    0x00, 0x00, 0x00, 0x00, 0xfa, 0x00, 0x04, 0x00, 0x13, 0x08, 0x00, 0x00,
    0x14, 0x08, 0x00, 0x00, 0x79, 0x08, 0x00, 0x00, 0xf8, 0x00, 0x02, 0x00,
    0x14, 0x08, 0x00, 0x00, 0x51, 0x00, 0x05, 0x00, 0x06, 0x00, 0x00, 0x00,
    0x16, 0x08, 0x00, 0x00, 0x2d, 0x10, 0x00, 0x00, 0x00, 0x00, 0x00, 0x00,
    0x80, 0x00, 0x05, 0x00, 0x06, 0x00, 0x00, 0x00, 0x18, 0x08, 0x00, 0x00,
    0x29, 0x10, 0x00, 0x00, 0x68, 0x00, 0x00, 0x00, 0x41, 0x00, 0x06, 0x00,
    0x29, 0x00, 0x00, 0x00, 0x08, 0x0a, 0x00, 0x00, 0x25, 0x00, 0x00, 0x00,
    0x27, 0x00, 0x00, 0x00, 0x18, 0x08, 0x00, 0x00, 0x3d, 0x00, 0x04, 0x00,
    0x06, 0x00, 0x00, 0x00, 0x09, 0x0a, 0x00, 0x00, 0x08, 0x0a, 0x00, 0x00,
    0x80, 0x00, 0x05, 0x00, 0x06, 0x00, 0x00, 0x00, 0x1a, 0x08, 0x00, 0x00,
    0x16, 0x08, 0x00, 0x00, 0x09, 0x0a, 0x00, 0x00, 0xc7, 0x00, 0x05, 0x00,
    0x06, 0x00, 0x00, 0x00, 0x1c, 0x08, 0x00, 0x00, 0x1a, 0x08, 0x00, 0x00,
    0x48, 0x00, 0x00, 0x00, 0x86, 0x00, 0x05, 0x00, 0x06, 0x00, 0x00, 0x00,
    0x1f, 0x08, 0x00, 0x00, 0x1a, 0x08, 0x00, 0x00, 0x35, 0x00, 0x00, 0x00,
    0x84, 0x00, 0x05, 0x00, 0x06, 0x00, 0x00, 0x00, 0x20, 0x08, 0x00, 0x00,
    0x1f, 0x08, 0x00, 0x00, 0x5a, 0x00, 0x00, 0x00, 0x80, 0x00, 0x05, 0x00,
    0x06, 0x00, 0x00, 0x00, 0x21, 0x08, 0x00, 0x00, 0x01, 0x09, 0x00, 0x00,
    0x20, 0x08, 0x00, 0x00, 0x80, 0x00, 0x05, 0x00, 0x06, 0x00, 0x00, 0x00,
    0x23, 0x08, 0x00, 0x00, 0x21, 0x08, 0x00, 0x00, 0x52, 0x00, 0x00, 0x00,
    0x41, 0x00, 0x06, 0x00, 0x29, 0x00, 0x00, 0x00, 0x0d, 0x0a, 0x00, 0x00,
    0x25, 0x00, 0x00, 0x00, 0x27, 0x00, 0x00, 0x00, 0x23, 0x08, 0x00, 0x00,
    0x3d, 0x00, 0x04, 0x00, 0x06, 0x00, 0x00, 0x00, 0x0e, 0x0a, 0x00, 0x00,
    0x0d, 0x0a, 0x00, 0x00, 0xc7, 0x00, 0x05, 0x00, 0x06, 0x00, 0x00, 0x00,
    0x26, 0x08, 0x00, 0x00, 0x0e, 0x0a, 0x00, 0x00, 0xb1, 0x01, 0x00, 0x00,
    0xab, 0x00, 0x05, 0x00, 0x81, 0x00, 0x00, 0x00, 0x27, 0x08, 0x00, 0x00,
    0x26, 0x08, 0x00, 0x00, 0x80, 0x00, 0x00, 0x00, 0xf7, 0x00, 0x03, 0x00,
    0x2d, 0x08, 0x00, 0x00, 0x00, 0x00, 0x00, 0x00, 0xfa, 0x00, 0x04, 0x00,
    0x27, 0x08, 0x00, 0x00, 0x28, 0x08, 0x00, 0x00, 0x2a, 0x08, 0x00, 0x00,
    0xf8, 0x00, 0x02, 0x00, 0x2a, 0x08, 0x00, 0x00, 0x82, 0x00, 0x05, 0x00,
    0x06, 0x00, 0x00, 0x00, 0x2c, 0x08, 0x00, 0x00, 0x48, 0x00, 0x00, 0x00,
    0x1c, 0x08, 0x00, 0x00, 0xf9, 0x00, 0x02, 0x00, 0x2d, 0x08, 0x00, 0x00,
    0xf8, 0x00, 0x02, 0x00, 0x28, 0x08, 0x00, 0x00, 0xf9, 0x00, 0x02, 0x00,
    0x2d, 0x08, 0x00, 0x00, 0xf8, 0x00, 0x02, 0x00, 0x2d, 0x08, 0x00, 0x00,
    0xf5, 0x00, 0x07, 0x00, 0x06, 0x00, 0x00, 0x00, 0x49, 0x10, 0x00, 0x00,
    0x1c, 0x08, 0x00, 0x00, 0x28, 0x08, 0x00, 0x00, 0x2c, 0x08, 0x00, 0x00,
    0x2a, 0x08, 0x00, 0x00, 0x41, 0x00, 0x06, 0x00, 0x29, 0x00, 0x00, 0x00,
    0x12, 0x0a, 0x00, 0x00, 0x25, 0x00, 0x00, 0x00, 0x27, 0x00, 0x00, 0x00,
    0x21, 0x08, 0x00, 0x00, 0x3d, 0x00, 0x04, 0x00, 0x06, 0x00, 0x00, 0x00,
    0x13, 0x0a, 0x00, 0x00, 0x12, 0x0a, 0x00, 0x00, 0xc2, 0x00, 0x05, 0x00,
    0x06, 0x00, 0x00, 0x00, 0x32, 0x08, 0x00, 0x00, 0x13, 0x0a, 0x00, 0x00,
    0x49, 0x10, 0x00, 0x00, 0xc7, 0x00, 0x05, 0x00, 0x06, 0x00, 0x00, 0x00,
    0x34, 0x08, 0x00, 0x00, 0x32, 0x08, 0x00, 0x00, 0x52, 0x00, 0x00, 0x00,
    0xc2, 0x00, 0x05, 0x00, 0x06, 0x00, 0x00, 0x00, 0x36, 0x08, 0x00, 0x00,
    0x32, 0x08, 0x00, 0x00, 0x48, 0x00, 0x00, 0x00, 0xc7, 0x00, 0x05, 0x00,
    0x06, 0x00, 0x00, 0x00, 0x37, 0x08, 0x00, 0x00, 0x36, 0x08, 0x00, 0x00,
    0x5a, 0x00, 0x00, 0x00, 0xc5, 0x00, 0x05, 0x00, 0x06, 0x00, 0x00, 0x00,
    0x38, 0x08, 0x00, 0x00, 0x34, 0x08, 0x00, 0x00, 0x37, 0x08, 0x00, 0x00,
    0xc2, 0x00, 0x05, 0x00, 0x06, 0x00, 0x00, 0x00, 0x3a, 0x08, 0x00, 0x00,
    0x32, 0x08, 0x00, 0x00, 0x66, 0x00, 0x00, 0x00, 0xc7, 0x00, 0x05, 0x00,
    0x06, 0x00, 0x00, 0x00, 0x3b, 0x08, 0x00, 0x00, 0x3a, 0x08, 0x00, 0x00,
    0x68, 0x00, 0x00, 0x00, 0xc5, 0x00, 0x05, 0x00, 0x06, 0x00, 0x00, 0x00,
    0x3c, 0x08, 0x00, 0x00, 0x38, 0x08, 0x00, 0x00, 0x3b, 0x08, 0x00, 0x00,
    0xc2, 0x00, 0x05, 0x00, 0x06, 0x00, 0x00, 0x00, 0x3e, 0x08, 0x00, 0x00,
    0x32, 0x08, 0x00, 0x00, 0x6c, 0x00, 0x00, 0x00, 0xc7, 0x00, 0x05, 0x00,
    0x06, 0x00, 0x00, 0x00, 0x3f, 0x08, 0x00, 0x00, 0x3e, 0x08, 0x00, 0x00,
    0x35, 0x00, 0x00, 0x00, 0xc5, 0x00, 0x05, 0x00, 0x06, 0x00, 0x00, 0x00,
    0x40, 0x08, 0x00, 0x00, 0x3c, 0x08, 0x00, 0x00, 0x3f, 0x08, 0x00, 0x00,
    0xc2, 0x00, 0x05, 0x00, 0x06, 0x00, 0x00, 0x00, 0x42, 0x08, 0x00, 0x00,
    0x0e, 0x0a, 0x00, 0x00, 0xb8, 0x00, 0x00, 0x00, 0xc7, 0x00, 0x05, 0x00,
    0x06, 0x00, 0x00, 0x00, 0x43, 0x08, 0x00, 0x00, 0x42, 0x08, 0x00, 0x00,
    0xb8, 0x00, 0x00, 0x00, 0xaa, 0x00, 0x05, 0x00, 0x81, 0x00, 0x00, 0x00,
    0x45, 0x08, 0x00, 0x00, 0x43, 0x08, 0x00, 0x00, 0x52, 0x00, 0x00, 0x00,
    0xf7, 0x00, 0x03, 0x00, 0x4d, 0x08, 0x00, 0x00, 0x00, 0x00, 0x00, 0x00,
    0xfa, 0x00, 0x04, 0x00, 0x45, 0x08, 0x00, 0x00, 0x46, 0x08, 0x00, 0x00,
    0x4d, 0x08, 0x00, 0x00, 0xf8, 0x00, 0x02, 0x00, 0x46, 0x08, 0x00, 0x00,
    0x80, 0x00, 0x05, 0x00, 0x06, 0x00, 0x00, 0x00, 0x49, 0x08, 0x00, 0x00,
    0x1c, 0x08, 0x00, 0x00, 0x35, 0x00, 0x00, 0x00, 0xc4, 0x00, 0x05, 0x00,
    0x06, 0x00, 0x00, 0x00, 0x4a, 0x08, 0x00, 0x00, 0x52, 0x00, 0x00, 0x00,
    0x49, 0x08, 0x00, 0x00, 0xc7, 0x00, 0x05, 0x00, 0x06, 0x00, 0x00, 0x00,
    0x4b, 0x08, 0x00, 0x00, 0x0e, 0x0a, 0x00, 0x00, 0x4a, 0x08, 0x00, 0x00,
    0xab, 0x00, 0x05, 0x00, 0x81, 0x00, 0x00, 0x00, 0x4c, 0x08, 0x00, 0x00,
    0x4b, 0x08, 0x00, 0x00, 0x80, 0x00, 0x00, 0x00, 0xf9, 0x00, 0x02, 0x00,
    0x4d, 0x08, 0x00, 0x00, 0xf8, 0x00, 0x02, 0x00, 0x4d, 0x08, 0x00, 0x00,
    0xf5, 0x00, 0x07, 0x00, 0x81, 0x00, 0x00, 0x00, 0x4e, 0x08, 0x00, 0x00,
    0x45, 0x08, 0x00, 0x00, 0x2d, 0x08, 0x00, 0x00, 0x4c, 0x08, 0x00, 0x00,
    0x46, 0x08, 0x00, 0x00, 0xab, 0x00, 0x05, 0x00, 0x81, 0x00, 0x00, 0x00,
    0x50, 0x08, 0x00, 0x00, 0x40, 0x08, 0x00, 0x00, 0x80, 0x00, 0x00, 0x00,
    0xa7, 0x00, 0x05, 0x00, 0x81, 0x00, 0x00, 0x00, 0x51, 0x08, 0x00, 0x00,
    0x4e, 0x08, 0x00, 0x00, 0x50, 0x08, 0x00, 0x00, 0xf7, 0x00, 0x03, 0x00,
    0x77, 0x08, 0x00, 0x00, 0x00, 0x00, 0x00, 0x00, 0xfa, 0x00, 0x04, 0x00,
    0x51, 0x08, 0x00, 0x00, 0x52, 0x08, 0x00, 0x00, 0x5c, 0x08, 0x00, 0x00,
    0xf8, 0x00, 0x02, 0x00, 0x5c, 0x08, 0x00, 0x00, 0xf9, 0x00, 0x02, 0x00,
    0x77, 0x08, 0x00, 0x00, 0xf8, 0x00, 0x02, 0x00, 0x52, 0x08, 0x00, 0x00,
    0xc7, 0x00, 0x05, 0x00, 0x06, 0x00, 0x00, 0x00, 0x55, 0x08, 0x00, 0x00,
    0x0e, 0x0a, 0x00, 0x00, 0x48, 0x00, 0x00, 0x00, 0x84, 0x00, 0x05, 0x00,
    0x06, 0x00, 0x00, 0x00, 0x56, 0x08, 0x00, 0x00, 0x55, 0x08, 0x00, 0x00,
    0x2f, 0x00, 0x00, 0x00, 0x80, 0x00, 0x05, 0x00, 0x06, 0x00, 0x00, 0x00,
    0x57, 0x08, 0x00, 0x00, 0x06, 0x09, 0x00, 0x00, 0x56, 0x08, 0x00, 0x00,
    0x80, 0x00, 0x05, 0x00, 0x06, 0x00, 0x00, 0x00, 0x59, 0x08, 0x00, 0x00,
    0x57, 0x08, 0x00, 0x00, 0x40, 0x08, 0x00, 0x00, 0x41, 0x00, 0x06, 0x00,
    0x29, 0x00, 0x00, 0x00, 0x17, 0x0a, 0x00, 0x00, 0x25, 0x00, 0x00, 0x00,
    0x27, 0x00, 0x00, 0x00, 0x59, 0x08, 0x00, 0x00, 0x3d, 0x00, 0x04, 0x00,
    0x06, 0x00, 0x00, 0x00, 0x18, 0x0a, 0x00, 0x00, 0x17, 0x0a, 0x00, 0x00,
    0xc2, 0x00, 0x05, 0x00, 0x06, 0x00, 0x00, 0x00, 0x1c, 0x0a, 0x00, 0x00,
    0x18, 0x0a, 0x00, 0x00, 0x2f, 0x00, 0x00, 0x00, 0xc7, 0x00, 0x05, 0x00,
    0x06, 0x00, 0x00, 0x00, 0x1d, 0x0a, 0x00, 0x00, 0x1c, 0x0a, 0x00, 0x00,
    0x31, 0x00, 0x00, 0x00, 0x70, 0x00, 0x04, 0x00, 0x0c, 0x00, 0x00, 0x00,
    0x1e, 0x0a, 0x00, 0x00, 0x1d, 0x0a, 0x00, 0x00, 0xc2, 0x00, 0x05, 0x00,
    0x06, 0x00, 0x00, 0x00, 0x20, 0x0a, 0x00, 0x00, 0x18, 0x0a, 0x00, 0x00,
    0x35, 0x00, 0x00, 0x00, 0xc7, 0x00, 0x05, 0x00, 0x06, 0x00, 0x00, 0x00,
    0x21, 0x0a, 0x00, 0x00, 0x20, 0x0a, 0x00, 0x00, 0x31, 0x00, 0x00, 0x00,
    0x70, 0x00, 0x04, 0x00, 0x0c, 0x00, 0x00, 0x00, 0x22, 0x0a, 0x00, 0x00,
    0x21, 0x0a, 0x00, 0x00, 0xc7, 0x00, 0x05, 0x00, 0x06, 0x00, 0x00, 0x00,
    0x24, 0x0a, 0x00, 0x00, 0x18, 0x0a, 0x00, 0x00, 0x31, 0x00, 0x00, 0x00,
    0x70, 0x00, 0x04, 0x00, 0x0c, 0x00, 0x00, 0x00, 0x25, 0x0a, 0x00, 0x00,
    0x24, 0x0a, 0x00, 0x00, 0xc2, 0x00, 0x05, 0x00, 0x06, 0x00, 0x00, 0x00,
    0x27, 0x0a, 0x00, 0x00, 0x18, 0x0a, 0x00, 0x00, 0x3d, 0x00, 0x00, 0x00,
    0x70, 0x00, 0x04, 0x00, 0x0c, 0x00, 0x00, 0x00, 0x28, 0x0a, 0x00, 0x00,
    0x27, 0x0a, 0x00, 0x00, 0x50, 0x00, 0x07, 0x00, 0x0d, 0x00, 0x00, 0x00,
    0x29, 0x0a, 0x00, 0x00, 0x1e, 0x0a, 0x00, 0x00, 0x22, 0x0a, 0x00, 0x00,
    0x25, 0x0a, 0x00, 0x00, 0x28, 0x0a, 0x00, 0x00, 0x85, 0x00, 0x05, 0x00,
    0x0d, 0x00, 0x00, 0x00, 0x2b, 0x0a, 0x00, 0x00, 0x29, 0x0a, 0x00, 0x00,
    0xa0, 0x10, 0x00, 0x00, 0xf9, 0x00, 0x02, 0x00, 0x77, 0x08, 0x00, 0x00,
    0xf8, 0x00, 0x02, 0x00, 0x77, 0x08, 0x00, 0x00, 0xf5, 0x00, 0x07, 0x00,
    0x0d, 0x00, 0x00, 0x00, 0x51, 0x10, 0x00, 0x00, 0x2b, 0x0a, 0x00, 0x00,
    0x52, 0x08, 0x00, 0x00, 0xc8, 0x00, 0x00, 0x00, 0x5c, 0x08, 0x00, 0x00,
    0xf9, 0x00, 0x02, 0x00, 0xdd, 0x08, 0x00, 0x00, 0xf8, 0x00, 0x02, 0x00,
    0x79, 0x08, 0x00, 0x00, 0xaa, 0x00, 0x05, 0x00, 0x81, 0x00, 0x00, 0x00,
    0x7c, 0x08, 0x00, 0x00, 0xfc, 0x08, 0x00, 0x00, 0x5a, 0x00, 0x00, 0x00,
    0xf7, 0x00, 0x03, 0x00, 0x92, 0x08, 0x00, 0x00, 0x00, 0x00, 0x00, 0x00,
    0xfa, 0x00, 0x04, 0x00, 0x7c, 0x08, 0x00, 0x00, 0x7d, 0x08, 0x00, 0x00,
    0x92, 0x08, 0x00, 0x00, 0xf8, 0x00, 0x02, 0x00, 0x7d, 0x08, 0x00, 0x00,
    0x51, 0x00, 0x05, 0x00, 0x06, 0x00, 0x00, 0x00, 0x80, 0x08, 0x00, 0x00,
    0x2d, 0x10, 0x00, 0x00, 0x00, 0x00, 0x00, 0x00, 0x86, 0x00, 0x05, 0x00,
    0x06, 0x00, 0x00, 0x00, 0x81, 0x08, 0x00, 0x00, 0x80, 0x08, 0x00, 0x00,
    0x35, 0x00, 0x00, 0x00, 0xaa, 0x00, 0x05, 0x00, 0x81, 0x00, 0x00, 0x00,
    0x83, 0x08, 0x00, 0x00, 0x45, 0x10, 0x00, 0x00, 0x5a, 0x00, 0x00, 0x00,
    0xa9, 0x00, 0x06, 0x00, 0x06, 0x00, 0x00, 0x00, 0x84, 0x08, 0x00, 0x00,
    0x83, 0x08, 0x00, 0x00, 0xb8, 0x00, 0x00, 0x00, 0x72, 0x01, 0x00, 0x00,
    0x84, 0x00, 0x05, 0x00, 0x06, 0x00, 0x00, 0x00, 0x85, 0x08, 0x00, 0x00,
    0x81, 0x08, 0x00, 0x00, 0x84, 0x08, 0x00, 0x00, 0x80, 0x00, 0x05, 0x00,
    0x06, 0x00, 0x00, 0x00, 0x86, 0x08, 0x00, 0x00, 0x01, 0x09, 0x00, 0x00,
    0x85, 0x08, 0x00, 0x00, 0x80, 0x00, 0x05, 0x00, 0x06, 0x00, 0x00, 0x00,
    0x89, 0x08, 0x00, 0x00, 0x86, 0x08, 0x00, 0x00, 0xb8, 0x00, 0x00, 0x00,
    0xf7, 0x00, 0x03, 0x00, 0xcb, 0x0a, 0x00, 0x00, 0x00, 0x00, 0x00, 0x00,
    0xfb, 0x00, 0x03, 0x00, 0x80, 0x00, 0x00, 0x00, 0x66, 0x0a, 0x00, 0x00,
    0xf8, 0x00, 0x02, 0x00, 0x66, 0x0a, 0x00, 0x00, 0xc7, 0x00, 0x05, 0x00,
    0x06, 0x00, 0x00, 0x00, 0x68, 0x0a, 0x00, 0x00, 0x80, 0x08, 0x00, 0x00,
    0x48, 0x00, 0x00, 0x00, 0x41, 0x00, 0x06, 0x00, 0x29, 0x00, 0x00, 0x00,
    0xd0, 0x0a, 0x00, 0x00, 0x25, 0x00, 0x00, 0x00, 0x27, 0x00, 0x00, 0x00,
    0x89, 0x08, 0x00, 0x00, 0x3d, 0x00, 0x04, 0x00, 0x06, 0x00, 0x00, 0x00,
    0xd1, 0x0a, 0x00, 0x00, 0xd0, 0x0a, 0x00, 0x00, 0xc2, 0x00, 0x05, 0x00,
    0x06, 0x00, 0x00, 0x00, 0x6c, 0x0a, 0x00, 0x00, 0xd1, 0x0a, 0x00, 0x00,
    0x68, 0x0a, 0x00, 0x00, 0x80, 0x00, 0x05, 0x00, 0x06, 0x00, 0x00, 0x00,
    0x6e, 0x0a, 0x00, 0x00, 0x86, 0x08, 0x00, 0x00, 0x68, 0x00, 0x00, 0x00,
    0x41, 0x00, 0x06, 0x00, 0x29, 0x00, 0x00, 0x00, 0xd5, 0x0a, 0x00, 0x00,
    0x25, 0x00, 0x00, 0x00, 0x27, 0x00, 0x00, 0x00, 0x6e, 0x0a, 0x00, 0x00,
    0x3d, 0x00, 0x04, 0x00, 0x06, 0x00, 0x00, 0x00, 0xd6, 0x0a, 0x00, 0x00,
    0xd5, 0x0a, 0x00, 0x00, 0xc2, 0x00, 0x05, 0x00, 0x06, 0x00, 0x00, 0x00,
    0x71, 0x0a, 0x00, 0x00, 0xd6, 0x0a, 0x00, 0x00, 0x68, 0x0a, 0x00, 0x00,
    0x80, 0x00, 0x05, 0x00, 0x06, 0x00, 0x00, 0x00, 0x73, 0x0a, 0x00, 0x00,
    0x86, 0x08, 0x00, 0x00, 0xdc, 0x00, 0x00, 0x00, 0x41, 0x00, 0x06, 0x00,
    0x29, 0x00, 0x00, 0x00, 0xda, 0x0a, 0x00, 0x00, 0x25, 0x00, 0x00, 0x00,
    0x27, 0x00, 0x00, 0x00, 0x73, 0x0a, 0x00, 0x00, 0x3d, 0x00, 0x04, 0x00,
    0x06, 0x00, 0x00, 0x00, 0xdb, 0x0a, 0x00, 0x00, 0xda, 0x0a, 0x00, 0x00,
    0xc7, 0x00, 0x05, 0x00, 0x06, 0x00, 0x00, 0x00, 0x76, 0x0a, 0x00, 0x00,
    0x6c, 0x0a, 0x00, 0x00, 0x52, 0x00, 0x00, 0x00, 0xc2, 0x00, 0x05, 0x00,
    0x06, 0x00, 0x00, 0x00, 0x78, 0x0a, 0x00, 0x00, 0x6c, 0x0a, 0x00, 0x00,
    0x48, 0x00, 0x00, 0x00, 0xc7, 0x00, 0x05, 0x00, 0x06, 0x00, 0x00, 0x00,
    0x79, 0x0a, 0x00, 0x00, 0x78, 0x0a, 0x00, 0x00, 0x5a, 0x00, 0x00, 0x00,
    0xc5, 0x00, 0x05, 0x00, 0x06, 0x00, 0x00, 0x00, 0x7a, 0x0a, 0x00, 0x00,
    0x76, 0x0a, 0x00, 0x00, 0x79, 0x0a, 0x00, 0x00, 0xc2, 0x00, 0x05, 0x00,
    0x06, 0x00, 0x00, 0x00, 0x7c, 0x0a, 0x00, 0x00, 0x6c, 0x0a, 0x00, 0x00,
    0x66, 0x00, 0x00, 0x00, 0xc7, 0x00, 0x05, 0x00, 0x06, 0x00, 0x00, 0x00,
    0x7d, 0x0a, 0x00, 0x00, 0x7c, 0x0a, 0x00, 0x00, 0x68, 0x00, 0x00, 0x00,
    0xc5, 0x00, 0x05, 0x00, 0x06, 0x00, 0x00, 0x00, 0x7e, 0x0a, 0x00, 0x00,
    0x7a, 0x0a, 0x00, 0x00, 0x7d, 0x0a, 0x00, 0x00, 0xc2, 0x00, 0x05, 0x00,
    0x06, 0x00, 0x00, 0x00, 0x80, 0x0a, 0x00, 0x00, 0x6c, 0x0a, 0x00, 0x00,
    0x6c, 0x00, 0x00, 0x00, 0xc7, 0x00, 0x05, 0x00, 0x06, 0x00, 0x00, 0x00,
    0x81, 0x0a, 0x00, 0x00, 0x80, 0x0a, 0x00, 0x00, 0x35, 0x00, 0x00, 0x00,
    0xc5, 0x00, 0x05, 0x00, 0x06, 0x00, 0x00, 0x00, 0x82, 0x0a, 0x00, 0x00,
    0x7e, 0x0a, 0x00, 0x00, 0x81, 0x0a, 0x00, 0x00, 0xc7, 0x00, 0x05, 0x00,
    0x06, 0x00, 0x00, 0x00, 0x84, 0x0a, 0x00, 0x00, 0x71, 0x0a, 0x00, 0x00,
    0x52, 0x00, 0x00, 0x00, 0xc2, 0x00, 0x05, 0x00, 0x06, 0x00, 0x00, 0x00,
    0x86, 0x0a, 0x00, 0x00, 0x71, 0x0a, 0x00, 0x00, 0x48, 0x00, 0x00, 0x00,
    0xc7, 0x00, 0x05, 0x00, 0x06, 0x00, 0x00, 0x00, 0x87, 0x0a, 0x00, 0x00,
    0x86, 0x0a, 0x00, 0x00, 0x5a, 0x00, 0x00, 0x00, 0xc5, 0x00, 0x05, 0x00,
    0x06, 0x00, 0x00, 0x00, 0x88, 0x0a, 0x00, 0x00, 0x84, 0x0a, 0x00, 0x00,
    0x87, 0x0a, 0x00, 0x00, 0xc2, 0x00, 0x05, 0x00, 0x06, 0x00, 0x00, 0x00,
    0x8a, 0x0a, 0x00, 0x00, 0x71, 0x0a, 0x00, 0x00, 0x66, 0x00, 0x00, 0x00,
    0xc7, 0x00, 0x05, 0x00, 0x06, 0x00, 0x00, 0x00, 0x8b, 0x0a, 0x00, 0x00,
    0x8a, 0x0a, 0x00, 0x00, 0x68, 0x00, 0x00, 0x00, 0xc5, 0x00, 0x05, 0x00,
    0x06, 0x00, 0x00, 0x00, 0x8c, 0x0a, 0x00, 0x00, 0x88, 0x0a, 0x00, 0x00,
    0x8b, 0x0a, 0x00, 0x00, 0x84, 0x00, 0x05, 0x00, 0x06, 0x00, 0x00, 0x00,
    0x8d, 0x0a, 0x00, 0x00, 0x8c, 0x0a, 0x00, 0x00, 0x2f, 0x00, 0x00, 0x00,
    0xc4, 0x00, 0x05, 0x00, 0x06, 0x00, 0x00, 0x00, 0x90, 0x0a, 0x00, 0x00,
    0x52, 0x00, 0x00, 0x00, 0x68, 0x0a, 0x00, 0x00, 0xc7, 0x00, 0x05, 0x00,
    0x06, 0x00, 0x00, 0x00, 0x91, 0x0a, 0x00, 0x00, 0xdb, 0x0a, 0x00, 0x00,
    0x90, 0x0a, 0x00, 0x00, 0xab, 0x00, 0x05, 0x00, 0x81, 0x00, 0x00, 0x00,
    0x92, 0x0a, 0x00, 0x00, 0x91, 0x0a, 0x00, 0x00, 0x80, 0x00, 0x00, 0x00,
    0xf7, 0x00, 0x03, 0x00, 0x94, 0x0a, 0x00, 0x00, 0x00, 0x00, 0x00, 0x00,
    0xfa, 0x00, 0x04, 0x00, 0x92, 0x0a, 0x00, 0x00, 0x93, 0x0a, 0x00, 0x00,
    0x94, 0x0a, 0x00, 0x00, 0xf8, 0x00, 0x02, 0x00, 0x93, 0x0a, 0x00, 0x00,
    0xf9, 0x00, 0x02, 0x00, 0xcb, 0x0a, 0x00, 0x00, 0xf8, 0x00, 0x02, 0x00,
    0x94, 0x0a, 0x00, 0x00, 0xab, 0x00, 0x05, 0x00, 0x81, 0x00, 0x00, 0x00,
    0x96, 0x0a, 0x00, 0x00, 0x82, 0x0a, 0x00, 0x00, 0x80, 0x00, 0x00, 0x00,
    0xf7, 0x00, 0x03, 0x00, 0x9f, 0x0a, 0x00, 0x00, 0x00, 0x00, 0x00, 0x00,
    0xfa, 0x00, 0x04, 0x00, 0x96, 0x0a, 0x00, 0x00, 0x97, 0x0a, 0x00, 0x00,
    0x9f, 0x0a, 0x00, 0x00, 0xf8, 0x00, 0x02, 0x00, 0x97, 0x0a, 0x00, 0x00,
    0x80, 0x00, 0x05, 0x00, 0x06, 0x00, 0x00, 0x00, 0x9a, 0x0a, 0x00, 0x00,
    0x06, 0x09, 0x00, 0x00, 0x8d, 0x0a, 0x00, 0x00, 0x80, 0x00, 0x05, 0x00,
    0x06, 0x00, 0x00, 0x00, 0x9c, 0x0a, 0x00, 0x00, 0x9a, 0x0a, 0x00, 0x00,
    0x82, 0x0a, 0x00, 0x00, 0x41, 0x00, 0x06, 0x00, 0x29, 0x00, 0x00, 0x00,
    0xdf, 0x0a, 0x00, 0x00, 0x25, 0x00, 0x00, 0x00, 0x27, 0x00, 0x00, 0x00,
    0x9c, 0x0a, 0x00, 0x00, 0x3d, 0x00, 0x04, 0x00, 0x06, 0x00, 0x00, 0x00,
    0xe0, 0x0a, 0x00, 0x00, 0xdf, 0x0a, 0x00, 0x00, 0xc2, 0x00, 0x05, 0x00,
    0x06, 0x00, 0x00, 0x00, 0xe4, 0x0a, 0x00, 0x00, 0xe0, 0x0a, 0x00, 0x00,
    0x2f, 0x00, 0x00, 0x00, 0xc7, 0x00, 0x05, 0x00, 0x06, 0x00, 0x00, 0x00,
    0xe5, 0x0a, 0x00, 0x00, 0xe4, 0x0a, 0x00, 0x00, 0x31, 0x00, 0x00, 0x00,
    0x70, 0x00, 0x04, 0x00, 0x0c, 0x00, 0x00, 0x00, 0xe6, 0x0a, 0x00, 0x00,
    0xe5, 0x0a, 0x00, 0x00, 0xc2, 0x00, 0x05, 0x00, 0x06, 0x00, 0x00, 0x00,
    0xe8, 0x0a, 0x00, 0x00, 0xe0, 0x0a, 0x00, 0x00, 0x35, 0x00, 0x00, 0x00,
    0xc7, 0x00, 0x05, 0x00, 0x06, 0x00, 0x00, 0x00, 0xe9, 0x0a, 0x00, 0x00,
    0xe8, 0x0a, 0x00, 0x00, 0x31, 0x00, 0x00, 0x00, 0x70, 0x00, 0x04, 0x00,
    0x0c, 0x00, 0x00, 0x00, 0xea, 0x0a, 0x00, 0x00, 0xe9, 0x0a, 0x00, 0x00,
    0xc7, 0x00, 0x05, 0x00, 0x06, 0x00, 0x00, 0x00, 0xec, 0x0a, 0x00, 0x00,
    0xe0, 0x0a, 0x00, 0x00, 0x31, 0x00, 0x00, 0x00, 0x70, 0x00, 0x04, 0x00,
    0x0c, 0x00, 0x00, 0x00, 0xed, 0x0a, 0x00, 0x00, 0xec, 0x0a, 0x00, 0x00,
    0xc2, 0x00, 0x05, 0x00, 0x06, 0x00, 0x00, 0x00, 0xef, 0x0a, 0x00, 0x00,
    0xe0, 0x0a, 0x00, 0x00, 0x3d, 0x00, 0x00, 0x00, 0x70, 0x00, 0x04, 0x00,
    0x0c, 0x00, 0x00, 0x00, 0xf0, 0x0a, 0x00, 0x00, 0xef, 0x0a, 0x00, 0x00,
    0x50, 0x00, 0x07, 0x00, 0x0d, 0x00, 0x00, 0x00, 0xf1, 0x0a, 0x00, 0x00,
    0xe6, 0x0a, 0x00, 0x00, 0xea, 0x0a, 0x00, 0x00, 0xed, 0x0a, 0x00, 0x00,
    0xf0, 0x0a, 0x00, 0x00, 0x85, 0x00, 0x05, 0x00, 0x0d, 0x00, 0x00, 0x00,
    0xf3, 0x0a, 0x00, 0x00, 0xf1, 0x0a, 0x00, 0x00, 0xa0, 0x10, 0x00, 0x00,
    0xf9, 0x00, 0x02, 0x00, 0xcb, 0x0a, 0x00, 0x00, 0xf8, 0x00, 0x02, 0x00,
    0x9f, 0x0a, 0x00, 0x00, 0x80, 0x00, 0x05, 0x00, 0x06, 0x00, 0x00, 0x00,
    0xa2, 0x0a, 0x00, 0x00, 0x68, 0x0a, 0x00, 0x00, 0x35, 0x00, 0x00, 0x00,
    0xc4, 0x00, 0x05, 0x00, 0x06, 0x00, 0x00, 0x00, 0xa3, 0x0a, 0x00, 0x00,
    0x52, 0x00, 0x00, 0x00, 0xa2, 0x0a, 0x00, 0x00, 0xc7, 0x00, 0x05, 0x00,
    0x06, 0x00, 0x00, 0x00, 0xa4, 0x0a, 0x00, 0x00, 0xdb, 0x0a, 0x00, 0x00,
    0xa3, 0x0a, 0x00, 0x00, 0xab, 0x00, 0x05, 0x00, 0x81, 0x00, 0x00, 0x00,
    0xa5, 0x0a, 0x00, 0x00, 0xa4, 0x0a, 0x00, 0x00, 0x80, 0x00, 0x00, 0x00,
    0xa8, 0x00, 0x04, 0x00, 0x81, 0x00, 0x00, 0x00, 0xa6, 0x0a, 0x00, 0x00,
    0xa5, 0x0a, 0x00, 0x00, 0xa9, 0x00, 0x06, 0x00, 0x81, 0x00, 0x00, 0x00,
    0xa2, 0x10, 0x00, 0x00, 0xa6, 0x0a, 0x00, 0x00, 0x9a, 0x10, 0x00, 0x00,
    0xa5, 0x0a, 0x00, 0x00, 0xf7, 0x00, 0x03, 0x00, 0xca, 0x0a, 0x00, 0x00,
    0x00, 0x00, 0x00, 0x00, 0xfa, 0x00, 0x04, 0x00, 0xa2, 0x10, 0x00, 0x00,
    0xc5, 0x0a, 0x00, 0x00, 0xca, 0x0a, 0x00, 0x00, 0xf8, 0x00, 0x02, 0x00,
    0xc5, 0x0a, 0x00, 0x00, 0x80, 0x00, 0x05, 0x00, 0x06, 0x00, 0x00, 0x00,
    0xc7, 0x0a, 0x00, 0x00, 0x29, 0x10, 0x00, 0x00, 0x52, 0x00, 0x00, 0x00,
    0x41, 0x00, 0x06, 0x00, 0x29, 0x00, 0x00, 0x00, 0x01, 0x0b, 0x00, 0x00,
    0x25, 0x00, 0x00, 0x00, 0x27, 0x00, 0x00, 0x00, 0xc7, 0x0a, 0x00, 0x00,
    0x3d, 0x00, 0x04, 0x00, 0x06, 0x00, 0x00, 0x00, 0x02, 0x0b, 0x00, 0x00,
    0x01, 0x0b, 0x00, 0x00, 0xc2, 0x00, 0x05, 0x00, 0x06, 0x00, 0x00, 0x00,
    0x06, 0x0b, 0x00, 0x00, 0x02, 0x0b, 0x00, 0x00, 0x2f, 0x00, 0x00, 0x00,
    0xc7, 0x00, 0x05, 0x00, 0x06, 0x00, 0x00, 0x00, 0x07, 0x0b, 0x00, 0x00,
    0x06, 0x0b, 0x00, 0x00, 0x31, 0x00, 0x00, 0x00, 0x70, 0x00, 0x04, 0x00,
    0x0c, 0x00, 0x00, 0x00, 0x08, 0x0b, 0x00, 0x00, 0x07, 0x0b, 0x00, 0x00,
    0xc2, 0x00, 0x05, 0x00, 0x06, 0x00, 0x00, 0x00, 0x0a, 0x0b, 0x00, 0x00,
    0x02, 0x0b, 0x00, 0x00, 0x35, 0x00, 0x00, 0x00, 0xc7, 0x00, 0x05, 0x00,
    0x06, 0x00, 0x00, 0x00, 0x0b, 0x0b, 0x00, 0x00, 0x0a, 0x0b, 0x00, 0x00,
    0x31, 0x00, 0x00, 0x00, 0x70, 0x00, 0x04, 0x00, 0x0c, 0x00, 0x00, 0x00,
    0x0c, 0x0b, 0x00, 0x00, 0x0b, 0x0b, 0x00, 0x00, 0xc7, 0x00, 0x05, 0x00,
    0x06, 0x00, 0x00, 0x00, 0x0e, 0x0b, 0x00, 0x00, 0x02, 0x0b, 0x00, 0x00,
    0x31, 0x00, 0x00, 0x00, 0x70, 0x00, 0x04, 0x00, 0x0c, 0x00, 0x00, 0x00,
    0x0f, 0x0b, 0x00, 0x00, 0x0e, 0x0b, 0x00, 0x00, 0xc2, 0x00, 0x05, 0x00,
    0x06, 0x00, 0x00, 0x00, 0x11, 0x0b, 0x00, 0x00, 0x02, 0x0b, 0x00, 0x00,
    0x3d, 0x00, 0x00, 0x00, 0x70, 0x00, 0x04, 0x00, 0x0c, 0x00, 0x00, 0x00,
    0x12, 0x0b, 0x00, 0x00, 0x11, 0x0b, 0x00, 0x00, 0x50, 0x00, 0x07, 0x00,
    0x0d, 0x00, 0x00, 0x00, 0x13, 0x0b, 0x00, 0x00, 0x08, 0x0b, 0x00, 0x00,
    0x0c, 0x0b, 0x00, 0x00, 0x0f, 0x0b, 0x00, 0x00, 0x12, 0x0b, 0x00, 0x00,
    0x85, 0x00, 0x05, 0x00, 0x0d, 0x00, 0x00, 0x00, 0x15, 0x0b, 0x00, 0x00,
    0x13, 0x0b, 0x00, 0x00, 0xa0, 0x10, 0x00, 0x00, 0xf9, 0x00, 0x02, 0x00,
    0xcb, 0x0a, 0x00, 0x00, 0xf8, 0x00, 0x02, 0x00, 0xca, 0x0a, 0x00, 0x00,
    0xf9, 0x00, 0x02, 0x00, 0xcb, 0x0a, 0x00, 0x00, 0xf8, 0x00, 0x02, 0x00,
    0xcb, 0x0a, 0x00, 0x00, 0xf5, 0x00, 0x0b, 0x00, 0x0d, 0x00, 0x00, 0x00,
    0x48, 0x10, 0x00, 0x00, 0x87, 0x00, 0x00, 0x00, 0x93, 0x0a, 0x00, 0x00,
    0xf3, 0x0a, 0x00, 0x00, 0x97, 0x0a, 0x00, 0x00, 0x15, 0x0b, 0x00, 0x00,
    0xc5, 0x0a, 0x00, 0x00, 0xc8, 0x00, 0x00, 0x00, 0xca, 0x0a, 0x00, 0x00,
    0xf9, 0x00, 0x02, 0x00, 0xdd, 0x08, 0x00, 0x00, 0xf8, 0x00, 0x02, 0x00,
    0x92, 0x08, 0x00, 0x00, 0x51, 0x00, 0x05, 0x00, 0x06, 0x00, 0x00, 0x00,
    0x95, 0x08, 0x00, 0x00, 0x2d, 0x10, 0x00, 0x00, 0x00, 0x00, 0x00, 0x00,
    0x80, 0x00, 0x05, 0x00, 0x06, 0x00, 0x00, 0x00, 0x96, 0x08, 0x00, 0x00,
    0x01, 0x09, 0x00, 0x00, 0x95, 0x08, 0x00, 0x00, 0x41, 0x00, 0x06, 0x00,
    0x29, 0x00, 0x00, 0x00, 0x19, 0x0b, 0x00, 0x00, 0x25, 0x00, 0x00, 0x00,
    0x27, 0x00, 0x00, 0x00, 0x96, 0x08, 0x00, 0x00, 0x3d, 0x00, 0x04, 0x00,
    0x06, 0x00, 0x00, 0x00, 0x1a, 0x0b, 0x00, 0x00, 0x19, 0x0b, 0x00, 0x00,
    0xc2, 0x00, 0x05, 0x00, 0x06, 0x00, 0x00, 0x00, 0x9b, 0x08, 0x00, 0x00,
    0x1a, 0x0b, 0x00, 0x00, 0x72, 0x01, 0x00, 0x00, 0xc7, 0x00, 0x05, 0x00,
    0x06, 0x00, 0x00, 0x00, 0x9c, 0x08, 0x00, 0x00, 0x9b, 0x08, 0x00, 0x00,
    0x3d, 0x02, 0x00, 0x00, 0xaa, 0x00, 0x05, 0x00, 0x81, 0x00, 0x00, 0x00,
    0x9e, 0x08, 0x00, 0x00, 0x9c, 0x08, 0x00, 0x00, 0x40, 0x02, 0x00, 0x00,
    0xf7, 0x00, 0x03, 0x00, 0xdb, 0x08, 0x00, 0x00, 0x00, 0x00, 0x00, 0x00,
    0xfa, 0x00, 0x04, 0x00, 0x9e, 0x08, 0x00, 0x00, 0x9f, 0x08, 0x00, 0x00,
    0xa0, 0x08, 0x00, 0x00, 0xf8, 0x00, 0x02, 0x00, 0xa0, 0x08, 0x00, 0x00,
    0xaa, 0x00, 0x05, 0x00, 0x81, 0x00, 0x00, 0x00, 0xa2, 0x08, 0x00, 0x00,
    0x9c, 0x08, 0x00, 0x00, 0x46, 0x02, 0x00, 0x00, 0xf7, 0x00, 0x03, 0x00,
    0xda, 0x08, 0x00, 0x00, 0x00, 0x00, 0x00, 0x00, 0xfa, 0x00, 0x04, 0x00,
    0xa2, 0x08, 0x00, 0x00, 0xa3, 0x08, 0x00, 0x00, 0xa8, 0x08, 0x00, 0x00,
    0xf8, 0x00, 0x02, 0x00, 0xa8, 0x08, 0x00, 0x00, 0xab, 0x00, 0x05, 0x00,
    0x81, 0x00, 0x00, 0x00, 0xaa, 0x08, 0x00, 0x00, 0x9c, 0x08, 0x00, 0x00,
    0x80, 0x00, 0x00, 0x00, 0xb2, 0x00, 0x05, 0x00, 0x81, 0x00, 0x00, 0x00,
    0xac, 0x08, 0x00, 0x00, 0x9c, 0x08, 0x00, 0x00, 0x54, 0x02, 0x00, 0x00,
    0xa7, 0x00, 0x05, 0x00, 0x81, 0x00, 0x00, 0x00, 0xad, 0x08, 0x00, 0x00,
    0xaa, 0x08, 0x00, 0x00, 0xac, 0x08, 0x00, 0x00, 0xf7, 0x00, 0x03, 0x00,
    0xd9, 0x08, 0x00, 0x00, 0x00, 0x00, 0x00, 0x00, 0xfa, 0x00, 0x04, 0x00,
    0xad, 0x08, 0x00, 0x00, 0xae, 0x08, 0x00, 0x00, 0xb5, 0x08, 0x00, 0x00,
    0xf8, 0x00, 0x02, 0x00, 0xb5, 0x08, 0x00, 0x00, 0xf9, 0x00, 0x02, 0x00,
    0xd9, 0x08, 0x00, 0x00, 0xf8, 0x00, 0x02, 0x00, 0xae, 0x08, 0x00, 0x00,
    0x80, 0x00, 0x05, 0x00, 0x06, 0x00, 0x00, 0x00, 0xb1, 0x08, 0x00, 0x00,
    0x06, 0x09, 0x00, 0x00, 0x9c, 0x08, 0x00, 0x00, 0x82, 0x00, 0x05, 0x00,
    0x06, 0x00, 0x00, 0x00, 0xb2, 0x08, 0x00, 0x00, 0xb1, 0x08, 0x00, 0x00,
    0x52, 0x00, 0x00, 0x00, 0x41, 0x00, 0x06, 0x00, 0x29, 0x00, 0x00, 0x00,
    0x36, 0x0b, 0x00, 0x00, 0x25, 0x00, 0x00, 0x00, 0x27, 0x00, 0x00, 0x00,
    0xb2, 0x08, 0x00, 0x00, 0x3d, 0x00, 0x04, 0x00, 0x06, 0x00, 0x00, 0x00,
    0x37, 0x0b, 0x00, 0x00, 0x36, 0x0b, 0x00, 0x00, 0xc2, 0x00, 0x05, 0x00,
    0x06, 0x00, 0x00, 0x00, 0x3b, 0x0b, 0x00, 0x00, 0x37, 0x0b, 0x00, 0x00,
    0x2f, 0x00, 0x00, 0x00, 0xc7, 0x00, 0x05, 0x00, 0x06, 0x00, 0x00, 0x00,
    0x3c, 0x0b, 0x00, 0x00, 0x3b, 0x0b, 0x00, 0x00, 0x31, 0x00, 0x00, 0x00,
    0x70, 0x00, 0x04, 0x00, 0x0c, 0x00, 0x00, 0x00, 0x3d, 0x0b, 0x00, 0x00,
    0x3c, 0x0b, 0x00, 0x00, 0xc2, 0x00, 0x05, 0x00, 0x06, 0x00, 0x00, 0x00,
    0x3f, 0x0b, 0x00, 0x00, 0x37, 0x0b, 0x00, 0x00, 0x35, 0x00, 0x00, 0x00,
    0xc7, 0x00, 0x05, 0x00, 0x06, 0x00, 0x00, 0x00, 0x40, 0x0b, 0x00, 0x00,
    0x3f, 0x0b, 0x00, 0x00, 0x31, 0x00, 0x00, 0x00, 0x70, 0x00, 0x04, 0x00,
    0x0c, 0x00, 0x00, 0x00, 0x41, 0x0b, 0x00, 0x00, 0x40, 0x0b, 0x00, 0x00,
    0xc7, 0x00, 0x05, 0x00, 0x06, 0x00, 0x00, 0x00, 0x43, 0x0b, 0x00, 0x00,
    0x37, 0x0b, 0x00, 0x00, 0x31, 0x00, 0x00, 0x00, 0x70, 0x00, 0x04, 0x00,
    0x0c, 0x00, 0x00, 0x00, 0x44, 0x0b, 0x00, 0x00, 0x43, 0x0b, 0x00, 0x00,
    0xc2, 0x00, 0x05, 0x00, 0x06, 0x00, 0x00, 0x00, 0x46, 0x0b, 0x00, 0x00,
    0x37, 0x0b, 0x00, 0x00, 0x3d, 0x00, 0x00, 0x00, 0x70, 0x00, 0x04, 0x00,
    0x0c, 0x00, 0x00, 0x00, 0x47, 0x0b, 0x00, 0x00, 0x46, 0x0b, 0x00, 0x00,
    0x50, 0x00, 0x07, 0x00, 0x0d, 0x00, 0x00, 0x00, 0x48, 0x0b, 0x00, 0x00,
    0x3d, 0x0b, 0x00, 0x00, 0x41, 0x0b, 0x00, 0x00, 0x44, 0x0b, 0x00, 0x00,
    0x47, 0x0b, 0x00, 0x00, 0x85, 0x00, 0x05, 0x00, 0x0d, 0x00, 0x00, 0x00,
    0x4a, 0x0b, 0x00, 0x00, 0x48, 0x0b, 0x00, 0x00, 0xa0, 0x10, 0x00, 0x00,
    0xf9, 0x00, 0x02, 0x00, 0xd9, 0x08, 0x00, 0x00, 0xf8, 0x00, 0x02, 0x00,
    0xd9, 0x08, 0x00, 0x00, 0xf5, 0x00, 0x07, 0x00, 0x0d, 0x00, 0x00, 0x00,
    0x38, 0x10, 0x00, 0x00, 0x4a, 0x0b, 0x00, 0x00, 0xae, 0x08, 0x00, 0x00,
    0xc8, 0x00, 0x00, 0x00, 0xb5, 0x08, 0x00, 0x00, 0xf9, 0x00, 0x02, 0x00,
    0xda, 0x08, 0x00, 0x00, 0xf8, 0x00, 0x02, 0x00, 0xa3, 0x08, 0x00, 0x00,
    0x80, 0x00, 0x05, 0x00, 0x06, 0x00, 0x00, 0x00, 0xa5, 0x08, 0x00, 0x00,
    0x29, 0x10, 0x00, 0x00, 0x52, 0x00, 0x00, 0x00, 0x41, 0x00, 0x06, 0x00,
    0x29, 0x00, 0x00, 0x00, 0x1e, 0x0b, 0x00, 0x00, 0x25, 0x00, 0x00, 0x00,
    0x27, 0x00, 0x00, 0x00, 0xa5, 0x08, 0x00, 0x00, 0x3d, 0x00, 0x04, 0x00,
    0x06, 0x00, 0x00, 0x00, 0x1f, 0x0b, 0x00, 0x00, 0x1e, 0x0b, 0x00, 0x00,
    0xc2, 0x00, 0x05, 0x00, 0x06, 0x00, 0x00, 0x00, 0x23, 0x0b, 0x00, 0x00,
    0x1f, 0x0b, 0x00, 0x00, 0x2f, 0x00, 0x00, 0x00, 0xc7, 0x00, 0x05, 0x00,
    0x06, 0x00, 0x00, 0x00, 0x24, 0x0b, 0x00, 0x00, 0x23, 0x0b, 0x00, 0x00,
    0x31, 0x00, 0x00, 0x00, 0x70, 0x00, 0x04, 0x00, 0x0c, 0x00, 0x00, 0x00,
    0x25, 0x0b, 0x00, 0x00, 0x24, 0x0b, 0x00, 0x00, 0xc2, 0x00, 0x05, 0x00,
    0x06, 0x00, 0x00, 0x00, 0x27, 0x0b, 0x00, 0x00, 0x1f, 0x0b, 0x00, 0x00,
    0x35, 0x00, 0x00, 0x00, 0xc7, 0x00, 0x05, 0x00, 0x06, 0x00, 0x00, 0x00,
    0x28, 0x0b, 0x00, 0x00, 0x27, 0x0b, 0x00, 0x00, 0x31, 0x00, 0x00, 0x00,
    0x70, 0x00, 0x04, 0x00, 0x0c, 0x00, 0x00, 0x00, 0x29, 0x0b, 0x00, 0x00,
    0x28, 0x0b, 0x00, 0x00, 0xc7, 0x00, 0x05, 0x00, 0x06, 0x00, 0x00, 0x00,
    0x2b, 0x0b, 0x00, 0x00, 0x1f, 0x0b, 0x00, 0x00, 0x31, 0x00, 0x00, 0x00,
    0x70, 0x00, 0x04, 0x00, 0x0c, 0x00, 0x00, 0x00, 0x2c, 0x0b, 0x00, 0x00,
    0x2b, 0x0b, 0x00, 0x00, 0xc2, 0x00, 0x05, 0x00, 0x06, 0x00, 0x00, 0x00,
    0x2e, 0x0b, 0x00, 0x00, 0x1f, 0x0b, 0x00, 0x00, 0x3d, 0x00, 0x00, 0x00,
    0x70, 0x00, 0x04, 0x00, 0x0c, 0x00, 0x00, 0x00, 0x2f, 0x0b, 0x00, 0x00,
    0x2e, 0x0b, 0x00, 0x00, 0x50, 0x00, 0x07, 0x00, 0x0d, 0x00, 0x00, 0x00,
    0x30, 0x0b, 0x00, 0x00, 0x25, 0x0b, 0x00, 0x00, 0x29, 0x0b, 0x00, 0x00,
    0x2c, 0x0b, 0x00, 0x00, 0x2f, 0x0b, 0x00, 0x00, 0x85, 0x00, 0x05, 0x00,
    0x0d, 0x00, 0x00, 0x00, 0x32, 0x0b, 0x00, 0x00, 0x30, 0x0b, 0x00, 0x00,
    0xa0, 0x10, 0x00, 0x00, 0xf9, 0x00, 0x02, 0x00, 0xda, 0x08, 0x00, 0x00,
    0xf8, 0x00, 0x02, 0x00, 0xda, 0x08, 0x00, 0x00, 0xf5, 0x00, 0x07, 0x00,
    0x0d, 0x00, 0x00, 0x00, 0x37, 0x10, 0x00, 0x00, 0x32, 0x0b, 0x00, 0x00,
    0xa3, 0x08, 0x00, 0x00, 0x38, 0x10, 0x00, 0x00, 0xd9, 0x08, 0x00, 0x00,
    0xf9, 0x00, 0x02, 0x00, 0xdb, 0x08, 0x00, 0x00, 0xf8, 0x00, 0x02, 0x00,
    0x9f, 0x08, 0x00, 0x00, 0xf9, 0x00, 0x02, 0x00, 0xdb, 0x08, 0x00, 0x00,
    0xf8, 0x00, 0x02, 0x00, 0xdb, 0x08, 0x00, 0x00, 0xf5, 0x00, 0x07, 0x00,
    0x0d, 0x00, 0x00, 0x00, 0x36, 0x10, 0x00, 0x00, 0x87, 0x00, 0x00, 0x00,
    0x9f, 0x08, 0x00, 0x00, 0x37, 0x10, 0x00, 0x00, 0xda, 0x08, 0x00, 0x00,
    0xf9, 0x00, 0x02, 0x00, 0xdd, 0x08, 0x00, 0x00, 0xf8, 0x00, 0x02, 0x00,
    0xdd, 0x08, 0x00, 0x00, 0xf5, 0x00, 0x11, 0x00, 0x0d, 0x00, 0x00, 0x00,
    0x5e, 0x10, 0x00, 0x00, 0xc8, 0x00, 0x00, 0x00, 0x83, 0x07, 0x00, 0x00,
    0xc8, 0x00, 0x00, 0x00, 0xbe, 0x07, 0x00, 0x00, 0xc8, 0x00, 0x00, 0x00,
    0xc9, 0x07, 0x00, 0x00, 0x57, 0x10, 0x00, 0x00, 0xb5, 0x09, 0x00, 0x00,
    0x51, 0x10, 0x00, 0x00, 0x77, 0x08, 0x00, 0x00, 0x48, 0x10, 0x00, 0x00,
    0xcb, 0x0a, 0x00, 0x00, 0x36, 0x10, 0x00, 0x00, 0xdb, 0x08, 0x00, 0x00,
    0x63, 0x00, 0x04, 0x00, 0xc0, 0x02, 0x00, 0x00, 0xc2, 0x02, 0x00, 0x00,
    0x5e, 0x10, 0x00, 0x00, 0xf9, 0x00, 0x02, 0x00, 0xbe, 0x02, 0x00, 0x00,
    0xf8, 0x00, 0x02, 0x00, 0xbe, 0x02, 0x00, 0x00, 0xc7, 0x00, 0x05, 0x00,
    0x06, 0x00, 0x00, 0x00, 0xca, 0x02, 0x00, 0x00, 0xa7, 0x02, 0x00, 0x00,
    0x68, 0x00, 0x00, 0x00, 0xab, 0x00, 0x05, 0x00, 0x81, 0x00, 0x00, 0x00,
    0xcb, 0x02, 0x00, 0x00, 0xca, 0x02, 0x00, 0x00, 0x80, 0x00, 0x00, 0x00,
    0xf7, 0x00, 0x03, 0x00, 0xcd, 0x02, 0x00, 0x00, 0x00, 0x00, 0x00, 0x00,
    0xfa, 0x00, 0x04, 0x00, 0xcb, 0x02, 0x00, 0x00, 0xcc, 0x02, 0x00, 0x00,
    0xcd, 0x02, 0x00, 0x00, 0xf8, 0x00, 0x02, 0x00, 0xcc, 0x02, 0x00, 0x00,
    0x3d, 0x00, 0x04, 0x00, 0xad, 0x02, 0x00, 0x00, 0xcf, 0x02, 0x00, 0x00,
    0xce, 0x02, 0x00, 0x00, 0x7c, 0x00, 0x04, 0x00, 0xb2, 0x02, 0x00, 0x00,
    0xd1, 0x02, 0x00, 0x00, 0x92, 0x02, 0x00, 0x00, 0xf7, 0x00, 0x03, 0x00,
    0x1f, 0x0d, 0x00, 0x00, 0x00, 0x00, 0x00, 0x00, 0xfb, 0x00, 0x03, 0x00,
    0x80, 0x00, 0x00, 0x00, 0xb2, 0x0b, 0x00, 0x00, 0xf8, 0x00, 0x02, 0x00,
    0xb2, 0x0b, 0x00, 0x00, 0x51, 0x00, 0x05, 0x00, 0x06, 0x00, 0x00, 0x00,
    0xb4, 0x0b, 0x00, 0x00, 0x91, 0x02, 0x00, 0x00, 0x00, 0x00, 0x00, 0x00,
    0xaa, 0x00, 0x05, 0x00, 0x81, 0x00, 0x00, 0x00, 0xb6, 0x0b, 0x00, 0x00,
    0xa4, 0x02, 0x00, 0x00, 0x5a, 0x00, 0x00, 0x00, 0xa9, 0x00, 0x06, 0x00,
    0x06, 0x00, 0x00, 0x00, 0xb7, 0x0b, 0x00, 0x00, 0xb6, 0x0b, 0x00, 0x00,
    0x68, 0x00, 0x00, 0x00, 0x80, 0x00, 0x00, 0x00, 0x41, 0x00, 0x06, 0x00,
    0x29, 0x00, 0x00, 0x00, 0x24, 0x0d, 0x00, 0x00, 0x25, 0x00, 0x00, 0x00,
    0x27, 0x00, 0x00, 0x00, 0xb7, 0x0b, 0x00, 0x00, 0x3d, 0x00, 0x04, 0x00,
    0x06, 0x00, 0x00, 0x00, 0x25, 0x0d, 0x00, 0x00, 0x24, 0x0d, 0x00, 0x00,
    0xae, 0x00, 0x05, 0x00, 0x81, 0x00, 0x00, 0x00, 0xb9, 0x0b, 0x00, 0x00,
    0xb4, 0x0b, 0x00, 0x00, 0x25, 0x0d, 0x00, 0x00, 0xa8, 0x00, 0x04, 0x00,
    0x81, 0x00, 0x00, 0x00, 0xba, 0x0b, 0x00, 0x00, 0xb9, 0x0b, 0x00, 0x00,
    0xf7, 0x00, 0x03, 0x00, 0xc3, 0x0b, 0x00, 0x00, 0x00, 0x00, 0x00, 0x00,
    0xfa, 0x00, 0x04, 0x00, 0xba, 0x0b, 0x00, 0x00, 0xbb, 0x0b, 0x00, 0x00,
    0xc3, 0x0b, 0x00, 0x00, 0xf8, 0x00, 0x02, 0x00, 0xbb, 0x0b, 0x00, 0x00,
    0x51, 0x00, 0x05, 0x00, 0x06, 0x00, 0x00, 0x00, 0xbd, 0x0b, 0x00, 0x00,
    0x91, 0x02, 0x00, 0x00, 0x01, 0x00, 0x00, 0x00, 0xa9, 0x00, 0x06, 0x00,
    0x06, 0x00, 0x00, 0x00, 0xc0, 0x0b, 0x00, 0x00, 0xb6, 0x0b, 0x00, 0x00,
    0xdc, 0x00, 0x00, 0x00, 0x52, 0x00, 0x00, 0x00, 0x41, 0x00, 0x06, 0x00,
    0x29, 0x00, 0x00, 0x00, 0x29, 0x0d, 0x00, 0x00, 0x25, 0x00, 0x00, 0x00,
    0x27, 0x00, 0x00, 0x00, 0xc0, 0x0b, 0x00, 0x00, 0x3d, 0x00, 0x04, 0x00,
    0x06, 0x00, 0x00, 0x00, 0x2a, 0x0d, 0x00, 0x00, 0x29, 0x0d, 0x00, 0x00,
    0xae, 0x00, 0x05, 0x00, 0x81, 0x00, 0x00, 0x00, 0xc2, 0x0b, 0x00, 0x00,
    0xbd, 0x0b, 0x00, 0x00, 0x2a, 0x0d, 0x00, 0x00, 0xf9, 0x00, 0x02, 0x00,
    0xc3, 0x0b, 0x00, 0x00, 0xf8, 0x00, 0x02, 0x00, 0xc3, 0x0b, 0x00, 0x00,
    0xf5, 0x00, 0x07, 0x00, 0x81, 0x00, 0x00, 0x00, 0xc4, 0x0b, 0x00, 0x00,
    0xb9, 0x0b, 0x00, 0x00, 0xb2, 0x0b, 0x00, 0x00, 0xc2, 0x0b, 0x00, 0x00,
    0xbb, 0x0b, 0x00, 0x00, 0xf7, 0x00, 0x03, 0x00, 0xc7, 0x0b, 0x00, 0x00,
    0x00, 0x00, 0x00, 0x00, 0xfa, 0x00, 0x04, 0x00, 0xc4, 0x0b, 0x00, 0x00,
    0xc5, 0x0b, 0x00, 0x00, 0xc7, 0x0b, 0x00, 0x00, 0xf8, 0x00, 0x02, 0x00,
    0xc5, 0x0b, 0x00, 0x00, 0xf9, 0x00, 0x02, 0x00, 0x1f, 0x0d, 0x00, 0x00,
    0xf8, 0x00, 0x02, 0x00, 0xc7, 0x0b, 0x00, 0x00, 0x84, 0x00, 0x05, 0x00,
    0x06, 0x00, 0x00, 0x00, 0xc9, 0x0b, 0x00, 0x00, 0xa4, 0x02, 0x00, 0x00,
    0xe8, 0x00, 0x00, 0x00, 0x51, 0x00, 0x05, 0x00, 0x06, 0x00, 0x00, 0x00,
    0xcb, 0x0b, 0x00, 0x00, 0x91, 0x02, 0x00, 0x00, 0x01, 0x00, 0x00, 0x00,
    0x80, 0x00, 0x05, 0x00, 0x06, 0x00, 0x00, 0x00, 0xcc, 0x0b, 0x00, 0x00,
    0xc9, 0x0b, 0x00, 0x00, 0xcb, 0x0b, 0x00, 0x00, 0x84, 0x00, 0x05, 0x00,
    0x06, 0x00, 0x00, 0x00, 0xce, 0x0b, 0x00, 0x00, 0xcc, 0x0b, 0x00, 0x00,
    0x35, 0x00, 0x00, 0x00, 0x80, 0x00, 0x05, 0x00, 0x06, 0x00, 0x00, 0x00,
    0xcf, 0x0b, 0x00, 0x00, 0x35, 0x00, 0x00, 0x00, 0xce, 0x0b, 0x00, 0x00,
    0xf7, 0x00, 0x03, 0x00, 0xfc, 0x0b, 0x00, 0x00, 0x00, 0x00, 0x00, 0x00,
    0xfa, 0x00, 0x04, 0x00, 0xb6, 0x0b, 0x00, 0x00, 0xd2, 0x0b, 0x00, 0x00,
    0xfc, 0x0b, 0x00, 0x00, 0xf8, 0x00, 0x02, 0x00, 0xd2, 0x0b, 0x00, 0x00,
    0x80, 0x00, 0x05, 0x00, 0x06, 0x00, 0x00, 0x00, 0xd4, 0x0b, 0x00, 0x00,
    0xce, 0x0b, 0x00, 0x00, 0x9d, 0x10, 0x00, 0x00, 0x41, 0x00, 0x06, 0x00,
    0x29, 0x00, 0x00, 0x00, 0x2e, 0x0d, 0x00, 0x00, 0x25, 0x00, 0x00, 0x00,
    0x27, 0x00, 0x00, 0x00, 0xd4, 0x0b, 0x00, 0x00, 0x3d, 0x00, 0x04, 0x00,
    0x06, 0x00, 0x00, 0x00, 0x2f, 0x0d, 0x00, 0x00, 0x2e, 0x0d, 0x00, 0x00,
    0xc7, 0x00, 0x05, 0x00, 0x06, 0x00, 0x00, 0x00, 0xd9, 0x0b, 0x00, 0x00,
    0x2f, 0x0d, 0x00, 0x00, 0xfd, 0x00, 0x00, 0x00, 0xae, 0x00, 0x05, 0x00,
    0x81, 0x00, 0x00, 0x00, 0xda, 0x0b, 0x00, 0x00, 0xb4, 0x0b, 0x00, 0x00,
    0xd9, 0x0b, 0x00, 0x00, 0xf7, 0x00, 0x03, 0x00, 0xe1, 0x0b, 0x00, 0x00,
    0x00, 0x00, 0x00, 0x00, 0xfa, 0x00, 0x04, 0x00, 0xda, 0x0b, 0x00, 0x00,
    0xdb, 0x0b, 0x00, 0x00, 0xe1, 0x0b, 0x00, 0x00, 0xf8, 0x00, 0x02, 0x00,
    0xdb, 0x0b, 0x00, 0x00, 0xc2, 0x00, 0x05, 0x00, 0x06, 0x00, 0x00, 0x00,
    0xdf, 0x0b, 0x00, 0x00, 0x2f, 0x0d, 0x00, 0x00, 0x2f, 0x00, 0x00, 0x00,
    0xb0, 0x00, 0x05, 0x00, 0x81, 0x00, 0x00, 0x00, 0xe0, 0x0b, 0x00, 0x00,
    0xb4, 0x0b, 0x00, 0x00, 0xdf, 0x0b, 0x00, 0x00, 0xf9, 0x00, 0x02, 0x00,
    0xe1, 0x0b, 0x00, 0x00, 0xf8, 0x00, 0x02, 0x00, 0xe1, 0x0b, 0x00, 0x00,
    0xf5, 0x00, 0x07, 0x00, 0x81, 0x00, 0x00, 0x00, 0xe2, 0x0b, 0x00, 0x00,
    0xda, 0x0b, 0x00, 0x00, 0xd2, 0x0b, 0x00, 0x00, 0xe0, 0x0b, 0x00, 0x00,
    0xdb, 0x0b, 0x00, 0x00, 0xf7, 0x00, 0x03, 0x00, 0xfb, 0x0b, 0x00, 0x00,
    0x00, 0x00, 0x00, 0x00, 0xfa, 0x00, 0x04, 0x00, 0xe2, 0x0b, 0x00, 0x00,
    0xe3, 0x0b, 0x00, 0x00, 0xfb, 0x0b, 0x00, 0x00, 0xf8, 0x00, 0x02, 0x00,
    0xe3, 0x0b, 0x00, 0x00, 0x80, 0x00, 0x05, 0x00, 0x06, 0x00, 0x00, 0x00,
    0xe5, 0x0b, 0x00, 0x00, 0xce, 0x0b, 0x00, 0x00, 0x9e, 0x10, 0x00, 0x00,
    0x41, 0x00, 0x06, 0x00, 0x29, 0x00, 0x00, 0x00, 0x33, 0x0d, 0x00, 0x00,
    0x25, 0x00, 0x00, 0x00, 0x27, 0x00, 0x00, 0x00, 0xe5, 0x0b, 0x00, 0x00,
    0x3d, 0x00, 0x04, 0x00, 0x06, 0x00, 0x00, 0x00, 0x34, 0x0d, 0x00, 0x00,
    0x33, 0x0d, 0x00, 0x00, 0x7c, 0x00, 0x04, 0x00, 0x26, 0x00, 0x00, 0x00,
    0xe7, 0x0b, 0x00, 0x00, 0x34, 0x0d, 0x00, 0x00, 0x7c, 0x00, 0x04, 0x00,
    0x26, 0x00, 0x00, 0x00, 0xea, 0x0b, 0x00, 0x00, 0xb4, 0x0b, 0x00, 0x00,
    0x80, 0x00, 0x05, 0x00, 0x26, 0x00, 0x00, 0x00, 0xeb, 0x0b, 0x00, 0x00,
    0xe7, 0x0b, 0x00, 0x00, 0xea, 0x0b, 0x00, 0x00, 0x7c, 0x00, 0x04, 0x00,
    0x06, 0x00, 0x00, 0x00, 0xec, 0x0b, 0x00, 0x00, 0xeb, 0x0b, 0x00, 0x00,
    0x41, 0x00, 0x06, 0x00, 0x29, 0x00, 0x00, 0x00, 0x38, 0x0d, 0x00, 0x00,
    0x25, 0x00, 0x00, 0x00, 0x27, 0x00, 0x00, 0x00, 0x15, 0x01, 0x00, 0x00,
    0x3d, 0x00, 0x04, 0x00, 0x06, 0x00, 0x00, 0x00, 0x39, 0x0d, 0x00, 0x00,
    0x38, 0x0d, 0x00, 0x00, 0x89, 0x00, 0x05, 0x00, 0x06, 0x00, 0x00, 0x00,
    0xef, 0x0b, 0x00, 0x00, 0xec, 0x0b, 0x00, 0x00, 0x19, 0x01, 0x00, 0x00,
    0x86, 0x00, 0x05, 0x00, 0x06, 0x00, 0x00, 0x00, 0xf1, 0x0b, 0x00, 0x00,
    0xec, 0x0b, 0x00, 0x00, 0x19, 0x01, 0x00, 0x00, 0x50, 0x00, 0x05, 0x00,
    0x1a, 0x00, 0x00, 0x00, 0xf2, 0x0b, 0x00, 0x00, 0xef, 0x0b, 0x00, 0x00,
    0xf1, 0x0b, 0x00, 0x00, 0x84, 0x00, 0x05, 0x00, 0x06, 0x00, 0x00, 0x00,
    0xf4, 0x0b, 0x00, 0x00, 0x39, 0x0d, 0x00, 0x00, 0xe8, 0x00, 0x00, 0x00,
    0x80, 0x00, 0x05, 0x00, 0x06, 0x00, 0x00, 0x00, 0xf7, 0x0b, 0x00, 0x00,
    0xf4, 0x0b, 0x00, 0x00, 0xf1, 0x0b, 0x00, 0x00, 0x84, 0x00, 0x05, 0x00,
    0x06, 0x00, 0x00, 0x00, 0xf9, 0x0b, 0x00, 0x00, 0xf7, 0x0b, 0x00, 0x00,
    0x35, 0x00, 0x00, 0x00, 0x80, 0x00, 0x05, 0x00, 0x06, 0x00, 0x00, 0x00,
    0xfa, 0x0b, 0x00, 0x00, 0x35, 0x00, 0x00, 0x00, 0xf9, 0x0b, 0x00, 0x00,
    0xf9, 0x00, 0x02, 0x00, 0xfb, 0x0b, 0x00, 0x00, 0xf8, 0x00, 0x02, 0x00,
    0xfb, 0x0b, 0x00, 0x00, 0xf5, 0x00, 0x07, 0x00, 0x06, 0x00, 0x00, 0x00,
    0x80, 0x10, 0x00, 0x00, 0xa4, 0x02, 0x00, 0x00, 0xe1, 0x0b, 0x00, 0x00,
    0x39, 0x0d, 0x00, 0x00, 0xe3, 0x0b, 0x00, 0x00, 0xf5, 0x00, 0x07, 0x00,
    0x1a, 0x00, 0x00, 0x00, 0x68, 0x10, 0x00, 0x00, 0x92, 0x02, 0x00, 0x00,
    0xe1, 0x0b, 0x00, 0x00, 0xf2, 0x0b, 0x00, 0x00, 0xe3, 0x0b, 0x00, 0x00,
    0xf5, 0x00, 0x07, 0x00, 0x06, 0x00, 0x00, 0x00, 0x64, 0x10, 0x00, 0x00,
    0xcf, 0x0b, 0x00, 0x00, 0xe1, 0x0b, 0x00, 0x00, 0xfa, 0x0b, 0x00, 0x00,
    0xe3, 0x0b, 0x00, 0x00, 0xf9, 0x00, 0x02, 0x00, 0xfc, 0x0b, 0x00, 0x00,
    0xf8, 0x00, 0x02, 0x00, 0xfc, 0x0b, 0x00, 0x00, 0xf5, 0x00, 0x07, 0x00,
    0x06, 0x00, 0x00, 0x00, 0x7f, 0x10, 0x00, 0x00, 0xa4, 0x02, 0x00, 0x00,
    0xc7, 0x0b, 0x00, 0x00, 0x80, 0x10, 0x00, 0x00, 0xfb, 0x0b, 0x00, 0x00,
    0xf5, 0x00, 0x07, 0x00, 0x1a, 0x00, 0x00, 0x00, 0x67, 0x10, 0x00, 0x00,
    0x92, 0x02, 0x00, 0x00, 0xc7, 0x0b, 0x00, 0x00, 0x68, 0x10, 0x00, 0x00,
    0xfb, 0x0b, 0x00, 0x00, 0xf5, 0x00, 0x07, 0x00, 0x06, 0x00, 0x00, 0x00,
    0x63, 0x10, 0x00, 0x00, 0xcf, 0x0b, 0x00, 0x00, 0xc7, 0x0b, 0x00, 0x00,
    0x64, 0x10, 0x00, 0x00, 0xfb, 0x0b, 0x00, 0x00, 0x41, 0x00, 0x06, 0x00,
    0x29, 0x00, 0x00, 0x00, 0x3d, 0x0d, 0x00, 0x00, 0x25, 0x00, 0x00, 0x00,
    0x27, 0x00, 0x00, 0x00, 0x63, 0x10, 0x00, 0x00, 0x3d, 0x00, 0x04, 0x00,
    0x06, 0x00, 0x00, 0x00, 0x3e, 0x0d, 0x00, 0x00, 0x3d, 0x0d, 0x00, 0x00,
    0xaa, 0x00, 0x05, 0x00, 0x81, 0x00, 0x00, 0x00, 0xff, 0x0b, 0x00, 0x00,
    0x3e, 0x0d, 0x00, 0x00, 0x80, 0x00, 0x00, 0x00, 0xf7, 0x00, 0x03, 0x00,
    0x02, 0x0c, 0x00, 0x00, 0x00, 0x00, 0x00, 0x00, 0xfa, 0x00, 0x04, 0x00,
    0xff, 0x0b, 0x00, 0x00, 0x00, 0x0c, 0x00, 0x00, 0x02, 0x0c, 0x00, 0x00,
    0xf8, 0x00, 0x02, 0x00, 0x00, 0x0c, 0x00, 0x00, 0xf9, 0x00, 0x02, 0x00,
    0x1f, 0x0d, 0x00, 0x00, 0xf8, 0x00, 0x02, 0x00, 0x02, 0x0c, 0x00, 0x00,
    0x80, 0x00, 0x05, 0x00, 0x06, 0x00, 0x00, 0x00, 0x04, 0x0c, 0x00, 0x00,
    0x63, 0x10, 0x00, 0x00, 0x48, 0x00, 0x00, 0x00, 0x41, 0x00, 0x06, 0x00,
    0x29, 0x00, 0x00, 0x00, 0x42, 0x0d, 0x00, 0x00, 0x25, 0x00, 0x00, 0x00,
    0x27, 0x00, 0x00, 0x00, 0x04, 0x0c, 0x00, 0x00, 0x3d, 0x00, 0x04, 0x00,
    0x06, 0x00, 0x00, 0x00, 0x43, 0x0d, 0x00, 0x00, 0x42, 0x0d, 0x00, 0x00,
    0x80, 0x00, 0x05, 0x00, 0x06, 0x00, 0x00, 0x00, 0x07, 0x0c, 0x00, 0x00,
    0x63, 0x10, 0x00, 0x00, 0x15, 0x01, 0x00, 0x00, 0x41, 0x00, 0x06, 0x00,
    0x29, 0x00, 0x00, 0x00, 0x47, 0x0d, 0x00, 0x00, 0x25, 0x00, 0x00, 0x00,
    0x27, 0x00, 0x00, 0x00, 0x07, 0x0c, 0x00, 0x00, 0x3d, 0x00, 0x04, 0x00,
    0x06, 0x00, 0x00, 0x00, 0x48, 0x0d, 0x00, 0x00, 0x47, 0x0d, 0x00, 0x00,
    0xaa, 0x00, 0x05, 0x00, 0x81, 0x00, 0x00, 0x00, 0x0a, 0x0c, 0x00, 0x00,
    0x43, 0x0d, 0x00, 0x00, 0x80, 0x00, 0x00, 0x00, 0xf7, 0x00, 0x03, 0x00,
    0x27, 0x0c, 0x00, 0x00, 0x00, 0x00, 0x00, 0x00, 0xfa, 0x00, 0x04, 0x00,
    0x0a, 0x0c, 0x00, 0x00, 0x0b, 0x0c, 0x00, 0x00, 0x27, 0x0c, 0x00, 0x00,
    0xf8, 0x00, 0x02, 0x00, 0x0b, 0x0c, 0x00, 0x00, 0xf9, 0x00, 0x02, 0x00,
    0x1f, 0x0d, 0x00, 0x00, 0xf8, 0x00, 0x02, 0x00, 0x27, 0x0c, 0x00, 0x00,
    0xaa, 0x00, 0x05, 0x00, 0x81, 0x00, 0x00, 0x00, 0x2a, 0x0c, 0x00, 0x00,
    0x3e, 0x0d, 0x00, 0x00, 0x68, 0x00, 0x00, 0x00, 0xf7, 0x00, 0x03, 0x00,
    0x30, 0x0c, 0x00, 0x00, 0x00, 0x00, 0x00, 0x00, 0xfa, 0x00, 0x04, 0x00,
    0x2a, 0x0c, 0x00, 0x00, 0x2b, 0x0c, 0x00, 0x00, 0x30, 0x0c, 0x00, 0x00,
    0xf8, 0x00, 0x02, 0x00, 0x2b, 0x0c, 0x00, 0x00, 0x80, 0x00, 0x05, 0x00,
    0x06, 0x00, 0x00, 0x00, 0x2d, 0x0c, 0x00, 0x00, 0x63, 0x10, 0x00, 0x00,
    0xdc, 0x00, 0x00, 0x00, 0x41, 0x00, 0x06, 0x00, 0x29, 0x00, 0x00, 0x00,
    0x73, 0x0d, 0x00, 0x00, 0x25, 0x00, 0x00, 0x00, 0x27, 0x00, 0x00, 0x00,
    0x2d, 0x0c, 0x00, 0x00, 0x3d, 0x00, 0x04, 0x00, 0x06, 0x00, 0x00, 0x00,
    0x74, 0x0d, 0x00, 0x00, 0x73, 0x0d, 0x00, 0x00, 0xab, 0x00, 0x05, 0x00,
    0x81, 0x00, 0x00, 0x00, 0x2f, 0x0c, 0x00, 0x00, 0x74, 0x0d, 0x00, 0x00,
    0x80, 0x00, 0x00, 0x00, 0xf9, 0x00, 0x02, 0x00, 0x30, 0x0c, 0x00, 0x00,
    0xf8, 0x00, 0x02, 0x00, 0x30, 0x0c, 0x00, 0x00, 0xf5, 0x00, 0x07, 0x00,
    0x81, 0x00, 0x00, 0x00, 0x31, 0x0c, 0x00, 0x00, 0x2a, 0x0c, 0x00, 0x00,
    0x27, 0x0c, 0x00, 0x00, 0x2f, 0x0c, 0x00, 0x00, 0x2b, 0x0c, 0x00, 0x00,
    0xf7, 0x00, 0x03, 0x00, 0x52, 0x0c, 0x00, 0x00, 0x00, 0x00, 0x00, 0x00,
    0xfa, 0x00, 0x04, 0x00, 0x31, 0x0c, 0x00, 0x00, 0x32, 0x0c, 0x00, 0x00,
    0x52, 0x0c, 0x00, 0x00, 0xf8, 0x00, 0x02, 0x00, 0x32, 0x0c, 0x00, 0x00,
    0x80, 0x00, 0x05, 0x00, 0x06, 0x00, 0x00, 0x00, 0x34, 0x0c, 0x00, 0x00,
    0x63, 0x10, 0x00, 0x00, 0xdc, 0x00, 0x00, 0x00, 0x41, 0x00, 0x06, 0x00,
    0x29, 0x00, 0x00, 0x00, 0x78, 0x0d, 0x00, 0x00, 0x25, 0x00, 0x00, 0x00,
    0x27, 0x00, 0x00, 0x00, 0x34, 0x0c, 0x00, 0x00, 0x3d, 0x00, 0x04, 0x00,
    0x06, 0x00, 0x00, 0x00, 0x79, 0x0d, 0x00, 0x00, 0x78, 0x0d, 0x00, 0x00,
    0x51, 0x00, 0x05, 0x00, 0x06, 0x00, 0x00, 0x00, 0x37, 0x0c, 0x00, 0x00,
    0x67, 0x10, 0x00, 0x00, 0x00, 0x00, 0x00, 0x00, 0x86, 0x00, 0x05, 0x00,
    0x06, 0x00, 0x00, 0x00, 0x38, 0x0c, 0x00, 0x00, 0x37, 0x0c, 0x00, 0x00,
    0x35, 0x00, 0x00, 0x00, 0x84, 0x00, 0x05, 0x00, 0x06, 0x00, 0x00, 0x00,
    0x39, 0x0c, 0x00, 0x00, 0x38, 0x0c, 0x00, 0x00, 0x72, 0x01, 0x00, 0x00,
    0x80, 0x00, 0x05, 0x00, 0x06, 0x00, 0x00, 0x00, 0x3a, 0x0c, 0x00, 0x00,
    0x79, 0x0d, 0x00, 0x00, 0x39, 0x0c, 0x00, 0x00, 0x80, 0x00, 0x05, 0x00,
    0x06, 0x00, 0x00, 0x00, 0x3d, 0x0c, 0x00, 0x00, 0x3a, 0x0c, 0x00, 0x00,
    0x15, 0x01, 0x00, 0x00, 0x80, 0x00, 0x05, 0x00, 0x06, 0x00, 0x00, 0x00,
    0x3f, 0x0c, 0x00, 0x00, 0x3a, 0x0c, 0x00, 0x00, 0x35, 0x00, 0x00, 0x00,
    0x41, 0x00, 0x06, 0x00, 0x29, 0x00, 0x00, 0x00, 0x7d, 0x0d, 0x00, 0x00,
    0x25, 0x00, 0x00, 0x00, 0x27, 0x00, 0x00, 0x00, 0x3f, 0x0c, 0x00, 0x00,
    0x3d, 0x00, 0x04, 0x00, 0x06, 0x00, 0x00, 0x00, 0x7e, 0x0d, 0x00, 0x00,
    0x7d, 0x0d, 0x00, 0x00, 0xc7, 0x00, 0x05, 0x00, 0x06, 0x00, 0x00, 0x00,
    0x43, 0x0c, 0x00, 0x00, 0x37, 0x0c, 0x00, 0x00, 0x48, 0x00, 0x00, 0x00,
    0x80, 0x00, 0x05, 0x00, 0x06, 0x00, 0x00, 0x00, 0x44, 0x0c, 0x00, 0x00,
    0x43, 0x0c, 0x00, 0x00, 0x3d, 0x00, 0x00, 0x00, 0xc4, 0x00, 0x05, 0x00,
    0x06, 0x00, 0x00, 0x00, 0x45, 0x0c, 0x00, 0x00, 0x52, 0x00, 0x00, 0x00,
    0x44, 0x0c, 0x00, 0x00, 0xc7, 0x00, 0x05, 0x00, 0x06, 0x00, 0x00, 0x00,
    0x46, 0x0c, 0x00, 0x00, 0x7e, 0x0d, 0x00, 0x00, 0x45, 0x0c, 0x00, 0x00,
    0xab, 0x00, 0x05, 0x00, 0x81, 0x00, 0x00, 0x00, 0x47, 0x0c, 0x00, 0x00,
    0x46, 0x0c, 0x00, 0x00, 0x80, 0x00, 0x00, 0x00, 0xf7, 0x00, 0x03, 0x00,
    0x51, 0x0c, 0x00, 0x00, 0x00, 0x00, 0x00, 0x00, 0xfa, 0x00, 0x04, 0x00,
    0x47, 0x0c, 0x00, 0x00, 0x48, 0x0c, 0x00, 0x00, 0x51, 0x0c, 0x00, 0x00,
    0xf8, 0x00, 0x02, 0x00, 0x48, 0x0c, 0x00, 0x00, 0xf7, 0x00, 0x03, 0x00,
    0xf7, 0x0d, 0x00, 0x00, 0x00, 0x00, 0x00, 0x00, 0xfb, 0x00, 0x03, 0x00,
    0x80, 0x00, 0x00, 0x00, 0x92, 0x0d, 0x00, 0x00, 0xf8, 0x00, 0x02, 0x00,
    0x92, 0x0d, 0x00, 0x00, 0x41, 0x00, 0x06, 0x00, 0x29, 0x00, 0x00, 0x00,
    0xfc, 0x0d, 0x00, 0x00, 0x25, 0x00, 0x00, 0x00, 0x27, 0x00, 0x00, 0x00,
    0x3d, 0x0c, 0x00, 0x00, 0x3d, 0x00, 0x04, 0x00, 0x06, 0x00, 0x00, 0x00,
    0xfd, 0x0d, 0x00, 0x00, 0xfc, 0x0d, 0x00, 0x00, 0xc2, 0x00, 0x05, 0x00,
    0x06, 0x00, 0x00, 0x00, 0x98, 0x0d, 0x00, 0x00, 0xfd, 0x0d, 0x00, 0x00,
    0x43, 0x0c, 0x00, 0x00, 0x80, 0x00, 0x05, 0x00, 0x06, 0x00, 0x00, 0x00,
    0x9a, 0x0d, 0x00, 0x00, 0x3a, 0x0c, 0x00, 0x00, 0x48, 0x00, 0x00, 0x00,
    0x41, 0x00, 0x06, 0x00, 0x29, 0x00, 0x00, 0x00, 0x01, 0x0e, 0x00, 0x00,
    0x25, 0x00, 0x00, 0x00, 0x27, 0x00, 0x00, 0x00, 0x9a, 0x0d, 0x00, 0x00,
    0x3d, 0x00, 0x04, 0x00, 0x06, 0x00, 0x00, 0x00, 0x02, 0x0e, 0x00, 0x00,
    0x01, 0x0e, 0x00, 0x00, 0xc2, 0x00, 0x05, 0x00, 0x06, 0x00, 0x00, 0x00,
    0x9d, 0x0d, 0x00, 0x00, 0x02, 0x0e, 0x00, 0x00, 0x43, 0x0c, 0x00, 0x00,
    0xc7, 0x00, 0x05, 0x00, 0x06, 0x00, 0x00, 0x00, 0xa2, 0x0d, 0x00, 0x00,
    0x98, 0x0d, 0x00, 0x00, 0x52, 0x00, 0x00, 0x00, 0xc2, 0x00, 0x05, 0x00,
    0x06, 0x00, 0x00, 0x00, 0xa4, 0x0d, 0x00, 0x00, 0x98, 0x0d, 0x00, 0x00,
    0x48, 0x00, 0x00, 0x00, 0xc7, 0x00, 0x05, 0x00, 0x06, 0x00, 0x00, 0x00,
    0xa5, 0x0d, 0x00, 0x00, 0xa4, 0x0d, 0x00, 0x00, 0x5a, 0x00, 0x00, 0x00,
    0xc5, 0x00, 0x05, 0x00, 0x06, 0x00, 0x00, 0x00, 0xa6, 0x0d, 0x00, 0x00,
    0xa2, 0x0d, 0x00, 0x00, 0xa5, 0x0d, 0x00, 0x00, 0xc2, 0x00, 0x05, 0x00,
    0x06, 0x00, 0x00, 0x00, 0xa8, 0x0d, 0x00, 0x00, 0x98, 0x0d, 0x00, 0x00,
    0x66, 0x00, 0x00, 0x00, 0xc7, 0x00, 0x05, 0x00, 0x06, 0x00, 0x00, 0x00,
    0xa9, 0x0d, 0x00, 0x00, 0xa8, 0x0d, 0x00, 0x00, 0x68, 0x00, 0x00, 0x00,
    0xc5, 0x00, 0x05, 0x00, 0x06, 0x00, 0x00, 0x00, 0xaa, 0x0d, 0x00, 0x00,
    0xa6, 0x0d, 0x00, 0x00, 0xa9, 0x0d, 0x00, 0x00, 0xc2, 0x00, 0x05, 0x00,
    0x06, 0x00, 0x00, 0x00, 0xac, 0x0d, 0x00, 0x00, 0x98, 0x0d, 0x00, 0x00,
    0x6c, 0x00, 0x00, 0x00, 0xc7, 0x00, 0x05, 0x00, 0x06, 0x00, 0x00, 0x00,
    0xad, 0x0d, 0x00, 0x00, 0xac, 0x0d, 0x00, 0x00, 0x35, 0x00, 0x00, 0x00,
    0xc5, 0x00, 0x05, 0x00, 0x06, 0x00, 0x00, 0x00, 0xae, 0x0d, 0x00, 0x00,
    0xaa, 0x0d, 0x00, 0x00, 0xad, 0x0d, 0x00, 0x00, 0xc7, 0x00, 0x05, 0x00,
    0x06, 0x00, 0x00, 0x00, 0xb0, 0x0d, 0x00, 0x00, 0x9d, 0x0d, 0x00, 0x00,
    0x52, 0x00, 0x00, 0x00, 0xc2, 0x00, 0x05, 0x00, 0x06, 0x00, 0x00, 0x00,
    0xb2, 0x0d, 0x00, 0x00, 0x9d, 0x0d, 0x00, 0x00, 0x48, 0x00, 0x00, 0x00,
    0xc7, 0x00, 0x05, 0x00, 0x06, 0x00, 0x00, 0x00, 0xb3, 0x0d, 0x00, 0x00,
    0xb2, 0x0d, 0x00, 0x00, 0x5a, 0x00, 0x00, 0x00, 0xc5, 0x00, 0x05, 0x00,
    0x06, 0x00, 0x00, 0x00, 0xb4, 0x0d, 0x00, 0x00, 0xb0, 0x0d, 0x00, 0x00,
    0xb3, 0x0d, 0x00, 0x00, 0xc2, 0x00, 0x05, 0x00, 0x06, 0x00, 0x00, 0x00,
    0xb6, 0x0d, 0x00, 0x00, 0x9d, 0x0d, 0x00, 0x00, 0x66, 0x00, 0x00, 0x00,
    0xc7, 0x00, 0x05, 0x00, 0x06, 0x00, 0x00, 0x00, 0xb7, 0x0d, 0x00, 0x00,
    0xb6, 0x0d, 0x00, 0x00, 0x68, 0x00, 0x00, 0x00, 0xc5, 0x00, 0x05, 0x00,
    0x06, 0x00, 0x00, 0x00, 0xb8, 0x0d, 0x00, 0x00, 0xb4, 0x0d, 0x00, 0x00,
    0xb7, 0x0d, 0x00, 0x00, 0x84, 0x00, 0x05, 0x00, 0x06, 0x00, 0x00, 0x00,
    0xb9, 0x0d, 0x00, 0x00, 0xb8, 0x0d, 0x00, 0x00, 0x2f, 0x00, 0x00, 0x00,
    0xc4, 0x00, 0x05, 0x00, 0x06, 0x00, 0x00, 0x00, 0xbc, 0x0d, 0x00, 0x00,
    0x52, 0x00, 0x00, 0x00, 0x43, 0x0c, 0x00, 0x00, 0xc7, 0x00, 0x05, 0x00,
    0x06, 0x00, 0x00, 0x00, 0xbd, 0x0d, 0x00, 0x00, 0x7e, 0x0d, 0x00, 0x00,
    0xbc, 0x0d, 0x00, 0x00, 0xab, 0x00, 0x05, 0x00, 0x81, 0x00, 0x00, 0x00,
    0xbe, 0x0d, 0x00, 0x00, 0xbd, 0x0d, 0x00, 0x00, 0x80, 0x00, 0x00, 0x00,
    0xf7, 0x00, 0x03, 0x00, 0xc0, 0x0d, 0x00, 0x00, 0x00, 0x00, 0x00, 0x00,
    0xfa, 0x00, 0x04, 0x00, 0xbe, 0x0d, 0x00, 0x00, 0xbf, 0x0d, 0x00, 0x00,
    0xc0, 0x0d, 0x00, 0x00, 0xf8, 0x00, 0x02, 0x00, 0xbf, 0x0d, 0x00, 0x00,
    0xf9, 0x00, 0x02, 0x00, 0xf7, 0x0d, 0x00, 0x00, 0xf8, 0x00, 0x02, 0x00,
    0xc0, 0x0d, 0x00, 0x00, 0xab, 0x00, 0x05, 0x00, 0x81, 0x00, 0x00, 0x00,
    0xc2, 0x0d, 0x00, 0x00, 0xae, 0x0d, 0x00, 0x00, 0x80, 0x00, 0x00, 0x00,
    0xf7, 0x00, 0x03, 0x00, 0xcb, 0x0d, 0x00, 0x00, 0x00, 0x00, 0x00, 0x00,
    0xfa, 0x00, 0x04, 0x00, 0xc2, 0x0d, 0x00, 0x00, 0xc3, 0x0d, 0x00, 0x00,
    0xcb, 0x0d, 0x00, 0x00, 0xf8, 0x00, 0x02, 0x00, 0xc3, 0x0d, 0x00, 0x00,
    0x80, 0x00, 0x05, 0x00, 0x06, 0x00, 0x00, 0x00, 0xc6, 0x0d, 0x00, 0x00,
    0x48, 0x0d, 0x00, 0x00, 0xb9, 0x0d, 0x00, 0x00, 0x80, 0x00, 0x05, 0x00,
    0x06, 0x00, 0x00, 0x00, 0xc8, 0x0d, 0x00, 0x00, 0xc6, 0x0d, 0x00, 0x00,
    0xae, 0x0d, 0x00, 0x00, 0x41, 0x00, 0x06, 0x00, 0x29, 0x00, 0x00, 0x00,
    0x0b, 0x0e, 0x00, 0x00, 0x25, 0x00, 0x00, 0x00, 0x27, 0x00, 0x00, 0x00,
    0xc8, 0x0d, 0x00, 0x00, 0x3d, 0x00, 0x04, 0x00, 0x06, 0x00, 0x00, 0x00,
    0x0c, 0x0e, 0x00, 0x00, 0x0b, 0x0e, 0x00, 0x00, 0xc2, 0x00, 0x05, 0x00,
    0x06, 0x00, 0x00, 0x00, 0x10, 0x0e, 0x00, 0x00, 0x0c, 0x0e, 0x00, 0x00,
    0x2f, 0x00, 0x00, 0x00, 0xc7, 0x00, 0x05, 0x00, 0x06, 0x00, 0x00, 0x00,
    0x11, 0x0e, 0x00, 0x00, 0x10, 0x0e, 0x00, 0x00, 0x31, 0x00, 0x00, 0x00,
    0x70, 0x00, 0x04, 0x00, 0x0c, 0x00, 0x00, 0x00, 0x12, 0x0e, 0x00, 0x00,
    0x11, 0x0e, 0x00, 0x00, 0xc2, 0x00, 0x05, 0x00, 0x06, 0x00, 0x00, 0x00,
    0x14, 0x0e, 0x00, 0x00, 0x0c, 0x0e, 0x00, 0x00, 0x35, 0x00, 0x00, 0x00,
    0xc7, 0x00, 0x05, 0x00, 0x06, 0x00, 0x00, 0x00, 0x15, 0x0e, 0x00, 0x00,
    0x14, 0x0e, 0x00, 0x00, 0x31, 0x00, 0x00, 0x00, 0x70, 0x00, 0x04, 0x00,
    0x0c, 0x00, 0x00, 0x00, 0x16, 0x0e, 0x00, 0x00, 0x15, 0x0e, 0x00, 0x00,
    0xc7, 0x00, 0x05, 0x00, 0x06, 0x00, 0x00, 0x00, 0x18, 0x0e, 0x00, 0x00,
    0x0c, 0x0e, 0x00, 0x00, 0x31, 0x00, 0x00, 0x00, 0x70, 0x00, 0x04, 0x00,
    0x0c, 0x00, 0x00, 0x00, 0x19, 0x0e, 0x00, 0x00, 0x18, 0x0e, 0x00, 0x00,
    0xc2, 0x00, 0x05, 0x00, 0x06, 0x00, 0x00, 0x00, 0x1b, 0x0e, 0x00, 0x00,
    0x0c, 0x0e, 0x00, 0x00, 0x3d, 0x00, 0x00, 0x00, 0x70, 0x00, 0x04, 0x00,
    0x0c, 0x00, 0x00, 0x00, 0x1c, 0x0e, 0x00, 0x00, 0x1b, 0x0e, 0x00, 0x00,
    0x50, 0x00, 0x07, 0x00, 0x0d, 0x00, 0x00, 0x00, 0x1d, 0x0e, 0x00, 0x00,
    0x12, 0x0e, 0x00, 0x00, 0x16, 0x0e, 0x00, 0x00, 0x19, 0x0e, 0x00, 0x00,
    0x1c, 0x0e, 0x00, 0x00, 0x85, 0x00, 0x05, 0x00, 0x0d, 0x00, 0x00, 0x00,
    0x1f, 0x0e, 0x00, 0x00, 0x1d, 0x0e, 0x00, 0x00, 0xa0, 0x10, 0x00, 0x00,
    0xf9, 0x00, 0x02, 0x00, 0xf7, 0x0d, 0x00, 0x00, 0xf8, 0x00, 0x02, 0x00,
    0xcb, 0x0d, 0x00, 0x00, 0x80, 0x00, 0x05, 0x00, 0x06, 0x00, 0x00, 0x00,
    0xce, 0x0d, 0x00, 0x00, 0x43, 0x0c, 0x00, 0x00, 0x35, 0x00, 0x00, 0x00,
    0xc4, 0x00, 0x05, 0x00, 0x06, 0x00, 0x00, 0x00, 0xcf, 0x0d, 0x00, 0x00,
    0x52, 0x00, 0x00, 0x00, 0xce, 0x0d, 0x00, 0x00, 0xc7, 0x00, 0x05, 0x00,
    0x06, 0x00, 0x00, 0x00, 0xd0, 0x0d, 0x00, 0x00, 0x7e, 0x0d, 0x00, 0x00,
    0xcf, 0x0d, 0x00, 0x00, 0xab, 0x00, 0x05, 0x00, 0x81, 0x00, 0x00, 0x00,
    0xd1, 0x0d, 0x00, 0x00, 0xd0, 0x0d, 0x00, 0x00, 0x80, 0x00, 0x00, 0x00,
    0xa8, 0x00, 0x04, 0x00, 0x81, 0x00, 0x00, 0x00, 0xd2, 0x0d, 0x00, 0x00,
    0xd1, 0x0d, 0x00, 0x00, 0xa9, 0x00, 0x06, 0x00, 0x81, 0x00, 0x00, 0x00,
    0xa3, 0x10, 0x00, 0x00, 0xd2, 0x0d, 0x00, 0x00, 0x9a, 0x10, 0x00, 0x00,
    0xd1, 0x0d, 0x00, 0x00, 0xf7, 0x00, 0x03, 0x00, 0xf6, 0x0d, 0x00, 0x00,
    0x00, 0x00, 0x00, 0x00, 0xfa, 0x00, 0x04, 0x00, 0xa3, 0x10, 0x00, 0x00,
    0xf1, 0x0d, 0x00, 0x00, 0xf6, 0x0d, 0x00, 0x00, 0xf8, 0x00, 0x02, 0x00,
    0xf1, 0x0d, 0x00, 0x00, 0x80, 0x00, 0x05, 0x00, 0x06, 0x00, 0x00, 0x00,
    0xf3, 0x0d, 0x00, 0x00, 0x63, 0x10, 0x00, 0x00, 0x52, 0x00, 0x00, 0x00,
    0x41, 0x00, 0x06, 0x00, 0x29, 0x00, 0x00, 0x00, 0x2d, 0x0e, 0x00, 0x00,
    0x25, 0x00, 0x00, 0x00, 0x27, 0x00, 0x00, 0x00, 0xf3, 0x0d, 0x00, 0x00,
    0x3d, 0x00, 0x04, 0x00, 0x06, 0x00, 0x00, 0x00, 0x2e, 0x0e, 0x00, 0x00,
    0x2d, 0x0e, 0x00, 0x00, 0xc2, 0x00, 0x05, 0x00, 0x06, 0x00, 0x00, 0x00,
    0x32, 0x0e, 0x00, 0x00, 0x2e, 0x0e, 0x00, 0x00, 0x2f, 0x00, 0x00, 0x00,
    0xc7, 0x00, 0x05, 0x00, 0x06, 0x00, 0x00, 0x00, 0x33, 0x0e, 0x00, 0x00,
    0x32, 0x0e, 0x00, 0x00, 0x31, 0x00, 0x00, 0x00, 0x70, 0x00, 0x04, 0x00,
    0x0c, 0x00, 0x00, 0x00, 0x34, 0x0e, 0x00, 0x00, 0x33, 0x0e, 0x00, 0x00,
    0xc2, 0x00, 0x05, 0x00, 0x06, 0x00, 0x00, 0x00, 0x36, 0x0e, 0x00, 0x00,
    0x2e, 0x0e, 0x00, 0x00, 0x35, 0x00, 0x00, 0x00, 0xc7, 0x00, 0x05, 0x00,
    0x06, 0x00, 0x00, 0x00, 0x37, 0x0e, 0x00, 0x00, 0x36, 0x0e, 0x00, 0x00,
    0x31, 0x00, 0x00, 0x00, 0x70, 0x00, 0x04, 0x00, 0x0c, 0x00, 0x00, 0x00,
    0x38, 0x0e, 0x00, 0x00, 0x37, 0x0e, 0x00, 0x00, 0xc7, 0x00, 0x05, 0x00,
    0x06, 0x00, 0x00, 0x00, 0x3a, 0x0e, 0x00, 0x00, 0x2e, 0x0e, 0x00, 0x00,
    0x31, 0x00, 0x00, 0x00, 0x70, 0x00, 0x04, 0x00, 0x0c, 0x00, 0x00, 0x00,
    0x3b, 0x0e, 0x00, 0x00, 0x3a, 0x0e, 0x00, 0x00, 0xc2, 0x00, 0x05, 0x00,
    0x06, 0x00, 0x00, 0x00, 0x3d, 0x0e, 0x00, 0x00, 0x2e, 0x0e, 0x00, 0x00,
    0x3d, 0x00, 0x00, 0x00, 0x70, 0x00, 0x04, 0x00, 0x0c, 0x00, 0x00, 0x00,
    0x3e, 0x0e, 0x00, 0x00, 0x3d, 0x0e, 0x00, 0x00, 0x50, 0x00, 0x07, 0x00,
    0x0d, 0x00, 0x00, 0x00, 0x3f, 0x0e, 0x00, 0x00, 0x34, 0x0e, 0x00, 0x00,
    0x38, 0x0e, 0x00, 0x00, 0x3b, 0x0e, 0x00, 0x00, 0x3e, 0x0e, 0x00, 0x00,
    0x85, 0x00, 0x05, 0x00, 0x0d, 0x00, 0x00, 0x00, 0x41, 0x0e, 0x00, 0x00,
    0x3f, 0x0e, 0x00, 0x00, 0xa0, 0x10, 0x00, 0x00, 0xf9, 0x00, 0x02, 0x00,
    0xf7, 0x0d, 0x00, 0x00, 0xf8, 0x00, 0x02, 0x00, 0xf6, 0x0d, 0x00, 0x00,
    0xf9, 0x00, 0x02, 0x00, 0xf7, 0x0d, 0x00, 0x00, 0xf8, 0x00, 0x02, 0x00,
    0xf7, 0x0d, 0x00, 0x00, 0xf5, 0x00, 0x0b, 0x00, 0x0d, 0x00, 0x00, 0x00,
    0x91, 0x10, 0x00, 0x00, 0x87, 0x00, 0x00, 0x00, 0xbf, 0x0d, 0x00, 0x00,
    0x1f, 0x0e, 0x00, 0x00, 0xc3, 0x0d, 0x00, 0x00, 0x41, 0x0e, 0x00, 0x00,
    0xf1, 0x0d, 0x00, 0x00, 0xc8, 0x00, 0x00, 0x00, 0xf6, 0x0d, 0x00, 0x00,
    0xf9, 0x00, 0x02, 0x00, 0x1f, 0x0d, 0x00, 0x00, 0xf8, 0x00, 0x02, 0x00,
    0x51, 0x0c, 0x00, 0x00, 0xf9, 0x00, 0x02, 0x00, 0x52, 0x0c, 0x00, 0x00,
    0xf8, 0x00, 0x02, 0x00, 0x52, 0x0c, 0x00, 0x00, 0xae, 0x00, 0x05, 0x00,
    0x81, 0x00, 0x00, 0x00, 0x55, 0x0c, 0x00, 0x00, 0x3e, 0x0d, 0x00, 0x00,
    0xb8, 0x00, 0x00, 0x00, 0xf7, 0x00, 0x03, 0x00, 0xbb, 0x0c, 0x00, 0x00,
    0x00, 0x00, 0x00, 0x00, 0xfa, 0x00, 0x04, 0x00, 0x55, 0x0c, 0x00, 0x00,
    0x56, 0x0c, 0x00, 0x00, 0xbb, 0x0c, 0x00, 0x00, 0xf8, 0x00, 0x02, 0x00,
    0x56, 0x0c, 0x00, 0x00, 0x51, 0x00, 0x05, 0x00, 0x06, 0x00, 0x00, 0x00,
    0x58, 0x0c, 0x00, 0x00, 0x67, 0x10, 0x00, 0x00, 0x00, 0x00, 0x00, 0x00,
    0x80, 0x00, 0x05, 0x00, 0x06, 0x00, 0x00, 0x00, 0x5a, 0x0c, 0x00, 0x00,
    0x63, 0x10, 0x00, 0x00, 0x68, 0x00, 0x00, 0x00, 0x41, 0x00, 0x06, 0x00,
    0x29, 0x00, 0x00, 0x00, 0x4a, 0x0e, 0x00, 0x00, 0x25, 0x00, 0x00, 0x00,
    0x27, 0x00, 0x00, 0x00, 0x5a, 0x0c, 0x00, 0x00, 0x3d, 0x00, 0x04, 0x00,
    0x06, 0x00, 0x00, 0x00, 0x4b, 0x0e, 0x00, 0x00, 0x4a, 0x0e, 0x00, 0x00,
    0x80, 0x00, 0x05, 0x00, 0x06, 0x00, 0x00, 0x00, 0x5c, 0x0c, 0x00, 0x00,
    0x58, 0x0c, 0x00, 0x00, 0x4b, 0x0e, 0x00, 0x00, 0xc7, 0x00, 0x05, 0x00,
    0x06, 0x00, 0x00, 0x00, 0x5e, 0x0c, 0x00, 0x00, 0x5c, 0x0c, 0x00, 0x00,
    0x48, 0x00, 0x00, 0x00, 0x86, 0x00, 0x05, 0x00, 0x06, 0x00, 0x00, 0x00,
    0x61, 0x0c, 0x00, 0x00, 0x5c, 0x0c, 0x00, 0x00, 0x35, 0x00, 0x00, 0x00,
    0x84, 0x00, 0x05, 0x00, 0x06, 0x00, 0x00, 0x00, 0x62, 0x0c, 0x00, 0x00,
    0x61, 0x0c, 0x00, 0x00, 0x5a, 0x00, 0x00, 0x00, 0x80, 0x00, 0x05, 0x00,
    0x06, 0x00, 0x00, 0x00, 0x63, 0x0c, 0x00, 0x00, 0x43, 0x0d, 0x00, 0x00,
    0x62, 0x0c, 0x00, 0x00, 0x80, 0x00, 0x05, 0x00, 0x06, 0x00, 0x00, 0x00,
    0x65, 0x0c, 0x00, 0x00, 0x63, 0x0c, 0x00, 0x00, 0x52, 0x00, 0x00, 0x00,
    0x41, 0x00, 0x06, 0x00, 0x29, 0x00, 0x00, 0x00, 0x4f, 0x0e, 0x00, 0x00,
    0x25, 0x00, 0x00, 0x00, 0x27, 0x00, 0x00, 0x00, 0x65, 0x0c, 0x00, 0x00,
    0x3d, 0x00, 0x04, 0x00, 0x06, 0x00, 0x00, 0x00, 0x50, 0x0e, 0x00, 0x00,
    0x4f, 0x0e, 0x00, 0x00, 0xc7, 0x00, 0x05, 0x00, 0x06, 0x00, 0x00, 0x00,
    0x68, 0x0c, 0x00, 0x00, 0x50, 0x0e, 0x00, 0x00, 0xb1, 0x01, 0x00, 0x00,
    0xab, 0x00, 0x05, 0x00, 0x81, 0x00, 0x00, 0x00, 0x69, 0x0c, 0x00, 0x00,
    0x68, 0x0c, 0x00, 0x00, 0x80, 0x00, 0x00, 0x00, 0xf7, 0x00, 0x03, 0x00,
    0x6f, 0x0c, 0x00, 0x00, 0x00, 0x00, 0x00, 0x00, 0xfa, 0x00, 0x04, 0x00,
    0x69, 0x0c, 0x00, 0x00, 0x6a, 0x0c, 0x00, 0x00, 0x6c, 0x0c, 0x00, 0x00,
    0xf8, 0x00, 0x02, 0x00, 0x6c, 0x0c, 0x00, 0x00, 0x82, 0x00, 0x05, 0x00,
    0x06, 0x00, 0x00, 0x00, 0x6e, 0x0c, 0x00, 0x00, 0x48, 0x00, 0x00, 0x00,
    0x5e, 0x0c, 0x00, 0x00, 0xf9, 0x00, 0x02, 0x00, 0x6f, 0x0c, 0x00, 0x00,
    0xf8, 0x00, 0x02, 0x00, 0x6a, 0x0c, 0x00, 0x00, 0xf9, 0x00, 0x02, 0x00,
    0x6f, 0x0c, 0x00, 0x00, 0xf8, 0x00, 0x02, 0x00, 0x6f, 0x0c, 0x00, 0x00,
    0xf5, 0x00, 0x07, 0x00, 0x06, 0x00, 0x00, 0x00, 0x83, 0x10, 0x00, 0x00,
    0x5e, 0x0c, 0x00, 0x00, 0x6a, 0x0c, 0x00, 0x00, 0x6e, 0x0c, 0x00, 0x00,
    0x6c, 0x0c, 0x00, 0x00, 0x41, 0x00, 0x06, 0x00, 0x29, 0x00, 0x00, 0x00,
    0x54, 0x0e, 0x00, 0x00, 0x25, 0x00, 0x00, 0x00, 0x27, 0x00, 0x00, 0x00,
    0x63, 0x0c, 0x00, 0x00, 0x3d, 0x00, 0x04, 0x00, 0x06, 0x00, 0x00, 0x00,
    0x55, 0x0e, 0x00, 0x00, 0x54, 0x0e, 0x00, 0x00, 0xc2, 0x00, 0x05, 0x00,
    0x06, 0x00, 0x00, 0x00, 0x74, 0x0c, 0x00, 0x00, 0x55, 0x0e, 0x00, 0x00,
    0x83, 0x10, 0x00, 0x00, 0xc7, 0x00, 0x05, 0x00, 0x06, 0x00, 0x00, 0x00,
    0x76, 0x0c, 0x00, 0x00, 0x74, 0x0c, 0x00, 0x00, 0x52, 0x00, 0x00, 0x00,
    0xc2, 0x00, 0x05, 0x00, 0x06, 0x00, 0x00, 0x00, 0x78, 0x0c, 0x00, 0x00,
    0x74, 0x0c, 0x00, 0x00, 0x48, 0x00, 0x00, 0x00, 0xc7, 0x00, 0x05, 0x00,
    0x06, 0x00, 0x00, 0x00, 0x79, 0x0c, 0x00, 0x00, 0x78, 0x0c, 0x00, 0x00,
    0x5a, 0x00, 0x00, 0x00, 0xc5, 0x00, 0x05, 0x00, 0x06, 0x00, 0x00, 0x00,
    0x7a, 0x0c, 0x00, 0x00, 0x76, 0x0c, 0x00, 0x00, 0x79, 0x0c, 0x00, 0x00,
    0xc2, 0x00, 0x05, 0x00, 0x06, 0x00, 0x00, 0x00, 0x7c, 0x0c, 0x00, 0x00,
    0x74, 0x0c, 0x00, 0x00, 0x66, 0x00, 0x00, 0x00, 0xc7, 0x00, 0x05, 0x00,
    0x06, 0x00, 0x00, 0x00, 0x7d, 0x0c, 0x00, 0x00, 0x7c, 0x0c, 0x00, 0x00,
    0x68, 0x00, 0x00, 0x00, 0xc5, 0x00, 0x05, 0x00, 0x06, 0x00, 0x00, 0x00,
    0x7e, 0x0c, 0x00, 0x00, 0x7a, 0x0c, 0x00, 0x00, 0x7d, 0x0c, 0x00, 0x00,
    0xc2, 0x00, 0x05, 0x00, 0x06, 0x00, 0x00, 0x00, 0x80, 0x0c, 0x00, 0x00,
    0x74, 0x0c, 0x00, 0x00, 0x6c, 0x00, 0x00, 0x00, 0xc7, 0x00, 0x05, 0x00,
    0x06, 0x00, 0x00, 0x00, 0x81, 0x0c, 0x00, 0x00, 0x80, 0x0c, 0x00, 0x00,
    0x35, 0x00, 0x00, 0x00, 0xc5, 0x00, 0x05, 0x00, 0x06, 0x00, 0x00, 0x00,
    0x82, 0x0c, 0x00, 0x00, 0x7e, 0x0c, 0x00, 0x00, 0x81, 0x0c, 0x00, 0x00,
    0xc2, 0x00, 0x05, 0x00, 0x06, 0x00, 0x00, 0x00, 0x84, 0x0c, 0x00, 0x00,
    0x50, 0x0e, 0x00, 0x00, 0xb8, 0x00, 0x00, 0x00, 0xc7, 0x00, 0x05, 0x00,
    0x06, 0x00, 0x00, 0x00, 0x85, 0x0c, 0x00, 0x00, 0x84, 0x0c, 0x00, 0x00,
    0xb8, 0x00, 0x00, 0x00, 0xaa, 0x00, 0x05, 0x00, 0x81, 0x00, 0x00, 0x00,
    0x87, 0x0c, 0x00, 0x00, 0x85, 0x0c, 0x00, 0x00, 0x5a, 0x00, 0x00, 0x00,
    0xf7, 0x00, 0x03, 0x00, 0x8f, 0x0c, 0x00, 0x00, 0x00, 0x00, 0x00, 0x00,
    0xfa, 0x00, 0x04, 0x00, 0x87, 0x0c, 0x00, 0x00, 0x88, 0x0c, 0x00, 0x00,
    0x8f, 0x0c, 0x00, 0x00, 0xf8, 0x00, 0x02, 0x00, 0x88, 0x0c, 0x00, 0x00,
    0x80, 0x00, 0x05, 0x00, 0x06, 0x00, 0x00, 0x00, 0x8b, 0x0c, 0x00, 0x00,
    0x5e, 0x0c, 0x00, 0x00, 0x35, 0x00, 0x00, 0x00, 0xc4, 0x00, 0x05, 0x00,
    0x06, 0x00, 0x00, 0x00, 0x8c, 0x0c, 0x00, 0x00, 0x52, 0x00, 0x00, 0x00,
    0x8b, 0x0c, 0x00, 0x00, 0xc7, 0x00, 0x05, 0x00, 0x06, 0x00, 0x00, 0x00,
    0x8d, 0x0c, 0x00, 0x00, 0x50, 0x0e, 0x00, 0x00, 0x8c, 0x0c, 0x00, 0x00,
    0xab, 0x00, 0x05, 0x00, 0x81, 0x00, 0x00, 0x00, 0x8e, 0x0c, 0x00, 0x00,
    0x8d, 0x0c, 0x00, 0x00, 0x80, 0x00, 0x00, 0x00, 0xf9, 0x00, 0x02, 0x00,
    0x8f, 0x0c, 0x00, 0x00, 0xf8, 0x00, 0x02, 0x00, 0x8f, 0x0c, 0x00, 0x00,
    0xf5, 0x00, 0x07, 0x00, 0x81, 0x00, 0x00, 0x00, 0x90, 0x0c, 0x00, 0x00,
    0x87, 0x0c, 0x00, 0x00, 0x6f, 0x0c, 0x00, 0x00, 0x8e, 0x0c, 0x00, 0x00,
    0x88, 0x0c, 0x00, 0x00, 0xab, 0x00, 0x05, 0x00, 0x81, 0x00, 0x00, 0x00,
    0x92, 0x0c, 0x00, 0x00, 0x82, 0x0c, 0x00, 0x00, 0x80, 0x00, 0x00, 0x00,
    0xa7, 0x00, 0x05, 0x00, 0x81, 0x00, 0x00, 0x00, 0x93, 0x0c, 0x00, 0x00,
    0x90, 0x0c, 0x00, 0x00, 0x92, 0x0c, 0x00, 0x00, 0xf7, 0x00, 0x03, 0x00,
    0xb9, 0x0c, 0x00, 0x00, 0x00, 0x00, 0x00, 0x00, 0xfa, 0x00, 0x04, 0x00,
    0x93, 0x0c, 0x00, 0x00, 0x94, 0x0c, 0x00, 0x00, 0x9e, 0x0c, 0x00, 0x00,
    0xf8, 0x00, 0x02, 0x00, 0x9e, 0x0c, 0x00, 0x00, 0xf9, 0x00, 0x02, 0x00,
    0xb9, 0x0c, 0x00, 0x00, 0xf8, 0x00, 0x02, 0x00, 0x94, 0x0c, 0x00, 0x00,
    0xc7, 0x00, 0x05, 0x00, 0x06, 0x00, 0x00, 0x00, 0x97, 0x0c, 0x00, 0x00,
    0x50, 0x0e, 0x00, 0x00, 0x48, 0x00, 0x00, 0x00, 0x84, 0x00, 0x05, 0x00,
    0x06, 0x00, 0x00, 0x00, 0x98, 0x0c, 0x00, 0x00, 0x97, 0x0c, 0x00, 0x00,
    0x2f, 0x00, 0x00, 0x00, 0x80, 0x00, 0x05, 0x00, 0x06, 0x00, 0x00, 0x00,
    0x99, 0x0c, 0x00, 0x00, 0x48, 0x0d, 0x00, 0x00, 0x98, 0x0c, 0x00, 0x00,
    0x80, 0x00, 0x05, 0x00, 0x06, 0x00, 0x00, 0x00, 0x9b, 0x0c, 0x00, 0x00,
    0x99, 0x0c, 0x00, 0x00, 0x82, 0x0c, 0x00, 0x00, 0x41, 0x00, 0x06, 0x00,
    0x29, 0x00, 0x00, 0x00, 0x59, 0x0e, 0x00, 0x00, 0x25, 0x00, 0x00, 0x00,
    0x27, 0x00, 0x00, 0x00, 0x9b, 0x0c, 0x00, 0x00, 0x3d, 0x00, 0x04, 0x00,
    0x06, 0x00, 0x00, 0x00, 0x5a, 0x0e, 0x00, 0x00, 0x59, 0x0e, 0x00, 0x00,
    0xc2, 0x00, 0x05, 0x00, 0x06, 0x00, 0x00, 0x00, 0x5e, 0x0e, 0x00, 0x00,
    0x5a, 0x0e, 0x00, 0x00, 0x2f, 0x00, 0x00, 0x00, 0xc7, 0x00, 0x05, 0x00,
    0x06, 0x00, 0x00, 0x00, 0x5f, 0x0e, 0x00, 0x00, 0x5e, 0x0e, 0x00, 0x00,
    0x31, 0x00, 0x00, 0x00, 0x70, 0x00, 0x04, 0x00, 0x0c, 0x00, 0x00, 0x00,
    0x60, 0x0e, 0x00, 0x00, 0x5f, 0x0e, 0x00, 0x00, 0xc2, 0x00, 0x05, 0x00,
    0x06, 0x00, 0x00, 0x00, 0x62, 0x0e, 0x00, 0x00, 0x5a, 0x0e, 0x00, 0x00,
    0x35, 0x00, 0x00, 0x00, 0xc7, 0x00, 0x05, 0x00, 0x06, 0x00, 0x00, 0x00,
    0x63, 0x0e, 0x00, 0x00, 0x62, 0x0e, 0x00, 0x00, 0x31, 0x00, 0x00, 0x00,
    0x70, 0x00, 0x04, 0x00, 0x0c, 0x00, 0x00, 0x00, 0x64, 0x0e, 0x00, 0x00,
    0x63, 0x0e, 0x00, 0x00, 0xc7, 0x00, 0x05, 0x00, 0x06, 0x00, 0x00, 0x00,
    0x66, 0x0e, 0x00, 0x00, 0x5a, 0x0e, 0x00, 0x00, 0x31, 0x00, 0x00, 0x00,
    0x70, 0x00, 0x04, 0x00, 0x0c, 0x00, 0x00, 0x00, 0x67, 0x0e, 0x00, 0x00,
    0x66, 0x0e, 0x00, 0x00, 0xc2, 0x00, 0x05, 0x00, 0x06, 0x00, 0x00, 0x00,
    0x69, 0x0e, 0x00, 0x00, 0x5a, 0x0e, 0x00, 0x00, 0x3d, 0x00, 0x00, 0x00,
    0x70, 0x00, 0x04, 0x00, 0x0c, 0x00, 0x00, 0x00, 0x6a, 0x0e, 0x00, 0x00,
    0x69, 0x0e, 0x00, 0x00, 0x50, 0x00, 0x07, 0x00, 0x0d, 0x00, 0x00, 0x00,
    0x6b, 0x0e, 0x00, 0x00, 0x60, 0x0e, 0x00, 0x00, 0x64, 0x0e, 0x00, 0x00,
    0x67, 0x0e, 0x00, 0x00, 0x6a, 0x0e, 0x00, 0x00, 0x85, 0x00, 0x05, 0x00,
    0x0d, 0x00, 0x00, 0x00, 0x6d, 0x0e, 0x00, 0x00, 0x6b, 0x0e, 0x00, 0x00,
    0xa0, 0x10, 0x00, 0x00, 0xf9, 0x00, 0x02, 0x00, 0xb9, 0x0c, 0x00, 0x00,
    0xf8, 0x00, 0x02, 0x00, 0xb9, 0x0c, 0x00, 0x00, 0xf5, 0x00, 0x07, 0x00,
    0x0d, 0x00, 0x00, 0x00, 0x8b, 0x10, 0x00, 0x00, 0x6d, 0x0e, 0x00, 0x00,
    0x94, 0x0c, 0x00, 0x00, 0xc8, 0x00, 0x00, 0x00, 0x9e, 0x0c, 0x00, 0x00,
    0xf9, 0x00, 0x02, 0x00, 0x1f, 0x0d, 0x00, 0x00, 0xf8, 0x00, 0x02, 0x00,
    0xbb, 0x0c, 0x00, 0x00, 0xaa, 0x00, 0x05, 0x00, 0x81, 0x00, 0x00, 0x00,
    0xbe, 0x0c, 0x00, 0x00, 0x3e, 0x0d, 0x00, 0x00, 0x5a, 0x00, 0x00, 0x00,
    0xf7, 0x00, 0x03, 0x00, 0xd4, 0x0c, 0x00, 0x00, 0x00, 0x00, 0x00, 0x00,
    0xfa, 0x00, 0x04, 0x00, 0xbe, 0x0c, 0x00, 0x00, 0xbf, 0x0c, 0x00, 0x00,
    0xd4, 0x0c, 0x00, 0x00, 0xf8, 0x00, 0x02, 0x00, 0xbf, 0x0c, 0x00, 0x00,
    0x51, 0x00, 0x05, 0x00, 0x06, 0x00, 0x00, 0x00, 0xc2, 0x0c, 0x00, 0x00,
    0x67, 0x10, 0x00, 0x00, 0x00, 0x00, 0x00, 0x00, 0x86, 0x00, 0x05, 0x00,
    0x06, 0x00, 0x00, 0x00, 0xc3, 0x0c, 0x00, 0x00, 0xc2, 0x0c, 0x00, 0x00,
    0x35, 0x00, 0x00, 0x00, 0xaa, 0x00, 0x05, 0x00, 0x81, 0x00, 0x00, 0x00,
    0xc5, 0x0c, 0x00, 0x00, 0x7f, 0x10, 0x00, 0x00, 0x5a, 0x00, 0x00, 0x00,
    0xa9, 0x00, 0x06, 0x00, 0x06, 0x00, 0x00, 0x00, 0xc6, 0x0c, 0x00, 0x00,
    0xc5, 0x0c, 0x00, 0x00, 0xb8, 0x00, 0x00, 0x00, 0x72, 0x01, 0x00, 0x00,
    0x84, 0x00, 0x05, 0x00, 0x06, 0x00, 0x00, 0x00, 0xc7, 0x0c, 0x00, 0x00,
    0xc3, 0x0c, 0x00, 0x00, 0xc6, 0x0c, 0x00, 0x00, 0x80, 0x00, 0x05, 0x00,
    0x06, 0x00, 0x00, 0x00, 0xc8, 0x0c, 0x00, 0x00, 0x43, 0x0d, 0x00, 0x00,
    0xc7, 0x0c, 0x00, 0x00, 0x80, 0x00, 0x05, 0x00, 0x06, 0x00, 0x00, 0x00,
    0xcb, 0x0c, 0x00, 0x00, 0xc8, 0x0c, 0x00, 0x00, 0x15, 0x01, 0x00, 0x00,
    0xf7, 0x00, 0x03, 0x00, 0x0d, 0x0f, 0x00, 0x00, 0x00, 0x00, 0x00, 0x00,
    0xfb, 0x00, 0x03, 0x00, 0x80, 0x00, 0x00, 0x00, 0xa8, 0x0e, 0x00, 0x00,
    0xf8, 0x00, 0x02, 0x00, 0xa8, 0x0e, 0x00, 0x00, 0xc7, 0x00, 0x05, 0x00,
    0x06, 0x00, 0x00, 0x00, 0xaa, 0x0e, 0x00, 0x00, 0xc2, 0x0c, 0x00, 0x00,
    0x48, 0x00, 0x00, 0x00, 0x41, 0x00, 0x06, 0x00, 0x29, 0x00, 0x00, 0x00,
    0x12, 0x0f, 0x00, 0x00, 0x25, 0x00, 0x00, 0x00, 0x27, 0x00, 0x00, 0x00,
    0xcb, 0x0c, 0x00, 0x00, 0x3d, 0x00, 0x04, 0x00, 0x06, 0x00, 0x00, 0x00,
    0x13, 0x0f, 0x00, 0x00, 0x12, 0x0f, 0x00, 0x00, 0xc2, 0x00, 0x05, 0x00,
    0x06, 0x00, 0x00, 0x00, 0xae, 0x0e, 0x00, 0x00, 0x13, 0x0f, 0x00, 0x00,
    0xaa, 0x0e, 0x00, 0x00, 0x80, 0x00, 0x05, 0x00, 0x06, 0x00, 0x00, 0x00,
    0xb0, 0x0e, 0x00, 0x00, 0xc8, 0x0c, 0x00, 0x00, 0x48, 0x00, 0x00, 0x00,
    0x41, 0x00, 0x06, 0x00, 0x29, 0x00, 0x00, 0x00, 0x17, 0x0f, 0x00, 0x00,
    0x25, 0x00, 0x00, 0x00, 0x27, 0x00, 0x00, 0x00, 0xb0, 0x0e, 0x00, 0x00,
    0x3d, 0x00, 0x04, 0x00, 0x06, 0x00, 0x00, 0x00, 0x18, 0x0f, 0x00, 0x00,
    0x17, 0x0f, 0x00, 0x00, 0xc2, 0x00, 0x05, 0x00, 0x06, 0x00, 0x00, 0x00,
    0xb3, 0x0e, 0x00, 0x00, 0x18, 0x0f, 0x00, 0x00, 0xaa, 0x0e, 0x00, 0x00,
    0x80, 0x00, 0x05, 0x00, 0x06, 0x00, 0x00, 0x00, 0xb5, 0x0e, 0x00, 0x00,
    0xc8, 0x0c, 0x00, 0x00, 0x35, 0x00, 0x00, 0x00, 0x41, 0x00, 0x06, 0x00,
    0x29, 0x00, 0x00, 0x00, 0x1c, 0x0f, 0x00, 0x00, 0x25, 0x00, 0x00, 0x00,
    0x27, 0x00, 0x00, 0x00, 0xb5, 0x0e, 0x00, 0x00, 0x3d, 0x00, 0x04, 0x00,
    0x06, 0x00, 0x00, 0x00, 0x1d, 0x0f, 0x00, 0x00, 0x1c, 0x0f, 0x00, 0x00,
    0xc7, 0x00, 0x05, 0x00, 0x06, 0x00, 0x00, 0x00, 0xb8, 0x0e, 0x00, 0x00,
    0xae, 0x0e, 0x00, 0x00, 0x52, 0x00, 0x00, 0x00, 0xc2, 0x00, 0x05, 0x00,
    0x06, 0x00, 0x00, 0x00, 0xba, 0x0e, 0x00, 0x00, 0xae, 0x0e, 0x00, 0x00,
    0x48, 0x00, 0x00, 0x00, 0xc7, 0x00, 0x05, 0x00, 0x06, 0x00, 0x00, 0x00,
    0xbb, 0x0e, 0x00, 0x00, 0xba, 0x0e, 0x00, 0x00, 0x5a, 0x00, 0x00, 0x00,
    0xc5, 0x00, 0x05, 0x00, 0x06, 0x00, 0x00, 0x00, 0xbc, 0x0e, 0x00, 0x00,
    0xb8, 0x0e, 0x00, 0x00, 0xbb, 0x0e, 0x00, 0x00, 0xc2, 0x00, 0x05, 0x00,
    0x06, 0x00, 0x00, 0x00, 0xbe, 0x0e, 0x00, 0x00, 0xae, 0x0e, 0x00, 0x00,
    0x66, 0x00, 0x00, 0x00, 0xc7, 0x00, 0x05, 0x00, 0x06, 0x00, 0x00, 0x00,
    0xbf, 0x0e, 0x00, 0x00, 0xbe, 0x0e, 0x00, 0x00, 0x68, 0x00, 0x00, 0x00,
    0xc5, 0x00, 0x05, 0x00, 0x06, 0x00, 0x00, 0x00, 0xc0, 0x0e, 0x00, 0x00,
    0xbc, 0x0e, 0x00, 0x00, 0xbf, 0x0e, 0x00, 0x00, 0xc2, 0x00, 0x05, 0x00,
    0x06, 0x00, 0x00, 0x00, 0xc2, 0x0e, 0x00, 0x00, 0xae, 0x0e, 0x00, 0x00,
    0x6c, 0x00, 0x00, 0x00, 0xc7, 0x00, 0x05, 0x00, 0x06, 0x00, 0x00, 0x00,
    0xc3, 0x0e, 0x00, 0x00, 0xc2, 0x0e, 0x00, 0x00, 0x35, 0x00, 0x00, 0x00,
    0xc5, 0x00, 0x05, 0x00, 0x06, 0x00, 0x00, 0x00, 0xc4, 0x0e, 0x00, 0x00,
    0xc0, 0x0e, 0x00, 0x00, 0xc3, 0x0e, 0x00, 0x00, 0xc7, 0x00, 0x05, 0x00,
    0x06, 0x00, 0x00, 0x00, 0xc6, 0x0e, 0x00, 0x00, 0xb3, 0x0e, 0x00, 0x00,
    0x52, 0x00, 0x00, 0x00, 0xc2, 0x00, 0x05, 0x00, 0x06, 0x00, 0x00, 0x00,
    0xc8, 0x0e, 0x00, 0x00, 0xb3, 0x0e, 0x00, 0x00, 0x48, 0x00, 0x00, 0x00,
    0xc7, 0x00, 0x05, 0x00, 0x06, 0x00, 0x00, 0x00, 0xc9, 0x0e, 0x00, 0x00,
    0xc8, 0x0e, 0x00, 0x00, 0x5a, 0x00, 0x00, 0x00, 0xc5, 0x00, 0x05, 0x00,
    0x06, 0x00, 0x00, 0x00, 0xca, 0x0e, 0x00, 0x00, 0xc6, 0x0e, 0x00, 0x00,
    0xc9, 0x0e, 0x00, 0x00, 0xc2, 0x00, 0x05, 0x00, 0x06, 0x00, 0x00, 0x00,
    0xcc, 0x0e, 0x00, 0x00, 0xb3, 0x0e, 0x00, 0x00, 0x66, 0x00, 0x00, 0x00,
    0xc7, 0x00, 0x05, 0x00, 0x06, 0x00, 0x00, 0x00, 0xcd, 0x0e, 0x00, 0x00,
    0xcc, 0x0e, 0x00, 0x00, 0x68, 0x00, 0x00, 0x00, 0xc5, 0x00, 0x05, 0x00,
    0x06, 0x00, 0x00, 0x00, 0xce, 0x0e, 0x00, 0x00, 0xca, 0x0e, 0x00, 0x00,
    0xcd, 0x0e, 0x00, 0x00, 0x84, 0x00, 0x05, 0x00, 0x06, 0x00, 0x00, 0x00,
    0xcf, 0x0e, 0x00, 0x00, 0xce, 0x0e, 0x00, 0x00, 0x2f, 0x00, 0x00, 0x00,
    0xc4, 0x00, 0x05, 0x00, 0x06, 0x00, 0x00, 0x00, 0xd2, 0x0e, 0x00, 0x00,
    0x52, 0x00, 0x00, 0x00, 0xaa, 0x0e, 0x00, 0x00, 0xc7, 0x00, 0x05, 0x00,
    0x06, 0x00, 0x00, 0x00, 0xd3, 0x0e, 0x00, 0x00, 0x1d, 0x0f, 0x00, 0x00,
    0xd2, 0x0e, 0x00, 0x00, 0xab, 0x00, 0x05, 0x00, 0x81, 0x00, 0x00, 0x00,
    0xd4, 0x0e, 0x00, 0x00, 0xd3, 0x0e, 0x00, 0x00, 0x80, 0x00, 0x00, 0x00,
    0xf7, 0x00, 0x03, 0x00, 0xd6, 0x0e, 0x00, 0x00, 0x00, 0x00, 0x00, 0x00,
    0xfa, 0x00, 0x04, 0x00, 0xd4, 0x0e, 0x00, 0x00, 0xd5, 0x0e, 0x00, 0x00,
    0xd6, 0x0e, 0x00, 0x00, 0xf8, 0x00, 0x02, 0x00, 0xd5, 0x0e, 0x00, 0x00,
    0xf9, 0x00, 0x02, 0x00, 0x0d, 0x0f, 0x00, 0x00, 0xf8, 0x00, 0x02, 0x00,
    0xd6, 0x0e, 0x00, 0x00, 0xab, 0x00, 0x05, 0x00, 0x81, 0x00, 0x00, 0x00,
    0xd8, 0x0e, 0x00, 0x00, 0xc4, 0x0e, 0x00, 0x00, 0x80, 0x00, 0x00, 0x00,
    0xf7, 0x00, 0x03, 0x00, 0xe1, 0x0e, 0x00, 0x00, 0x00, 0x00, 0x00, 0x00,
    0xfa, 0x00, 0x04, 0x00, 0xd8, 0x0e, 0x00, 0x00, 0xd9, 0x0e, 0x00, 0x00,
    0xe1, 0x0e, 0x00, 0x00, 0xf8, 0x00, 0x02, 0x00, 0xd9, 0x0e, 0x00, 0x00,
    0x80, 0x00, 0x05, 0x00, 0x06, 0x00, 0x00, 0x00, 0xdc, 0x0e, 0x00, 0x00,
    0x48, 0x0d, 0x00, 0x00, 0xcf, 0x0e, 0x00, 0x00, 0x80, 0x00, 0x05, 0x00,
    0x06, 0x00, 0x00, 0x00, 0xde, 0x0e, 0x00, 0x00, 0xdc, 0x0e, 0x00, 0x00,
    0xc4, 0x0e, 0x00, 0x00, 0x41, 0x00, 0x06, 0x00, 0x29, 0x00, 0x00, 0x00,
    0x21, 0x0f, 0x00, 0x00, 0x25, 0x00, 0x00, 0x00, 0x27, 0x00, 0x00, 0x00,
    0xde, 0x0e, 0x00, 0x00, 0x3d, 0x00, 0x04, 0x00, 0x06, 0x00, 0x00, 0x00,
    0x22, 0x0f, 0x00, 0x00, 0x21, 0x0f, 0x00, 0x00, 0xc2, 0x00, 0x05, 0x00,
    0x06, 0x00, 0x00, 0x00, 0x26, 0x0f, 0x00, 0x00, 0x22, 0x0f, 0x00, 0x00,
    0x2f, 0x00, 0x00, 0x00, 0xc7, 0x00, 0x05, 0x00, 0x06, 0x00, 0x00, 0x00,
    0x27, 0x0f, 0x00, 0x00, 0x26, 0x0f, 0x00, 0x00, 0x31, 0x00, 0x00, 0x00,
    0x70, 0x00, 0x04, 0x00, 0x0c, 0x00, 0x00, 0x00, 0x28, 0x0f, 0x00, 0x00,
    0x27, 0x0f, 0x00, 0x00, 0xc2, 0x00, 0x05, 0x00, 0x06, 0x00, 0x00, 0x00,
    0x2a, 0x0f, 0x00, 0x00, 0x22, 0x0f, 0x00, 0x00, 0x35, 0x00, 0x00, 0x00,
    0xc7, 0x00, 0x05, 0x00, 0x06, 0x00, 0x00, 0x00, 0x2b, 0x0f, 0x00, 0x00,
    0x2a, 0x0f, 0x00, 0x00, 0x31, 0x00, 0x00, 0x00, 0x70, 0x00, 0x04, 0x00,
    0x0c, 0x00, 0x00, 0x00, 0x2c, 0x0f, 0x00, 0x00, 0x2b, 0x0f, 0x00, 0x00,
    0xc7, 0x00, 0x05, 0x00, 0x06, 0x00, 0x00, 0x00, 0x2e, 0x0f, 0x00, 0x00,
    0x22, 0x0f, 0x00, 0x00, 0x31, 0x00, 0x00, 0x00, 0x70, 0x00, 0x04, 0x00,
    0x0c, 0x00, 0x00, 0x00, 0x2f, 0x0f, 0x00, 0x00, 0x2e, 0x0f, 0x00, 0x00,
    0xc2, 0x00, 0x05, 0x00, 0x06, 0x00, 0x00, 0x00, 0x31, 0x0f, 0x00, 0x00,
    0x22, 0x0f, 0x00, 0x00, 0x3d, 0x00, 0x00, 0x00, 0x70, 0x00, 0x04, 0x00,
    0x0c, 0x00, 0x00, 0x00, 0x32, 0x0f, 0x00, 0x00, 0x31, 0x0f, 0x00, 0x00,
    0x50, 0x00, 0x07, 0x00, 0x0d, 0x00, 0x00, 0x00, 0x33, 0x0f, 0x00, 0x00,
    0x28, 0x0f, 0x00, 0x00, 0x2c, 0x0f, 0x00, 0x00, 0x2f, 0x0f, 0x00, 0x00,
    0x32, 0x0f, 0x00, 0x00, 0x85, 0x00, 0x05, 0x00, 0x0d, 0x00, 0x00, 0x00,
    0x35, 0x0f, 0x00, 0x00, 0x33, 0x0f, 0x00, 0x00, 0xa0, 0x10, 0x00, 0x00,
    0xf9, 0x00, 0x02, 0x00, 0x0d, 0x0f, 0x00, 0x00, 0xf8, 0x00, 0x02, 0x00,
    0xe1, 0x0e, 0x00, 0x00, 0x80, 0x00, 0x05, 0x00, 0x06, 0x00, 0x00, 0x00,
    0xe4, 0x0e, 0x00, 0x00, 0xaa, 0x0e, 0x00, 0x00, 0x35, 0x00, 0x00, 0x00,
    0xc4, 0x00, 0x05, 0x00, 0x06, 0x00, 0x00, 0x00, 0xe5, 0x0e, 0x00, 0x00,
    0x52, 0x00, 0x00, 0x00, 0xe4, 0x0e, 0x00, 0x00, 0xc7, 0x00, 0x05, 0x00,
    0x06, 0x00, 0x00, 0x00, 0xe6, 0x0e, 0x00, 0x00, 0x1d, 0x0f, 0x00, 0x00,
    0xe5, 0x0e, 0x00, 0x00, 0xab, 0x00, 0x05, 0x00, 0x81, 0x00, 0x00, 0x00,
    0xe7, 0x0e, 0x00, 0x00, 0xe6, 0x0e, 0x00, 0x00, 0x80, 0x00, 0x00, 0x00,
    0xa8, 0x00, 0x04, 0x00, 0x81, 0x00, 0x00, 0x00, 0xe8, 0x0e, 0x00, 0x00,
    0xe7, 0x0e, 0x00, 0x00, 0xa9, 0x00, 0x06, 0x00, 0x81, 0x00, 0x00, 0x00,
    0xa4, 0x10, 0x00, 0x00, 0xe8, 0x0e, 0x00, 0x00, 0x9a, 0x10, 0x00, 0x00,
    0xe7, 0x0e, 0x00, 0x00, 0xf7, 0x00, 0x03, 0x00, 0x0c, 0x0f, 0x00, 0x00,
    0x00, 0x00, 0x00, 0x00, 0xfa, 0x00, 0x04, 0x00, 0xa4, 0x10, 0x00, 0x00,
    0x07, 0x0f, 0x00, 0x00, 0x0c, 0x0f, 0x00, 0x00, 0xf8, 0x00, 0x02, 0x00,
    0x07, 0x0f, 0x00, 0x00, 0x80, 0x00, 0x05, 0x00, 0x06, 0x00, 0x00, 0x00,
    0x09, 0x0f, 0x00, 0x00, 0x63, 0x10, 0x00, 0x00, 0x52, 0x00, 0x00, 0x00,
    0x41, 0x00, 0x06, 0x00, 0x29, 0x00, 0x00, 0x00, 0x43, 0x0f, 0x00, 0x00,
    0x25, 0x00, 0x00, 0x00, 0x27, 0x00, 0x00, 0x00, 0x09, 0x0f, 0x00, 0x00,
    0x3d, 0x00, 0x04, 0x00, 0x06, 0x00, 0x00, 0x00, 0x44, 0x0f, 0x00, 0x00,
    0x43, 0x0f, 0x00, 0x00, 0xc2, 0x00, 0x05, 0x00, 0x06, 0x00, 0x00, 0x00,
    0x48, 0x0f, 0x00, 0x00, 0x44, 0x0f, 0x00, 0x00, 0x2f, 0x00, 0x00, 0x00,
    0xc7, 0x00, 0x05, 0x00, 0x06, 0x00, 0x00, 0x00, 0x49, 0x0f, 0x00, 0x00,
    0x48, 0x0f, 0x00, 0x00, 0x31, 0x00, 0x00, 0x00, 0x70, 0x00, 0x04, 0x00,
    0x0c, 0x00, 0x00, 0x00, 0x4a, 0x0f, 0x00, 0x00, 0x49, 0x0f, 0x00, 0x00,
    0xc2, 0x00, 0x05, 0x00, 0x06, 0x00, 0x00, 0x00, 0x4c, 0x0f, 0x00, 0x00,
    0x44, 0x0f, 0x00, 0x00, 0x35, 0x00, 0x00, 0x00, 0xc7, 0x00, 0x05, 0x00,
    0x06, 0x00, 0x00, 0x00, 0x4d, 0x0f, 0x00, 0x00, 0x4c, 0x0f, 0x00, 0x00,
    0x31, 0x00, 0x00, 0x00, 0x70, 0x00, 0x04, 0x00, 0x0c, 0x00, 0x00, 0x00,
    0x4e, 0x0f, 0x00, 0x00, 0x4d, 0x0f, 0x00, 0x00, 0xc7, 0x00, 0x05, 0x00,
    0x06, 0x00, 0x00, 0x00, 0x50, 0x0f, 0x00, 0x00, 0x44, 0x0f, 0x00, 0x00,
    0x31, 0x00, 0x00, 0x00, 0x70, 0x00, 0x04, 0x00, 0x0c, 0x00, 0x00, 0x00,
    0x51, 0x0f, 0x00, 0x00, 0x50, 0x0f, 0x00, 0x00, 0xc2, 0x00, 0x05, 0x00,
    0x06, 0x00, 0x00, 0x00, 0x53, 0x0f, 0x00, 0x00, 0x44, 0x0f, 0x00, 0x00,
    0x3d, 0x00, 0x00, 0x00, 0x70, 0x00, 0x04, 0x00, 0x0c, 0x00, 0x00, 0x00,
    0x54, 0x0f, 0x00, 0x00, 0x53, 0x0f, 0x00, 0x00, 0x50, 0x00, 0x07, 0x00,
    0x0d, 0x00, 0x00, 0x00, 0x55, 0x0f, 0x00, 0x00, 0x4a, 0x0f, 0x00, 0x00,
    0x4e, 0x0f, 0x00, 0x00, 0x51, 0x0f, 0x00, 0x00, 0x54, 0x0f, 0x00, 0x00,
    0x85, 0x00, 0x05, 0x00, 0x0d, 0x00, 0x00, 0x00, 0x57, 0x0f, 0x00, 0x00,
    0x55, 0x0f, 0x00, 0x00, 0xa0, 0x10, 0x00, 0x00, 0xf9, 0x00, 0x02, 0x00,
    0x0d, 0x0f, 0x00, 0x00, 0xf8, 0x00, 0x02, 0x00, 0x0c, 0x0f, 0x00, 0x00,
    0xf9, 0x00, 0x02, 0x00, 0x0d, 0x0f, 0x00, 0x00, 0xf8, 0x00, 0x02, 0x00,
    0x0d, 0x0f, 0x00, 0x00, 0xf5, 0x00, 0x0b, 0x00, 0x0d, 0x00, 0x00, 0x00,
    0x82, 0x10, 0x00, 0x00, 0x87, 0x00, 0x00, 0x00, 0xd5, 0x0e, 0x00, 0x00,
    0x35, 0x0f, 0x00, 0x00, 0xd9, 0x0e, 0x00, 0x00, 0x57, 0x0f, 0x00, 0x00,
    0x07, 0x0f, 0x00, 0x00, 0xc8, 0x00, 0x00, 0x00, 0x0c, 0x0f, 0x00, 0x00,
    0xf9, 0x00, 0x02, 0x00, 0x1f, 0x0d, 0x00, 0x00, 0xf8, 0x00, 0x02, 0x00,
    0xd4, 0x0c, 0x00, 0x00, 0x51, 0x00, 0x05, 0x00, 0x06, 0x00, 0x00, 0x00,
    0xd7, 0x0c, 0x00, 0x00, 0x67, 0x10, 0x00, 0x00, 0x00, 0x00, 0x00, 0x00,
    0x80, 0x00, 0x05, 0x00, 0x06, 0x00, 0x00, 0x00, 0xd8, 0x0c, 0x00, 0x00,
    0x43, 0x0d, 0x00, 0x00, 0xd7, 0x0c, 0x00, 0x00, 0x41, 0x00, 0x06, 0x00,
    0x29, 0x00, 0x00, 0x00, 0x5b, 0x0f, 0x00, 0x00, 0x25, 0x00, 0x00, 0x00,
    0x27, 0x00, 0x00, 0x00, 0xd8, 0x0c, 0x00, 0x00, 0x3d, 0x00, 0x04, 0x00,
    0x06, 0x00, 0x00, 0x00, 0x5c, 0x0f, 0x00, 0x00, 0x5b, 0x0f, 0x00, 0x00,
    0xc2, 0x00, 0x05, 0x00, 0x06, 0x00, 0x00, 0x00, 0xdd, 0x0c, 0x00, 0x00,
    0x5c, 0x0f, 0x00, 0x00, 0x9c, 0x10, 0x00, 0x00, 0xc7, 0x00, 0x05, 0x00,
    0x06, 0x00, 0x00, 0x00, 0xde, 0x0c, 0x00, 0x00, 0xdd, 0x0c, 0x00, 0x00,
    0x3d, 0x02, 0x00, 0x00, 0xaa, 0x00, 0x05, 0x00, 0x81, 0x00, 0x00, 0x00,
    0xe0, 0x0c, 0x00, 0x00, 0xde, 0x0c, 0x00, 0x00, 0x40, 0x02, 0x00, 0x00,
    0xf7, 0x00, 0x03, 0x00, 0x1d, 0x0d, 0x00, 0x00, 0x00, 0x00, 0x00, 0x00,
    0xfa, 0x00, 0x04, 0x00, 0xe0, 0x0c, 0x00, 0x00, 0xe1, 0x0c, 0x00, 0x00,
    0xe2, 0x0c, 0x00, 0x00, 0xf8, 0x00, 0x02, 0x00, 0xe2, 0x0c, 0x00, 0x00,
    0xaa, 0x00, 0x05, 0x00, 0x81, 0x00, 0x00, 0x00, 0xe4, 0x0c, 0x00, 0x00,
    0xde, 0x0c, 0x00, 0x00, 0x46, 0x02, 0x00, 0x00, 0xf7, 0x00, 0x03, 0x00,
    0x1c, 0x0d, 0x00, 0x00, 0x00, 0x00, 0x00, 0x00, 0xfa, 0x00, 0x04, 0x00,
    0xe4, 0x0c, 0x00, 0x00, 0xe5, 0x0c, 0x00, 0x00, 0xea, 0x0c, 0x00, 0x00,
    0xf8, 0x00, 0x02, 0x00, 0xea, 0x0c, 0x00, 0x00, 0xab, 0x00, 0x05, 0x00,
    0x81, 0x00, 0x00, 0x00, 0xec, 0x0c, 0x00, 0x00, 0xde, 0x0c, 0x00, 0x00,
    0x80, 0x00, 0x00, 0x00, 0xb2, 0x00, 0x05, 0x00, 0x81, 0x00, 0x00, 0x00,
    0xee, 0x0c, 0x00, 0x00, 0xde, 0x0c, 0x00, 0x00, 0x54, 0x02, 0x00, 0x00,
    0xa7, 0x00, 0x05, 0x00, 0x81, 0x00, 0x00, 0x00, 0xef, 0x0c, 0x00, 0x00,
    0xec, 0x0c, 0x00, 0x00, 0xee, 0x0c, 0x00, 0x00, 0xf7, 0x00, 0x03, 0x00,
    0x1b, 0x0d, 0x00, 0x00, 0x00, 0x00, 0x00, 0x00, 0xfa, 0x00, 0x04, 0x00,
    0xef, 0x0c, 0x00, 0x00, 0xf0, 0x0c, 0x00, 0x00, 0xf7, 0x0c, 0x00, 0x00,
    0xf8, 0x00, 0x02, 0x00, 0xf7, 0x0c, 0x00, 0x00, 0xf9, 0x00, 0x02, 0x00,
    0x1b, 0x0d, 0x00, 0x00, 0xf8, 0x00, 0x02, 0x00, 0xf0, 0x0c, 0x00, 0x00,
    0x80, 0x00, 0x05, 0x00, 0x06, 0x00, 0x00, 0x00, 0xf3, 0x0c, 0x00, 0x00,
    0x48, 0x0d, 0x00, 0x00, 0xde, 0x0c, 0x00, 0x00, 0x82, 0x00, 0x05, 0x00,
    0x06, 0x00, 0x00, 0x00, 0xf4, 0x0c, 0x00, 0x00, 0xf3, 0x0c, 0x00, 0x00,
    0x52, 0x00, 0x00, 0x00, 0x41, 0x00, 0x06, 0x00, 0x29, 0x00, 0x00, 0x00,
    0x78, 0x0f, 0x00, 0x00, 0x25, 0x00, 0x00, 0x00, 0x27, 0x00, 0x00, 0x00,
    0xf4, 0x0c, 0x00, 0x00, 0x3d, 0x00, 0x04, 0x00, 0x06, 0x00, 0x00, 0x00,
    0x79, 0x0f, 0x00, 0x00, 0x78, 0x0f, 0x00, 0x00, 0xc2, 0x00, 0x05, 0x00,
    0x06, 0x00, 0x00, 0x00, 0x7d, 0x0f, 0x00, 0x00, 0x79, 0x0f, 0x00, 0x00,
    0x2f, 0x00, 0x00, 0x00, 0xc7, 0x00, 0x05, 0x00, 0x06, 0x00, 0x00, 0x00,
    0x7e, 0x0f, 0x00, 0x00, 0x7d, 0x0f, 0x00, 0x00, 0x31, 0x00, 0x00, 0x00,
    0x70, 0x00, 0x04, 0x00, 0x0c, 0x00, 0x00, 0x00, 0x7f, 0x0f, 0x00, 0x00,
    0x7e, 0x0f, 0x00, 0x00, 0xc2, 0x00, 0x05, 0x00, 0x06, 0x00, 0x00, 0x00,
    0x81, 0x0f, 0x00, 0x00, 0x79, 0x0f, 0x00, 0x00, 0x35, 0x00, 0x00, 0x00,
    0xc7, 0x00, 0x05, 0x00, 0x06, 0x00, 0x00, 0x00, 0x82, 0x0f, 0x00, 0x00,
    0x81, 0x0f, 0x00, 0x00, 0x31, 0x00, 0x00, 0x00, 0x70, 0x00, 0x04, 0x00,
    0x0c, 0x00, 0x00, 0x00, 0x83, 0x0f, 0x00, 0x00, 0x82, 0x0f, 0x00, 0x00,
    0xc7, 0x00, 0x05, 0x00, 0x06, 0x00, 0x00, 0x00, 0x85, 0x0f, 0x00, 0x00,
    0x79, 0x0f, 0x00, 0x00, 0x31, 0x00, 0x00, 0x00, 0x70, 0x00, 0x04, 0x00,
    0x0c, 0x00, 0x00, 0x00, 0x86, 0x0f, 0x00, 0x00, 0x85, 0x0f, 0x00, 0x00,
    0xc2, 0x00, 0x05, 0x00, 0x06, 0x00, 0x00, 0x00, 0x88, 0x0f, 0x00, 0x00,
    0x79, 0x0f, 0x00, 0x00, 0x3d, 0x00, 0x00, 0x00, 0x70, 0x00, 0x04, 0x00,
    0x0c, 0x00, 0x00, 0x00, 0x89, 0x0f, 0x00, 0x00, 0x88, 0x0f, 0x00, 0x00,
    0x50, 0x00, 0x07, 0x00, 0x0d, 0x00, 0x00, 0x00, 0x8a, 0x0f, 0x00, 0x00,
    0x7f, 0x0f, 0x00, 0x00, 0x83, 0x0f, 0x00, 0x00, 0x86, 0x0f, 0x00, 0x00,
    0x89, 0x0f, 0x00, 0x00, 0x85, 0x00, 0x05, 0x00, 0x0d, 0x00, 0x00, 0x00,
    0x8c, 0x0f, 0x00, 0x00, 0x8a, 0x0f, 0x00, 0x00, 0xa0, 0x10, 0x00, 0x00,
    0xf9, 0x00, 0x02, 0x00, 0x1b, 0x0d, 0x00, 0x00, 0xf8, 0x00, 0x02, 0x00,
    0x1b, 0x0d, 0x00, 0x00, 0xf5, 0x00, 0x07, 0x00, 0x0d, 0x00, 0x00, 0x00,
    0x72, 0x10, 0x00, 0x00, 0x8c, 0x0f, 0x00, 0x00, 0xf0, 0x0c, 0x00, 0x00,
    0xc8, 0x00, 0x00, 0x00, 0xf7, 0x0c, 0x00, 0x00, 0xf9, 0x00, 0x02, 0x00,
    0x1c, 0x0d, 0x00, 0x00, 0xf8, 0x00, 0x02, 0x00, 0xe5, 0x0c, 0x00, 0x00,
    0x80, 0x00, 0x05, 0x00, 0x06, 0x00, 0x00, 0x00, 0xe7, 0x0c, 0x00, 0x00,
    0x63, 0x10, 0x00, 0x00, 0x52, 0x00, 0x00, 0x00, 0x41, 0x00, 0x06, 0x00,
    0x29, 0x00, 0x00, 0x00, 0x60, 0x0f, 0x00, 0x00, 0x25, 0x00, 0x00, 0x00,
    0x27, 0x00, 0x00, 0x00, 0xe7, 0x0c, 0x00, 0x00, 0x3d, 0x00, 0x04, 0x00,
    0x06, 0x00, 0x00, 0x00, 0x61, 0x0f, 0x00, 0x00, 0x60, 0x0f, 0x00, 0x00,
    0xc2, 0x00, 0x05, 0x00, 0x06, 0x00, 0x00, 0x00, 0x65, 0x0f, 0x00, 0x00,
    0x61, 0x0f, 0x00, 0x00, 0x2f, 0x00, 0x00, 0x00, 0xc7, 0x00, 0x05, 0x00,
    0x06, 0x00, 0x00, 0x00, 0x66, 0x0f, 0x00, 0x00, 0x65, 0x0f, 0x00, 0x00,
    0x31, 0x00, 0x00, 0x00, 0x70, 0x00, 0x04, 0x00, 0x0c, 0x00, 0x00, 0x00,
    0x67, 0x0f, 0x00, 0x00, 0x66, 0x0f, 0x00, 0x00, 0xc2, 0x00, 0x05, 0x00,
    0x06, 0x00, 0x00, 0x00, 0x69, 0x0f, 0x00, 0x00, 0x61, 0x0f, 0x00, 0x00,
    0x35, 0x00, 0x00, 0x00, 0xc7, 0x00, 0x05, 0x00, 0x06, 0x00, 0x00, 0x00,
    0x6a, 0x0f, 0x00, 0x00, 0x69, 0x0f, 0x00, 0x00, 0x31, 0x00, 0x00, 0x00,
    0x70, 0x00, 0x04, 0x00, 0x0c, 0x00, 0x00, 0x00, 0x6b, 0x0f, 0x00, 0x00,
    0x6a, 0x0f, 0x00, 0x00, 0xc7, 0x00, 0x05, 0x00, 0x06, 0x00, 0x00, 0x00,
    0x6d, 0x0f, 0x00, 0x00, 0x61, 0x0f, 0x00, 0x00, 0x31, 0x00, 0x00, 0x00,
    0x70, 0x00, 0x04, 0x00, 0x0c, 0x00, 0x00, 0x00, 0x6e, 0x0f, 0x00, 0x00,
    0x6d, 0x0f, 0x00, 0x00, 0xc2, 0x00, 0x05, 0x00, 0x06, 0x00, 0x00, 0x00,
    0x70, 0x0f, 0x00, 0x00, 0x61, 0x0f, 0x00, 0x00, 0x3d, 0x00, 0x00, 0x00,
    0x70, 0x00, 0x04, 0x00, 0x0c, 0x00, 0x00, 0x00, 0x71, 0x0f, 0x00, 0x00,
    0x70, 0x0f, 0x00, 0x00, 0x50, 0x00, 0x07, 0x00, 0x0d, 0x00, 0x00, 0x00,
    0x72, 0x0f, 0x00, 0x00, 0x67, 0x0f, 0x00, 0x00, 0x6b, 0x0f, 0x00, 0x00,
    0x6e, 0x0f, 0x00, 0x00, 0x71, 0x0f, 0x00, 0x00, 0x85, 0x00, 0x05, 0x00,
    0x0d, 0x00, 0x00, 0x00, 0x74, 0x0f, 0x00, 0x00, 0x72, 0x0f, 0x00, 0x00,
    0xa0, 0x10, 0x00, 0x00, 0xf9, 0x00, 0x02, 0x00, 0x1c, 0x0d, 0x00, 0x00,
    0xf8, 0x00, 0x02, 0x00, 0x1c, 0x0d, 0x00, 0x00, 0xf5, 0x00, 0x07, 0x00,
    0x0d, 0x00, 0x00, 0x00, 0x71, 0x10, 0x00, 0x00, 0x74, 0x0f, 0x00, 0x00,
    0xe5, 0x0c, 0x00, 0x00, 0x72, 0x10, 0x00, 0x00, 0x1b, 0x0d, 0x00, 0x00,
    0xf9, 0x00, 0x02, 0x00, 0x1d, 0x0d, 0x00, 0x00, 0xf8, 0x00, 0x02, 0x00,
    0xe1, 0x0c, 0x00, 0x00, 0xf9, 0x00, 0x02, 0x00, 0x1d, 0x0d, 0x00, 0x00,
    0xf8, 0x00, 0x02, 0x00, 0x1d, 0x0d, 0x00, 0x00, 0xf5, 0x00, 0x07, 0x00,
    0x0d, 0x00, 0x00, 0x00, 0x70, 0x10, 0x00, 0x00, 0x87, 0x00, 0x00, 0x00,
    0xe1, 0x0c, 0x00, 0x00, 0x71, 0x10, 0x00, 0x00, 0x1c, 0x0d, 0x00, 0x00,
    0xf9, 0x00, 0x02, 0x00, 0x1f, 0x0d, 0x00, 0x00, 0xf8, 0x00, 0x02, 0x00,
    0x1f, 0x0d, 0x00, 0x00, 0xf5, 0x00, 0x11, 0x00, 0x0d, 0x00, 0x00, 0x00,
    0x98, 0x10, 0x00, 0x00, 0xc8, 0x00, 0x00, 0x00, 0xc5, 0x0b, 0x00, 0x00,
    0xc8, 0x00, 0x00, 0x00, 0x00, 0x0c, 0x00, 0x00, 0xc8, 0x00, 0x00, 0x00,
    0x0b, 0x0c, 0x00, 0x00, 0x91, 0x10, 0x00, 0x00, 0xf7, 0x0d, 0x00, 0x00,
    0x8b, 0x10, 0x00, 0x00, 0xb9, 0x0c, 0x00, 0x00, 0x82, 0x10, 0x00, 0x00,
    0x0d, 0x0f, 0x00, 0x00, 0x70, 0x10, 0x00, 0x00, 0x1d, 0x0d, 0x00, 0x00,
    0x63, 0x00, 0x04, 0x00, 0xcf, 0x02, 0x00, 0x00, 0xd1, 0x02, 0x00, 0x00,
    0x98, 0x10, 0x00, 0x00, 0xf9, 0x00, 0x02, 0x00, 0xcd, 0x02, 0x00, 0x00,
    0xf8, 0x00, 0x02, 0x00, 0xcd, 0x02, 0x00, 0x00, 0xf9, 0x00, 0x02, 0x00,
    0xd9, 0x02, 0x00, 0x00, 0xf8, 0x00, 0x02, 0x00, 0xd9, 0x02, 0x00, 0x00,
    0xfd, 0x00, 0x01, 0x00, 0x38, 0x00, 0x01, 0x00,
};
static const unsigned int kPpuBgCaptureCompSPVSize = 29948u;

static const unsigned char kPpuBgCaptureCompDXIL[] = {
    0x44, 0x58, 0x42, 0x43, 0x84, 0x6a, 0x55, 0x04, 0xb1, 0x82, 0x36, 0x9c,
    0xf4, 0x0c, 0x8f, 0x78, 0x27, 0xad, 0x7b, 0x11, 0x01, 0x00, 0x00, 0x00,
    0x04, 0x28, 0x00, 0x00, 0x07, 0x00, 0x00, 0x00, 0x3c, 0x00, 0x00, 0x00,
    0x4c, 0x00, 0x00, 0x00, 0x5c, 0x00, 0x00, 0x00, 0x6c, 0x00, 0x00, 0x00,
    0x3c, 0x01, 0x00, 0x00, 0xf4, 0x07, 0x00, 0x00, 0x10, 0x08, 0x00, 0x00,
    0x53, 0x46, 0x49, 0x30, 0x08, 0x00, 0x00, 0x00, 0x00, 0x00, 0x00, 0x00,
    0x00, 0x00, 0x00, 0x00, 0x49, 0x53, 0x47, 0x31, 0x08, 0x00, 0x00, 0x00,
    0x00, 0x00, 0x00, 0x00, 0x08, 0x00, 0x00, 0x00, 0x4f, 0x53, 0x47, 0x31,
    0x08, 0x00, 0x00, 0x00, 0x00, 0x00, 0x00, 0x00, 0x08, 0x00, 0x00, 0x00,
    0x50, 0x53, 0x56, 0x30, 0xc8, 0x00, 0x00, 0x00, 0x34, 0x00, 0x00, 0x00,
    0x00, 0x00, 0x00, 0x00, 0x00, 0x00, 0x00, 0x00, 0x00, 0x00, 0x00, 0x00,
    0x00, 0x00, 0x00, 0x00, 0x00, 0x00, 0x00, 0x00, 0xff, 0xff, 0xff, 0xff,
    0x05, 0x00, 0x00, 0x00, 0x00, 0x00, 0x00, 0x00, 0x00, 0x00, 0x00, 0x00,
    0x08, 0x00, 0x00, 0x00, 0x08, 0x00, 0x00, 0x00, 0x01, 0x00, 0x00, 0x00,
    0x01, 0x00, 0x00, 0x00, 0x05, 0x00, 0x00, 0x00, 0x18, 0x00, 0x00, 0x00,
    0x02, 0x00, 0x00, 0x00, 0x02, 0x00, 0x00, 0x00, 0x00, 0x00, 0x00, 0x00,
    0x00, 0x00, 0x00, 0x00, 0x0d, 0x00, 0x00, 0x00, 0x00, 0x00, 0x00, 0x00,
    0x04, 0x00, 0x00, 0x00, 0x00, 0x00, 0x00, 0x00, 0x00, 0x00, 0x00, 0x00,
    0x00, 0x00, 0x00, 0x00, 0x0b, 0x00, 0x00, 0x00, 0x00, 0x00, 0x00, 0x00,
    0x06, 0x00, 0x00, 0x00, 0x01, 0x00, 0x00, 0x00, 0x00, 0x00, 0x00, 0x00,
    0x00, 0x00, 0x00, 0x00, 0x02, 0x00, 0x00, 0x00, 0x00, 0x00, 0x00, 0x00,
    0x06, 0x00, 0x00, 0x00, 0x01, 0x00, 0x00, 0x00, 0x01, 0x00, 0x00, 0x00,
    0x01, 0x00, 0x00, 0x00, 0x02, 0x00, 0x00, 0x00, 0x00, 0x00, 0x00, 0x00,
    0x06, 0x00, 0x00, 0x00, 0x01, 0x00, 0x00, 0x00, 0x02, 0x00, 0x00, 0x00,
    0x02, 0x00, 0x00, 0x00, 0x02, 0x00, 0x00, 0x00, 0x00, 0x00, 0x00, 0x00,
    0x08, 0x00, 0x00, 0x00, 0x00, 0x6d, 0x61, 0x69, 0x6e, 0x00, 0x00, 0x00,
    0x00, 0x00, 0x00, 0x00, 0x53, 0x54, 0x41, 0x54, 0xb0, 0x06, 0x00, 0x00,
    0x60, 0x00, 0x05, 0x00, 0xac, 0x01, 0x00, 0x00, 0x44, 0x58, 0x49, 0x4c,
    0x00, 0x01, 0x00, 0x00, 0x10, 0x00, 0x00, 0x00, 0x98, 0x06, 0x00, 0x00,
    0x42, 0x43, 0xc0, 0xde, 0x21, 0x0c, 0x00, 0x00, 0xa3, 0x01, 0x00, 0x00,
    0x0b, 0x82, 0x20, 0x00, 0x02, 0x00, 0x00, 0x00, 0x13, 0x00, 0x00, 0x00,
    0x07, 0x81, 0x23, 0x91, 0x41, 0xc8, 0x04, 0x49, 0x06, 0x10, 0x32, 0x39,
    0x92, 0x01, 0x84, 0x0c, 0x25, 0x05, 0x08, 0x19, 0x1e, 0x04, 0x8b, 0x62,
    0x80, 0x14, 0x45, 0x02, 0x42, 0x92, 0x0b, 0x42, 0xa4, 0x10, 0x32, 0x14,
    0x38, 0x08, 0x18, 0x4b, 0x0a, 0x32, 0x52, 0x88, 0x48, 0x90, 0x14, 0x20,
    0x43, 0x46, 0x88, 0xa5, 0x00, 0x19, 0x32, 0x42, 0xe4, 0x48, 0x0e, 0x90,
    0x91, 0x22, 0xc4, 0x50, 0x41, 0x51, 0x81, 0x8c, 0xe1, 0x83, 0xe5, 0x8a,
    0x04, 0x29, 0x46, 0x06, 0x51, 0x18, 0x00, 0x00, 0x08, 0x00, 0x00, 0x00,
    0x1b, 0x8c, 0xe0, 0xff, 0xff, 0xff, 0xff, 0x07, 0x40, 0x02, 0xa8, 0x0d,
    0x84, 0xf0, 0xff, 0xff, 0xff, 0xff, 0x03, 0x20, 0x6d, 0x30, 0x86, 0xff,
    0xff, 0xff, 0xff, 0x1f, 0x00, 0x09, 0xa8, 0x00, 0x49, 0x18, 0x00, 0x00,
    0x03, 0x00, 0x00, 0x00, 0x13, 0x82, 0x60, 0x42, 0x20, 0x4c, 0x08, 0x06,
    0x00, 0x00, 0x00, 0x00, 0x89, 0x20, 0x00, 0x00, 0x3c, 0x00, 0x00, 0x00,
    0x32, 0x22, 0x48, 0x09, 0x20, 0x64, 0x85, 0x04, 0x93, 0x22, 0xa4, 0x84,
    0x04, 0x93, 0x22, 0xe3, 0x84, 0xa1, 0x90, 0x14, 0x12, 0x4c, 0x8a, 0x8c,
    0x0b, 0x84, 0xa4, 0x4c, 0x10, 0x7c, 0x23, 0x00, 0x25, 0x00, 0x14, 0xe6,
    0x08, 0xc0, 0xa0, 0x0c, 0x63, 0x0c, 0x22, 0x73, 0x04, 0x08, 0x99, 0x7b,
    0x86, 0xcb, 0x9f, 0xb0, 0x87, 0x90, 0xfc, 0x10, 0x68, 0x86, 0x85, 0x40,
    0xc1, 0x99, 0x01, 0x28, 0x0b, 0x18, 0x68, 0x8c, 0x91, 0x52, 0x4a, 0x86,
    0xd4, 0x51, 0xc3, 0xe5, 0x4f, 0xd8, 0x43, 0x48, 0x3e, 0xb7, 0x51, 0xc5,
    0x4a, 0x4c, 0x3e, 0x72, 0xdb, 0x88, 0x18, 0x63, 0x8c, 0x42, 0xb0, 0x81,
    0x06, 0xb5, 0x39, 0x82, 0xa0, 0x18, 0x68, 0x98, 0x31, 0x1e, 0xc1, 0x9b,
    0x86, 0xcb, 0x9f, 0xb0, 0x87, 0x90, 0xfc, 0x95, 0x90, 0x56, 0x62, 0xf2,
    0x91, 0xdb, 0x46, 0xc5, 0x18, 0x63, 0x8c, 0x52, 0xc8, 0x81, 0xc6, 0xa0,
    0x39, 0x10, 0x70, 0x98, 0x34, 0x45, 0x94, 0x30, 0xf9, 0x1b, 0x36, 0x11,
    0xda, 0x30, 0x44, 0x84, 0x24, 0x6d, 0x54, 0x51, 0x10, 0x11, 0x0a, 0x06,
    0xd9, 0x61, 0x04, 0x22, 0x99, 0x89, 0x0c, 0xc6, 0x81, 0x1d, 0xc2, 0x61,
    0x1e, 0xe6, 0xc1, 0x0d, 0x64, 0xe1, 0x16, 0x68, 0xa1, 0x1c, 0xf0, 0x81,
    0x1e, 0xea, 0x41, 0x1e, 0xca, 0x41, 0x0e, 0x48, 0x81, 0x0f, 0xec, 0xa1,
    0x1c, 0xc6, 0x81, 0x1e, 0xde, 0x41, 0x1e, 0xf8, 0xc0, 0x1c, 0xd8, 0xe1,
    0x1d, 0xc2, 0x81, 0x1e, 0xd8, 0x00, 0x0c, 0xe8, 0xc0, 0x0f, 0xc0, 0xc0,
    0x0f, 0x50, 0x80, 0x29, 0x0f, 0x23, 0x10, 0xc3, 0x1d, 0x9c, 0xd3, 0x4c,
    0xc4, 0x35, 0xa1, 0x60, 0x13, 0x9f, 0x23, 0x00, 0x05, 0x00, 0x00, 0x00,
    0x13, 0x14, 0x72, 0xc0, 0x87, 0x74, 0x60, 0x87, 0x36, 0x68, 0x87, 0x79,
    0x68, 0x03, 0x72, 0xc0, 0x87, 0x0d, 0xaf, 0x50, 0x0e, 0x6d, 0xd0, 0x0e,
    0x7a, 0x50, 0x0e, 0x6d, 0x00, 0x0f, 0x7a, 0x30, 0x07, 0x72, 0xa0, 0x07,
    0x73, 0x20, 0x07, 0x6d, 0x90, 0x0e, 0x71, 0xa0, 0x07, 0x73, 0x20, 0x07,
    0x6d, 0x90, 0x0e, 0x78, 0xa0, 0x07, 0x73, 0x20, 0x07, 0x6d, 0x90, 0x0e,
    0x71, 0x60, 0x07, 0x7a, 0x30, 0x07, 0x72, 0xd0, 0x06, 0xe9, 0x30, 0x07,
    0x72, 0xa0, 0x07, 0x73, 0x20, 0x07, 0x6d, 0x90, 0x0e, 0x76, 0x40, 0x07,
    0x7a, 0x60, 0x07, 0x74, 0xd0, 0x06, 0xe6, 0x10, 0x07, 0x76, 0xa0, 0x07,
    0x73, 0x20, 0x07, 0x6d, 0x60, 0x0e, 0x73, 0x20, 0x07, 0x7a, 0x30, 0x07,
    0x72, 0xd0, 0x06, 0xe6, 0x60, 0x07, 0x74, 0xa0, 0x07, 0x76, 0x40, 0x07,
    0x6d, 0xe0, 0x0e, 0x78, 0xa0, 0x07, 0x71, 0x60, 0x07, 0x7a, 0x30, 0x07,
    0x72, 0xa0, 0x07, 0x76, 0x40, 0x07, 0x43, 0x9e, 0x00, 0x08, 0x00, 0x00,
    0x00, 0x00, 0x00, 0x00, 0x00, 0x00, 0x00, 0x86, 0x3c, 0x04, 0x10, 0x00,
    0x01, 0x00, 0x00, 0x00, 0x00, 0x00, 0x00, 0x00, 0x0c, 0x79, 0x14, 0x20,
    0x00, 0x04, 0x00, 0x00, 0x00, 0x00, 0x00, 0x00, 0x00, 0x18, 0xf2, 0x34,
    0x40, 0x00, 0x0c, 0x00, 0x00, 0x00, 0x00, 0x00, 0x00, 0x00, 0x30, 0xe4,
    0x81, 0x80, 0x00, 0x18, 0x00, 0x00, 0x00, 0x00, 0x00, 0x00, 0x00, 0x60,
    0xc8, 0x33, 0x01, 0x01, 0x30, 0x00, 0x00, 0x00, 0x00, 0x00, 0x00, 0x00,
    0x40, 0x16, 0x08, 0x00, 0x12, 0x00, 0x00, 0x00, 0x32, 0x1e, 0x98, 0x14,
    0x19, 0x11, 0x4c, 0x90, 0x8c, 0x09, 0x26, 0x47, 0xc6, 0x04, 0x43, 0x1a,
    0x25, 0x30, 0x02, 0x50, 0x0c, 0x65, 0x51, 0x04, 0xc5, 0x51, 0x20, 0x65,
    0x50, 0x0e, 0xa5, 0x50, 0x1a, 0x85, 0x50, 0x10, 0x65, 0x1a, 0x50, 0x80,
    0x03, 0xc5, 0x3c, 0x51, 0xc6, 0x03, 0xc5, 0x1b, 0x50, 0x86, 0x07, 0xf4,
    0x46, 0x00, 0xc8, 0x17, 0x08, 0xe9, 0x19, 0x00, 0xe2, 0x33, 0x00, 0xd4,
    0x67, 0x00, 0xe8, 0xce, 0x00, 0x00, 0x00, 0x00, 0x79, 0x18, 0x00, 0x00,
    0x86, 0x00, 0x00, 0x00, 0x1a, 0x03, 0x4c, 0x90, 0x46, 0x02, 0x13, 0xc4,
    0x8e, 0x0c, 0x6f, 0xec, 0xed, 0x4d, 0x0c, 0x24, 0xc6, 0x25, 0xc7, 0x45,
    0xc6, 0x06, 0x26, 0xc7, 0xa5, 0x06, 0x04, 0x05, 0x26, 0x46, 0xcc, 0x46,
    0x26, 0x8c, 0x8c, 0xe6, 0x26, 0x65, 0x43, 0x10, 0x4c, 0x10, 0x06, 0x63,
    0x82, 0x30, 0x1c, 0x1b, 0x84, 0x81, 0xd8, 0x20, 0x10, 0x04, 0x85, 0xb1,
    0xb9, 0x09, 0xc2, 0x80, 0x6c, 0x18, 0x0e, 0x84, 0x98, 0x20, 0x5c, 0x1e,
    0x0d, 0xb8, 0xb0, 0xb1, 0xb5, 0x32, 0xba, 0x09, 0xc2, 0x90, 0x6c, 0x48,
    0x08, 0x65, 0x21, 0x88, 0x81, 0x21, 0x80, 0x0d, 0x41, 0x33, 0x41, 0xd0,
    0x36, 0x1e, 0x6c, 0x6f, 0x77, 0x42, 0x61, 0x6e, 0x64, 0x13, 0x84, 0x41,
    0x99, 0x20, 0x3c, 0xd9, 0x04, 0x61, 0x58, 0x36, 0x08, 0xc4, 0xb4, 0x61,
    0x21, 0x1e, 0x68, 0x20, 0x86, 0x48, 0x92, 0x24, 0x8a, 0x08, 0x5a, 0xda,
    0x19, 0x9a, 0x50, 0x98, 0x1b, 0xd9, 0x86, 0x65, 0x78, 0xac, 0x61, 0x18,
    0x22, 0x49, 0x92, 0x28, 0x1e, 0x66, 0x61, 0x72, 0x42, 0x61, 0x6e, 0x64,
    0x1b, 0x96, 0xe8, 0xc1, 0x86, 0x68, 0x88, 0x24, 0x49, 0xa2, 0x36, 0x0c,
    0xd5, 0x95, 0x4d, 0x10, 0xba, 0x8e, 0xc7, 0xd0, 0x9b, 0x1b, 0x5d, 0x19,
    0x1e, 0xdd, 0x04, 0x61, 0x60, 0x36, 0x20, 0xc4, 0xc6, 0x45, 0xc4, 0xd0,
    0x01, 0x1b, 0x02, 0x6f, 0x03, 0xe1, 0x68, 0x1f, 0x30, 0x41, 0xe0, 0x38,
    0x3a, 0x73, 0x65, 0x74, 0x74, 0x69, 0x6e, 0x67, 0x73, 0x5f, 0x70, 0x6c,
    0x61, 0x6e, 0x65, 0x13, 0x84, 0xa1, 0x99, 0x20, 0x0c, 0xce, 0x04, 0x61,
    0x78, 0x26, 0x08, 0x03, 0x34, 0x41, 0x18, 0xa2, 0x0d, 0x08, 0x22, 0x06,
    0x63, 0x40, 0x90, 0x41, 0x19, 0x98, 0xc1, 0x19, 0x6c, 0x10, 0x3a, 0x34,
    0xd8, 0x30, 0x10, 0x61, 0x90, 0x06, 0x13, 0x04, 0x01, 0xd8, 0x00, 0x6c,
    0x18, 0x08, 0x36, 0x60, 0x83, 0x0d, 0x41, 0x1b, 0x6c, 0x18, 0x86, 0x35,
    0x70, 0x03, 0x12, 0x6d, 0x61, 0x69, 0x6e, 0x13, 0x04, 0x4f, 0x9b, 0x20,
    0x0c, 0xd2, 0x86, 0x41, 0x0e, 0xe4, 0x60, 0xd8, 0x40, 0x10, 0x71, 0x70,
    0x06, 0x73, 0xb0, 0xa1, 0x58, 0x03, 0x38, 0x00, 0xc0, 0x80, 0x0e, 0x88,
    0x88, 0xc9, 0x85, 0xb9, 0x8d, 0xa1, 0x95, 0xcd, 0x4d, 0x10, 0x86, 0x89,
    0x86, 0x19, 0xdb, 0x5b, 0x18, 0xdd, 0xdc, 0x04, 0x61, 0xa0, 0x58, 0xa4,
    0xb9, 0xcd, 0xd1, 0xcd, 0x4d, 0x10, 0x86, 0x8a, 0x44, 0x9a, 0x1b, 0xdd,
    0xdc, 0x04, 0x61, 0xb0, 0x88, 0xd0, 0x95, 0xe1, 0x7d, 0xb1, 0xbd, 0x85,
    0x91, 0x4d, 0x10, 0x86, 0x8b, 0x09, 0x5d, 0x19, 0xde, 0xd7, 0x1c, 0xdd,
    0x9b, 0x5c, 0x19, 0x8b, 0xba, 0x34, 0x37, 0xba, 0xb9, 0x09, 0xc2, 0x80,
    0x6d, 0x70, 0xec, 0xe0, 0x0e, 0xf0, 0x20, 0x0f, 0xf4, 0x60, 0x0f, 0xf8,
    0xa0, 0x0f, 0xfc, 0xe0, 0x0f, 0x40, 0x61, 0x0c, 0x42, 0x41, 0x14, 0xaa,
    0xb0, 0xb1, 0xd9, 0xb5, 0xb9, 0xa4, 0x91, 0x95, 0xb9, 0xd1, 0x4d, 0x09,
    0x82, 0x2a, 0x64, 0x78, 0x2e, 0x76, 0x65, 0x72, 0x73, 0x69, 0x6f, 0x6e,
    0x53, 0x02, 0xa2, 0x09, 0x19, 0x9e, 0x8b, 0x5d, 0x18, 0x9b, 0x5d, 0x99,
    0xdc, 0x94, 0xa0, 0xa8, 0x43, 0x86, 0xe7, 0x32, 0x87, 0x16, 0x46, 0x56,
    0x26, 0xd7, 0xf4, 0x46, 0x56, 0xc6, 0x36, 0x25, 0x40, 0xca, 0x90, 0xe1,
    0xb9, 0xc8, 0x95, 0xcd, 0xbd, 0xd5, 0xc9, 0x8d, 0x95, 0xcd, 0x4d, 0x09,
    0xbe, 0x4a, 0x64, 0x78, 0x2e, 0x74, 0x79, 0x70, 0x65, 0x41, 0x6e, 0x6e,
    0x6f, 0x74, 0x61, 0x74, 0x69, 0x6f, 0x6e, 0x73, 0x53, 0x84, 0x34, 0x70,
    0x83, 0x3a, 0x64, 0x78, 0x2e, 0x65, 0x6e, 0x74, 0x72, 0x79, 0x50, 0x6f,
    0x69, 0x6e, 0x74, 0x73, 0x53, 0x02, 0x3a, 0xe8, 0x42, 0x86, 0xe7, 0x32,
    0xf6, 0x56, 0xe7, 0x46, 0x57, 0x26, 0x37, 0x37, 0x25, 0x10, 0x05, 0x00,
    0x79, 0x18, 0x00, 0x00, 0x51, 0x00, 0x00, 0x00, 0x33, 0x08, 0x80, 0x1c,
    0xc4, 0xe1, 0x1c, 0x66, 0x14, 0x01, 0x3d, 0x88, 0x43, 0x38, 0x84, 0xc3,
    0x8c, 0x42, 0x80, 0x07, 0x79, 0x78, 0x07, 0x73, 0x98, 0x71, 0x0c, 0xe6,
    0x00, 0x0f, 0xed, 0x10, 0x0e, 0xf4, 0x80, 0x0e, 0x33, 0x0c, 0x42, 0x1e,
    0xc2, 0xc1, 0x1d, 0xce, 0xa1, 0x1c, 0x66, 0x30, 0x05, 0x3d, 0x88, 0x43,
    0x38, 0x84, 0x83, 0x1b, 0xcc, 0x03, 0x3d, 0xc8, 0x43, 0x3d, 0x8c, 0x03,
    0x3d, 0xcc, 0x78, 0x8c, 0x74, 0x70, 0x07, 0x7b, 0x08, 0x07, 0x79, 0x48,
    0x87, 0x70, 0x70, 0x07, 0x7a, 0x70, 0x03, 0x76, 0x78, 0x87, 0x70, 0x20,
    0x87, 0x19, 0xcc, 0x11, 0x0e, 0xec, 0x90, 0x0e, 0xe1, 0x30, 0x0f, 0x6e,
    0x30, 0x0f, 0xe3, 0xf0, 0x0e, 0xf0, 0x50, 0x0e, 0x33, 0x10, 0xc4, 0x1d,
    0xde, 0x21, 0x1c, 0xd8, 0x21, 0x1d, 0xc2, 0x61, 0x1e, 0x66, 0x30, 0x89,
    0x3b, 0xbc, 0x83, 0x3b, 0xd0, 0x43, 0x39, 0xb4, 0x03, 0x3c, 0xbc, 0x83,
    0x3c, 0x84, 0x03, 0x3b, 0xcc, 0xf0, 0x14, 0x76, 0x60, 0x07, 0x7b, 0x68,
    0x07, 0x37, 0x68, 0x87, 0x72, 0x68, 0x07, 0x37, 0x80, 0x87, 0x70, 0x90,
    0x87, 0x70, 0x60, 0x07, 0x76, 0x28, 0x07, 0x76, 0xf8, 0x05, 0x76, 0x78,
    0x87, 0x77, 0x80, 0x87, 0x5f, 0x08, 0x87, 0x71, 0x18, 0x87, 0x72, 0x98,
    0x87, 0x79, 0x98, 0x81, 0x2c, 0xee, 0xf0, 0x0e, 0xee, 0xe0, 0x0e, 0xf5,
    0xc0, 0x0e, 0xec, 0x30, 0x03, 0x62, 0xc8, 0xa1, 0x1c, 0xe4, 0xa1, 0x1c,
    0xcc, 0xa1, 0x1c, 0xe4, 0xa1, 0x1c, 0xdc, 0x61, 0x1c, 0xca, 0x21, 0x1c,
    0xc4, 0x81, 0x1d, 0xca, 0x61, 0x06, 0xd6, 0x90, 0x43, 0x39, 0xc8, 0x43,
    0x39, 0x98, 0x43, 0x39, 0xc8, 0x43, 0x39, 0xb8, 0xc3, 0x38, 0x94, 0x43,
    0x38, 0x88, 0x03, 0x3b, 0x94, 0xc3, 0x2f, 0xbc, 0x83, 0x3c, 0xfc, 0x82,
    0x3b, 0xd4, 0x03, 0x3b, 0xb0, 0xc3, 0x0c, 0xc4, 0x21, 0x07, 0x7c, 0x70,
    0x03, 0x7a, 0x28, 0x87, 0x76, 0x80, 0x87, 0x19, 0xd1, 0x43, 0x0e, 0xf8,
    0xe0, 0x06, 0xe4, 0x20, 0x0e, 0xe7, 0xe0, 0x06, 0xf6, 0x10, 0x0e, 0xf2,
    0xc0, 0x0e, 0xe1, 0x90, 0x0f, 0xef, 0x50, 0x0f, 0xf4, 0x30, 0x83, 0x81,
    0xc8, 0x01, 0x1f, 0xdc, 0x40, 0x1c, 0xe4, 0xa1, 0x1c, 0xc2, 0x61, 0x1d,
    0xdc, 0x40, 0x1c, 0xe4, 0x01, 0x00, 0x00, 0x00, 0x71, 0x20, 0x00, 0x00,
    0x18, 0x00, 0x00, 0x00, 0x56, 0x40, 0x0d, 0x97, 0xef, 0x3c, 0x7e, 0x40,
    0x15, 0x05, 0x11, 0x95, 0x0e, 0x30, 0xf8, 0xc8, 0x6d, 0xdb, 0xc0, 0x36,
    0x5c, 0xbe, 0xf3, 0xf8, 0x42, 0x40, 0x15, 0x05, 0x11, 0x95, 0x0e, 0x30,
    0x94, 0x84, 0x01, 0x08, 0x98, 0x8f, 0xdc, 0xb6, 0x11, 0x48, 0xc3, 0xe5,
    0x3b, 0x8f, 0x2f, 0x44, 0x04, 0x30, 0x11, 0x21, 0xd0, 0x0c, 0x0b, 0x61,
    0x02, 0xd6, 0x70, 0xf9, 0xce, 0xe3, 0x4f, 0xc4, 0x35, 0x51, 0x11, 0xc1,
    0x4e, 0x4e, 0x44, 0xf8, 0xc5, 0x6d, 0x5b, 0x80, 0x34, 0x5c, 0xbe, 0xf3,
    0xf8, 0xd3, 0x11, 0x11, 0xc0, 0x20, 0x0e, 0x3e, 0x72, 0xdb, 0x06, 0x40,
    0x30, 0x00, 0xd2, 0x00, 0x00, 0x00, 0x00, 0x00, 0x48, 0x41, 0x53, 0x48,
    0x14, 0x00, 0x00, 0x00, 0x00, 0x00, 0x00, 0x00, 0x4f, 0x84, 0x0a, 0x59,
    0x1e, 0x68, 0xed, 0x40, 0xd4, 0xe0, 0x2f, 0x1e, 0x5f, 0x19, 0xc1, 0x46,
    0x44, 0x58, 0x49, 0x4c, 0xec, 0x1f, 0x00, 0x00, 0x60, 0x00, 0x05, 0x00,
    0xfb, 0x07, 0x00, 0x00, 0x44, 0x58, 0x49, 0x4c, 0x00, 0x01, 0x00, 0x00,
    0x10, 0x00, 0x00, 0x00, 0xd4, 0x1f, 0x00, 0x00, 0x42, 0x43, 0xc0, 0xde,
    0x21, 0x0c, 0x00, 0x00, 0xf2, 0x07, 0x00, 0x00, 0x0b, 0x82, 0x20, 0x00,
    0x02, 0x00, 0x00, 0x00, 0x13, 0x00, 0x00, 0x00, 0x07, 0x81, 0x23, 0x91,
    0x41, 0xc8, 0x04, 0x49, 0x06, 0x10, 0x32, 0x39, 0x92, 0x01, 0x84, 0x0c,
    0x25, 0x05, 0x08, 0x19, 0x1e, 0x04, 0x8b, 0x62, 0x80, 0x18, 0x45, 0x02,
    0x42, 0x92, 0x0b, 0x42, 0xc4, 0x10, 0x32, 0x14, 0x38, 0x08, 0x18, 0x4b,
    0x0a, 0x32, 0x62, 0x88, 0x48, 0x90, 0x14, 0x20, 0x43, 0x46, 0x88, 0xa5,
    0x00, 0x19, 0x32, 0x42, 0xe4, 0x48, 0x0e, 0x90, 0x11, 0x23, 0xc4, 0x50,
    0x41, 0x51, 0x81, 0x8c, 0xe1, 0x83, 0xe5, 0x8a, 0x04, 0x31, 0x46, 0x06,
    0x51, 0x18, 0x00, 0x00, 0x08, 0x00, 0x00, 0x00, 0x1b, 0x8c, 0xe0, 0xff,
    0xff, 0xff, 0xff, 0x07, 0x40, 0x02, 0xa8, 0x0d, 0x84, 0xf0, 0xff, 0xff,
    0xff, 0xff, 0x03, 0x20, 0x6d, 0x30, 0x86, 0xff, 0xff, 0xff, 0xff, 0x1f,
    0x00, 0x09, 0xa8, 0x00, 0x49, 0x18, 0x00, 0x00, 0x03, 0x00, 0x00, 0x00,
    0x13, 0x82, 0x60, 0x42, 0x20, 0x4c, 0x08, 0x06, 0x00, 0x00, 0x00, 0x00,
    0x89, 0x20, 0x00, 0x00, 0x3e, 0x00, 0x00, 0x00, 0x32, 0x22, 0x88, 0x09,
    0x20, 0x64, 0x85, 0x04, 0x13, 0x23, 0xa4, 0x84, 0x04, 0x13, 0x23, 0xe3,
    0x84, 0xa1, 0x90, 0x14, 0x12, 0x4c, 0x8c, 0x8c, 0x0b, 0x84, 0xc4, 0x4c,
    0x10, 0x80, 0xc1, 0x08, 0x40, 0x09, 0x00, 0x0a, 0xe6, 0x08, 0xc0, 0xa0,
    0x0c, 0xc3, 0x30, 0x10, 0x31, 0x47, 0x80, 0x90, 0x71, 0xcf, 0x70, 0xf9,
    0x13, 0xf6, 0x10, 0x92, 0x1f, 0x02, 0xcd, 0xb0, 0x10, 0x28, 0x38, 0x66,
    0x00, 0xca, 0x02, 0x0c, 0xc8, 0x30, 0x0c, 0x49, 0x92, 0x24, 0x06, 0x29,
    0x47, 0x0d, 0x97, 0x3f, 0x61, 0x0f, 0x21, 0xf9, 0xdc, 0x46, 0x15, 0x2b,
    0x31, 0xf9, 0xc8, 0x6d, 0x23, 0x62, 0x18, 0x86, 0xa1, 0x10, 0xcc, 0x80,
    0x0c, 0xd4, 0xcc, 0x11, 0x04, 0xc5, 0x40, 0x06, 0x63, 0x18, 0x1e, 0x82,
    0x6e, 0x1a, 0x2e, 0x7f, 0xc2, 0x1e, 0x42, 0xf2, 0x57, 0x42, 0x5a, 0x89,
    0xc9, 0x47, 0x6e, 0x1b, 0x15, 0xc3, 0x30, 0x0c, 0x43, 0x29, 0xa4, 0x01,
    0x19, 0x06, 0x9a, 0x06, 0x02, 0x0e, 0x93, 0xa6, 0x88, 0x12, 0x26, 0x7f,
    0xc3, 0x26, 0x42, 0x1b, 0x86, 0x88, 0x90, 0xa4, 0x8d, 0x2a, 0x0a, 0x22,
    0x42, 0xc1, 0x40, 0xd6, 0x30, 0x02, 0x91, 0xcc, 0x44, 0x06, 0xe3, 0xc0,
    0x0e, 0xe1, 0x30, 0x0f, 0xf3, 0xe0, 0x06, 0xb2, 0x70, 0x0b, 0xb4, 0x50,
    0x0e, 0xf8, 0x40, 0x0f, 0xf5, 0x20, 0x0f, 0xe5, 0x20, 0x07, 0xa4, 0xc0,
    0x07, 0xf6, 0x50, 0x0e, 0xe3, 0x40, 0x0f, 0xef, 0x20, 0x0f, 0x7c, 0x60,
    0x0e, 0xec, 0xf0, 0x0e, 0xe1, 0x40, 0x0f, 0x6c, 0x00, 0x06, 0x74, 0xe0,
    0x07, 0x60, 0xe0, 0x07, 0x28, 0xc0, 0x28, 0x1b, 0x46, 0x20, 0x86, 0x3b,
    0x38, 0xa7, 0x99, 0x88, 0x6b, 0x42, 0xc1, 0x46, 0xdc, 0x1c, 0x01, 0x28,
    0x4c, 0x01, 0x00, 0x00, 0x13, 0x14, 0x72, 0xc0, 0x87, 0x74, 0x60, 0x87,
    0x36, 0x68, 0x87, 0x79, 0x68, 0x03, 0x72, 0xc0, 0x87, 0x0d, 0xaf, 0x50,
    0x0e, 0x6d, 0xd0, 0x0e, 0x7a, 0x50, 0x0e, 0x6d, 0x00, 0x0f, 0x7a, 0x30,
    0x07, 0x72, 0xa0, 0x07, 0x73, 0x20, 0x07, 0x6d, 0x90, 0x0e, 0x71, 0xa0,
    0x07, 0x73, 0x20, 0x07, 0x6d, 0x90, 0x0e, 0x78, 0xa0, 0x07, 0x73, 0x20,
    0x07, 0x6d, 0x90, 0x0e, 0x71, 0x60, 0x07, 0x7a, 0x30, 0x07, 0x72, 0xd0,
    0x06, 0xe9, 0x30, 0x07, 0x72, 0xa0, 0x07, 0x73, 0x20, 0x07, 0x6d, 0x90,
    0x0e, 0x76, 0x40, 0x07, 0x7a, 0x60, 0x07, 0x74, 0xd0, 0x06, 0xe6, 0x10,
    0x07, 0x76, 0xa0, 0x07, 0x73, 0x20, 0x07, 0x6d, 0x60, 0x0e, 0x73, 0x20,
    0x07, 0x7a, 0x30, 0x07, 0x72, 0xd0, 0x06, 0xe6, 0x60, 0x07, 0x74, 0xa0,
    0x07, 0x76, 0x40, 0x07, 0x6d, 0xe0, 0x0e, 0x78, 0xa0, 0x07, 0x71, 0x60,
    0x07, 0x7a, 0x30, 0x07, 0x72, 0xa0, 0x07, 0x76, 0x40, 0x07, 0x43, 0x9e,
    0x00, 0x00, 0x00, 0x00, 0x00, 0x00, 0x00, 0x00, 0x00, 0x00, 0x00, 0x86,
    0x3c, 0x04, 0x10, 0x00, 0x01, 0x00, 0x00, 0x00, 0x00, 0x00, 0x00, 0x00,
    0x0c, 0x79, 0x14, 0x20, 0x00, 0x04, 0x00, 0x00, 0x00, 0x00, 0x00, 0x00,
    0x00, 0x18, 0xf2, 0x34, 0x40, 0x00, 0x0c, 0x00, 0x00, 0x00, 0x00, 0x00,
    0x00, 0x00, 0x30, 0xe4, 0x81, 0x80, 0x00, 0x18, 0x00, 0x00, 0x00, 0x00,
    0x00, 0x00, 0x00, 0x60, 0xc8, 0x33, 0x01, 0x01, 0x30, 0x00, 0x00, 0x00,
    0x00, 0x00, 0x00, 0x00, 0x40, 0x16, 0x08, 0x00, 0x0c, 0x00, 0x00, 0x00,
    0x32, 0x1e, 0x98, 0x14, 0x19, 0x11, 0x4c, 0x90, 0x8c, 0x09, 0x26, 0x47,
    0xc6, 0x04, 0x43, 0x1a, 0x4a, 0x60, 0x04, 0xa0, 0x24, 0x8a, 0xa1, 0x2c,
    0x8a, 0xa0, 0x38, 0x0a, 0xa4, 0x10, 0x0a, 0x82, 0x9e, 0x11, 0x00, 0xf2,
    0x0a, 0x84, 0xb4, 0x19, 0x00, 0xea, 0x66, 0x00, 0xe8, 0x9a, 0x01, 0x00,
    0x79, 0x18, 0x00, 0x00, 0x49, 0x00, 0x00, 0x00, 0x1a, 0x03, 0x4c, 0x90,
    0x46, 0x02, 0x13, 0xc4, 0x8e, 0x0c, 0x6f, 0xec, 0xed, 0x4d, 0x0c, 0x24,
    0xc6, 0x25, 0xc7, 0x45, 0xc6, 0x06, 0x26, 0xc7, 0xa5, 0x06, 0x04, 0x05,
    0x26, 0x46, 0xcc, 0x46, 0x26, 0x8c, 0x8c, 0xe6, 0x26, 0x65, 0x43, 0x10,
    0x4c, 0x10, 0x06, 0x63, 0x82, 0x30, 0x1c, 0x1b, 0x84, 0x81, 0x98, 0x20,
    0x0c, 0xc8, 0x06, 0x61, 0x30, 0x28, 0x8c, 0xcd, 0x4d, 0x10, 0x86, 0x64,
    0xc3, 0x80, 0x24, 0xc4, 0x04, 0xe1, 0xa2, 0x08, 0x4c, 0x10, 0x06, 0x65,
    0x43, 0x42, 0x2c, 0x0c, 0x41, 0x0c, 0x0d, 0x01, 0x6c, 0x08, 0x9c, 0x09,
    0x82, 0x26, 0x4d, 0x10, 0x86, 0x65, 0x82, 0xf0, 0x40, 0x13, 0x84, 0x81,
    0xd9, 0x20, 0x10, 0xd3, 0x86, 0x85, 0x80, 0x98, 0x81, 0x18, 0x22, 0x49,
    0x92, 0xa8, 0x0d, 0xcb, 0x00, 0x31, 0xc3, 0x30, 0x44, 0x92, 0x24, 0x51,
    0x1b, 0x96, 0x08, 0x62, 0x86, 0x68, 0x88, 0x24, 0x49, 0xa2, 0x36, 0x0c,
    0x95, 0x75, 0x4d, 0x10, 0xba, 0x69, 0x82, 0x30, 0x34, 0x1b, 0x10, 0x22,
    0x63, 0x22, 0x62, 0xd0, 0x80, 0x0d, 0xc1, 0xb6, 0x81, 0x78, 0x30, 0x0e,
    0x98, 0x20, 0x08, 0x00, 0x89, 0xb6, 0xb0, 0x34, 0xb7, 0x09, 0x82, 0x17,
    0x4d, 0x10, 0x06, 0x67, 0x82, 0x30, 0x3c, 0x1b, 0x06, 0x31, 0x10, 0x83,
    0x61, 0x03, 0x41, 0x80, 0x41, 0x18, 0x8c, 0xc1, 0x86, 0xc2, 0xfb, 0x80,
    0x8e, 0x0c, 0xaa, 0xb0, 0xb1, 0xd9, 0xb5, 0xb9, 0xa4, 0x91, 0x95, 0xb9,
    0xd1, 0x4d, 0x09, 0x82, 0x2a, 0x64, 0x78, 0x2e, 0x76, 0x65, 0x72, 0x73,
    0x69, 0x6f, 0x6e, 0x53, 0x02, 0xa2, 0x09, 0x19, 0x9e, 0x8b, 0x5d, 0x18,
    0x9b, 0x5d, 0x99, 0xdc, 0x94, 0xc0, 0xa8, 0x43, 0x86, 0xe7, 0x32, 0x87,
    0x16, 0x46, 0x56, 0x26, 0xd7, 0xf4, 0x46, 0x56, 0xc6, 0x36, 0x25, 0x48,
    0xca, 0x90, 0xe1, 0xb9, 0xc8, 0x95, 0xcd, 0xbd, 0xd5, 0xc9, 0x8d, 0x95,
    0xcd, 0x4d, 0x09, 0xb8, 0x3a, 0x64, 0x78, 0x2e, 0x65, 0x6e, 0x74, 0x72,
    0x79, 0x50, 0x6f, 0x69, 0x6e, 0x74, 0x73, 0x53, 0x02, 0x32, 0x00, 0x00,
    0x79, 0x18, 0x00, 0x00, 0x51, 0x00, 0x00, 0x00, 0x33, 0x08, 0x80, 0x1c,
    0xc4, 0xe1, 0x1c, 0x66, 0x14, 0x01, 0x3d, 0x88, 0x43, 0x38, 0x84, 0xc3,
    0x8c, 0x42, 0x80, 0x07, 0x79, 0x78, 0x07, 0x73, 0x98, 0x71, 0x0c, 0xe6,
    0x00, 0x0f, 0xed, 0x10, 0x0e, 0xf4, 0x80, 0x0e, 0x33, 0x0c, 0x42, 0x1e,
    0xc2, 0xc1, 0x1d, 0xce, 0xa1, 0x1c, 0x66, 0x30, 0x05, 0x3d, 0x88, 0x43,
    0x38, 0x84, 0x83, 0x1b, 0xcc, 0x03, 0x3d, 0xc8, 0x43, 0x3d, 0x8c, 0x03,
    0x3d, 0xcc, 0x78, 0x8c, 0x74, 0x70, 0x07, 0x7b, 0x08, 0x07, 0x79, 0x48,
    0x87, 0x70, 0x70, 0x07, 0x7a, 0x70, 0x03, 0x76, 0x78, 0x87, 0x70, 0x20,
    0x87, 0x19, 0xcc, 0x11, 0x0e, 0xec, 0x90, 0x0e, 0xe1, 0x30, 0x0f, 0x6e,
    0x30, 0x0f, 0xe3, 0xf0, 0x0e, 0xf0, 0x50, 0x0e, 0x33, 0x10, 0xc4, 0x1d,
    0xde, 0x21, 0x1c, 0xd8, 0x21, 0x1d, 0xc2, 0x61, 0x1e, 0x66, 0x30, 0x89,
    0x3b, 0xbc, 0x83, 0x3b, 0xd0, 0x43, 0x39, 0xb4, 0x03, 0x3c, 0xbc, 0x83,
    0x3c, 0x84, 0x03, 0x3b, 0xcc, 0xf0, 0x14, 0x76, 0x60, 0x07, 0x7b, 0x68,
    0x07, 0x37, 0x68, 0x87, 0x72, 0x68, 0x07, 0x37, 0x80, 0x87, 0x70, 0x90,
    0x87, 0x70, 0x60, 0x07, 0x76, 0x28, 0x07, 0x76, 0xf8, 0x05, 0x76, 0x78,
    0x87, 0x77, 0x80, 0x87, 0x5f, 0x08, 0x87, 0x71, 0x18, 0x87, 0x72, 0x98,
    0x87, 0x79, 0x98, 0x81, 0x2c, 0xee, 0xf0, 0x0e, 0xee, 0xe0, 0x0e, 0xf5,
    0xc0, 0x0e, 0xec, 0x30, 0x03, 0x62, 0xc8, 0xa1, 0x1c, 0xe4, 0xa1, 0x1c,
    0xcc, 0xa1, 0x1c, 0xe4, 0xa1, 0x1c, 0xdc, 0x61, 0x1c, 0xca, 0x21, 0x1c,
    0xc4, 0x81, 0x1d, 0xca, 0x61, 0x06, 0xd6, 0x90, 0x43, 0x39, 0xc8, 0x43,
    0x39, 0x98, 0x43, 0x39, 0xc8, 0x43, 0x39, 0xb8, 0xc3, 0x38, 0x94, 0x43,
    0x38, 0x88, 0x03, 0x3b, 0x94, 0xc3, 0x2f, 0xbc, 0x83, 0x3c, 0xfc, 0x82,
    0x3b, 0xd4, 0x03, 0x3b, 0xb0, 0xc3, 0x0c, 0xc4, 0x21, 0x07, 0x7c, 0x70,
    0x03, 0x7a, 0x28, 0x87, 0x76, 0x80, 0x87, 0x19, 0xd1, 0x43, 0x0e, 0xf8,
    0xe0, 0x06, 0xe4, 0x20, 0x0e, 0xe7, 0xe0, 0x06, 0xf6, 0x10, 0x0e, 0xf2,
    0xc0, 0x0e, 0xe1, 0x90, 0x0f, 0xef, 0x50, 0x0f, 0xf4, 0x30, 0x83, 0x81,
    0xc8, 0x01, 0x1f, 0xdc, 0x40, 0x1c, 0xe4, 0xa1, 0x1c, 0xc2, 0x61, 0x1d,
    0xdc, 0x40, 0x1c, 0xe4, 0x01, 0x00, 0x00, 0x00, 0x71, 0x20, 0x00, 0x00,
    0x18, 0x00, 0x00, 0x00, 0x56, 0x40, 0x0d, 0x97, 0xef, 0x3c, 0x7e, 0x40,
    0x15, 0x05, 0x11, 0x95, 0x0e, 0x30, 0xf8, 0xc8, 0x6d, 0xdb, 0xc0, 0x36,
    0x5c, 0xbe, 0xf3, 0xf8, 0x42, 0x40, 0x15, 0x05, 0x11, 0x95, 0x0e, 0x30,
    0x94, 0x84, 0x01, 0x08, 0x98, 0x8f, 0xdc, 0xb6, 0x11, 0x48, 0xc3, 0xe5,
    0x3b, 0x8f, 0x2f, 0x44, 0x04, 0x30, 0x11, 0x21, 0xd0, 0x0c, 0x0b, 0x61,
    0x02, 0xd6, 0x70, 0xf9, 0xce, 0xe3, 0x4f, 0xc4, 0x35, 0x51, 0x11, 0xc1,
    0x4e, 0x4e, 0x44, 0xf8, 0xc5, 0x6d, 0x5b, 0x80, 0x34, 0x5c, 0xbe, 0xf3,
    0xf8, 0xd3, 0x11, 0x11, 0xc0, 0x20, 0x0e, 0x3e, 0x72, 0xdb, 0x06, 0x40,
    0x30, 0x00, 0xd2, 0x00, 0x61, 0x20, 0x00, 0x00, 0x8e, 0x06, 0x00, 0x00,
    0x13, 0x04, 0x23, 0x11, 0x0b, 0x04, 0x00, 0x00, 0x17, 0x00, 0x00, 0x00,
    0x34, 0xcc, 0x00, 0x14, 0x62, 0x40, 0xf9, 0x0f, 0x14, 0x4c, 0x39, 0x94,
    0x41, 0xa1, 0x94, 0x4a, 0x61, 0x14, 0x70, 0x41, 0x01, 0x2a, 0x94, 0x5c,
    0xe1, 0x14, 0x50, 0x29, 0x14, 0x58, 0xf9, 0xff, 0x1f, 0x14, 0x5a, 0x81,
    0x07, 0x94, 0xff, 0x41, 0x09, 0x12, 0x14, 0x21, 0x41, 0x0d, 0x14, 0x20,
    0x41, 0x25, 0x94, 0x61, 0x40, 0xe9, 0x06, 0x94, 0x5d, 0x0d, 0xe2, 0xff,
    0xff, 0x3f, 0x14, 0x09, 0x19, 0x25, 0x50, 0x1e, 0x23, 0x00, 0x45, 0x40,
    0x4f, 0x0d, 0x50, 0x32, 0x46, 0x10, 0x92, 0x60, 0x88, 0x77, 0x63, 0x04,
    0x20, 0x08, 0x82, 0xf8, 0x37, 0x02, 0x00, 0x00, 0x23, 0x06, 0x09, 0x00,
    0x82, 0x60, 0x00, 0xdd, 0xc1, 0x86, 0xc0, 0x01, 0x1c, 0xac, 0xc1, 0x88,
    0x41, 0x02, 0x80, 0x20, 0x18, 0x40, 0x78, 0xc0, 0x25, 0x76, 0x60, 0x07,
    0x6c, 0x30, 0x62, 0x90, 0x00, 0x20, 0x08, 0x06, 0x50, 0x1e, 0x74, 0x8a,
    0x1d, 0xd8, 0x41, 0x1b, 0x8c, 0x18, 0x24, 0x00, 0x08, 0x82, 0x01, 0xa4,
    0x07, 0x5e, 0x72, 0x07, 0x77, 0xe0, 0x06, 0x23, 0x06, 0x09, 0x00, 0x82,
    0x60, 0x00, 0xed, 0xc1, 0x97, 0xe0, 0x01, 0x1e, 0xbc, 0xc1, 0x88, 0x81,
    0x01, 0x80, 0x20, 0x18, 0x10, 0x7f, 0x10, 0xe5, 0xc1, 0x88, 0x81, 0x01,
    0x80, 0x20, 0x18, 0x10, 0xa0, 0x20, 0xed, 0xc1, 0x88, 0xc1, 0x01, 0x80,
    0x20, 0x18, 0x34, 0x7f, 0x20, 0x0d, 0x7b, 0x30, 0x9a, 0x10, 0x08, 0xc3,
    0x0d, 0x44, 0x30, 0x06, 0xa3, 0x09, 0xc3, 0x30, 0xdc, 0x50, 0x04, 0x63,
    0x50, 0x43, 0xb0, 0xb3, 0x0c, 0x22, 0x11, 0x04, 0xa3, 0x09, 0x06, 0x30,
    0x9a, 0x70, 0x04, 0x15, 0x90, 0x82, 0x0e, 0x37, 0x04, 0xa4, 0x00, 0x06,
    0xb3, 0x0c, 0x7c, 0x20, 0x04, 0xc3, 0x0d, 0x44, 0x28, 0x80, 0xc1, 0x74,
    0x03, 0x28, 0x98, 0x42, 0x30, 0x62, 0x80, 0x00, 0x20, 0x08, 0x06, 0x53,
    0x2a, 0xe0, 0x01, 0x14, 0xe4, 0xc1, 0x68, 0x42, 0x00, 0x0c, 0x37, 0x40,
    0x01, 0x19, 0xcc, 0x32, 0x0c, 0x44, 0x30, 0xdd, 0x60, 0x07, 0xa3, 0x50,
    0x8c, 0x18, 0x20, 0x00, 0x08, 0x82, 0xc1, 0xd4, 0x0a, 0x7c, 0x40, 0x05,
    0x7d, 0x30, 0x9a, 0x10, 0x00, 0xc3, 0x0d, 0x53, 0x30, 0x06, 0xb3, 0x04,
    0xc4, 0x40, 0xc5, 0x23, 0x0c, 0x7c, 0x20, 0xcc, 0x32, 0xec, 0x41, 0x11,
    0x94, 0x83, 0x07, 0x52, 0x81, 0x05, 0x15, 0xf8, 0xc1, 0x55, 0xa0, 0x0a,
    0x30, 0xcb, 0x60, 0x20, 0x4e, 0x0d, 0x77, 0x70, 0x15, 0xdc, 0x01, 0x8c,
    0x18, 0x20, 0x00, 0x08, 0x82, 0xc1, 0x74, 0x0b, 0xa6, 0xe0, 0x05, 0xa7,
    0x30, 0x9a, 0x10, 0x00, 0x15, 0xe4, 0x81, 0x0e, 0x37, 0x7c, 0xc1, 0x18,
    0xd4, 0x30, 0x0b, 0x38, 0xdc, 0x10, 0x06, 0x01, 0x19, 0xd4, 0x10, 0xe8,
    0x2c, 0xc3, 0x81, 0x04, 0x95, 0xf4, 0x01, 0x8c, 0x18, 0x20, 0x00, 0x08,
    0x82, 0xc1, 0xf4, 0x0b, 0xae, 0x60, 0x06, 0xc1, 0x2b, 0x8c, 0x26, 0x04,
    0x80, 0x05, 0x66, 0x00, 0x82, 0x11, 0x03, 0x04, 0x00, 0x41, 0x30, 0x98,
    0xc4, 0x21, 0x16, 0xd2, 0xe0, 0x15, 0x64, 0x61, 0x34, 0x21, 0x00, 0x6a,
    0x50, 0x85, 0x2a, 0x62, 0x15, 0xa6, 0x86, 0x56, 0x90, 0x0a, 0x04, 0xa8,
    0x60, 0x16, 0xae, 0x82, 0x5f, 0x80, 0x59, 0x02, 0x64, 0xa0, 0x63, 0x10,
    0x0e, 0x36, 0x30, 0xd8, 0xa0, 0x18, 0xe8, 0x18, 0x9c, 0x03, 0x1c, 0x0c,
    0x70, 0x28, 0x06, 0x3a, 0x06, 0xe9, 0x60, 0x0d, 0x43, 0x16, 0x8a, 0x1a,
    0xce, 0xe1, 0x46, 0x0c, 0x10, 0x00, 0x04, 0xc1, 0x60, 0x72, 0x87, 0x5e,
    0xa8, 0x83, 0xc0, 0x17, 0x46, 0x13, 0x02, 0x60, 0xb8, 0x21, 0x70, 0x07,
    0x30, 0x98, 0x65, 0xd8, 0x83, 0x24, 0x28, 0xa2, 0x16, 0x60, 0xc4, 0x00,
    0x01, 0x40, 0x10, 0x0c, 0x26, 0x79, 0x08, 0x87, 0x3c, 0x08, 0xc4, 0x61,
    0x34, 0x21, 0x00, 0xea, 0x08, 0x07, 0x18, 0x31, 0x40, 0x00, 0x10, 0x04,
    0x83, 0xa9, 0x1e, 0xc8, 0x81, 0x0f, 0x82, 0x72, 0x18, 0x4d, 0x08, 0x80,
    0xe1, 0x06, 0xa2, 0x1e, 0xc0, 0x60, 0x96, 0x41, 0x71, 0x82, 0x5a, 0xdc,
    0x01, 0x46, 0x0c, 0x10, 0x00, 0x04, 0xc1, 0x60, 0xca, 0x07, 0x74, 0x00,
    0x85, 0x20, 0x1d, 0x46, 0x13, 0x02, 0x60, 0xb8, 0x01, 0x0a, 0xc8, 0x60,
    0x96, 0x81, 0x59, 0x82, 0x7a, 0xc8, 0x01, 0x46, 0x0c, 0x10, 0x00, 0x04,
    0xc1, 0x60, 0xea, 0x07, 0x76, 0x20, 0x85, 0xa0, 0x1d, 0x46, 0x13, 0x02,
    0x60, 0xb8, 0x81, 0x0a, 0xc8, 0x60, 0x96, 0x80, 0x19, 0xa8, 0x78, 0x84,
    0x45, 0x3d, 0x94, 0x59, 0x86, 0x66, 0x0f, 0x82, 0xa2, 0xf0, 0x01, 0x46,
    0x0c, 0x10, 0x00, 0x04, 0xc1, 0x60, 0x12, 0x89, 0x78, 0x48, 0x85, 0x40,
    0x1e, 0x46, 0x13, 0x02, 0xa0, 0x02, 0x7e, 0xc0, 0x0a, 0xe6, 0x41, 0x2f,
    0x48, 0xaa, 0x88, 0x7e, 0xc0, 0x0a, 0xec, 0x41, 0x2f, 0x48, 0xaa, 0x0e,
    0x7c, 0xd0, 0x0b, 0x92, 0xaa, 0x24, 0x1f, 0xf0, 0x82, 0xa4, 0x0c, 0xd9,
    0x05, 0xf9, 0x98, 0xc1, 0x0b, 0xf2, 0xb1, 0xa2, 0x17, 0xe4, 0x63, 0x84,
    0x2f, 0xc8, 0x67, 0x96, 0x60, 0x0f, 0x86, 0x1b, 0xc6, 0x20, 0x25, 0xc0,
    0x60, 0x96, 0xe1, 0x81, 0x82, 0x32, 0x83, 0x7e, 0x80, 0x11, 0x03, 0x04,
    0x00, 0x41, 0x30, 0x98, 0x68, 0x62, 0x24, 0x76, 0x21, 0x20, 0x89, 0xd1,
    0x84, 0x00, 0x18, 0x6e, 0x08, 0x68, 0x22, 0x0c, 0x66, 0x09, 0xa0, 0x81,
    0x8a, 0x47, 0x78, 0x70, 0xc4, 0x99, 0x65, 0x88, 0xb8, 0xa0, 0xd6, 0x40,
    0x24, 0x60, 0xc4, 0x00, 0x01, 0x40, 0x10, 0x0c, 0xa6, 0x9c, 0x40, 0x09,
    0x70, 0x08, 0x52, 0x62, 0x34, 0x21, 0x00, 0x0a, 0x0e, 0x4c, 0x02, 0x2b,
    0xc8, 0x09, 0xa9, 0x21, 0x80, 0x0a, 0x70, 0xe2, 0x2a, 0xa8, 0x09, 0x18,
    0x31, 0x40, 0x00, 0x10, 0x04, 0x83, 0x09, 0x2c, 0x5e, 0xe2, 0x1c, 0x02,
    0x98, 0x18, 0x4d, 0x08, 0x80, 0xba, 0x03, 0x97, 0xd0, 0x0a, 0x60, 0x62,
    0x6b, 0x2c, 0x82, 0x2b, 0x22, 0xd0, 0xe1, 0x86, 0x80, 0x2c, 0xc0, 0x60,
    0x96, 0x81, 0x93, 0x82, 0x11, 0x03, 0x04, 0x00, 0x41, 0x30, 0x98, 0xce,
    0xc2, 0x26, 0xdc, 0x21, 0xb9, 0x89, 0xd1, 0x84, 0x00, 0xa8, 0xe0, 0xc0,
    0x62, 0xc2, 0x02, 0x46, 0x0c, 0x10, 0x00, 0x04, 0xc1, 0x60, 0x5a, 0x0b,
    0x9d, 0x90, 0x87, 0x60, 0x27, 0x46, 0x13, 0x02, 0xa0, 0x82, 0x05, 0xab,
    0x68, 0x0b, 0x2d, 0x63, 0x27, 0xb0, 0x02, 0xb5, 0xd0, 0x0a, 0x86, 0xad,
    0x64, 0x2d, 0xb0, 0x02, 0xb5, 0xd0, 0x1a, 0x82, 0x2d, 0xc6, 0x27, 0xb0,
    0x02, 0xb6, 0xd0, 0x1a, 0x82, 0xad, 0xe5, 0x2e, 0xb4, 0x98, 0xb2, 0xc0,
    0x0a, 0xe8, 0x42, 0x2b, 0x18, 0xb6, 0x9e, 0xba, 0xc0, 0x0a, 0xe8, 0x42,
    0x6b, 0x08, 0xd6, 0x02, 0xbb, 0xb8, 0x41, 0xfd, 0x85, 0x77, 0x05, 0x06,
    0x81, 0x0e, 0x37, 0x04, 0xa0, 0x01, 0x06, 0xb3, 0x0c, 0xd3, 0x1e, 0x04,
    0xc3, 0x0d, 0x4c, 0x68, 0x80, 0xc1, 0x2c, 0x43, 0x45, 0x05, 0xd5, 0xb8,
    0x02, 0x54, 0x60, 0x40, 0x05, 0xa0, 0x71, 0x23, 0x06, 0x08, 0x00, 0x82,
    0x60, 0x30, 0x9d, 0x86, 0x5d, 0xb8, 0x44, 0x70, 0x17, 0xa3, 0x09, 0x01,
    0x50, 0x41, 0x68, 0x60, 0x05, 0x78, 0xa1, 0x17, 0x24, 0x55, 0x84, 0x68,
    0x60, 0x05, 0x7b, 0xa1, 0x17, 0x24, 0x55, 0x47, 0x5f, 0xe8, 0x05, 0x49,
    0x55, 0xe2, 0x17, 0x78, 0x41, 0x52, 0x86, 0x80, 0x85, 0x7c, 0xcc, 0x08,
    0x0b, 0xf9, 0x58, 0x21, 0x16, 0xf2, 0x31, 0x62, 0x2c, 0xe4, 0x33, 0x4b,
    0xb0, 0x07, 0x55, 0x07, 0xad, 0xb1, 0x75, 0x1b, 0xc1, 0x15, 0x1e, 0x04,
    0x3a, 0xdc, 0x10, 0xe0, 0x06, 0x18, 0xcc, 0x32, 0x58, 0x5a, 0x50, 0x79,
    0x30, 0x1b, 0x5b, 0xbb, 0x11, 0x5c, 0xf1, 0x41, 0xa0, 0xc3, 0x0d, 0x01,
    0x6f, 0x80, 0xc1, 0x2c, 0xc3, 0x85, 0x05, 0x25, 0x0f, 0xb5, 0x01, 0x23,
    0x06, 0x08, 0x00, 0x82, 0x60, 0x30, 0x81, 0xc7, 0x6b, 0x9c, 0x45, 0x00,
    0x1b, 0xa3, 0x09, 0x01, 0x30, 0xdc, 0x70, 0x0f, 0xc1, 0x18, 0xcc, 0x12,
    0x60, 0x03, 0x15, 0x8f, 0x70, 0xc1, 0x8d, 0x35, 0xcb, 0x90, 0x69, 0x41,
    0xdd, 0x03, 0x6b, 0xc0, 0x88, 0x01, 0x02, 0x80, 0x20, 0x18, 0x4c, 0xe5,
    0x41, 0x1b, 0x6c, 0x11, 0xd4, 0xc6, 0x68, 0x42, 0x00, 0x0c, 0x37, 0xf0,
    0x43, 0x40, 0x06, 0xb3, 0x04, 0xda, 0x40, 0xc7, 0xc3, 0x2e, 0x95, 0x90,
    0xe9, 0x0d, 0x36, 0xcb, 0xb0, 0xed, 0x41, 0x50, 0xfc, 0x00, 0x1e, 0x30,
    0x62, 0x80, 0x00, 0x20, 0x08, 0x06, 0x93, 0x7a, 0xe4, 0x46, 0x5c, 0x04,
    0xba, 0x31, 0x9a, 0x10, 0x00, 0x15, 0x90, 0x07, 0x56, 0xb0, 0x1b, 0x7a,
    0x41, 0x52, 0x45, 0x94, 0x07, 0x56, 0xe0, 0x1b, 0x7a, 0x41, 0x52, 0x75,
    0x80, 0x87, 0x5e, 0x90, 0x54, 0x25, 0xe1, 0x81, 0x17, 0x24, 0x65, 0xc8,
    0x68, 0xc8, 0xc7, 0x0c, 0xd2, 0x90, 0x8f, 0x15, 0xa5, 0x21, 0x1f, 0x23,
    0x4c, 0x43, 0x3e, 0xb3, 0x04, 0x7b, 0x30, 0xdc, 0xb0, 0x12, 0xf4, 0x21,
    0x06, 0xb3, 0x0c, 0x5d, 0x19, 0x04, 0xe5, 0x12, 0xf3, 0x01, 0x23, 0x06,
    0x08, 0x00, 0x82, 0x60, 0x30, 0xf1, 0xc7, 0x7a, 0x8c, 0x46, 0xc0, 0x1e,
    0xa3, 0x09, 0x01, 0x50, 0xc1, 0x4c, 0x40, 0x05, 0xeb, 0xa1, 0x25, 0xac,
    0x07, 0x5a, 0x00, 0x22, 0x37, 0xa8, 0xe0, 0x25, 0xa0, 0x82, 0xfe, 0xb8,
    0x0a, 0xf6, 0x03, 0x46, 0x0c, 0x10, 0x00, 0x04, 0xc1, 0x60, 0x2a, 0x11,
    0xfa, 0x60, 0x8d, 0xa0, 0x3e, 0x46, 0x13, 0x02, 0xa0, 0x02, 0xf5, 0xd0,
    0xe1, 0x86, 0xc0, 0x44, 0xc2, 0xa0, 0x94, 0xfa, 0xe0, 0xe9, 0x86, 0x25,
    0x10, 0x46, 0x0c, 0x10, 0x00, 0x04, 0xc1, 0x60, 0x5a, 0x11, 0xfd, 0x90,
    0x0d, 0x64, 0x3f, 0x46, 0x13, 0x02, 0xa0, 0x82, 0x01, 0x2b, 0x68, 0x11,
    0x2d, 0x61, 0x3f, 0xb0, 0x02, 0x15, 0xd1, 0x0a, 0x86, 0xad, 0x62, 0x45,
    0xb0, 0x02, 0x15, 0xd1, 0x1a, 0x82, 0x2d, 0xc4, 0x3f, 0xb0, 0x02, 0x16,
    0xd1, 0x1a, 0x82, 0x2d, 0xa9, 0x44, 0x74, 0xb8, 0x21, 0xb8, 0x11, 0x30,
    0x98, 0x65, 0xf0, 0xbe, 0xa0, 0x36, 0x18, 0xd9, 0xd2, 0x91, 0xe0, 0x2a,
    0xb0, 0x74, 0xb8, 0x21, 0xd8, 0x91, 0x30, 0x98, 0x25, 0xf8, 0x06, 0x2a,
    0x1e, 0xc1, 0x33, 0xa3, 0x6e, 0xb8, 0x01, 0xe9, 0x91, 0x30, 0xa8, 0x40,
    0xd0, 0x59, 0x06, 0x30, 0x08, 0x83, 0xa0, 0x36, 0x1c, 0xb9, 0x0a, 0x40,
    0x44, 0x2b, 0x68, 0x0b, 0xa8, 0xa0, 0x81, 0x0a, 0x7e, 0xe4, 0x46, 0x0c,
    0x10, 0x00, 0x04, 0xc1, 0x60, 0x32, 0x93, 0x1a, 0x69, 0x8f, 0xc0, 0x46,
    0x46, 0x13, 0x02, 0xa0, 0x02, 0x30, 0xc1, 0x0a, 0x6e, 0x44, 0x2f, 0x48,
    0xaa, 0x88, 0x30, 0xc1, 0x0a, 0x74, 0x44, 0x2f, 0x48, 0xaa, 0x0e, 0x1e,
    0xd1, 0x0b, 0x92, 0xaa, 0xa4, 0x47, 0xf0, 0x82, 0xa4, 0x0c, 0xf9, 0x0f,
    0xf9, 0x98, 0x01, 0x22, 0xf2, 0xb1, 0x22, 0x44, 0xe4, 0x63, 0x84, 0x88,
    0xc8, 0x67, 0x96, 0x60, 0x0f, 0x2a, 0x35, 0xd8, 0x04, 0x46, 0x0c, 0x10,
    0x00, 0x04, 0xc1, 0x60, 0xba, 0x13, 0x33, 0xf1, 0x8f, 0xe0, 0x4c, 0x46,
    0x13, 0x02, 0x60, 0xb8, 0xc1, 0x35, 0x02, 0x32, 0x98, 0x65, 0x18, 0x03,
    0x31, 0x08, 0xaa, 0x35, 0xc4, 0x04, 0x46, 0x0c, 0x10, 0x00, 0x04, 0xc1,
    0x60, 0xda, 0x13, 0x35, 0x11, 0x91, 0x60, 0x4d, 0x46, 0x13, 0x02, 0x60,
    0xb8, 0x41, 0x36, 0x02, 0x32, 0x98, 0x25, 0x18, 0x83, 0x81, 0x8a, 0x47,
    0x10, 0x03, 0x73, 0x0a, 0x83, 0x59, 0x06, 0x32, 0xd8, 0x83, 0xa0, 0x64,
    0xc3, 0x4e, 0x60, 0xc4, 0x00, 0x01, 0x40, 0x10, 0x0c, 0x26, 0x50, 0x79,
    0x93, 0x13, 0x09, 0xe0, 0x64, 0x34, 0x21, 0x00, 0x2a, 0xd0, 0x13, 0xac,
    0x20, 0x4e, 0xf4, 0x82, 0xa4, 0x8a, 0xd8, 0x13, 0xac, 0x80, 0x4e, 0xf4,
    0x82, 0xa4, 0xea, 0xb0, 0x13, 0xbd, 0x20, 0xa9, 0x4a, 0xee, 0x04, 0x2f,
    0x48, 0xca, 0x90, 0x1c, 0x91, 0x8f, 0x19, 0x3a, 0x22, 0x1f, 0x2b, 0x76,
    0x44, 0x3e, 0x46, 0xf0, 0x88, 0x7c, 0x66, 0x09, 0xf6, 0x60, 0xb8, 0x21,
    0x3c, 0x54, 0x05, 0x0c, 0x66, 0x19, 0xcc, 0x00, 0x0e, 0x82, 0x32, 0x0f,
    0x3e, 0xc1, 0xe1, 0x06, 0xf3, 0x60, 0x15, 0x30, 0x98, 0x6e, 0xf0, 0x13,
    0x58, 0x09, 0x2a, 0x18, 0xa4, 0xc4, 0x23, 0x80, 0x5a, 0x0f, 0x51, 0xd1,
    0x12, 0x62, 0xe5, 0x46, 0x0c, 0x10, 0x00, 0x04, 0xc1, 0x60, 0xc2, 0x95,
    0x53, 0xf9, 0x91, 0x00, 0x55, 0x46, 0x13, 0x02, 0xa0, 0x02, 0x02, 0x8b,
    0x90, 0x15, 0x18, 0x31, 0x40, 0x00, 0x10, 0x04, 0x83, 0x89, 0x57, 0x56,
    0x65, 0x4c, 0x02, 0x56, 0x19, 0x4d, 0x08, 0x80, 0x0a, 0x10, 0x2c, 0xa4,
    0x56, 0x60, 0xc4, 0x00, 0x01, 0x40, 0x10, 0x0c, 0x26, 0x70, 0x79, 0x95,
    0x33, 0x09, 0x60, 0x65, 0x34, 0x21, 0x00, 0x0a, 0x09, 0x17, 0xad, 0xe4,
    0x55, 0xb0, 0x02, 0x5f, 0xd1, 0x0a, 0x86, 0x2d, 0xe6, 0x57, 0xb0, 0x02,
    0x5f, 0xd1, 0x1a, 0x82, 0xad, 0x47, 0x56, 0xb0, 0x02, 0x70, 0xd1, 0x1a,
    0x82, 0x2d, 0x67, 0x5d, 0xb4, 0x9e, 0x5c, 0xc1, 0x0a, 0xd0, 0x45, 0x2b,
    0x18, 0xb6, 0xa4, 0x74, 0xc1, 0x0a, 0xd0, 0x45, 0x6b, 0x08, 0xd6, 0x02,
    0x75, 0xb9, 0x41, 0xcd, 0x8b, 0x77, 0x45, 0x05, 0x3a, 0xdc, 0x10, 0xd0,
    0x0b, 0x18, 0xcc, 0x32, 0x9c, 0xc1, 0x1e, 0x04, 0xc3, 0x0d, 0x4c, 0xbd,
    0x80, 0xc1, 0x2c, 0x43, 0x1a, 0xa0, 0x41, 0x50, 0x8d, 0x88, 0x40, 0x05,
    0x06, 0x54, 0x40, 0x2f, 0x37, 0x62, 0x80, 0x00, 0x20, 0x08, 0x06, 0xd3,
    0xbe, 0xa8, 0x8b, 0xa8, 0x04, 0xeb, 0x32, 0x9a, 0x10, 0x00, 0x15, 0xd4,
    0x0b, 0x56, 0xc0, 0x2e, 0x7a, 0x41, 0x52, 0x45, 0xd8, 0x0b, 0x56, 0xf0,
    0x2e, 0x7a, 0x41, 0x52, 0x75, 0xc4, 0x8b, 0x5e, 0x90, 0x54, 0x25, 0xf2,
    0x82, 0x17, 0x24, 0x65, 0x08, 0xad, 0xc8, 0xc7, 0x8c, 0x5a, 0x91, 0x8f,
    0x15, 0xb6, 0x22, 0x1f, 0x23, 0x6e, 0x45, 0x3e, 0xb3, 0x04, 0x7b, 0x50,
    0x75, 0x10, 0x32, 0x5b, 0x2b, 0x13, 0x5c, 0xb1, 0x41, 0xa0, 0xc3, 0x0d,
    0x01, 0xcb, 0x80, 0xc1, 0x2c, 0x83, 0x1a, 0xb8, 0x41, 0x50, 0x79, 0x70,
    0x32, 0x5b, 0x2f, 0x13, 0x5c, 0xc1, 0x41, 0xa0, 0xc3, 0x0d, 0x01, 0xcc,
    0x80, 0xc1, 0x2c, 0xc3, 0x1a, 0xb0, 0x41, 0x50, 0x66, 0x92, 0x32, 0x30,
    0x62, 0x80, 0x00, 0x20, 0x08, 0x06, 0x13, 0xcd, 0x8c, 0xcc, 0xae, 0x04,
    0x24, 0x33, 0x9a, 0x10, 0x00, 0xc3, 0x0d, 0x6b, 0x12, 0x8c, 0xc1, 0x2c,
    0x01, 0x1b, 0x0c, 0x54, 0x3c, 0xc2, 0x1a, 0xe0, 0x98, 0x1a, 0xcc, 0x32,
    0xb4, 0x81, 0x1b, 0x04, 0xb5, 0x26, 0x20, 0x03, 0x23, 0x06, 0x08, 0x00,
    0x82, 0x60, 0x30, 0xe5, 0x0c, 0xca, 0x80, 0x4b, 0x90, 0x32, 0xa3, 0x09,
    0x01, 0x30, 0xdc, 0x00, 0x27, 0x01, 0x19, 0xcc, 0x12, 0xb8, 0xc1, 0x40,
    0xc7, 0x43, 0x5b, 0x69, 0x20, 0xb4, 0x81, 0x98, 0xb1, 0xc1, 0x2c, 0xc3,
    0x1b, 0xec, 0x41, 0x50, 0x70, 0x42, 0x33, 0x30, 0x62, 0x80, 0x00, 0x20,
    0x08, 0x06, 0x93, 0xcf, 0xb4, 0x4c, 0xb9, 0x04, 0x2e, 0x33, 0x9a, 0x10,
    0x00, 0x15, 0xe0, 0x0c, 0x56, 0xf0, 0x32, 0x7a, 0x41, 0x52, 0x45, 0xe4,
    0x0c, 0x56, 0x20, 0x33, 0x7a, 0x41, 0x52, 0x75, 0xd0, 0x8c, 0x5e, 0x90,
    0x54, 0x25, 0x35, 0x83, 0x17, 0x24, 0x65, 0xc8, 0xbd, 0xc8, 0xc7, 0x0c,
    0x7c, 0x91, 0x8f, 0x15, 0xf9, 0x22, 0x1f, 0x23, 0xf4, 0x45, 0x3e, 0xb3,
    0x04, 0x7b, 0x50, 0x7b, 0x32, 0x2a, 0x50, 0x41, 0xda, 0xdc, 0x88, 0x01,
    0x02, 0x80, 0x20, 0x18, 0x4c, 0x70, 0xf3, 0x33, 0xf7, 0x12, 0x80, 0xcd,
    0x68, 0x42, 0x00, 0x54, 0xf0, 0x32, 0x3a, 0xdc, 0x10, 0xbc, 0x0c, 0x18,
    0xcc, 0x32, 0xec, 0x41, 0x1c, 0x04, 0xc3, 0x0d, 0xc2, 0xcb, 0x80, 0xc1,
    0x2c, 0x83, 0x1c, 0xcc, 0x41, 0x50, 0xa8, 0xc2, 0x36, 0x30, 0x62, 0x80,
    0x00, 0x20, 0x08, 0x06, 0x93, 0xdd, 0x94, 0x4d, 0xbf, 0x04, 0x66, 0x33,
    0x9a, 0x10, 0x00, 0x15, 0xc0, 0x0d, 0x56, 0x70, 0x36, 0x7a, 0x41, 0x52,
    0x45, 0xc4, 0x0d, 0x56, 0xa0, 0x36, 0x7a, 0x41, 0x52, 0x75, 0xb0, 0x8d,
    0x5e, 0x90, 0x54, 0x25, 0x6d, 0x83, 0x17, 0x24, 0x65, 0xc8, 0xcb, 0xc8,
    0xc7, 0x0c, 0x98, 0x91, 0x8f, 0x15, 0x31, 0x23, 0x1f, 0x23, 0x64, 0x46,
    0x3e, 0xb3, 0x04, 0x7b, 0x60, 0x14, 0xd8, 0x80, 0x60, 0xb8, 0x21, 0x00,
    0x1b, 0x32, 0x98, 0x65, 0xa0, 0x83, 0x3a, 0x08, 0xca, 0x92, 0x15, 0xa8,
    0x60, 0x74, 0xae, 0x02, 0xb1, 0x81, 0x11, 0x03, 0x04, 0x00, 0x41, 0x30,
    0x98, 0x56, 0x47, 0x6f, 0x64, 0x26, 0xd8, 0x9b, 0xd1, 0x84, 0x00, 0xa8,
    0xa0, 0x74, 0xb0, 0x02, 0xbe, 0xd1, 0x0b, 0x92, 0x2a, 0xc2, 0x74, 0xb0,
    0x82, 0xbf, 0xd1, 0x0b, 0x92, 0xaa, 0x23, 0x74, 0xf4, 0x82, 0xa4, 0x2a,
    0x11, 0x1d, 0xbc, 0x20, 0x29, 0x43, 0xc8, 0x46, 0x3e, 0x66, 0x94, 0x8d,
    0x7c, 0xac, 0x30, 0x1b, 0xf9, 0x18, 0x71, 0x36, 0xf2, 0x99, 0x25, 0xd8,
    0x83, 0x52, 0x83, 0xb7, 0xd1, 0xe1, 0x86, 0x40, 0x77, 0xc0, 0x60, 0x96,
    0xc1, 0x0e, 0xee, 0x20, 0x28, 0x78, 0x99, 0x1d, 0x18, 0x31, 0x40, 0x00,
    0x10, 0x04, 0x83, 0xc9, 0x77, 0x5a, 0xa7, 0x6c, 0x02, 0xd7, 0x19, 0x4d,
    0x08, 0x80, 0xe1, 0x86, 0x7a, 0x09, 0xc6, 0x60, 0x96, 0xe0, 0x0e, 0x06,
    0x2a, 0x1e, 0xc1, 0x0e, 0xd8, 0xae, 0x0e, 0x66, 0x19, 0xf0, 0x20, 0x0f,
    0x82, 0xaa, 0x17, 0xd5, 0x81, 0x11, 0x03, 0x04, 0x00, 0x41, 0x30, 0x98,
    0xc6, 0x47, 0x76, 0xd4, 0x26, 0x98, 0x9d, 0xd1, 0x84, 0x00, 0x18, 0x6e,
    0xd0, 0x97, 0x80, 0x0c, 0x66, 0x09, 0xf2, 0x60, 0xa0, 0xe2, 0x11, 0xf0,
    0xc0, 0xee, 0xee, 0x60, 0x96, 0x41, 0x0f, 0xf6, 0x20, 0x28, 0x7d, 0xf1,
    0x1d, 0x18, 0x31, 0x40, 0x00, 0x10, 0x04, 0x83, 0x09, 0x7d, 0x6e, 0xe7,
    0x6d, 0x02, 0xdc, 0x19, 0x4d, 0x08, 0x80, 0x0a, 0xc4, 0x07, 0x2b, 0xc8,
    0x1d, 0xbd, 0x20, 0xa9, 0x22, 0xc6, 0x07, 0x2b, 0xe0, 0x1d, 0xbd, 0x20,
    0xa9, 0x3a, 0x7c, 0x47, 0x2f, 0x48, 0xaa, 0x92, 0xdf, 0xc1, 0x0b, 0x92,
    0x32, 0x24, 0x74, 0xe4, 0x63, 0x86, 0xe8, 0xc8, 0xc7, 0x8a, 0xd1, 0x91,
    0x8f, 0x11, 0xa4, 0x23, 0x9f, 0x59, 0x82, 0x3d, 0x18, 0x28, 0x0d, 0x12,
    0x93, 0x23, 0x4c, 0x0e, 0xa1, 0xad, 0xc6, 0xe4, 0x18, 0x55, 0xa2, 0x48,
    0x68, 0x33, 0x39, 0xc9, 0xe4, 0x34, 0x96, 0x01, 0x03, 0x5c, 0x21, 0x03,
    0x93, 0x1b, 0x03, 0xf1, 0x40, 0x03, 0x9e, 0x78, 0x03, 0x93, 0x33, 0x03,
    0x93, 0x73, 0x03, 0x76, 0x90, 0x03, 0x51, 0xa0, 0x03, 0x44, 0x0f, 0x4c,
    0x2e, 0x0f, 0x4c, 0x0e, 0x0e, 0x06, 0x4a, 0x83, 0x04, 0xe5, 0x08, 0x94,
    0x43, 0x68, 0xab, 0x41, 0x39, 0x46, 0x95, 0x28, 0x12, 0xda, 0x50, 0x4e,
    0x42, 0x39, 0x8d, 0x65, 0xc0, 0x00, 0x57, 0xc8, 0x00, 0xe5, 0xc6, 0x40,
    0x3c, 0xd0, 0x80, 0x27, 0xde, 0x00, 0xe5, 0xcc, 0x00, 0xe5, 0xdc, 0x80,
    0x1d, 0xe4, 0x40, 0x14, 0xe8, 0x00, 0xd1, 0x03, 0x94, 0xcb, 0x03, 0x94,
    0x83, 0x83, 0x81, 0xd2, 0x20, 0x51, 0x39, 0x42, 0xe5, 0x10, 0xda, 0x6a,
    0x54, 0x8e, 0x51, 0x25, 0x8a, 0x84, 0x36, 0x95, 0x93, 0x54, 0x4e, 0x63,
    0x19, 0x30, 0xc0, 0x15, 0x32, 0x50, 0xb9, 0x31, 0x10, 0x0f, 0x34, 0xe0,
    0x89, 0x37, 0x50, 0x39, 0x33, 0x50, 0x39, 0x37, 0x60, 0x07, 0x39, 0x10,
    0x05, 0x3a, 0x40, 0xf4, 0x40, 0xe5, 0xf2, 0x40, 0xe5, 0xe0, 0x60, 0xa0,
    0x34, 0x48, 0x58, 0x8e, 0x60, 0x39, 0x84, 0xb6, 0x1a, 0x96, 0x63, 0x54,
    0x89, 0x22, 0xa1, 0xcd, 0xe5, 0x24, 0x96, 0xd3, 0x58, 0x06, 0x0c, 0x70,
    0x85, 0x0c, 0x58, 0x6e, 0x0c, 0xc4, 0x03, 0x0d, 0x78, 0xe2, 0x0d, 0x5c,
    0xce, 0x0c, 0x58, 0xce, 0x0d, 0xd8, 0x41, 0x0e, 0x44, 0x81, 0x0e, 0x10,
    0x3d, 0x60, 0xb9, 0x3c, 0x70, 0x39, 0x38, 0x18, 0x31, 0x70, 0x00, 0x10,
    0x04, 0x03, 0xe5, 0x7f, 0x66, 0x87, 0x74, 0x42, 0x07, 0x74, 0xd8, 0x87,
    0x18, 0x84, 0xa0, 0x75, 0x66, 0x09, 0xf8, 0xa0, 0xf0, 0xc6, 0x7e, 0x74,
    0xb8, 0x21, 0xd8, 0x1f, 0x30, 0x98, 0x65, 0xf8, 0x85, 0x3e, 0x08, 0x86,
    0x1b, 0xf6, 0x06, 0x7f, 0xc0, 0x60, 0xba, 0xe1, 0x7e, 0xfa, 0x27, 0x18,
    0x31, 0x40, 0x00, 0x10, 0x04, 0x83, 0x09, 0x84, 0xde, 0xe7, 0x74, 0x02,
    0xf8, 0x19, 0x4d, 0x08, 0x80, 0xe1, 0x86, 0xd3, 0x09, 0xc8, 0x60, 0x96,
    0xc1, 0x0f, 0xfe, 0x20, 0x98, 0x6e, 0x68, 0x1f, 0xfd, 0x29, 0x46, 0x0c,
    0x10, 0x00, 0x04, 0xc1, 0x60, 0x22, 0xa1, 0xf9, 0x59, 0x9d, 0x80, 0x7e,
    0x46, 0x13, 0x02, 0x60, 0xb8, 0x41, 0x75, 0x82, 0x31, 0x98, 0x25, 0xf8,
    0x83, 0x81, 0x8a, 0x47, 0xf0, 0x03, 0xb5, 0xeb, 0x83, 0x59, 0x06, 0x5f,
    0x00, 0x85, 0xa0, 0x4a, 0xe7, 0x7d, 0xa4, 0x82, 0xd6, 0x81, 0x0a, 0xea,
    0xe7, 0x2a, 0x08, 0x21, 0x98, 0x65, 0x08, 0x85, 0x51, 0x70, 0x6a, 0x70,
    0x9f, 0xab, 0xc0, 0x7d, 0x60, 0xc4, 0x00, 0x01, 0x40, 0x10, 0x0c, 0x26,
    0x17, 0xea, 0x9f, 0xda, 0x09, 0xfc, 0x67, 0x34, 0x21, 0x00, 0x2a, 0x80,
    0x1f, 0x1d, 0x6e, 0xb0, 0x9d, 0x60, 0x0c, 0x6a, 0x50, 0x21, 0x1c, 0x6e,
    0xc0, 0x9d, 0x80, 0x0c, 0x6a, 0x08, 0x74, 0x96, 0x41, 0x14, 0x46, 0x21,
    0xa8, 0x84, 0x7e, 0x60, 0xc4, 0x00, 0x01, 0x40, 0x10, 0x0c, 0x26, 0x1b,
    0x2a, 0xa1, 0xde, 0x09, 0x4c, 0x68, 0x34, 0x21, 0x00, 0x2c, 0xe8, 0x1d,
    0x10, 0x8c, 0x18, 0x20, 0x00, 0x08, 0x82, 0xc1, 0x94, 0x43, 0x28, 0x04,
    0x3e, 0x26, 0x94, 0x42, 0xa3, 0x09, 0x01, 0x50, 0x43, 0x08, 0x55, 0x11,
    0x22, 0x34, 0x35, 0x90, 0x90, 0x54, 0x20, 0x40, 0x05, 0x2a, 0x74, 0x15,
    0xd8, 0x10, 0xcc, 0x12, 0x8c, 0xc2, 0x40, 0xc7, 0x20, 0x88, 0x02, 0x1b,
    0x84, 0x02, 0x1b, 0x80, 0xc2, 0x40, 0xc7, 0xe0, 0x88, 0x82, 0xeb, 0x85,
    0x82, 0xeb, 0x81, 0xc2, 0x40, 0xc7, 0x20, 0x89, 0x82, 0x1e, 0x06, 0xa1,
    0x00, 0x7a, 0xa0, 0x50, 0x83, 0x0f, 0xdd, 0x88, 0x01, 0x02, 0x80, 0x20,
    0x18, 0x4c, 0x65, 0x44, 0x43, 0xec, 0x13, 0xd4, 0xd0, 0x68, 0x42, 0x00,
    0x0c, 0x37, 0x04, 0x65, 0x04, 0x06, 0xb3, 0x0c, 0xbe, 0x40, 0x0a, 0x41,
    0x11, 0x2c, 0x04, 0x23, 0x06, 0x08, 0x00, 0x82, 0x60, 0x30, 0xa5, 0x11,
    0x0e, 0xc1, 0x4f, 0x90, 0x43, 0xa3, 0x09, 0x01, 0x50, 0x07, 0x0e, 0xc1,
    0x88, 0x01, 0x02, 0x80, 0x20, 0x18, 0x4c, 0x6c, 0xb4, 0x43, 0xf3, 0x13,
    0xf0, 0xd0, 0x68, 0x42, 0x00, 0x0c, 0x37, 0x10, 0x6c, 0x04, 0x06, 0xb3,
    0x0c, 0xbe, 0x50, 0x0a, 0xc1, 0x70, 0x43, 0x62, 0x46, 0x60, 0x30, 0xcb,
    0x60, 0x0a, 0xa7, 0x10, 0x14, 0xa3, 0x43, 0x30, 0x62, 0x80, 0x00, 0x20,
    0x08, 0x06, 0x53, 0x1c, 0x81, 0x11, 0xfe, 0x04, 0x61, 0x34, 0x9a, 0x10,
    0x00, 0xc3, 0x0d, 0x41, 0x1c, 0x85, 0xc1, 0x2c, 0xc1, 0x29, 0x0c, 0x54,
    0x3c, 0x82, 0x29, 0xc8, 0x62, 0x50, 0x0a, 0xb3, 0x0c, 0xa8, 0xe0, 0x0a,
    0x41, 0x45, 0x3f, 0x04, 0x23, 0x06, 0x08, 0x00, 0x82, 0x60, 0x30, 0xd9,
    0x51, 0x19, 0xf5, 0x4f, 0x60, 0x46, 0xa3, 0x09, 0x01, 0x50, 0xd6, 0x18,
    0x61, 0x05, 0x76, 0x24, 0x35, 0x04, 0x50, 0x41, 0x1d, 0x5d, 0x05, 0x66,
    0x04, 0x23, 0x06, 0x08, 0x00, 0x82, 0x60, 0x30, 0xf5, 0x11, 0x1b, 0x91,
    0x50, 0xd0, 0x46, 0xa3, 0x09, 0x01, 0x50, 0xdd, 0x1a, 0x69, 0x05, 0x6d,
    0xb4, 0x05, 0x4a, 0xc1, 0x15, 0x11, 0xe8, 0x70, 0x43, 0x10, 0x4a, 0x60,
    0x30, 0xcb, 0xe0, 0x0a, 0xa9, 0x10, 0x54, 0xc2, 0x46, 0x30, 0x62, 0x80,
    0x00, 0x20, 0x08, 0x06, 0x53, 0x29, 0xd1, 0x11, 0x0b, 0x05, 0x75, 0x34,
    0x9a, 0x10, 0x00, 0x15, 0x20, 0x58, 0x0d, 0x28, 0xc1, 0x88, 0x01, 0x02,
    0x80, 0x20, 0x18, 0x4c, 0xa9, 0x84, 0x47, 0x30, 0x14, 0xe4, 0xd1, 0x68,
    0x42, 0x00, 0x54, 0xc0, 0x60, 0x15, 0xab, 0xa4, 0x65, 0xe4, 0x11, 0x56,
    0x80, 0x4a, 0x5a, 0xc1, 0xb0, 0x95, 0xa4, 0x12, 0x56, 0x80, 0x4a, 0x5a,
    0x43, 0xb0, 0xc5, 0xf0, 0x11, 0x56, 0xa0, 0x4a, 0x5a, 0x43, 0xb0, 0xb5,
    0xd4, 0x92, 0x16, 0x33, 0x4a, 0x58, 0x81, 0x2c, 0x69, 0x05, 0xc3, 0xd6,
    0x33, 0x4b, 0x58, 0x81, 0x2c, 0x69, 0x0d, 0xc1, 0x5a, 0x40, 0x4b, 0x37,
    0xa8, 0x5e, 0xfa, 0xae, 0xc2, 0x20, 0xd0, 0xe1, 0x86, 0xc0, 0x97, 0xc0,
    0x60, 0x96, 0x41, 0x15, 0x7c, 0x21, 0x18, 0x6e, 0x60, 0x7e, 0x09, 0x0c,
    0x66, 0x19, 0x58, 0x61, 0x15, 0x82, 0x6a, 0xea, 0x00, 0x2a, 0x30, 0xa0,
    0x02, 0x5f, 0xba, 0x11, 0x03, 0x04, 0x00, 0x41, 0x30, 0x98, 0xca, 0x89,
    0x96, 0xd8, 0x28, 0xa8, 0xa5, 0xd1, 0x84, 0x00, 0xa8, 0xe0, 0x97, 0xb0,
    0x02, 0x5b, 0xd2, 0x0b, 0x92, 0x2a, 0x02, 0x9c, 0xb0, 0x82, 0x5c, 0xd2,
    0x0b, 0x92, 0xaa, 0x63, 0x97, 0xf4, 0x82, 0xa4, 0x2a, 0xe1, 0x25, 0xbc,
    0x20, 0x29, 0x43, 0xfc, 0x48, 0x3e, 0x66, 0xfc, 0x91, 0x7c, 0xac, 0x00,
    0x25, 0xf9, 0x18, 0x11, 0x4a, 0xf2, 0x99, 0x25, 0xf0, 0x85, 0xb2, 0x83,
    0x75, 0xda, 0xaa, 0xa7, 0xe0, 0x2a, 0x0f, 0x02, 0x1d, 0x6e, 0x08, 0xec,
    0x09, 0x0c, 0x66, 0x19, 0x7c, 0xa1, 0x15, 0x82, 0xaa, 0x05, 0x78, 0x82,
    0x11, 0x03, 0x04, 0x00, 0x41, 0x30, 0x98, 0xf4, 0x29, 0x9d, 0x42, 0x29,
    0x50, 0xa7, 0xd1, 0x84, 0x00, 0xa8, 0x80, 0x9e, 0xb0, 0x82, 0x75, 0xd2,
    0x0b, 0x92, 0x2a, 0xa2, 0x9e, 0xb0, 0x02, 0x77, 0xd2, 0x0b, 0x92, 0xaa,
    0x03, 0x9e, 0xf4, 0x82, 0xa4, 0x2a, 0x89, 0x27, 0xbc, 0x20, 0x29, 0x43,
    0x66, 0x49, 0x3e, 0x66, 0xd0, 0x92, 0x7c, 0xac, 0xa8, 0x25, 0xf9, 0x18,
    0x61, 0x4b, 0xf2, 0x99, 0x25, 0xf0, 0x85, 0xe1, 0x06, 0x72, 0x20, 0x29,
    0x31, 0x98, 0x65, 0x78, 0x85, 0x59, 0x08, 0xea, 0x1c, 0x46, 0x0a, 0x46,
    0x0c, 0x10, 0x00, 0x04, 0xc1, 0x60, 0x62, 0xa9, 0x7d, 0x9a, 0xa5, 0x80,
    0x9f, 0x46, 0x13, 0x02, 0xa0, 0x02, 0x76, 0x80, 0x0a, 0xf6, 0x49, 0x4b,
    0xd8, 0x27, 0xb4, 0x00, 0xa6, 0x6e, 0x50, 0x01, 0x3a, 0x40, 0x05, 0x2d,
    0x75, 0x15, 0xac, 0x14, 0x8c, 0x18, 0x20, 0x00, 0x08, 0x82, 0xc1, 0x54,
    0x53, 0x24, 0xc5, 0x4b, 0x41, 0x49, 0x8d, 0x26, 0x04, 0x40, 0x05, 0xfa,
    0xa4, 0xc3, 0x0d, 0x81, 0x4d, 0x85, 0x41, 0x29, 0x25, 0xc5, 0xd3, 0x0d,
    0x4b, 0x20, 0x8c, 0x18, 0x20, 0x00, 0x08, 0x82, 0xc1, 0xb4, 0x53, 0x2a,
    0x25, 0x4e, 0xc8, 0x4a, 0x8d, 0x26, 0x04, 0x40, 0x05, 0x03, 0x56, 0xd0,
    0x53, 0x5a, 0xc2, 0x4a, 0x61, 0x05, 0x3a, 0xa5, 0x15, 0x0c, 0x5b, 0xc5,
    0x4e, 0x61, 0x05, 0x3a, 0xa5, 0x35, 0x04, 0x5b, 0x88, 0x4b, 0x61, 0x05,
    0x3c, 0xa5, 0x35, 0x04, 0x5b, 0x52, 0x4d, 0xe9, 0x70, 0x43, 0xf0, 0x53,
    0x60, 0x30, 0xcb, 0x00, 0x0b, 0xb1, 0x10, 0xd4, 0x06, 0x56, 0x5b, 0x6a,
    0x15, 0x5c, 0x05, 0x96, 0x0e, 0x37, 0x04, 0x6b, 0x15, 0x06, 0xb3, 0x04,
    0xb1, 0x30, 0x50, 0xf1, 0x08, 0xb0, 0x60, 0xaa, 0xc1, 0x2b, 0x0c, 0x37,
    0x20, 0x6d, 0x15, 0x06, 0x15, 0x08, 0x3a, 0xcb, 0x20, 0x0b, 0xbe, 0x10,
    0xd4, 0x86, 0x56, 0x57, 0x01, 0x4c, 0x69, 0x05, 0x26, 0x01, 0x15, 0x34,
    0x50, 0xc1, 0x5b, 0xdd, 0x88, 0x01, 0x02, 0x80, 0x20, 0x18, 0x4c, 0x76,
    0x55, 0x56, 0xfd, 0x14, 0x98, 0xd5, 0x68, 0x42, 0x00, 0x54, 0x00, 0x57,
    0x58, 0xc1, 0x59, 0xe9, 0x05, 0x49, 0x15, 0x11, 0x57, 0x58, 0x81, 0x5a,
    0xe9, 0x05, 0x49, 0xd5, 0xc1, 0x56, 0x7a, 0x41, 0x52, 0x95, 0xb4, 0x15,
    0x5e, 0x90, 0x94, 0x21, 0x2f, 0x25, 0x1f, 0x33, 0x60, 0x4a, 0x3e, 0x56,
    0xc4, 0x94, 0x7c, 0x8c, 0x90, 0x29, 0xf9, 0xcc, 0x12, 0xf8, 0xc2, 0x70,
    0x03, 0x58, 0x80, 0x16, 0x18, 0xcc, 0x32, 0xd0, 0x42, 0x2e, 0x04, 0x55,
    0x16, 0x72, 0x85, 0xc3, 0x0d, 0x65, 0x21, 0x5a, 0x60, 0x30, 0xdd, 0x40,
    0x57, 0xa6, 0x15, 0x54, 0x30, 0x48, 0x85, 0x45, 0x00, 0xa5, 0x16, 0x78,
    0xa5, 0x25, 0x9c, 0xd6, 0x55, 0x60, 0x57, 0x30, 0x62, 0x80, 0x00, 0x20,
    0x08, 0x06, 0xd3, 0x6b, 0xf9, 0x95, 0x4d, 0x05, 0x7f, 0x35, 0x9a, 0x10,
    0x00, 0x15, 0x14, 0x58, 0x85, 0x6a, 0xc1, 0x88, 0x01, 0x02, 0x80, 0x20,
    0x18, 0x4c, 0xb3, 0x25, 0x5a, 0x3a, 0x15, 0x8c, 0xd6, 0x68, 0x42, 0x00,
    0x54, 0x90, 0x60, 0x25, 0xa0, 0x05, 0x23, 0x06, 0x08, 0x00, 0x82, 0x60,
    0x30, 0xdd, 0x96, 0x69, 0xf9, 0x54, 0x70, 0x5a, 0xa3, 0x09, 0x01, 0x50,
    0x08, 0x6e, 0x69, 0x25, 0xa6, 0x85, 0x15, 0xd4, 0x96, 0x56, 0x30, 0x6c,
    0x31, 0xb6, 0x85, 0x15, 0xd4, 0x96, 0xd6, 0x10, 0x6c, 0x3d, 0xa9, 0x85,
    0x15, 0xdc, 0x96, 0xd6, 0x10, 0x6c, 0x39, 0xe2, 0xa5, 0xf5, 0xc0, 0x16,
    0x56, 0xf0, 0x5b, 0x5a, 0xc1, 0xb0, 0x25, 0x81, 0x17, 0x56, 0xf0, 0x5b,
    0x5a, 0x43, 0xb0, 0x16, 0x84, 0xd7, 0x0d, 0x4a, 0xbd, 0xbe, 0x2b, 0x2a,
    0xd0, 0xe1, 0x86, 0x60, 0xbd, 0xc0, 0x60, 0x96, 0xa1, 0x16, 0x7c, 0x21,
    0x18, 0x6e, 0x60, 0xd8, 0x0b, 0x0c, 0x66, 0x19, 0x6e, 0xc1, 0x16, 0x82,
    0x6a, 0x44, 0x03, 0x2a, 0x30, 0xa0, 0x82, 0xf5, 0xba, 0x11, 0x03, 0x04,
    0x00, 0x41, 0x30, 0x98, 0xe4, 0x2b, 0xbc, 0xf2, 0x2a, 0x10, 0xaf, 0xd1,
    0x84, 0x00, 0xa8, 0x80, 0xbd, 0xb0, 0x82, 0xf1, 0xd2, 0x0b, 0x92, 0x2a,
    0xa2, 0xbd, 0xb0, 0x02, 0xf3, 0xd2, 0x0b, 0x92, 0xaa, 0x03, 0xbd, 0xf4,
    0x82, 0xa4, 0x2a, 0x49, 0x2f, 0xbc, 0x20, 0x29, 0x43, 0x56, 0x4b, 0x3e,
    0x66, 0xb0, 0x96, 0x7c, 0xac, 0x68, 0x2d, 0xf9, 0x18, 0xe1, 0x5a, 0xf2,
    0x99, 0x25, 0xf0, 0x85, 0xb2, 0x03, 0xfc, 0xda, 0x12, 0xb1, 0xe0, 0x8a,
    0x0d, 0x02, 0x1d, 0x6e, 0x08, 0x46, 0x0c, 0x0c, 0x66, 0x19, 0x7c, 0x01,
    0x17, 0x82, 0x12, 0x8f, 0xfe, 0x82, 0x11, 0x03, 0x04, 0x00, 0x41, 0x30,
    0x98, 0x4e, 0xcc, 0xbe, 0x5c, 0x2b, 0xb8, 0xaf, 0xd1, 0x84, 0x00, 0xa8,
    0x20, 0xc4, 0xb0, 0x02, 0xfc, 0xd2, 0x0b, 0x92, 0x2a, 0x42, 0xc4, 0xb0,
    0x82, 0xfd, 0xd2, 0x0b, 0x92, 0xaa, 0xa3, 0xbf, 0xf4, 0x82, 0xa4, 0x2a,
    0xf1, 0x2f, 0xbc, 0x20, 0x29, 0x43, 0xc0, 0x4b, 0x3e, 0x66, 0x84, 0x97,
    0x7c, 0xac, 0x10, 0x2f, 0xf9, 0x18, 0x31, 0x5e, 0xf2, 0x99, 0x25, 0xf0,
    0x85, 0x6a, 0x8f, 0xfa, 0x80, 0x0a, 0x64, 0xec, 0x46, 0x0c, 0x10, 0x00,
    0x04, 0xc1, 0x60, 0xca, 0x31, 0x14, 0x03, 0xaf, 0x20, 0xc5, 0x46, 0x13,
    0x02, 0xa0, 0x02, 0x1c, 0xc3, 0x0a, 0xf2, 0x4b, 0x87, 0x1b, 0x82, 0xfc,
    0x02, 0x83, 0x59, 0x06, 0x5f, 0xd0, 0x85, 0x60, 0xb8, 0x41, 0xc8, 0x2f,
    0x30, 0x98, 0x65, 0xd8, 0x05, 0x5e, 0x08, 0x6a, 0x3f, 0x6c, 0x0c, 0x46,
    0x0c, 0x10, 0x00, 0x04, 0xc1, 0x60, 0x02, 0xb3, 0x17, 0x3b, 0xaf, 0x00,
    0xc6, 0x46, 0x13, 0x02, 0xa0, 0x02, 0x1d, 0xc3, 0x0a, 0x62, 0x4c, 0x2f,
    0x48, 0xaa, 0x88, 0x1d, 0xc3, 0x0a, 0x68, 0x4c, 0x2f, 0x48, 0xaa, 0x0e,
    0x1b, 0xd3, 0x0b, 0x92, 0xaa, 0xe4, 0xc6, 0xf0, 0x82, 0xa4, 0x0c, 0xc9,
    0x2f, 0xf9, 0x98, 0xa1, 0x5f, 0xf2, 0xb1, 0x62, 0xbf, 0xe4, 0x63, 0x04,
    0x7f, 0xc9, 0x67, 0x96, 0xc0, 0x17, 0x8c, 0x52, 0x31, 0x10, 0x0c, 0x37,
    0x04, 0x2a, 0x46, 0x06, 0xb3, 0x0c, 0xbd, 0xe0, 0x0b, 0x41, 0x59, 0x25,
    0x02, 0x15, 0xb4, 0xd9, 0x55, 0xc0, 0x62, 0x30, 0x62, 0x80, 0x00, 0x20,
    0x08, 0x06, 0x53, 0x9d, 0x91, 0x19, 0x7f, 0x05, 0x65, 0x36, 0x9a, 0x10,
    0x00, 0x15, 0xbc, 0x19, 0x56, 0x60, 0x66, 0x7a, 0x41, 0x52, 0x45, 0xc0,
    0x19, 0x56, 0x90, 0x66, 0x7a, 0x41, 0x52, 0x75, 0xac, 0x99, 0x5e, 0x90,
    0x54, 0x25, 0x6c, 0x86, 0x17, 0x24, 0x65, 0x88, 0x8b, 0xc9, 0xc7, 0x8c,
    0x17, 0x93, 0x8f, 0x15, 0x30, 0x26, 0x1f, 0x23, 0x62, 0x4c, 0x3e, 0xb3,
    0x04, 0xbe, 0x30, 0xd0, 0x18, 0x24, 0x60, 0x1c, 0xfc, 0x01, 0x18, 0x07,
    0xa3, 0x80, 0x36, 0xab, 0xe0, 0x2f, 0xad, 0x00, 0xc6, 0x41, 0x2a, 0x80,
    0x71, 0xc0, 0x0a, 0x26, 0x22, 0x0b, 0x2e, 0x61, 0x0b, 0xe4, 0x80, 0x0b,
    0x60, 0x1c, 0xd0, 0x02, 0x18, 0x07, 0xb7, 0x20, 0x07, 0xbb, 0x80, 0xf4,
    0x02, 0x18, 0x07, 0xb9, 0x00, 0xc6, 0x01, 0x29, 0x80, 0x71, 0x10, 0x0b,
    0x60, 0x1c, 0xf0, 0xc2, 0x40, 0x63, 0x90, 0x88, 0x71, 0xf0, 0x07, 0x62,
    0x1c, 0x8c, 0x02, 0xda, 0xac, 0x82, 0xbf, 0xb4, 0x82, 0x18, 0x07, 0xa9,
    0x20, 0xc6, 0x01, 0x2b, 0x98, 0x88, 0x2c, 0xb8, 0x84, 0x2d, 0x90, 0x03,
    0x2e, 0x88, 0x71, 0x40, 0x0b, 0x62, 0x1c, 0xdc, 0x82, 0x1c, 0xec, 0x02,
    0xd2, 0x0b, 0x62, 0x1c, 0xe4, 0x82, 0x18, 0x07, 0xa4, 0x20, 0xc6, 0x41,
    0x2c, 0x88, 0x71, 0xc0, 0x0b, 0x03, 0x8d, 0x41, 0x42, 0xc6, 0xc1, 0x1f,
    0x90, 0x71, 0x30, 0x0a, 0x68, 0xb3, 0x0a, 0xfe, 0xd2, 0x0a, 0x64, 0x1c,
    0xa4, 0x02, 0x19, 0x07, 0xac, 0x60, 0x22, 0xb2, 0xe0, 0x12, 0xb6, 0x40,
    0x0e, 0xb8, 0x40, 0xc6, 0x01, 0x2d, 0x90, 0x71, 0x70, 0x0b, 0x72, 0xb0,
    0x0b, 0x48, 0x2f, 0x90, 0x71, 0x90, 0x0b, 0x64, 0x1c, 0x90, 0x02, 0x19,
    0x07, 0xb1, 0x40, 0xc6, 0x01, 0x2f, 0x0c, 0x34, 0x06, 0x89, 0x19, 0x07,
    0x7f, 0x60, 0xc6, 0xc1, 0x28, 0xa0, 0xcd, 0x2a, 0xf8, 0x4b, 0x2b, 0xa0,
    0x71, 0x90, 0x0a, 0x66, 0x1c, 0xb0, 0x82, 0x89, 0xc8, 0x82, 0x4b, 0xd8,
    0x02, 0x39, 0xe0, 0x02, 0x1a, 0x07, 0xb4, 0x60, 0xc6, 0xc1, 0x2d, 0xc8,
    0xc1, 0x2e, 0x20, 0xbd, 0x80, 0xc6, 0x41, 0x2e, 0x98, 0x71, 0x40, 0x0a,
    0x66, 0x1c, 0xc4, 0x82, 0x19, 0x07, 0xbc, 0x30, 0x62, 0xe0, 0x00, 0x20,
    0x08, 0x06, 0x0a, 0xab, 0x81, 0x99, 0x8c, 0xb9, 0x58, 0x8b, 0xe5, 0x19,
    0x31, 0x08, 0x81, 0x8e, 0xcd, 0x12, 0xfc, 0x42, 0x95, 0x18, 0xa8, 0xe9,
    0x70, 0x43, 0x80, 0x6a, 0x60, 0x30, 0xcb, 0x20, 0x12, 0xe0, 0x10, 0x0c,
    0x37, 0xa0, 0x58, 0xa9, 0x81, 0xc1, 0x74, 0x03, 0xa9, 0xa9, 0x5a, 0x30,
    0x62, 0x80, 0x00, 0x20, 0x08, 0x06, 0x53, 0xab, 0xf1, 0x19, 0x8d, 0x05,
    0x7d, 0x36, 0x9a, 0x10, 0x00, 0xc3, 0x0d, 0x34, 0x16, 0x90, 0xc1, 0x2c,
    0x43, 0x38, 0x88, 0x43, 0x30, 0xdd, 0xa0, 0x67, 0xa7, 0x56, 0x8c, 0x18,
    0x20, 0x00, 0x08, 0x82, 0xc1, 0x14, 0x6b, 0xa0, 0x86, 0x63, 0x41, 0xa8,
    0x8d, 0x26, 0x04, 0xc0, 0x70, 0xc3, 0x8d, 0x05, 0x63, 0x30, 0x4b, 0x20,
    0x0e, 0x03, 0x15, 0x8f, 0x10, 0x0e, 0xa4, 0x1c, 0x80, 0xc3, 0x2c, 0x43,
    0x48, 0x8c, 0x43, 0x50, 0x32, 0xc6, 0x67, 0x52, 0x81, 0x8e, 0x41, 0x05,
    0xa2, 0x76, 0x15, 0xb8, 0x1a, 0xcc, 0x32, 0x90, 0x83, 0x39, 0x38, 0x35,
    0xec, 0xd9, 0x55, 0xb0, 0x67, 0x30, 0x62, 0x80, 0x00, 0x20, 0x08, 0x06,
    0xd3, 0xae, 0xa9, 0x9a, 0x98, 0x05, 0xab, 0x36, 0x9a, 0x10, 0x00, 0x15,
    0xf4, 0x99, 0x0e, 0x37, 0x8c, 0x59, 0x30, 0x06, 0x35, 0xdc, 0x1a, 0x0e,
    0x37, 0x94, 0x59, 0x40, 0x06, 0x35, 0x04, 0x3a, 0xcb, 0x50, 0x0e, 0xe6,
    0x10, 0x54, 0x12, 0x6a, 0x30, 0x62, 0x80, 0x00, 0x20, 0x08, 0x06, 0xd3,
    0xb8, 0xc9, 0x9a, 0x9a, 0x05, 0xb3, 0x36, 0x9a, 0x10, 0x00, 0x16, 0xa8,
    0x19, 0x08, 0x46, 0x0c, 0x10, 0x00, 0x04, 0xc1, 0x60, 0x32, 0xb7, 0x5a,
    0x6b, 0xb3, 0x59, 0xb3, 0xb5, 0xd1, 0x84, 0x00, 0xa8, 0xc1, 0xd5, 0xaa,
    0x88, 0x57, 0x9b, 0x1a, 0x62, 0x4d, 0x2a, 0x10, 0xa0, 0x82, 0x5b, 0xbb,
    0x0a, 0xc6, 0x0d, 0x66, 0x09, 0xcc, 0x61, 0xa0, 0x63, 0x10, 0xca, 0x81,
    0x0d, 0xc8, 0x81, 0x0d, 0xc6, 0x61, 0xa0, 0x63, 0x70, 0xca, 0x01, 0x9d,
    0x03, 0x72, 0x40, 0xe7, 0x60, 0x1c, 0x06, 0x3a, 0x06, 0xa9, 0x1c, 0x68,
    0x3b, 0x20, 0x07, 0x5d, 0x0e, 0xc6, 0xa1, 0x86, 0x75, 0xbb, 0x11, 0x03,
    0x04, 0x00, 0x41, 0x30, 0x98, 0xe4, 0x2d, 0xdc, 0xf2, 0x2c, 0x10, 0xb7,
    0xd1, 0x84, 0x00, 0x18, 0x6e, 0x08, 0xe4, 0x0d, 0x0c, 0x66, 0x19, 0x42,
    0xe2, 0x1c, 0x82, 0x22, 0x72, 0x0d, 0x46, 0x0c, 0x10, 0x00, 0x04, 0xc1,
    0x60, 0xb2, 0xb7, 0x72, 0xeb, 0xb3, 0xc0, 0xdc, 0x46, 0x13, 0x02, 0xa0,
    0x8e, 0x72, 0x83, 0x11, 0x03, 0x04, 0x00, 0x41, 0x30, 0x98, 0xf2, 0x0d,
    0xdd, 0x40, 0x2d, 0x48, 0xb7, 0xd1, 0x84, 0x00, 0x18, 0x6e, 0x20, 0xf2,
    0x0d, 0x0c, 0x66, 0x19, 0x42, 0x02, 0x1d, 0x82, 0xe1, 0x86, 0x64, 0xde,
    0xc0, 0x60, 0x96, 0x21, 0x1d, 0xd4, 0x21, 0x28, 0xe6, 0xdc, 0x60, 0xc4,
    0x00, 0x01, 0x40, 0x10, 0x0c, 0x26, 0x7f, 0x6b, 0xb7, 0x52, 0x0b, 0xdc,
    0x6d, 0x34, 0x21, 0x00, 0x86, 0x1b, 0x02, 0x7f, 0x0b, 0x83, 0x59, 0x02,
    0x75, 0x18, 0xa8, 0x78, 0x84, 0x74, 0x60, 0xef, 0x00, 0x1d, 0x66, 0x19,
    0xd6, 0x21, 0x1e, 0x82, 0x8a, 0xd8, 0x0d, 0x46, 0x0c, 0x10, 0x00, 0x04,
    0xc1, 0x60, 0x1a, 0x39, 0x79, 0x53, 0xb5, 0x60, 0xde, 0x46, 0x13, 0x02,
    0xa0, 0x2c, 0x78, 0xc3, 0x0a, 0x46, 0x4e, 0x6a, 0x08, 0xa0, 0x02, 0x91,
    0xbb, 0x0a, 0xd8, 0x0d, 0x46, 0x0c, 0x10, 0x00, 0x04, 0xc1, 0x60, 0x52,
    0xb9, 0x7c, 0x8b, 0xb5, 0x40, 0xdf, 0x46, 0x13, 0x02, 0xa0, 0x3a, 0x7c,
    0xd3, 0x0a, 0xf4, 0x6d, 0xab, 0xe5, 0x82, 0x2b, 0x22, 0xd0, 0xe1, 0x86,
    0xc0, 0xe5, 0xc0, 0x60, 0x96, 0x21, 0x1e, 0xd8, 0x21, 0xa8, 0xc4, 0xdf,
    0x60, 0xc4, 0x00, 0x01, 0x40, 0x10, 0x0c, 0x26, 0x99, 0x0b, 0xb9, 0x5c,
    0x0b, 0x44, 0x6e, 0x34, 0x21, 0x00, 0x2a, 0x40, 0xb0, 0x9a, 0x7c, 0x83,
    0x11, 0x03, 0x04, 0x00, 0x41, 0x30, 0x98, 0x6c, 0xae, 0xe4, 0x7a, 0x2d,
    0x30, 0xb9, 0xd1, 0x84, 0x00, 0xa8, 0x80, 0xc1, 0x2a, 0x70, 0x4e, 0xcb,
    0x30, 0x39, 0xac, 0xa0, 0xe6, 0xb4, 0x82, 0x61, 0x2b, 0xb1, 0x39, 0xac,
    0xa0, 0xe6, 0xb4, 0x86, 0x60, 0x8b, 0x49, 0x39, 0xac, 0xe0, 0xe6, 0xb4,
    0x86, 0x60, 0x6b, 0x11, 0x3b, 0x2d, 0x06, 0xe6, 0xb0, 0x82, 0x9f, 0xd3,
    0x0a, 0x86, 0xad, 0x07, 0xec, 0xb0, 0x82, 0x9f, 0xd3, 0x1a, 0x82, 0xb5,
    0x20, 0xec, 0x6e, 0x50, 0x6a, 0xf7, 0x5d, 0x85, 0x41, 0xa0, 0xc3, 0x0d,
    0xc1, 0xda, 0x81, 0xc1, 0x2c, 0x43, 0x3b, 0x84, 0x44, 0x30, 0xdc, 0xc0,
    0xb0, 0x1d, 0x18, 0xcc, 0x32, 0xbc, 0x83, 0x3b, 0x04, 0xd5, 0xd4, 0x01,
    0x54, 0x60, 0x40, 0x05, 0x6b, 0x77, 0x23, 0x06, 0x08, 0x00, 0x82, 0x60,
    0x30, 0xc9, 0x5d, 0xd8, 0xe5, 0x5b, 0x20, 0x76, 0xa3, 0x09, 0x01, 0x50,
    0x01, 0xdb, 0x61, 0x05, 0x63, 0xa7, 0x17, 0x24, 0x55, 0x44, 0xdb, 0x61,
    0x05, 0x66, 0xa7, 0x17, 0x24, 0x55, 0x07, 0xda, 0xe9, 0x05, 0x49, 0x55,
    0x92, 0x76, 0x78, 0x41, 0x52, 0x86, 0xac, 0x9c, 0x7c, 0xcc, 0x60, 0x39,
    0xf9, 0x58, 0xd1, 0x72, 0xf2, 0x31, 0xc2, 0xe5, 0xe4, 0x33, 0x4b, 0x10,
    0x12, 0x65, 0x07, 0x78, 0xb7, 0x25, 0x7a, 0xc1, 0x55, 0x1e, 0x04, 0x3a,
    0xdc, 0x10, 0x8c, 0x1e, 0x18, 0xcc, 0x32, 0x84, 0x04, 0x3c, 0x04, 0x55,
    0x0b, 0x7d, 0x07, 0x23, 0x06, 0x08, 0x00, 0x82, 0x60, 0x30, 0x9d, 0x9e,
    0xdd, 0xb9, 0x5c, 0x70, 0x77, 0xa3, 0x09, 0x01, 0x50, 0x41, 0xe8, 0x61,
    0x05, 0x78, 0xa7, 0x17, 0x24, 0x55, 0x84, 0xe8, 0x61, 0x05, 0x7b, 0xa7,
    0x17, 0x24, 0x55, 0x47, 0xdf, 0xe9, 0x05, 0x49, 0x55, 0xe2, 0x77, 0x78,
    0x41, 0x52, 0x86, 0x80, 0x9d, 0x7c, 0xcc, 0x08, 0x3b, 0xf9, 0x58, 0x21,
    0x76, 0xf2, 0x31, 0x62, 0xec, 0xe4, 0x33, 0x4b, 0x10, 0x12, 0xc3, 0x0d,
    0xe4, 0x10, 0x7b, 0x62, 0x30, 0xcb, 0x20, 0x0f, 0xf6, 0x10, 0xd4, 0x39,
    0xc0, 0x1e, 0x8c, 0x18, 0x20, 0x00, 0x08, 0x82, 0xc1, 0x94, 0x7b, 0xa8,
    0x07, 0x76, 0x41, 0xea, 0x8d, 0x26, 0x04, 0x40, 0x05, 0xec, 0x00, 0x15,
    0xa0, 0x9e, 0x96, 0x80, 0x7a, 0x68, 0x41, 0xef, 0xdd, 0xa0, 0x02, 0x74,
    0x80, 0x0a, 0x74, 0xef, 0x2a, 0xc0, 0x3d, 0x18, 0x31, 0x40, 0x00, 0x10,
    0x04, 0x83, 0x49, 0xfc, 0x62, 0x2f, 0xed, 0x02, 0xd9, 0x1b, 0x4d, 0x08,
    0x80, 0x0a, 0x4e, 0x4f, 0x87, 0x1b, 0x82, 0xf1, 0x0b, 0x83, 0x52, 0x64,
    0x8f, 0xa7, 0x1b, 0x96, 0x40, 0x18, 0x31, 0x40, 0x00, 0x10, 0x04, 0x83,
    0x09, 0xfd, 0x6e, 0xef, 0xed, 0x10, 0xdc, 0x1b, 0x4d, 0x08, 0x80, 0x0a,
    0x06, 0xac, 0x40, 0xfd, 0xb4, 0x04, 0xdc, 0xc3, 0x0a, 0xce, 0x4f, 0x2b,
    0x18, 0xb6, 0x0a, 0xf4, 0xc3, 0x0a, 0xce, 0x4f, 0x6b, 0x08, 0xb6, 0x90,
    0xdd, 0xc3, 0x0a, 0xd2, 0x4f, 0x6b, 0x08, 0xb6, 0x24, 0xf1, 0xd3, 0xe1,
    0x86, 0xc0, 0xfd, 0xc0, 0x60, 0x96, 0x61, 0x1e, 0xe8, 0x21, 0xa8, 0xad,
    0xfd, 0xb6, 0xee, 0x2f, 0xb8, 0x0a, 0x2c, 0x1d, 0x6e, 0x08, 0xf0, 0x2f,
    0x0c, 0x66, 0x09, 0xe8, 0x61, 0xa0, 0xe2, 0x11, 0xe6, 0x01, 0xfc, 0x03,
    0x79, 0x18, 0x6e, 0x40, 0xf4, 0x2f, 0x0c, 0x2a, 0x10, 0x74, 0x96, 0xa1,
    0x1e, 0x42, 0x22, 0xa8, 0xad, 0xfe, 0xae, 0x82, 0xde, 0xd3, 0x0a, 0x4c,
    0x02, 0x2a, 0x68, 0xa0, 0x02, 0xfe, 0xbb, 0x11, 0x03, 0x04, 0x00, 0x41,
    0x30, 0x98, 0x46, 0x30, 0x90, 0x3f, 0xd5, 0x0b, 0xe6, 0x6f, 0x34, 0x21,
    0x00, 0x2a, 0xe8, 0x3f, 0xac, 0x80, 0xfe, 0xf4, 0x82, 0xa4, 0x8a, 0xf0,
    0x3f, 0xac, 0xe0, 0xfe, 0xf4, 0x82, 0xa4, 0xea, 0xc8, 0x3f, 0xbd, 0x20,
    0xa9, 0x4a, 0xf4, 0x0f, 0x2f, 0x48, 0xca, 0x10, 0xde, 0x93, 0x8f, 0x19,
    0xbd, 0x27, 0x1f, 0x2b, 0x7c, 0x4f, 0x3e, 0x46, 0xfc, 0x9e, 0x7c, 0x66,
    0x09, 0x42, 0x62, 0xb8, 0x01, 0x2c, 0x5a, 0x30, 0x00, 0x83, 0x59, 0x86,
    0x7b, 0xe0, 0x87, 0xa0, 0xca, 0xe2, 0xff, 0x70, 0xb8, 0xa1, 0x2c, 0x5e,
    0x30, 0x00, 0x83, 0xe9, 0x86, 0x10, 0x0c, 0x66, 0x30, 0x08, 0x2a, 0x18,
    0xa4, 0xc2, 0x22, 0x80, 0x52, 0x8b, 0x12, 0x0c, 0xb4, 0x04, 0x1a, 0x0c,
    0xae, 0x02, 0x14, 0x0c, 0x60, 0xc4, 0x00, 0x01, 0x40, 0x10, 0x0c, 0x26,
    0x1e, 0x0c, 0x56, 0x30, 0x18, 0xbf, 0x80, 0x05, 0x83, 0xd1, 0x84, 0x00,
    0xa8, 0xa0, 0xc0, 0x2a, 0x46, 0x30, 0x80, 0x11, 0x03, 0x04, 0x00, 0x41,
    0x30, 0x98, 0xc0, 0x30, 0x78, 0xc1, 0xe0, 0xfc, 0x02, 0x18, 0x0c, 0x46,
    0x13, 0x02, 0xa0, 0x82, 0x04, 0x2b, 0x31, 0xc1, 0x00, 0x46, 0x0c, 0x10,
    0x00, 0x04, 0xc1, 0x60, 0x22, 0xc3, 0x60, 0x06, 0x83, 0xf5, 0x0b, 0x68,
    0x30, 0x18, 0x4d, 0x08, 0x80, 0x42, 0xca, 0x30, 0xd0, 0x4a, 0x66, 0x30,
    0xc0, 0x0a, 0xc4, 0x30, 0xd0, 0x0a, 0x86, 0x2d, 0x66, 0x0c, 0x03, 0xac,
    0x40, 0x0c, 0x03, 0xad, 0x21, 0xd8, 0x7a, 0x6c, 0x30, 0xc0, 0x0a, 0xc8,
    0x30, 0xd0, 0x1a, 0x82, 0x2d, 0xe7, 0x0d, 0x03, 0xad, 0xa7, 0x07, 0x03,
    0xac, 0x80, 0x0d, 0x03, 0xad, 0x60, 0xd8, 0x92, 0xda, 0x30, 0xc0, 0x0a,
    0xd8, 0x30, 0xd0, 0x1a, 0x82, 0xb5, 0xc0, 0x0d, 0x83, 0x1b, 0xd4, 0x1d,
    0x06, 0xdf, 0x15, 0x15, 0xe8, 0x70, 0x43, 0x80, 0x87, 0x01, 0x18, 0xcc,
    0x32, 0xe0, 0x43, 0x48, 0x04, 0xc3, 0x0d, 0x4c, 0x1e, 0x06, 0x60, 0x30,
    0xcb, 0xa0, 0x0f, 0xf9, 0x10, 0x54, 0x23, 0x1a, 0x50, 0x81, 0x01, 0x15,
    0xe0, 0x61, 0x70, 0x23, 0x06, 0x08, 0x00, 0x82, 0x60, 0x30, 0xfd, 0x61,
    0xe0, 0x86, 0x81, 0x09, 0x06, 0xc1, 0x1b, 0x06, 0xa3, 0x09, 0x01, 0x50,
    0x41, 0x1e, 0x06, 0x58, 0x01, 0x1c, 0x06, 0x7a, 0x41, 0x52, 0x45, 0xe8,
    0x61, 0x80, 0x15, 0xcc, 0x61, 0xa0, 0x17, 0x24, 0x55, 0x47, 0x1d, 0x06,
    0x7a, 0x41, 0x52, 0x95, 0xd8, 0x61, 0x80, 0x17, 0x24, 0x65, 0x08, 0x0e,
    0x06, 0xf2, 0x31, 0x23, 0x07, 0x03, 0xf9, 0x58, 0xa1, 0x83, 0x81, 0x7c,
    0x8c, 0xd8, 0xc1, 0x40, 0x3e, 0xb3, 0x04, 0x21, 0x51, 0x76, 0x50, 0x8a,
    0xc1, 0xd6, 0x2b, 0x06, 0xc1, 0x15, 0x1b, 0x04, 0x3a, 0xdc, 0x10, 0xc0,
    0x62, 0x00, 0x06, 0xb3, 0x0c, 0x21, 0xb1, 0x0f, 0x41, 0x89, 0x87, 0x2a,
    0x06, 0x30, 0x62, 0x80, 0x00, 0x20, 0x08, 0x06, 0x13, 0x2d, 0x06, 0xa3,
    0x18, 0xec, 0x60, 0x10, 0x90, 0x62, 0x30, 0x9a, 0x10, 0x00, 0x15, 0xb8,
    0x62, 0x80, 0x15, 0x94, 0x62, 0xa0, 0x17, 0x24, 0x55, 0xc4, 0x2b, 0x06,
    0x58, 0x01, 0x2a, 0x06, 0x7a, 0x41, 0x52, 0x75, 0xa8, 0x62, 0xa0, 0x17,
    0x24, 0x55, 0xc9, 0x2a, 0x06, 0x78, 0x41, 0x52, 0x86, 0xb4, 0x61, 0x20,
    0x1f, 0x33, 0xdc, 0x30, 0x90, 0x8f, 0x15, 0x6f, 0x18, 0xc8, 0xc7, 0x08,
    0x38, 0x0c, 0xe4, 0x33, 0x4b, 0x10, 0x12, 0xd5, 0x1e, 0xf5, 0x01, 0x15,
    0xfc, 0x62, 0x70, 0x23, 0x06, 0x08, 0x00, 0x82, 0x60, 0x30, 0x99, 0x63,
    0x50, 0x8b, 0x41, 0x1b, 0x06, 0x81, 0x2d, 0x06, 0xa3, 0x09, 0x01, 0x50,
    0xc1, 0x1e, 0x06, 0x58, 0x81, 0x29, 0x06, 0x3a, 0xdc, 0x10, 0x98, 0x62,
    0x00, 0x06, 0xb3, 0x0c, 0x21, 0xd1, 0x0f, 0xc1, 0x70, 0x83, 0x60, 0x8a,
    0x01, 0x18, 0xcc, 0x32, 0xf8, 0xc3, 0x3f, 0x04, 0xb5, 0x1f, 0xe3, 0x18,
    0xc0, 0x88, 0x01, 0x02, 0x80, 0x20, 0x18, 0x4c, 0xed, 0x18, 0xf0, 0x62,
    0x40, 0x87, 0x41, 0xd0, 0x8b, 0xc1, 0x68, 0x42, 0x00, 0x54, 0x70, 0x8e,
    0x01, 0x56, 0xe0, 0x8b, 0x81, 0x5e, 0x90, 0x54, 0x11, 0xe8, 0x18, 0x60,
    0x05, 0xe1, 0x18, 0xe8, 0x05, 0x49, 0xd5, 0x31, 0x8e, 0x81, 0x5e, 0x90,
    0x54, 0x25, 0xe4, 0x18, 0xe0, 0x05, 0x49, 0x19, 0x62, 0x8a, 0x81, 0x7c,
    0xcc, 0x38, 0xc5, 0x40, 0x3e, 0x56, 0xa0, 0x62, 0x20, 0x1f, 0x23, 0x52,
    0x31, 0x90, 0xcf, 0x2c, 0x41, 0x48, 0x18, 0x75, 0x8b, 0x01, 0x08, 0x86,
    0x1b, 0x82, 0x5b, 0x0c, 0xc8, 0x60, 0x96, 0x01, 0x24, 0x42, 0x22, 0x28,
    0xab, 0x44, 0xa0, 0x02, 0x7d, 0x0c, 0xae, 0x82, 0x5c, 0x0c, 0x60, 0xc4,
    0x00, 0x01, 0x40, 0x10, 0x0c, 0x26, 0x91, 0x0c, 0xe2, 0x31, 0x48, 0xc5,
    0x20, 0x90, 0xc7, 0x60, 0x34, 0x21, 0x00, 0x2a, 0xe0, 0xc7, 0x00, 0x2b,
    0x98, 0xc7, 0x40, 0x2f, 0x48, 0xaa, 0x88, 0x7e, 0x0c, 0xb0, 0x02, 0x7b,
    0x0c, 0xf4, 0x82, 0xa4, 0xea, 0xc0, 0xc7, 0x40, 0x2f, 0x48, 0xaa, 0x92,
    0x7c, 0x0c, 0xf0, 0x82, 0xa4, 0x0c, 0xd9, 0xc5, 0x40, 0x3e, 0x66, 0xf0,
    0x62, 0x20, 0x1f, 0x2b, 0x7a, 0x31, 0x90, 0x8f, 0x11, 0xbe, 0x18, 0xc8,
    0x67, 0x96, 0x20, 0x24, 0x06, 0x1a, 0x83, 0x44, 0x2f, 0x05, 0x71, 0xd0,
    0x4b, 0xc1, 0x1c, 0xd0, 0xc6, 0x1d, 0xfc, 0x05, 0x1e, 0xf4, 0x52, 0x60,
    0x07, 0xbd, 0x14, 0xde, 0xc1, 0x44, 0xea, 0xc1, 0x25, 0xf2, 0x81, 0x1c,
    0xf6, 0x41, 0x2f, 0x85, 0x7b, 0xd0, 0x4b, 0x41, 0x1f, 0xe4, 0xc0, 0x1f,
    0x10, 0x90, 0xd0, 0x4b, 0x81, 0x1f, 0xf4, 0x52, 0x38, 0x07, 0xbd, 0x14,
    0xe8, 0x41, 0x2f, 0x85, 0x7f, 0x18, 0x68, 0x0c, 0x12, 0xbe, 0x14, 0xc4,
    0x81, 0x2f, 0x05, 0x73, 0x40, 0x1b, 0x77, 0xf0, 0x17, 0x78, 0xe0, 0x4b,
    0x81, 0x1d, 0xf8, 0x52, 0x78, 0x07, 0x13, 0xa9, 0x07, 0x97, 0xc8, 0x07,
    0x72, 0xd8, 0x07, 0xbe, 0x14, 0xee, 0x81, 0x2f, 0x05, 0x7d, 0x90, 0x03,
    0x7f, 0x40, 0x40, 0x82, 0x2f, 0x05, 0x7e, 0xe0, 0x4b, 0xe1, 0x1c, 0xf8,
    0x52, 0xa0, 0x07, 0xbe, 0x14, 0xfe, 0x61, 0xa0, 0x31, 0x48, 0xfc, 0x52,
    0x10, 0x07, 0xbf, 0x14, 0xcc, 0x01, 0x6d, 0xdc, 0xc1, 0x5f, 0xe0, 0xc1,
    0x2f, 0x05, 0x76, 0xf0, 0x4b, 0xe1, 0x1d, 0x4c, 0xa4, 0x1e, 0x5c, 0x22,
    0x1f, 0xc8, 0x61, 0x1f, 0xfc, 0x52, 0xb8, 0x07, 0xbf, 0x14, 0xf4, 0x41,
    0x0e, 0xfc, 0x01, 0x01, 0x09, 0xbf, 0x14, 0xf8, 0xc1, 0x2f, 0x85, 0x73,
    0xf0, 0x4b, 0x81, 0x1e, 0xfc, 0x52, 0xf8, 0x87, 0x81, 0xc6, 0x20, 0x01,
    0x4d, 0x41, 0x1c, 0x40, 0x53, 0x30, 0x07, 0xb4, 0x71, 0x07, 0x7f, 0x81,
    0x07, 0xd1, 0x14, 0xd8, 0x01, 0x34, 0x85, 0x77, 0x30, 0x91, 0x7a, 0x70,
    0x89, 0x7c, 0x20, 0x87, 0x7d, 0x10, 0x4d, 0xe1, 0x1e, 0x40, 0x53, 0xd0,
    0x07, 0x39, 0xf0, 0x07, 0x04, 0x24, 0x44, 0x53, 0xe0, 0x07, 0xd0, 0x14,
    0xce, 0x01, 0x34, 0x05, 0x7a, 0x00, 0x4d, 0xe1, 0x1f, 0x46, 0x0c, 0x1c,
    0x00, 0x04, 0xc1, 0x40, 0xc9, 0xc9, 0xa0, 0x1d, 0x03, 0x70, 0x0c, 0x76,
    0x31, 0xd0, 0xc5, 0xc0, 0x24, 0x03, 0x62, 0x10, 0x82, 0x73, 0x0c, 0x66,
    0x09, 0x44, 0x02, 0x01, 0x00, 0x00, 0x00, 0x00,
};
static const unsigned int kPpuBgCaptureCompDXILSize = 10244u;

#endif /* AR_SHADER_PPU_BG_CAPTURE_COMP_H */
