/* GENERATED FILE — DO NOT EDIT.
 *
 * Regenerate with:  tools/build_shaders.py ppu_bg_probe
 * Source:           src/shaders/ppu_bg_probe.frag.glsl
 *
 * Committed on purpose: the hermetic build (`snesbuild build --hermetic`)
 * compiles with a pinned `zig cc` and nothing else, so no shader toolchain may
 * be required at build time. See tools/build_shaders.py for the full rationale.
 *
 * MSL is NUL-terminated source text (Metal compiles it at load); SPIR-V and
 * DXIL are binary modules consumed by Vulkan and D3D12. Pass the matching
 * *Size constant to SDL_GPUShaderCreateInfo.code_size — for MSL that EXCLUDES
 * the terminator.
 */
#ifndef AR_SHADER_PPU_BG_PROBE_FRAG_H
#define AR_SHADER_PPU_BG_PROBE_FRAG_H

static const unsigned char kPpuBgProbeFragMSL[] = {
    0x23, 0x70, 0x72, 0x61, 0x67, 0x6d, 0x61, 0x20, 0x63, 0x6c, 0x61, 0x6e,
    0x67, 0x20, 0x64, 0x69, 0x61, 0x67, 0x6e, 0x6f, 0x73, 0x74, 0x69, 0x63,
    0x20, 0x69, 0x67, 0x6e, 0x6f, 0x72, 0x65, 0x64, 0x20, 0x22, 0x2d, 0x57,
    0x6d, 0x69, 0x73, 0x73, 0x69, 0x6e, 0x67, 0x2d, 0x70, 0x72, 0x6f, 0x74,
    0x6f, 0x74, 0x79, 0x70, 0x65, 0x73, 0x22, 0x0a, 0x0a, 0x23, 0x69, 0x6e,
    0x63, 0x6c, 0x75, 0x64, 0x65, 0x20, 0x3c, 0x6d, 0x65, 0x74, 0x61, 0x6c,
    0x5f, 0x73, 0x74, 0x64, 0x6c, 0x69, 0x62, 0x3e, 0x0a, 0x23, 0x69, 0x6e,
    0x63, 0x6c, 0x75, 0x64, 0x65, 0x20, 0x3c, 0x73, 0x69, 0x6d, 0x64, 0x2f,
    0x73, 0x69, 0x6d, 0x64, 0x2e, 0x68, 0x3e, 0x0a, 0x0a, 0x75, 0x73, 0x69,
    0x6e, 0x67, 0x20, 0x6e, 0x61, 0x6d, 0x65, 0x73, 0x70, 0x61, 0x63, 0x65,
    0x20, 0x6d, 0x65, 0x74, 0x61, 0x6c, 0x3b, 0x0a, 0x0a, 0x73, 0x74, 0x72,
    0x75, 0x63, 0x74, 0x20, 0x6d, 0x61, 0x69, 0x6e, 0x30, 0x5f, 0x6f, 0x75,
    0x74, 0x0a, 0x7b, 0x0a, 0x20, 0x20, 0x20, 0x20, 0x66, 0x6c, 0x6f, 0x61,
    0x74, 0x34, 0x20, 0x6f, 0x5f, 0x63, 0x6f, 0x6c, 0x6f, 0x72, 0x20, 0x5b,
    0x5b, 0x63, 0x6f, 0x6c, 0x6f, 0x72, 0x28, 0x30, 0x29, 0x5d, 0x5d, 0x3b,
    0x0a, 0x7d, 0x3b, 0x0a, 0x0a, 0x73, 0x74, 0x72, 0x75, 0x63, 0x74, 0x20,
    0x6d, 0x61, 0x69, 0x6e, 0x30, 0x5f, 0x69, 0x6e, 0x0a, 0x7b, 0x0a, 0x20,
    0x20, 0x20, 0x20, 0x66, 0x6c, 0x6f, 0x61, 0x74, 0x32, 0x20, 0x76, 0x5f,
    0x75, 0x76, 0x20, 0x5b, 0x5b, 0x75, 0x73, 0x65, 0x72, 0x28, 0x6c, 0x6f,
    0x63, 0x6e, 0x31, 0x29, 0x5d, 0x5d, 0x3b, 0x0a, 0x7d, 0x3b, 0x0a, 0x0a,
    0x73, 0x74, 0x61, 0x74, 0x69, 0x63, 0x20, 0x69, 0x6e, 0x6c, 0x69, 0x6e,
    0x65, 0x20, 0x5f, 0x5f, 0x61, 0x74, 0x74, 0x72, 0x69, 0x62, 0x75, 0x74,
    0x65, 0x5f, 0x5f, 0x28, 0x28, 0x61, 0x6c, 0x77, 0x61, 0x79, 0x73, 0x5f,
    0x69, 0x6e, 0x6c, 0x69, 0x6e, 0x65, 0x29, 0x29, 0x0a, 0x75, 0x69, 0x6e,
    0x74, 0x20, 0x77, 0x6f, 0x72, 0x64, 0x28, 0x74, 0x68, 0x72, 0x65, 0x61,
    0x64, 0x20, 0x63, 0x6f, 0x6e, 0x73, 0x74, 0x20, 0x75, 0x69, 0x6e, 0x74,
    0x26, 0x20, 0x61, 0x74, 0x2c, 0x20, 0x74, 0x65, 0x78, 0x74, 0x75, 0x72,
    0x65, 0x32, 0x64, 0x3c, 0x66, 0x6c, 0x6f, 0x61, 0x74, 0x3e, 0x20, 0x75,
    0x5f, 0x74, 0x65, 0x78, 0x74, 0x75, 0x72, 0x65, 0x2c, 0x20, 0x73, 0x61,
    0x6d, 0x70, 0x6c, 0x65, 0x72, 0x20, 0x75, 0x5f, 0x74, 0x65, 0x78, 0x74,
    0x75, 0x72, 0x65, 0x53, 0x6d, 0x70, 0x6c, 0x72, 0x29, 0x0a, 0x7b, 0x0a,
    0x20, 0x20, 0x20, 0x20, 0x75, 0x69, 0x6e, 0x74, 0x34, 0x20, 0x62, 0x20,
    0x3d, 0x20, 0x75, 0x69, 0x6e, 0x74, 0x34, 0x28, 0x72, 0x6f, 0x75, 0x6e,
    0x64, 0x28, 0x75, 0x5f, 0x74, 0x65, 0x78, 0x74, 0x75, 0x72, 0x65, 0x2e,
    0x72, 0x65, 0x61, 0x64, 0x28, 0x75, 0x69, 0x6e, 0x74, 0x32, 0x28, 0x69,
    0x6e, 0x74, 0x32, 0x28, 0x69, 0x6e, 0x74, 0x28, 0x61, 0x74, 0x20, 0x26,
    0x20, 0x32, 0x35, 0x35, 0x75, 0x29, 0x2c, 0x20, 0x69, 0x6e, 0x74, 0x28,
    0x61, 0x74, 0x20, 0x3e, 0x3e, 0x20, 0x38, 0x75, 0x29, 0x29, 0x29, 0x2c,
    0x20, 0x30, 0x29, 0x20, 0x2a, 0x20, 0x32, 0x35, 0x35, 0x2e, 0x30, 0x29,
    0x29, 0x3b, 0x0a, 0x20, 0x20, 0x20, 0x20, 0x72, 0x65, 0x74, 0x75, 0x72,
    0x6e, 0x20, 0x28, 0x28, 0x62, 0x2e, 0x78, 0x20, 0x7c, 0x20, 0x28, 0x62,
    0x2e, 0x79, 0x20, 0x3c, 0x3c, 0x20, 0x38, 0x75, 0x29, 0x29, 0x20, 0x7c,
    0x20, 0x28, 0x62, 0x2e, 0x7a, 0x20, 0x3c, 0x3c, 0x20, 0x31, 0x36, 0x75,
    0x29, 0x29, 0x20, 0x7c, 0x20, 0x28, 0x62, 0x2e, 0x77, 0x20, 0x3c, 0x3c,
    0x20, 0x32, 0x34, 0x75, 0x29, 0x3b, 0x0a, 0x7d, 0x0a, 0x0a, 0x73, 0x74,
    0x61, 0x74, 0x69, 0x63, 0x20, 0x69, 0x6e, 0x6c, 0x69, 0x6e, 0x65, 0x20,
    0x5f, 0x5f, 0x61, 0x74, 0x74, 0x72, 0x69, 0x62, 0x75, 0x74, 0x65, 0x5f,
    0x5f, 0x28, 0x28, 0x61, 0x6c, 0x77, 0x61, 0x79, 0x73, 0x5f, 0x69, 0x6e,
    0x6c, 0x69, 0x6e, 0x65, 0x29, 0x29, 0x0a, 0x66, 0x6c, 0x6f, 0x61, 0x74,
    0x34, 0x20, 0x63, 0x6f, 0x6c, 0x6f, 0x72, 0x28, 0x74, 0x68, 0x72, 0x65,
    0x61, 0x64, 0x20, 0x63, 0x6f, 0x6e, 0x73, 0x74, 0x20, 0x75, 0x69, 0x6e,
    0x74, 0x26, 0x20, 0x61, 0x72, 0x67, 0x62, 0x29, 0x0a, 0x7b, 0x0a, 0x20,
    0x20, 0x20, 0x20, 0x72, 0x65, 0x74, 0x75, 0x72, 0x6e, 0x20, 0x66, 0x6c,
    0x6f, 0x61, 0x74, 0x34, 0x28, 0x66, 0x6c, 0x6f, 0x61, 0x74, 0x28, 0x28,
    0x61, 0x72, 0x67, 0x62, 0x20, 0x3e, 0x3e, 0x20, 0x31, 0x36, 0x75, 0x29,
    0x20, 0x26, 0x20, 0x32, 0x35, 0x35, 0x75, 0x29, 0x2c, 0x20, 0x66, 0x6c,
    0x6f, 0x61, 0x74, 0x28, 0x28, 0x61, 0x72, 0x67, 0x62, 0x20, 0x3e, 0x3e,
    0x20, 0x38, 0x75, 0x29, 0x20, 0x26, 0x20, 0x32, 0x35, 0x35, 0x75, 0x29,
    0x2c, 0x20, 0x66, 0x6c, 0x6f, 0x61, 0x74, 0x28, 0x61, 0x72, 0x67, 0x62,
    0x20, 0x26, 0x20, 0x32, 0x35, 0x35, 0x75, 0x29, 0x2c, 0x20, 0x66, 0x6c,
    0x6f, 0x61, 0x74, 0x28, 0x61, 0x72, 0x67, 0x62, 0x20, 0x3e, 0x3e, 0x20,
    0x32, 0x34, 0x75, 0x29, 0x29, 0x20, 0x2f, 0x20, 0x66, 0x6c, 0x6f, 0x61,
    0x74, 0x34, 0x28, 0x32, 0x35, 0x35, 0x2e, 0x30, 0x29, 0x3b, 0x0a, 0x7d,
    0x0a, 0x0a, 0x73, 0x74, 0x61, 0x74, 0x69, 0x63, 0x20, 0x69, 0x6e, 0x6c,
    0x69, 0x6e, 0x65, 0x20, 0x5f, 0x5f, 0x61, 0x74, 0x74, 0x72, 0x69, 0x62,
    0x75, 0x74, 0x65, 0x5f, 0x5f, 0x28, 0x28, 0x61, 0x6c, 0x77, 0x61, 0x79,
    0x73, 0x5f, 0x69, 0x6e, 0x6c, 0x69, 0x6e, 0x65, 0x29, 0x29, 0x0a, 0x75,
    0x69, 0x6e, 0x74, 0x20, 0x76, 0x72, 0x61, 0x6d, 0x28, 0x74, 0x68, 0x72,
    0x65, 0x61, 0x64, 0x20, 0x63, 0x6f, 0x6e, 0x73, 0x74, 0x20, 0x75, 0x69,
    0x6e, 0x74, 0x26, 0x20, 0x61, 0x64, 0x64, 0x72, 0x65, 0x73, 0x73, 0x2c,
    0x20, 0x74, 0x65, 0x78, 0x74, 0x75, 0x72, 0x65, 0x32, 0x64, 0x3c, 0x66,
    0x6c, 0x6f, 0x61, 0x74, 0x3e, 0x20, 0x75, 0x5f, 0x74, 0x65, 0x78, 0x74,
    0x75, 0x72, 0x65, 0x2c, 0x20, 0x73, 0x61, 0x6d, 0x70, 0x6c, 0x65, 0x72,
    0x20, 0x75, 0x5f, 0x74, 0x65, 0x78, 0x74, 0x75, 0x72, 0x65, 0x53, 0x6d,
    0x70, 0x6c, 0x72, 0x29, 0x0a, 0x7b, 0x0a, 0x20, 0x20, 0x20, 0x20, 0x75,
    0x69, 0x6e, 0x74, 0x20, 0x70, 0x61, 0x72, 0x61, 0x6d, 0x20, 0x3d, 0x20,
    0x35, 0x36, 0x34, 0x38, 0x75, 0x20, 0x2b, 0x20, 0x28, 0x28, 0x61, 0x64,
    0x64, 0x72, 0x65, 0x73, 0x73, 0x20, 0x26, 0x20, 0x33, 0x32, 0x37, 0x36,
    0x37, 0x75, 0x29, 0x20, 0x3e, 0x3e, 0x20, 0x31, 0x75, 0x29, 0x3b, 0x0a,
    0x20, 0x20, 0x20, 0x20, 0x75, 0x69, 0x6e, 0x74, 0x20, 0x5f, 0x70, 0x61,
    0x63, 0x6b, 0x65, 0x64, 0x20, 0x3d, 0x20, 0x77, 0x6f, 0x72, 0x64, 0x28,
    0x70, 0x61, 0x72, 0x61, 0x6d, 0x2c, 0x20, 0x75, 0x5f, 0x74, 0x65, 0x78,
    0x74, 0x75, 0x72, 0x65, 0x2c, 0x20, 0x75, 0x5f, 0x74, 0x65, 0x78, 0x74,
    0x75, 0x72, 0x65, 0x53, 0x6d, 0x70, 0x6c, 0x72, 0x29, 0x3b, 0x0a, 0x20,
    0x20, 0x20, 0x20, 0x72, 0x65, 0x74, 0x75, 0x72, 0x6e, 0x20, 0x28, 0x5f,
    0x70, 0x61, 0x63, 0x6b, 0x65, 0x64, 0x20, 0x3e, 0x3e, 0x20, 0x28, 0x28,
    0x61, 0x64, 0x64, 0x72, 0x65, 0x73, 0x73, 0x20, 0x26, 0x20, 0x31, 0x75,
    0x29, 0x20, 0x2a, 0x20, 0x31, 0x36, 0x75, 0x29, 0x29, 0x20, 0x26, 0x20,
    0x36, 0x35, 0x35, 0x33, 0x35, 0x75, 0x3b, 0x0a, 0x7d, 0x0a, 0x0a, 0x66,
    0x72, 0x61, 0x67, 0x6d, 0x65, 0x6e, 0x74, 0x20, 0x6d, 0x61, 0x69, 0x6e,
    0x30, 0x5f, 0x6f, 0x75, 0x74, 0x20, 0x6d, 0x61, 0x69, 0x6e, 0x30, 0x28,
    0x6d, 0x61, 0x69, 0x6e, 0x30, 0x5f, 0x69, 0x6e, 0x20, 0x69, 0x6e, 0x20,
    0x5b, 0x5b, 0x73, 0x74, 0x61, 0x67, 0x65, 0x5f, 0x69, 0x6e, 0x5d, 0x5d,
    0x2c, 0x20, 0x74, 0x65, 0x78, 0x74, 0x75, 0x72, 0x65, 0x32, 0x64, 0x3c,
    0x66, 0x6c, 0x6f, 0x61, 0x74, 0x3e, 0x20, 0x75, 0x5f, 0x74, 0x65, 0x78,
    0x74, 0x75, 0x72, 0x65, 0x20, 0x5b, 0x5b, 0x74, 0x65, 0x78, 0x74, 0x75,
    0x72, 0x65, 0x28, 0x30, 0x29, 0x5d, 0x5d, 0x2c, 0x20, 0x73, 0x61, 0x6d,
    0x70, 0x6c, 0x65, 0x72, 0x20, 0x75, 0x5f, 0x74, 0x65, 0x78, 0x74, 0x75,
    0x72, 0x65, 0x53, 0x6d, 0x70, 0x6c, 0x72, 0x20, 0x5b, 0x5b, 0x73, 0x61,
    0x6d, 0x70, 0x6c, 0x65, 0x72, 0x28, 0x30, 0x29, 0x5d, 0x5d, 0x29, 0x0a,
    0x7b, 0x0a, 0x20, 0x20, 0x20, 0x20, 0x6d, 0x61, 0x69, 0x6e, 0x30, 0x5f,
    0x6f, 0x75, 0x74, 0x20, 0x6f, 0x75, 0x74, 0x20, 0x3d, 0x20, 0x7b, 0x7d,
    0x3b, 0x0a, 0x20, 0x20, 0x20, 0x20, 0x75, 0x69, 0x6e, 0x74, 0x20, 0x70,
    0x61, 0x72, 0x61, 0x6d, 0x20, 0x3d, 0x20, 0x31, 0x75, 0x3b, 0x0a, 0x20,
    0x20, 0x20, 0x20, 0x75, 0x69, 0x6e, 0x74, 0x20, 0x68, 0x65, 0x69, 0x67,
    0x68, 0x74, 0x20, 0x3d, 0x20, 0x77, 0x6f, 0x72, 0x64, 0x28, 0x70, 0x61,
    0x72, 0x61, 0x6d, 0x2c, 0x20, 0x75, 0x5f, 0x74, 0x65, 0x78, 0x74, 0x75,
    0x72, 0x65, 0x2c, 0x20, 0x75, 0x5f, 0x74, 0x65, 0x78, 0x74, 0x75, 0x72,
    0x65, 0x53, 0x6d, 0x70, 0x6c, 0x72, 0x29, 0x3b, 0x0a, 0x20, 0x20, 0x20,
    0x20, 0x75, 0x69, 0x6e, 0x74, 0x20, 0x70, 0x61, 0x72, 0x61, 0x6d, 0x5f,
    0x31, 0x20, 0x3d, 0x20, 0x30, 0x75, 0x3b, 0x0a, 0x20, 0x20, 0x20, 0x20,
    0x75, 0x69, 0x6e, 0x74, 0x32, 0x20, 0x70, 0x20, 0x3d, 0x20, 0x75, 0x69,
    0x6e, 0x74, 0x32, 0x28, 0x69, 0x6e, 0x2e, 0x76, 0x5f, 0x75, 0x76, 0x20,
    0x2a, 0x20, 0x66, 0x6c, 0x6f, 0x61, 0x74, 0x32, 0x28, 0x66, 0x6c, 0x6f,
    0x61, 0x74, 0x28, 0x77, 0x6f, 0x72, 0x64, 0x28, 0x70, 0x61, 0x72, 0x61,
    0x6d, 0x5f, 0x31, 0x2c, 0x20, 0x75, 0x5f, 0x74, 0x65, 0x78, 0x74, 0x75,
    0x72, 0x65, 0x2c, 0x20, 0x75, 0x5f, 0x74, 0x65, 0x78, 0x74, 0x75, 0x72,
    0x65, 0x53, 0x6d, 0x70, 0x6c, 0x72, 0x29, 0x29, 0x2c, 0x20, 0x66, 0x6c,
    0x6f, 0x61, 0x74, 0x28, 0x68, 0x65, 0x69, 0x67, 0x68, 0x74, 0x20, 0x2a,
    0x20, 0x36, 0x75, 0x29, 0x29, 0x29, 0x3b, 0x0a, 0x20, 0x20, 0x20, 0x20,
    0x75, 0x69, 0x6e, 0x74, 0x20, 0x62, 0x61, 0x6e, 0x64, 0x5f, 0x69, 0x6e,
    0x64, 0x65, 0x78, 0x20, 0x3d, 0x20, 0x70, 0x2e, 0x79, 0x20, 0x2f, 0x20,
    0x68, 0x65, 0x69, 0x67, 0x68, 0x74, 0x3b, 0x0a, 0x20, 0x20, 0x20, 0x20,
    0x75, 0x69, 0x6e, 0x74, 0x20, 0x62, 0x67, 0x20, 0x3d, 0x20, 0x62, 0x61,
    0x6e, 0x64, 0x5f, 0x69, 0x6e, 0x64, 0x65, 0x78, 0x20, 0x2f, 0x20, 0x33,
    0x75, 0x3b, 0x0a, 0x20, 0x20, 0x20, 0x20, 0x75, 0x69, 0x6e, 0x74, 0x20,
    0x62, 0x61, 0x6e, 0x64, 0x20, 0x3d, 0x20, 0x62, 0x61, 0x6e, 0x64, 0x5f,
    0x69, 0x6e, 0x64, 0x65, 0x78, 0x20, 0x25, 0x20, 0x33, 0x75, 0x3b, 0x0a,
    0x20, 0x20, 0x20, 0x20, 0x75, 0x69, 0x6e, 0x74, 0x20, 0x64, 0x65, 0x73,
    0x63, 0x20, 0x3d, 0x20, 0x31, 0x36, 0x75, 0x20, 0x2b, 0x20, 0x28, 0x28,
    0x28, 0x62, 0x67, 0x20, 0x2a, 0x20, 0x33, 0x35, 0x32, 0x75, 0x29, 0x20,
    0x2b, 0x20, 0x28, 0x70, 0x2e, 0x79, 0x20, 0x25, 0x20, 0x68, 0x65, 0x69,
    0x67, 0x68, 0x74, 0x29, 0x29, 0x20, 0x2a, 0x20, 0x38, 0x75, 0x29, 0x3b,
    0x0a, 0x20, 0x20, 0x20, 0x20, 0x6f, 0x75, 0x74, 0x2e, 0x6f, 0x5f, 0x63,
    0x6f, 0x6c, 0x6f, 0x72, 0x20, 0x3d, 0x20, 0x66, 0x6c, 0x6f, 0x61, 0x74,
    0x34, 0x28, 0x30, 0x2e, 0x30, 0x29, 0x3b, 0x0a, 0x20, 0x20, 0x20, 0x20,
    0x62, 0x6f, 0x6f, 0x6c, 0x20, 0x5f, 0x31, 0x35, 0x36, 0x20, 0x3d, 0x20,
    0x70, 0x2e, 0x78, 0x20, 0x3c, 0x20, 0x36, 0x34, 0x75, 0x3b, 0x0a, 0x20,
    0x20, 0x20, 0x20, 0x62, 0x6f, 0x6f, 0x6c, 0x20, 0x5f, 0x31, 0x36, 0x36,
    0x3b, 0x0a, 0x20, 0x20, 0x20, 0x20, 0x69, 0x66, 0x20, 0x28, 0x21, 0x5f,
    0x31, 0x35, 0x36, 0x29, 0x0a, 0x20, 0x20, 0x20, 0x20, 0x7b, 0x0a, 0x20,
    0x20, 0x20, 0x20, 0x20, 0x20, 0x20, 0x20, 0x75, 0x69, 0x6e, 0x74, 0x20,
    0x70, 0x61, 0x72, 0x61, 0x6d, 0x5f, 0x32, 0x20, 0x3d, 0x20, 0x32, 0x75,
    0x3b, 0x0a, 0x20, 0x20, 0x20, 0x20, 0x20, 0x20, 0x20, 0x20, 0x5f, 0x31,
    0x36, 0x36, 0x20, 0x3d, 0x20, 0x70, 0x2e, 0x78, 0x20, 0x3e, 0x3d, 0x20,
    0x28, 0x77, 0x6f, 0x72, 0x64, 0x28, 0x70, 0x61, 0x72, 0x61, 0x6d, 0x5f,
    0x32, 0x2c, 0x20, 0x75, 0x5f, 0x74, 0x65, 0x78, 0x74, 0x75, 0x72, 0x65,
    0x2c, 0x20, 0x75, 0x5f, 0x74, 0x65, 0x78, 0x74, 0x75, 0x72, 0x65, 0x53,
    0x6d, 0x70, 0x6c, 0x72, 0x29, 0x20, 0x2b, 0x20, 0x36, 0x34, 0x75, 0x29,
    0x3b, 0x0a, 0x20, 0x20, 0x20, 0x20, 0x7d, 0x0a, 0x20, 0x20, 0x20, 0x20,
    0x65, 0x6c, 0x73, 0x65, 0x0a, 0x20, 0x20, 0x20, 0x20, 0x7b, 0x0a, 0x20,
    0x20, 0x20, 0x20, 0x20, 0x20, 0x20, 0x20, 0x5f, 0x31, 0x36, 0x36, 0x20,
    0x3d, 0x20, 0x5f, 0x31, 0x35, 0x36, 0x3b, 0x0a, 0x20, 0x20, 0x20, 0x20,
    0x7d, 0x0a, 0x20, 0x20, 0x20, 0x20, 0x69, 0x66, 0x20, 0x28, 0x5f, 0x31,
    0x36, 0x36, 0x29, 0x0a, 0x20, 0x20, 0x20, 0x20, 0x7b, 0x0a, 0x20, 0x20,
    0x20, 0x20, 0x20, 0x20, 0x20, 0x20, 0x72, 0x65, 0x74, 0x75, 0x72, 0x6e,
    0x20, 0x6f, 0x75, 0x74, 0x3b, 0x0a, 0x20, 0x20, 0x20, 0x20, 0x7d, 0x0a,
    0x20, 0x20, 0x20, 0x20, 0x75, 0x69, 0x6e, 0x74, 0x20, 0x78, 0x20, 0x3d,
    0x20, 0x70, 0x2e, 0x78, 0x20, 0x2d, 0x20, 0x36, 0x34, 0x75, 0x3b, 0x0a,
    0x20, 0x20, 0x20, 0x20, 0x69, 0x66, 0x20, 0x28, 0x62, 0x61, 0x6e, 0x64,
    0x20, 0x3d, 0x3d, 0x20, 0x30, 0x75, 0x29, 0x0a, 0x20, 0x20, 0x20, 0x20,
    0x7b, 0x0a, 0x20, 0x20, 0x20, 0x20, 0x20, 0x20, 0x20, 0x20, 0x75, 0x69,
    0x6e, 0x74, 0x20, 0x70, 0x61, 0x72, 0x61, 0x6d, 0x5f, 0x33, 0x20, 0x3d,
    0x20, 0x64, 0x65, 0x73, 0x63, 0x20, 0x2b, 0x20, 0x34, 0x75, 0x3b, 0x0a,
    0x20, 0x20, 0x20, 0x20, 0x20, 0x20, 0x20, 0x20, 0x75, 0x69, 0x6e, 0x74,
    0x20, 0x70, 0x61, 0x72, 0x61, 0x6d, 0x5f, 0x34, 0x20, 0x3d, 0x20, 0x77,
    0x6f, 0x72, 0x64, 0x28, 0x70, 0x61, 0x72, 0x61, 0x6d, 0x5f, 0x33, 0x2c,
    0x20, 0x75, 0x5f, 0x74, 0x65, 0x78, 0x74, 0x75, 0x72, 0x65, 0x2c, 0x20,
    0x75, 0x5f, 0x74, 0x65, 0x78, 0x74, 0x75, 0x72, 0x65, 0x53, 0x6d, 0x70,
    0x6c, 0x72, 0x29, 0x3b, 0x0a, 0x20, 0x20, 0x20, 0x20, 0x20, 0x20, 0x20,
    0x20, 0x6f, 0x75, 0x74, 0x2e, 0x6f, 0x5f, 0x63, 0x6f, 0x6c, 0x6f, 0x72,
    0x20, 0x3d, 0x20, 0x63, 0x6f, 0x6c, 0x6f, 0x72, 0x28, 0x70, 0x61, 0x72,
    0x61, 0x6d, 0x5f, 0x34, 0x29, 0x3b, 0x0a, 0x20, 0x20, 0x20, 0x20, 0x7d,
    0x0a, 0x20, 0x20, 0x20, 0x20, 0x75, 0x69, 0x6e, 0x74, 0x20, 0x70, 0x61,
    0x72, 0x61, 0x6d, 0x5f, 0x35, 0x20, 0x3d, 0x20, 0x64, 0x65, 0x73, 0x63,
    0x20, 0x2b, 0x20, 0x32, 0x75, 0x3b, 0x0a, 0x20, 0x20, 0x20, 0x20, 0x62,
    0x6f, 0x6f, 0x6c, 0x20, 0x5f, 0x31, 0x39, 0x30, 0x20, 0x3d, 0x20, 0x78,
    0x20, 0x3c, 0x20, 0x77, 0x6f, 0x72, 0x64, 0x28, 0x70, 0x61, 0x72, 0x61,
    0x6d, 0x5f, 0x35, 0x2c, 0x20, 0x75, 0x5f, 0x74, 0x65, 0x78, 0x74, 0x75,
    0x72, 0x65, 0x2c, 0x20, 0x75, 0x5f, 0x74, 0x65, 0x78, 0x74, 0x75, 0x72,
    0x65, 0x53, 0x6d, 0x70, 0x6c, 0x72, 0x29, 0x3b, 0x0a, 0x20, 0x20, 0x20,
    0x20, 0x62, 0x6f, 0x6f, 0x6c, 0x20, 0x5f, 0x32, 0x30, 0x30, 0x3b, 0x0a,
    0x20, 0x20, 0x20, 0x20, 0x69, 0x66, 0x20, 0x28, 0x21, 0x5f, 0x31, 0x39,
    0x30, 0x29, 0x0a, 0x20, 0x20, 0x20, 0x20, 0x7b, 0x0a, 0x20, 0x20, 0x20,
    0x20, 0x20, 0x20, 0x20, 0x20, 0x75, 0x69, 0x6e, 0x74, 0x20, 0x70, 0x61,
    0x72, 0x61, 0x6d, 0x5f, 0x36, 0x20, 0x3d, 0x20, 0x64, 0x65, 0x73, 0x63,
    0x20, 0x2b, 0x20, 0x33, 0x75, 0x3b, 0x0a, 0x20, 0x20, 0x20, 0x20, 0x20,
    0x20, 0x20, 0x20, 0x5f, 0x32, 0x30, 0x30, 0x20, 0x3d, 0x20, 0x78, 0x20,
    0x3e, 0x3d, 0x20, 0x77, 0x6f, 0x72, 0x64, 0x28, 0x70, 0x61, 0x72, 0x61,
    0x6d, 0x5f, 0x36, 0x2c, 0x20, 0x75, 0x5f, 0x74, 0x65, 0x78, 0x74, 0x75,
    0x72, 0x65, 0x2c, 0x20, 0x75, 0x5f, 0x74, 0x65, 0x78, 0x74, 0x75, 0x72,
    0x65, 0x53, 0x6d, 0x70, 0x6c, 0x72, 0x29, 0x3b, 0x0a, 0x20, 0x20, 0x20,
    0x20, 0x7d, 0x0a, 0x20, 0x20, 0x20, 0x20, 0x65, 0x6c, 0x73, 0x65, 0x0a,
    0x20, 0x20, 0x20, 0x20, 0x7b, 0x0a, 0x20, 0x20, 0x20, 0x20, 0x20, 0x20,
    0x20, 0x20, 0x5f, 0x32, 0x30, 0x30, 0x20, 0x3d, 0x20, 0x5f, 0x31, 0x39,
    0x30, 0x3b, 0x0a, 0x20, 0x20, 0x20, 0x20, 0x7d, 0x0a, 0x20, 0x20, 0x20,
    0x20, 0x69, 0x66, 0x20, 0x28, 0x5f, 0x32, 0x30, 0x30, 0x29, 0x0a, 0x20,
    0x20, 0x20, 0x20, 0x7b, 0x0a, 0x20, 0x20, 0x20, 0x20, 0x20, 0x20, 0x20,
    0x20, 0x72, 0x65, 0x74, 0x75, 0x72, 0x6e, 0x20, 0x6f, 0x75, 0x74, 0x3b,
    0x0a, 0x20, 0x20, 0x20, 0x20, 0x7d, 0x0a, 0x20, 0x20, 0x20, 0x20, 0x75,
    0x69, 0x6e, 0x74, 0x20, 0x70, 0x61, 0x72, 0x61, 0x6d, 0x5f, 0x37, 0x20,
    0x3d, 0x20, 0x64, 0x65, 0x73, 0x63, 0x3b, 0x0a, 0x20, 0x20, 0x20, 0x20,
    0x75, 0x69, 0x6e, 0x74, 0x20, 0x66, 0x69, 0x6e, 0x65, 0x20, 0x3d, 0x20,
    0x78, 0x20, 0x2b, 0x20, 0x77, 0x6f, 0x72, 0x64, 0x28, 0x70, 0x61, 0x72,
    0x61, 0x6d, 0x5f, 0x37, 0x2c, 0x20, 0x75, 0x5f, 0x74, 0x65, 0x78, 0x74,
    0x75, 0x72, 0x65, 0x2c, 0x20, 0x75, 0x5f, 0x74, 0x65, 0x78, 0x74, 0x75,
    0x72, 0x65, 0x53, 0x6d, 0x70, 0x6c, 0x72, 0x29, 0x3b, 0x0a, 0x20, 0x20,
    0x20, 0x20, 0x75, 0x69, 0x6e, 0x74, 0x20, 0x70, 0x61, 0x72, 0x61, 0x6d,
    0x5f, 0x38, 0x20, 0x3d, 0x20, 0x64, 0x65, 0x73, 0x63, 0x20, 0x2b, 0x20,
    0x35, 0x75, 0x3b, 0x0a, 0x20, 0x20, 0x20, 0x20, 0x75, 0x69, 0x6e, 0x74,
    0x20, 0x70, 0x61, 0x72, 0x61, 0x6d, 0x5f, 0x39, 0x20, 0x3d, 0x20, 0x77,
    0x6f, 0x72, 0x64, 0x28, 0x70, 0x61, 0x72, 0x61, 0x6d, 0x5f, 0x38, 0x2c,
    0x20, 0x75, 0x5f, 0x74, 0x65, 0x78, 0x74, 0x75, 0x72, 0x65, 0x2c, 0x20,
    0x75, 0x5f, 0x74, 0x65, 0x78, 0x74, 0x75, 0x72, 0x65, 0x53, 0x6d, 0x70,
    0x6c, 0x72, 0x29, 0x20, 0x2b, 0x20, 0x28, 0x66, 0x69, 0x6e, 0x65, 0x20,
    0x3e, 0x3e, 0x20, 0x33, 0x75, 0x29, 0x3b, 0x0a, 0x20, 0x20, 0x20, 0x20,
    0x75, 0x69, 0x6e, 0x74, 0x20, 0x74, 0x69, 0x6c, 0x65, 0x20, 0x3d, 0x20,
    0x77, 0x6f, 0x72, 0x64, 0x28, 0x70, 0x61, 0x72, 0x61, 0x6d, 0x5f, 0x39,
    0x2c, 0x20, 0x75, 0x5f, 0x74, 0x65, 0x78, 0x74, 0x75, 0x72, 0x65, 0x2c,
    0x20, 0x75, 0x5f, 0x74, 0x65, 0x78, 0x74, 0x75, 0x72, 0x65, 0x53, 0x6d,
    0x70, 0x6c, 0x72, 0x29, 0x3b, 0x0a, 0x20, 0x20, 0x20, 0x20, 0x62, 0x6f,
    0x6f, 0x6c, 0x20, 0x5f, 0x32, 0x32, 0x34, 0x20, 0x3d, 0x20, 0x28, 0x74,
    0x69, 0x6c, 0x65, 0x20, 0x26, 0x20, 0x36, 0x35, 0x35, 0x33, 0x36, 0x75,
    0x29, 0x20, 0x3d, 0x3d, 0x20, 0x30, 0x75, 0x3b, 0x0a, 0x20, 0x20, 0x20,
    0x20, 0x62, 0x6f, 0x6f, 0x6c, 0x20, 0x5f, 0x32, 0x33, 0x34, 0x3b, 0x0a,
    0x20, 0x20, 0x20, 0x20, 0x69, 0x66, 0x20, 0x28, 0x21, 0x5f, 0x32, 0x32,
    0x34, 0x29, 0x0a, 0x20, 0x20, 0x20, 0x20, 0x7b, 0x0a, 0x20, 0x20, 0x20,
    0x20, 0x20, 0x20, 0x20, 0x20, 0x5f, 0x32, 0x33, 0x34, 0x20, 0x3d, 0x20,
    0x28, 0x28, 0x74, 0x69, 0x6c, 0x65, 0x20, 0x3e, 0x3e, 0x20, 0x31, 0x37,
    0x75, 0x29, 0x20, 0x26, 0x20, 0x33, 0x75, 0x29, 0x20, 0x21, 0x3d, 0x20,
    0x62, 0x61, 0x6e, 0x64, 0x3b, 0x0a, 0x20, 0x20, 0x20, 0x20, 0x7d, 0x0a,
    0x20, 0x20, 0x20, 0x20, 0x65, 0x6c, 0x73, 0x65, 0x0a, 0x20, 0x20, 0x20,
    0x20, 0x7b, 0x0a, 0x20, 0x20, 0x20, 0x20, 0x20, 0x20, 0x20, 0x20, 0x5f,
    0x32, 0x33, 0x34, 0x20, 0x3d, 0x20, 0x5f, 0x32, 0x32, 0x34, 0x3b, 0x0a,
    0x20, 0x20, 0x20, 0x20, 0x7d, 0x0a, 0x20, 0x20, 0x20, 0x20, 0x69, 0x66,
    0x20, 0x28, 0x5f, 0x32, 0x33, 0x34, 0x29, 0x0a, 0x20, 0x20, 0x20, 0x20,
    0x7b, 0x0a, 0x20, 0x20, 0x20, 0x20, 0x20, 0x20, 0x20, 0x20, 0x72, 0x65,
    0x74, 0x75, 0x72, 0x6e, 0x20, 0x6f, 0x75, 0x74, 0x3b, 0x0a, 0x20, 0x20,
    0x20, 0x20, 0x7d, 0x0a, 0x20, 0x20, 0x20, 0x20, 0x75, 0x69, 0x6e, 0x74,
    0x20, 0x74, 0x78, 0x20, 0x3d, 0x20, 0x66, 0x69, 0x6e, 0x65, 0x20, 0x26,
    0x20, 0x37, 0x75, 0x3b, 0x0a, 0x20, 0x20, 0x20, 0x20, 0x75, 0x69, 0x6e,
    0x74, 0x20, 0x70, 0x61, 0x72, 0x61, 0x6d, 0x5f, 0x31, 0x30, 0x20, 0x3d,
    0x20, 0x64, 0x65, 0x73, 0x63, 0x20, 0x2b, 0x20, 0x31, 0x75, 0x3b, 0x0a,
    0x20, 0x20, 0x20, 0x20, 0x75, 0x69, 0x6e, 0x74, 0x20, 0x74, 0x79, 0x20,
    0x3d, 0x20, 0x77, 0x6f, 0x72, 0x64, 0x28, 0x70, 0x61, 0x72, 0x61, 0x6d,
    0x5f, 0x31, 0x30, 0x2c, 0x20, 0x75, 0x5f, 0x74, 0x65, 0x78, 0x74, 0x75,
    0x72, 0x65, 0x2c, 0x20, 0x75, 0x5f, 0x74, 0x65, 0x78, 0x74, 0x75, 0x72,
    0x65, 0x53, 0x6d, 0x70, 0x6c, 0x72, 0x29, 0x3b, 0x0a, 0x20, 0x20, 0x20,
    0x20, 0x69, 0x66, 0x20, 0x28, 0x28, 0x74, 0x69, 0x6c, 0x65, 0x20, 0x26,
    0x20, 0x31, 0x36, 0x33, 0x38, 0x34, 0x75, 0x29, 0x20, 0x21, 0x3d, 0x20,
    0x30, 0x75, 0x29, 0x0a, 0x20, 0x20, 0x20, 0x20, 0x7b, 0x0a, 0x20, 0x20,
    0x20, 0x20, 0x20, 0x20, 0x20, 0x20, 0x74, 0x78, 0x20, 0x3d, 0x20, 0x37,
    0x75, 0x20, 0x2d, 0x20, 0x74, 0x78, 0x3b, 0x0a, 0x20, 0x20, 0x20, 0x20,
    0x7d, 0x0a, 0x20, 0x20, 0x20, 0x20, 0x69, 0x66, 0x20, 0x28, 0x28, 0x74,
    0x69, 0x6c, 0x65, 0x20, 0x26, 0x20, 0x33, 0x32, 0x37, 0x36, 0x38, 0x75,
    0x29, 0x20, 0x21, 0x3d, 0x20, 0x30, 0x75, 0x29, 0x0a, 0x20, 0x20, 0x20,
    0x20, 0x7b, 0x0a, 0x20, 0x20, 0x20, 0x20, 0x20, 0x20, 0x20, 0x20, 0x74,
    0x79, 0x20, 0x3d, 0x20, 0x37, 0x75, 0x20, 0x2d, 0x20, 0x74, 0x79, 0x3b,
    0x0a, 0x20, 0x20, 0x20, 0x20, 0x7d, 0x0a, 0x20, 0x20, 0x20, 0x20, 0x75,
    0x69, 0x6e, 0x74, 0x20, 0x61, 0x64, 0x64, 0x72, 0x65, 0x73, 0x73, 0x20,
    0x3d, 0x20, 0x28, 0x28, 0x74, 0x69, 0x6c, 0x65, 0x20, 0x26, 0x20, 0x31,
    0x30, 0x32, 0x33, 0x75, 0x29, 0x20, 0x2a, 0x20, 0x31, 0x36, 0x75, 0x29,
    0x20, 0x2b, 0x20, 0x74, 0x79, 0x3b, 0x0a, 0x20, 0x20, 0x20, 0x20, 0x75,
    0x69, 0x6e, 0x74, 0x20, 0x70, 0x61, 0x72, 0x61, 0x6d, 0x5f, 0x31, 0x31,
    0x20, 0x3d, 0x20, 0x61, 0x64, 0x64, 0x72, 0x65, 0x73, 0x73, 0x3b, 0x0a,
    0x20, 0x20, 0x20, 0x20, 0x75, 0x69, 0x6e, 0x74, 0x20, 0x6c, 0x6f, 0x20,
    0x3d, 0x20, 0x76, 0x72, 0x61, 0x6d, 0x28, 0x70, 0x61, 0x72, 0x61, 0x6d,
    0x5f, 0x31, 0x31, 0x2c, 0x20, 0x75, 0x5f, 0x74, 0x65, 0x78, 0x74, 0x75,
    0x72, 0x65, 0x2c, 0x20, 0x75, 0x5f, 0x74, 0x65, 0x78, 0x74, 0x75, 0x72,
    0x65, 0x53, 0x6d, 0x70, 0x6c, 0x72, 0x29, 0x3b, 0x0a, 0x20, 0x20, 0x20,
    0x20, 0x75, 0x69, 0x6e, 0x74, 0x20, 0x70, 0x61, 0x72, 0x61, 0x6d, 0x5f,
    0x31, 0x32, 0x20, 0x3d, 0x20, 0x61, 0x64, 0x64, 0x72, 0x65, 0x73, 0x73,
    0x20, 0x2b, 0x20, 0x38, 0x75, 0x3b, 0x0a, 0x20, 0x20, 0x20, 0x20, 0x75,
    0x69, 0x6e, 0x74, 0x20, 0x68, 0x69, 0x20, 0x3d, 0x20, 0x76, 0x72, 0x61,
    0x6d, 0x28, 0x70, 0x61, 0x72, 0x61, 0x6d, 0x5f, 0x31, 0x32, 0x2c, 0x20,
    0x75, 0x5f, 0x74, 0x65, 0x78, 0x74, 0x75, 0x72, 0x65, 0x2c, 0x20, 0x75,
    0x5f, 0x74, 0x65, 0x78, 0x74, 0x75, 0x72, 0x65, 0x53, 0x6d, 0x70, 0x6c,
    0x72, 0x29, 0x3b, 0x0a, 0x20, 0x20, 0x20, 0x20, 0x75, 0x69, 0x6e, 0x74,
    0x20, 0x73, 0x68, 0x69, 0x66, 0x74, 0x20, 0x3d, 0x20, 0x37, 0x75, 0x20,
    0x2d, 0x20, 0x74, 0x78, 0x3b, 0x0a, 0x20, 0x20, 0x20, 0x20, 0x75, 0x69,
    0x6e, 0x74, 0x20, 0x70, 0x69, 0x78, 0x65, 0x6c, 0x20, 0x3d, 0x20, 0x28,
    0x28, 0x28, 0x28, 0x6c, 0x6f, 0x20, 0x3e, 0x3e, 0x20, 0x73, 0x68, 0x69,
    0x66, 0x74, 0x29, 0x20, 0x26, 0x20, 0x31, 0x75, 0x29, 0x20, 0x7c, 0x20,
    0x28, 0x28, 0x28, 0x6c, 0x6f, 0x20, 0x3e, 0x3e, 0x20, 0x28, 0x73, 0x68,
    0x69, 0x66, 0x74, 0x20, 0x2b, 0x20, 0x38, 0x75, 0x29, 0x29, 0x20, 0x26,
    0x20, 0x31, 0x75, 0x29, 0x20, 0x3c, 0x3c, 0x20, 0x31, 0x75, 0x29, 0x29,
    0x20, 0x7c, 0x20, 0x28, 0x28, 0x28, 0x68, 0x69, 0x20, 0x3e, 0x3e, 0x20,
    0x73, 0x68, 0x69, 0x66, 0x74, 0x29, 0x20, 0x26, 0x20, 0x31, 0x75, 0x29,
    0x20, 0x3c, 0x3c, 0x20, 0x32, 0x75, 0x29, 0x29, 0x20, 0x7c, 0x20, 0x28,
    0x28, 0x28, 0x68, 0x69, 0x20, 0x3e, 0x3e, 0x20, 0x28, 0x73, 0x68, 0x69,
    0x66, 0x74, 0x20, 0x2b, 0x20, 0x38, 0x75, 0x29, 0x29, 0x20, 0x26, 0x20,
    0x31, 0x75, 0x29, 0x20, 0x3c, 0x3c, 0x20, 0x33, 0x75, 0x29, 0x3b, 0x0a,
    0x20, 0x20, 0x20, 0x20, 0x69, 0x66, 0x20, 0x28, 0x70, 0x69, 0x78, 0x65,
    0x6c, 0x20, 0x21, 0x3d, 0x20, 0x30, 0x75, 0x29, 0x0a, 0x20, 0x20, 0x20,
    0x20, 0x7b, 0x0a, 0x20, 0x20, 0x20, 0x20, 0x20, 0x20, 0x20, 0x20, 0x75,
    0x69, 0x6e, 0x74, 0x20, 0x70, 0x61, 0x72, 0x61, 0x6d, 0x5f, 0x31, 0x33,
    0x20, 0x3d, 0x20, 0x28, 0x28, 0x32, 0x32, 0x30, 0x33, 0x32, 0x75, 0x20,
    0x2b, 0x20, 0x28, 0x62, 0x67, 0x20, 0x2a, 0x20, 0x32, 0x35, 0x36, 0x75,
    0x29, 0x29, 0x20, 0x2b, 0x20, 0x28, 0x28, 0x28, 0x74, 0x69, 0x6c, 0x65,
    0x20, 0x3e, 0x3e, 0x20, 0x31, 0x30, 0x75, 0x29, 0x20, 0x26, 0x20, 0x37,
    0x75, 0x29, 0x20, 0x2a, 0x20, 0x31, 0x36, 0x75, 0x29, 0x29, 0x20, 0x2b,
    0x20, 0x70, 0x69, 0x78, 0x65, 0x6c, 0x3b, 0x0a, 0x20, 0x20, 0x20, 0x20,
    0x20, 0x20, 0x20, 0x20, 0x75, 0x69, 0x6e, 0x74, 0x20, 0x70, 0x61, 0x72,
    0x61, 0x6d, 0x5f, 0x31, 0x34, 0x20, 0x3d, 0x20, 0x77, 0x6f, 0x72, 0x64,
    0x28, 0x70, 0x61, 0x72, 0x61, 0x6d, 0x5f, 0x31, 0x33, 0x2c, 0x20, 0x75,
    0x5f, 0x74, 0x65, 0x78, 0x74, 0x75, 0x72, 0x65, 0x2c, 0x20, 0x75, 0x5f,
    0x74, 0x65, 0x78, 0x74, 0x75, 0x72, 0x65, 0x53, 0x6d, 0x70, 0x6c, 0x72,
    0x29, 0x3b, 0x0a, 0x20, 0x20, 0x20, 0x20, 0x20, 0x20, 0x20, 0x20, 0x6f,
    0x75, 0x74, 0x2e, 0x6f, 0x5f, 0x63, 0x6f, 0x6c, 0x6f, 0x72, 0x20, 0x3d,
    0x20, 0x63, 0x6f, 0x6c, 0x6f, 0x72, 0x28, 0x70, 0x61, 0x72, 0x61, 0x6d,
    0x5f, 0x31, 0x34, 0x29, 0x3b, 0x0a, 0x20, 0x20, 0x20, 0x20, 0x7d, 0x0a,
    0x20, 0x20, 0x20, 0x20, 0x72, 0x65, 0x74, 0x75, 0x72, 0x6e, 0x20, 0x6f,
    0x75, 0x74, 0x3b, 0x0a, 0x7d, 0x0a, 0x0a,
    0x00
};
static const unsigned int kPpuBgProbeFragMSLSize = 3751u;

static const unsigned char kPpuBgProbeFragSPV[] = {
    0x03, 0x02, 0x23, 0x07, 0x00, 0x00, 0x01, 0x00, 0x0b, 0x00, 0x0d, 0x00,
    0x65, 0x03, 0x00, 0x00, 0x00, 0x00, 0x00, 0x00, 0x11, 0x00, 0x02, 0x00,
    0x01, 0x00, 0x00, 0x00, 0x0b, 0x00, 0x06, 0x00, 0x01, 0x00, 0x00, 0x00,
    0x47, 0x4c, 0x53, 0x4c, 0x2e, 0x73, 0x74, 0x64, 0x2e, 0x34, 0x35, 0x30,
    0x00, 0x00, 0x00, 0x00, 0x0e, 0x00, 0x03, 0x00, 0x00, 0x00, 0x00, 0x00,
    0x01, 0x00, 0x00, 0x00, 0x0f, 0x00, 0x07, 0x00, 0x04, 0x00, 0x00, 0x00,
    0x04, 0x00, 0x00, 0x00, 0x6d, 0x61, 0x69, 0x6e, 0x00, 0x00, 0x00, 0x00,
    0x72, 0x00, 0x00, 0x00, 0x95, 0x00, 0x00, 0x00, 0x10, 0x00, 0x03, 0x00,
    0x04, 0x00, 0x00, 0x00, 0x07, 0x00, 0x00, 0x00, 0x47, 0x00, 0x04, 0x00,
    0x1b, 0x00, 0x00, 0x00, 0x21, 0x00, 0x00, 0x00, 0x00, 0x00, 0x00, 0x00,
    0x47, 0x00, 0x04, 0x00, 0x1b, 0x00, 0x00, 0x00, 0x22, 0x00, 0x00, 0x00,
    0x02, 0x00, 0x00, 0x00, 0x47, 0x00, 0x04, 0x00, 0x72, 0x00, 0x00, 0x00,
    0x1e, 0x00, 0x00, 0x00, 0x01, 0x00, 0x00, 0x00, 0x47, 0x00, 0x04, 0x00,
    0x95, 0x00, 0x00, 0x00, 0x1e, 0x00, 0x00, 0x00, 0x00, 0x00, 0x00, 0x00,
    0x13, 0x00, 0x02, 0x00, 0x02, 0x00, 0x00, 0x00, 0x21, 0x00, 0x03, 0x00,
    0x03, 0x00, 0x00, 0x00, 0x02, 0x00, 0x00, 0x00, 0x15, 0x00, 0x04, 0x00,
    0x06, 0x00, 0x00, 0x00, 0x20, 0x00, 0x00, 0x00, 0x00, 0x00, 0x00, 0x00,
    0x16, 0x00, 0x03, 0x00, 0x0c, 0x00, 0x00, 0x00, 0x20, 0x00, 0x00, 0x00,
    0x17, 0x00, 0x04, 0x00, 0x0d, 0x00, 0x00, 0x00, 0x0c, 0x00, 0x00, 0x00,
    0x04, 0x00, 0x00, 0x00, 0x17, 0x00, 0x04, 0x00, 0x15, 0x00, 0x00, 0x00,
    0x06, 0x00, 0x00, 0x00, 0x04, 0x00, 0x00, 0x00, 0x19, 0x00, 0x09, 0x00,
    0x18, 0x00, 0x00, 0x00, 0x0c, 0x00, 0x00, 0x00, 0x01, 0x00, 0x00, 0x00,
    0x00, 0x00, 0x00, 0x00, 0x00, 0x00, 0x00, 0x00, 0x00, 0x00, 0x00, 0x00,
    0x01, 0x00, 0x00, 0x00, 0x00, 0x00, 0x00, 0x00, 0x1b, 0x00, 0x03, 0x00,
    0x19, 0x00, 0x00, 0x00, 0x18, 0x00, 0x00, 0x00, 0x20, 0x00, 0x04, 0x00,
    0x1a, 0x00, 0x00, 0x00, 0x00, 0x00, 0x00, 0x00, 0x19, 0x00, 0x00, 0x00,
    0x3b, 0x00, 0x04, 0x00, 0x1a, 0x00, 0x00, 0x00, 0x1b, 0x00, 0x00, 0x00,
    0x00, 0x00, 0x00, 0x00, 0x2b, 0x00, 0x04, 0x00, 0x06, 0x00, 0x00, 0x00,
    0x1e, 0x00, 0x00, 0x00, 0xff, 0x00, 0x00, 0x00, 0x15, 0x00, 0x04, 0x00,
    0x20, 0x00, 0x00, 0x00, 0x20, 0x00, 0x00, 0x00, 0x01, 0x00, 0x00, 0x00,
    0x2b, 0x00, 0x04, 0x00, 0x06, 0x00, 0x00, 0x00, 0x23, 0x00, 0x00, 0x00,
    0x08, 0x00, 0x00, 0x00, 0x17, 0x00, 0x04, 0x00, 0x26, 0x00, 0x00, 0x00,
    0x20, 0x00, 0x00, 0x00, 0x02, 0x00, 0x00, 0x00, 0x2b, 0x00, 0x04, 0x00,
    0x20, 0x00, 0x00, 0x00, 0x28, 0x00, 0x00, 0x00, 0x00, 0x00, 0x00, 0x00,
    0x2b, 0x00, 0x04, 0x00, 0x0c, 0x00, 0x00, 0x00, 0x2b, 0x00, 0x00, 0x00,
    0x00, 0x00, 0x7f, 0x43, 0x2b, 0x00, 0x04, 0x00, 0x06, 0x00, 0x00, 0x00,
    0x2f, 0x00, 0x00, 0x00, 0x00, 0x00, 0x00, 0x00, 0x2b, 0x00, 0x04, 0x00,
    0x06, 0x00, 0x00, 0x00, 0x32, 0x00, 0x00, 0x00, 0x01, 0x00, 0x00, 0x00,
    0x2b, 0x00, 0x04, 0x00, 0x06, 0x00, 0x00, 0x00, 0x37, 0x00, 0x00, 0x00,
    0x02, 0x00, 0x00, 0x00, 0x2b, 0x00, 0x04, 0x00, 0x06, 0x00, 0x00, 0x00,
    0x3a, 0x00, 0x00, 0x00, 0x10, 0x00, 0x00, 0x00, 0x2b, 0x00, 0x04, 0x00,
    0x06, 0x00, 0x00, 0x00, 0x3d, 0x00, 0x00, 0x00, 0x03, 0x00, 0x00, 0x00,
    0x2b, 0x00, 0x04, 0x00, 0x06, 0x00, 0x00, 0x00, 0x40, 0x00, 0x00, 0x00,
    0x18, 0x00, 0x00, 0x00, 0x2b, 0x00, 0x04, 0x00, 0x06, 0x00, 0x00, 0x00,
    0x59, 0x00, 0x00, 0x00, 0x10, 0x16, 0x00, 0x00, 0x2b, 0x00, 0x04, 0x00,
    0x06, 0x00, 0x00, 0x00, 0x5b, 0x00, 0x00, 0x00, 0xff, 0x7f, 0x00, 0x00,
    0x2b, 0x00, 0x04, 0x00, 0x06, 0x00, 0x00, 0x00, 0x66, 0x00, 0x00, 0x00,
    0xff, 0xff, 0x00, 0x00, 0x17, 0x00, 0x04, 0x00, 0x6d, 0x00, 0x00, 0x00,
    0x06, 0x00, 0x00, 0x00, 0x02, 0x00, 0x00, 0x00, 0x17, 0x00, 0x04, 0x00,
    0x70, 0x00, 0x00, 0x00, 0x0c, 0x00, 0x00, 0x00, 0x02, 0x00, 0x00, 0x00,
    0x20, 0x00, 0x04, 0x00, 0x71, 0x00, 0x00, 0x00, 0x01, 0x00, 0x00, 0x00,
    0x70, 0x00, 0x00, 0x00, 0x3b, 0x00, 0x04, 0x00, 0x71, 0x00, 0x00, 0x00,
    0x72, 0x00, 0x00, 0x00, 0x01, 0x00, 0x00, 0x00, 0x2b, 0x00, 0x04, 0x00,
    0x06, 0x00, 0x00, 0x00, 0x78, 0x00, 0x00, 0x00, 0x06, 0x00, 0x00, 0x00,
    0x2b, 0x00, 0x04, 0x00, 0x06, 0x00, 0x00, 0x00, 0x8b, 0x00, 0x00, 0x00,
    0x60, 0x01, 0x00, 0x00, 0x20, 0x00, 0x04, 0x00, 0x94, 0x00, 0x00, 0x00,
    0x03, 0x00, 0x00, 0x00, 0x0d, 0x00, 0x00, 0x00, 0x3b, 0x00, 0x04, 0x00,
    0x94, 0x00, 0x00, 0x00, 0x95, 0x00, 0x00, 0x00, 0x03, 0x00, 0x00, 0x00,
    0x2b, 0x00, 0x04, 0x00, 0x0c, 0x00, 0x00, 0x00, 0x96, 0x00, 0x00, 0x00,
    0x00, 0x00, 0x00, 0x00, 0x2c, 0x00, 0x07, 0x00, 0x0d, 0x00, 0x00, 0x00,
    0x97, 0x00, 0x00, 0x00, 0x96, 0x00, 0x00, 0x00, 0x96, 0x00, 0x00, 0x00,
    0x96, 0x00, 0x00, 0x00, 0x96, 0x00, 0x00, 0x00, 0x14, 0x00, 0x02, 0x00,
    0x98, 0x00, 0x00, 0x00, 0x2b, 0x00, 0x04, 0x00, 0x06, 0x00, 0x00, 0x00,
    0x9b, 0x00, 0x00, 0x00, 0x40, 0x00, 0x00, 0x00, 0x2b, 0x00, 0x04, 0x00,
    0x06, 0x00, 0x00, 0x00, 0xde, 0x00, 0x00, 0x00, 0x00, 0x00, 0x01, 0x00,
    0x2b, 0x00, 0x04, 0x00, 0x06, 0x00, 0x00, 0x00, 0xe5, 0x00, 0x00, 0x00,
    0x11, 0x00, 0x00, 0x00, 0x2b, 0x00, 0x04, 0x00, 0x06, 0x00, 0x00, 0x00,
    0xf0, 0x00, 0x00, 0x00, 0x07, 0x00, 0x00, 0x00, 0x2b, 0x00, 0x04, 0x00,
    0x06, 0x00, 0x00, 0x00, 0xf8, 0x00, 0x00, 0x00, 0x00, 0x40, 0x00, 0x00,
    0x2b, 0x00, 0x04, 0x00, 0x06, 0x00, 0x00, 0x00, 0x00, 0x01, 0x00, 0x00,
    0x00, 0x80, 0x00, 0x00, 0x2b, 0x00, 0x04, 0x00, 0x06, 0x00, 0x00, 0x00,
    0x09, 0x01, 0x00, 0x00, 0xff, 0x03, 0x00, 0x00, 0x2b, 0x00, 0x04, 0x00,
    0x06, 0x00, 0x00, 0x00, 0x37, 0x01, 0x00, 0x00, 0x10, 0x56, 0x00, 0x00,
    0x2b, 0x00, 0x04, 0x00, 0x06, 0x00, 0x00, 0x00, 0x39, 0x01, 0x00, 0x00,
    0x00, 0x01, 0x00, 0x00, 0x2b, 0x00, 0x04, 0x00, 0x06, 0x00, 0x00, 0x00,
    0x3d, 0x01, 0x00, 0x00, 0x0a, 0x00, 0x00, 0x00, 0x2b, 0x00, 0x04, 0x00,
    0x20, 0x00, 0x00, 0x00, 0x59, 0x03, 0x00, 0x00, 0x01, 0x00, 0x00, 0x00,
    0x2c, 0x00, 0x05, 0x00, 0x26, 0x00, 0x00, 0x00, 0x5a, 0x03, 0x00, 0x00,
    0x59, 0x03, 0x00, 0x00, 0x28, 0x00, 0x00, 0x00, 0x2c, 0x00, 0x05, 0x00,
    0x26, 0x00, 0x00, 0x00, 0x5b, 0x03, 0x00, 0x00, 0x28, 0x00, 0x00, 0x00,
    0x28, 0x00, 0x00, 0x00, 0x2b, 0x00, 0x04, 0x00, 0x20, 0x00, 0x00, 0x00,
    0x5c, 0x03, 0x00, 0x00, 0x02, 0x00, 0x00, 0x00, 0x2c, 0x00, 0x05, 0x00,
    0x26, 0x00, 0x00, 0x00, 0x5d, 0x03, 0x00, 0x00, 0x5c, 0x03, 0x00, 0x00,
    0x28, 0x00, 0x00, 0x00, 0x2b, 0x00, 0x04, 0x00, 0x06, 0x00, 0x00, 0x00,
    0x5e, 0x03, 0x00, 0x00, 0x14, 0x00, 0x00, 0x00, 0x2b, 0x00, 0x04, 0x00,
    0x0c, 0x00, 0x00, 0x00, 0x5f, 0x03, 0x00, 0x00, 0x81, 0x80, 0x80, 0x3b,
    0x2c, 0x00, 0x07, 0x00, 0x0d, 0x00, 0x00, 0x00, 0x60, 0x03, 0x00, 0x00,
    0x5f, 0x03, 0x00, 0x00, 0x5f, 0x03, 0x00, 0x00, 0x5f, 0x03, 0x00, 0x00,
    0x5f, 0x03, 0x00, 0x00, 0x2b, 0x00, 0x04, 0x00, 0x06, 0x00, 0x00, 0x00,
    0x61, 0x03, 0x00, 0x00, 0x12, 0x00, 0x00, 0x00, 0x2b, 0x00, 0x04, 0x00,
    0x06, 0x00, 0x00, 0x00, 0x62, 0x03, 0x00, 0x00, 0x13, 0x00, 0x00, 0x00,
    0x2b, 0x00, 0x04, 0x00, 0x06, 0x00, 0x00, 0x00, 0x63, 0x03, 0x00, 0x00,
    0x15, 0x00, 0x00, 0x00, 0x2b, 0x00, 0x04, 0x00, 0x06, 0x00, 0x00, 0x00,
    0x64, 0x03, 0x00, 0x00, 0x0f, 0x00, 0x00, 0x00, 0x36, 0x00, 0x05, 0x00,
    0x02, 0x00, 0x00, 0x00, 0x04, 0x00, 0x00, 0x00, 0x00, 0x00, 0x00, 0x00,
    0x03, 0x00, 0x00, 0x00, 0xf8, 0x00, 0x02, 0x00, 0x05, 0x00, 0x00, 0x00,
    0xf7, 0x00, 0x03, 0x00, 0x4a, 0x01, 0x00, 0x00, 0x00, 0x00, 0x00, 0x00,
    0xfb, 0x00, 0x03, 0x00, 0x2f, 0x00, 0x00, 0x00, 0x4b, 0x01, 0x00, 0x00,
    0xf8, 0x00, 0x02, 0x00, 0x4b, 0x01, 0x00, 0x00, 0x3d, 0x00, 0x04, 0x00,
    0x19, 0x00, 0x00, 0x00, 0x53, 0x01, 0x00, 0x00, 0x1b, 0x00, 0x00, 0x00,
    0x64, 0x00, 0x04, 0x00, 0x18, 0x00, 0x00, 0x00, 0x5b, 0x01, 0x00, 0x00,
    0x53, 0x01, 0x00, 0x00, 0x5f, 0x00, 0x07, 0x00, 0x0d, 0x00, 0x00, 0x00,
    0x5c, 0x01, 0x00, 0x00, 0x5b, 0x01, 0x00, 0x00, 0x5a, 0x03, 0x00, 0x00,
    0x02, 0x00, 0x00, 0x00, 0x28, 0x00, 0x00, 0x00, 0x8e, 0x00, 0x05, 0x00,
    0x0d, 0x00, 0x00, 0x00, 0x5d, 0x01, 0x00, 0x00, 0x5c, 0x01, 0x00, 0x00,
    0x2b, 0x00, 0x00, 0x00, 0x0c, 0x00, 0x06, 0x00, 0x0d, 0x00, 0x00, 0x00,
    0x5e, 0x01, 0x00, 0x00, 0x01, 0x00, 0x00, 0x00, 0x01, 0x00, 0x00, 0x00,
    0x5d, 0x01, 0x00, 0x00, 0x6d, 0x00, 0x04, 0x00, 0x15, 0x00, 0x00, 0x00,
    0x5f, 0x01, 0x00, 0x00, 0x5e, 0x01, 0x00, 0x00, 0x51, 0x00, 0x05, 0x00,
    0x06, 0x00, 0x00, 0x00, 0x61, 0x01, 0x00, 0x00, 0x5f, 0x01, 0x00, 0x00,
    0x00, 0x00, 0x00, 0x00, 0x51, 0x00, 0x05, 0x00, 0x06, 0x00, 0x00, 0x00,
    0x63, 0x01, 0x00, 0x00, 0x5f, 0x01, 0x00, 0x00, 0x01, 0x00, 0x00, 0x00,
    0xc4, 0x00, 0x05, 0x00, 0x06, 0x00, 0x00, 0x00, 0x64, 0x01, 0x00, 0x00,
    0x63, 0x01, 0x00, 0x00, 0x23, 0x00, 0x00, 0x00, 0xc5, 0x00, 0x05, 0x00,
    0x06, 0x00, 0x00, 0x00, 0x65, 0x01, 0x00, 0x00, 0x61, 0x01, 0x00, 0x00,
    0x64, 0x01, 0x00, 0x00, 0x51, 0x00, 0x05, 0x00, 0x06, 0x00, 0x00, 0x00,
    0x67, 0x01, 0x00, 0x00, 0x5f, 0x01, 0x00, 0x00, 0x02, 0x00, 0x00, 0x00,
    0xc4, 0x00, 0x05, 0x00, 0x06, 0x00, 0x00, 0x00, 0x68, 0x01, 0x00, 0x00,
    0x67, 0x01, 0x00, 0x00, 0x3a, 0x00, 0x00, 0x00, 0xc5, 0x00, 0x05, 0x00,
    0x06, 0x00, 0x00, 0x00, 0x69, 0x01, 0x00, 0x00, 0x65, 0x01, 0x00, 0x00,
    0x68, 0x01, 0x00, 0x00, 0x51, 0x00, 0x05, 0x00, 0x06, 0x00, 0x00, 0x00,
    0x6b, 0x01, 0x00, 0x00, 0x5f, 0x01, 0x00, 0x00, 0x03, 0x00, 0x00, 0x00,
    0xc4, 0x00, 0x05, 0x00, 0x06, 0x00, 0x00, 0x00, 0x6c, 0x01, 0x00, 0x00,
    0x6b, 0x01, 0x00, 0x00, 0x40, 0x00, 0x00, 0x00, 0xc5, 0x00, 0x05, 0x00,
    0x06, 0x00, 0x00, 0x00, 0x6d, 0x01, 0x00, 0x00, 0x69, 0x01, 0x00, 0x00,
    0x6c, 0x01, 0x00, 0x00, 0x3d, 0x00, 0x04, 0x00, 0x70, 0x00, 0x00, 0x00,
    0x73, 0x00, 0x00, 0x00, 0x72, 0x00, 0x00, 0x00, 0x3d, 0x00, 0x04, 0x00,
    0x19, 0x00, 0x00, 0x00, 0x71, 0x01, 0x00, 0x00, 0x1b, 0x00, 0x00, 0x00,
    0x64, 0x00, 0x04, 0x00, 0x18, 0x00, 0x00, 0x00, 0x79, 0x01, 0x00, 0x00,
    0x71, 0x01, 0x00, 0x00, 0x5f, 0x00, 0x07, 0x00, 0x0d, 0x00, 0x00, 0x00,
    0x7a, 0x01, 0x00, 0x00, 0x79, 0x01, 0x00, 0x00, 0x5b, 0x03, 0x00, 0x00,
    0x02, 0x00, 0x00, 0x00, 0x28, 0x00, 0x00, 0x00, 0x8e, 0x00, 0x05, 0x00,
    0x0d, 0x00, 0x00, 0x00, 0x7b, 0x01, 0x00, 0x00, 0x7a, 0x01, 0x00, 0x00,
    0x2b, 0x00, 0x00, 0x00, 0x0c, 0x00, 0x06, 0x00, 0x0d, 0x00, 0x00, 0x00,
    0x7c, 0x01, 0x00, 0x00, 0x01, 0x00, 0x00, 0x00, 0x01, 0x00, 0x00, 0x00,
    0x7b, 0x01, 0x00, 0x00, 0x6d, 0x00, 0x04, 0x00, 0x15, 0x00, 0x00, 0x00,
    0x7d, 0x01, 0x00, 0x00, 0x7c, 0x01, 0x00, 0x00, 0x51, 0x00, 0x05, 0x00,
    0x06, 0x00, 0x00, 0x00, 0x7f, 0x01, 0x00, 0x00, 0x7d, 0x01, 0x00, 0x00,
    0x00, 0x00, 0x00, 0x00, 0x51, 0x00, 0x05, 0x00, 0x06, 0x00, 0x00, 0x00,
    0x81, 0x01, 0x00, 0x00, 0x7d, 0x01, 0x00, 0x00, 0x01, 0x00, 0x00, 0x00,
    0xc4, 0x00, 0x05, 0x00, 0x06, 0x00, 0x00, 0x00, 0x82, 0x01, 0x00, 0x00,
    0x81, 0x01, 0x00, 0x00, 0x23, 0x00, 0x00, 0x00, 0xc5, 0x00, 0x05, 0x00,
    0x06, 0x00, 0x00, 0x00, 0x83, 0x01, 0x00, 0x00, 0x7f, 0x01, 0x00, 0x00,
    0x82, 0x01, 0x00, 0x00, 0x51, 0x00, 0x05, 0x00, 0x06, 0x00, 0x00, 0x00,
    0x85, 0x01, 0x00, 0x00, 0x7d, 0x01, 0x00, 0x00, 0x02, 0x00, 0x00, 0x00,
    0xc4, 0x00, 0x05, 0x00, 0x06, 0x00, 0x00, 0x00, 0x86, 0x01, 0x00, 0x00,
    0x85, 0x01, 0x00, 0x00, 0x3a, 0x00, 0x00, 0x00, 0xc5, 0x00, 0x05, 0x00,
    0x06, 0x00, 0x00, 0x00, 0x87, 0x01, 0x00, 0x00, 0x83, 0x01, 0x00, 0x00,
    0x86, 0x01, 0x00, 0x00, 0x51, 0x00, 0x05, 0x00, 0x06, 0x00, 0x00, 0x00,
    0x89, 0x01, 0x00, 0x00, 0x7d, 0x01, 0x00, 0x00, 0x03, 0x00, 0x00, 0x00,
    0xc4, 0x00, 0x05, 0x00, 0x06, 0x00, 0x00, 0x00, 0x8a, 0x01, 0x00, 0x00,
    0x89, 0x01, 0x00, 0x00, 0x40, 0x00, 0x00, 0x00, 0xc5, 0x00, 0x05, 0x00,
    0x06, 0x00, 0x00, 0x00, 0x8b, 0x01, 0x00, 0x00, 0x87, 0x01, 0x00, 0x00,
    0x8a, 0x01, 0x00, 0x00, 0x70, 0x00, 0x04, 0x00, 0x0c, 0x00, 0x00, 0x00,
    0x76, 0x00, 0x00, 0x00, 0x8b, 0x01, 0x00, 0x00, 0x84, 0x00, 0x05, 0x00,
    0x06, 0x00, 0x00, 0x00, 0x79, 0x00, 0x00, 0x00, 0x6d, 0x01, 0x00, 0x00,
    0x78, 0x00, 0x00, 0x00, 0x70, 0x00, 0x04, 0x00, 0x0c, 0x00, 0x00, 0x00,
    0x7a, 0x00, 0x00, 0x00, 0x79, 0x00, 0x00, 0x00, 0x50, 0x00, 0x05, 0x00,
    0x70, 0x00, 0x00, 0x00, 0x7b, 0x00, 0x00, 0x00, 0x76, 0x00, 0x00, 0x00,
    0x7a, 0x00, 0x00, 0x00, 0x85, 0x00, 0x05, 0x00, 0x70, 0x00, 0x00, 0x00,
    0x7c, 0x00, 0x00, 0x00, 0x73, 0x00, 0x00, 0x00, 0x7b, 0x00, 0x00, 0x00,
    0x6d, 0x00, 0x04, 0x00, 0x6d, 0x00, 0x00, 0x00, 0x7d, 0x00, 0x00, 0x00,
    0x7c, 0x00, 0x00, 0x00, 0x51, 0x00, 0x05, 0x00, 0x06, 0x00, 0x00, 0x00,
    0x80, 0x00, 0x00, 0x00, 0x7d, 0x00, 0x00, 0x00, 0x01, 0x00, 0x00, 0x00,
    0x86, 0x00, 0x05, 0x00, 0x06, 0x00, 0x00, 0x00, 0x82, 0x00, 0x00, 0x00,
    0x80, 0x00, 0x00, 0x00, 0x6d, 0x01, 0x00, 0x00, 0x86, 0x00, 0x05, 0x00,
    0x06, 0x00, 0x00, 0x00, 0x85, 0x00, 0x00, 0x00, 0x82, 0x00, 0x00, 0x00,
    0x3d, 0x00, 0x00, 0x00, 0x89, 0x00, 0x05, 0x00, 0x06, 0x00, 0x00, 0x00,
    0x88, 0x00, 0x00, 0x00, 0x82, 0x00, 0x00, 0x00, 0x3d, 0x00, 0x00, 0x00,
    0x84, 0x00, 0x05, 0x00, 0x06, 0x00, 0x00, 0x00, 0x8c, 0x00, 0x00, 0x00,
    0x85, 0x00, 0x00, 0x00, 0x8b, 0x00, 0x00, 0x00, 0x89, 0x00, 0x05, 0x00,
    0x06, 0x00, 0x00, 0x00, 0x90, 0x00, 0x00, 0x00, 0x80, 0x00, 0x00, 0x00,
    0x6d, 0x01, 0x00, 0x00, 0x80, 0x00, 0x05, 0x00, 0x06, 0x00, 0x00, 0x00,
    0x91, 0x00, 0x00, 0x00, 0x8c, 0x00, 0x00, 0x00, 0x90, 0x00, 0x00, 0x00,
    0x84, 0x00, 0x05, 0x00, 0x06, 0x00, 0x00, 0x00, 0x92, 0x00, 0x00, 0x00,
    0x91, 0x00, 0x00, 0x00, 0x23, 0x00, 0x00, 0x00, 0x80, 0x00, 0x05, 0x00,
    0x06, 0x00, 0x00, 0x00, 0x93, 0x00, 0x00, 0x00, 0x3a, 0x00, 0x00, 0x00,
    0x92, 0x00, 0x00, 0x00, 0x3e, 0x00, 0x03, 0x00, 0x95, 0x00, 0x00, 0x00,
    0x97, 0x00, 0x00, 0x00, 0x51, 0x00, 0x05, 0x00, 0x06, 0x00, 0x00, 0x00,
    0x9a, 0x00, 0x00, 0x00, 0x7d, 0x00, 0x00, 0x00, 0x00, 0x00, 0x00, 0x00,
    0xb0, 0x00, 0x05, 0x00, 0x98, 0x00, 0x00, 0x00, 0x9c, 0x00, 0x00, 0x00,
    0x9a, 0x00, 0x00, 0x00, 0x9b, 0x00, 0x00, 0x00, 0xa8, 0x00, 0x04, 0x00,
    0x98, 0x00, 0x00, 0x00, 0x9d, 0x00, 0x00, 0x00, 0x9c, 0x00, 0x00, 0x00,
    0xf7, 0x00, 0x03, 0x00, 0x9f, 0x00, 0x00, 0x00, 0x00, 0x00, 0x00, 0x00,
    0xfa, 0x00, 0x04, 0x00, 0x9d, 0x00, 0x00, 0x00, 0x9e, 0x00, 0x00, 0x00,
    0x9f, 0x00, 0x00, 0x00, 0xf8, 0x00, 0x02, 0x00, 0x9e, 0x00, 0x00, 0x00,
    0x3d, 0x00, 0x04, 0x00, 0x19, 0x00, 0x00, 0x00, 0x8f, 0x01, 0x00, 0x00,
    0x1b, 0x00, 0x00, 0x00, 0x64, 0x00, 0x04, 0x00, 0x18, 0x00, 0x00, 0x00,
    0x97, 0x01, 0x00, 0x00, 0x8f, 0x01, 0x00, 0x00, 0x5f, 0x00, 0x07, 0x00,
    0x0d, 0x00, 0x00, 0x00, 0x98, 0x01, 0x00, 0x00, 0x97, 0x01, 0x00, 0x00,
    0x5d, 0x03, 0x00, 0x00, 0x02, 0x00, 0x00, 0x00, 0x28, 0x00, 0x00, 0x00,
    0x8e, 0x00, 0x05, 0x00, 0x0d, 0x00, 0x00, 0x00, 0x99, 0x01, 0x00, 0x00,
    0x98, 0x01, 0x00, 0x00, 0x2b, 0x00, 0x00, 0x00, 0x0c, 0x00, 0x06, 0x00,
    0x0d, 0x00, 0x00, 0x00, 0x9a, 0x01, 0x00, 0x00, 0x01, 0x00, 0x00, 0x00,
    0x01, 0x00, 0x00, 0x00, 0x99, 0x01, 0x00, 0x00, 0x6d, 0x00, 0x04, 0x00,
    0x15, 0x00, 0x00, 0x00, 0x9b, 0x01, 0x00, 0x00, 0x9a, 0x01, 0x00, 0x00,
    0x51, 0x00, 0x05, 0x00, 0x06, 0x00, 0x00, 0x00, 0x9d, 0x01, 0x00, 0x00,
    0x9b, 0x01, 0x00, 0x00, 0x00, 0x00, 0x00, 0x00, 0x51, 0x00, 0x05, 0x00,
    0x06, 0x00, 0x00, 0x00, 0x9f, 0x01, 0x00, 0x00, 0x9b, 0x01, 0x00, 0x00,
    0x01, 0x00, 0x00, 0x00, 0xc4, 0x00, 0x05, 0x00, 0x06, 0x00, 0x00, 0x00,
    0xa0, 0x01, 0x00, 0x00, 0x9f, 0x01, 0x00, 0x00, 0x23, 0x00, 0x00, 0x00,
    0xc5, 0x00, 0x05, 0x00, 0x06, 0x00, 0x00, 0x00, 0xa1, 0x01, 0x00, 0x00,
    0x9d, 0x01, 0x00, 0x00, 0xa0, 0x01, 0x00, 0x00, 0x51, 0x00, 0x05, 0x00,
    0x06, 0x00, 0x00, 0x00, 0xa3, 0x01, 0x00, 0x00, 0x9b, 0x01, 0x00, 0x00,
    0x02, 0x00, 0x00, 0x00, 0xc4, 0x00, 0x05, 0x00, 0x06, 0x00, 0x00, 0x00,
    0xa4, 0x01, 0x00, 0x00, 0xa3, 0x01, 0x00, 0x00, 0x3a, 0x00, 0x00, 0x00,
    0xc5, 0x00, 0x05, 0x00, 0x06, 0x00, 0x00, 0x00, 0xa5, 0x01, 0x00, 0x00,
    0xa1, 0x01, 0x00, 0x00, 0xa4, 0x01, 0x00, 0x00, 0x51, 0x00, 0x05, 0x00,
    0x06, 0x00, 0x00, 0x00, 0xa7, 0x01, 0x00, 0x00, 0x9b, 0x01, 0x00, 0x00,
    0x03, 0x00, 0x00, 0x00, 0xc4, 0x00, 0x05, 0x00, 0x06, 0x00, 0x00, 0x00,
    0xa8, 0x01, 0x00, 0x00, 0xa7, 0x01, 0x00, 0x00, 0x40, 0x00, 0x00, 0x00,
    0xc5, 0x00, 0x05, 0x00, 0x06, 0x00, 0x00, 0x00, 0xa9, 0x01, 0x00, 0x00,
    0xa5, 0x01, 0x00, 0x00, 0xa8, 0x01, 0x00, 0x00, 0x80, 0x00, 0x05, 0x00,
    0x06, 0x00, 0x00, 0x00, 0xa4, 0x00, 0x00, 0x00, 0xa9, 0x01, 0x00, 0x00,
    0x9b, 0x00, 0x00, 0x00, 0xae, 0x00, 0x05, 0x00, 0x98, 0x00, 0x00, 0x00,
    0xa5, 0x00, 0x00, 0x00, 0x9a, 0x00, 0x00, 0x00, 0xa4, 0x00, 0x00, 0x00,
    0xf9, 0x00, 0x02, 0x00, 0x9f, 0x00, 0x00, 0x00, 0xf8, 0x00, 0x02, 0x00,
    0x9f, 0x00, 0x00, 0x00, 0xf5, 0x00, 0x07, 0x00, 0x98, 0x00, 0x00, 0x00,
    0xa6, 0x00, 0x00, 0x00, 0x9c, 0x00, 0x00, 0x00, 0x4b, 0x01, 0x00, 0x00,
    0xa5, 0x00, 0x00, 0x00, 0x9e, 0x00, 0x00, 0x00, 0xf7, 0x00, 0x03, 0x00,
    0xa8, 0x00, 0x00, 0x00, 0x00, 0x00, 0x00, 0x00, 0xfa, 0x00, 0x04, 0x00,
    0xa6, 0x00, 0x00, 0x00, 0xa7, 0x00, 0x00, 0x00, 0xa8, 0x00, 0x00, 0x00,
    0xf8, 0x00, 0x02, 0x00, 0xa7, 0x00, 0x00, 0x00, 0xf9, 0x00, 0x02, 0x00,
    0x4a, 0x01, 0x00, 0x00, 0xf8, 0x00, 0x02, 0x00, 0xa8, 0x00, 0x00, 0x00,
    0x82, 0x00, 0x05, 0x00, 0x06, 0x00, 0x00, 0x00, 0xad, 0x00, 0x00, 0x00,
    0x9a, 0x00, 0x00, 0x00, 0x9b, 0x00, 0x00, 0x00, 0xaa, 0x00, 0x05, 0x00,
    0x98, 0x00, 0x00, 0x00, 0xaf, 0x00, 0x00, 0x00, 0x88, 0x00, 0x00, 0x00,
    0x2f, 0x00, 0x00, 0x00, 0xf7, 0x00, 0x03, 0x00, 0xb1, 0x00, 0x00, 0x00,
    0x00, 0x00, 0x00, 0x00, 0xfa, 0x00, 0x04, 0x00, 0xaf, 0x00, 0x00, 0x00,
    0xb0, 0x00, 0x00, 0x00, 0xb1, 0x00, 0x00, 0x00, 0xf8, 0x00, 0x02, 0x00,
    0xb0, 0x00, 0x00, 0x00, 0x80, 0x00, 0x05, 0x00, 0x06, 0x00, 0x00, 0x00,
    0xb4, 0x00, 0x00, 0x00, 0x92, 0x00, 0x00, 0x00, 0x5e, 0x03, 0x00, 0x00,
    0x3d, 0x00, 0x04, 0x00, 0x19, 0x00, 0x00, 0x00, 0xad, 0x01, 0x00, 0x00,
    0x1b, 0x00, 0x00, 0x00, 0xc7, 0x00, 0x05, 0x00, 0x06, 0x00, 0x00, 0x00,
    0xaf, 0x01, 0x00, 0x00, 0xb4, 0x00, 0x00, 0x00, 0x1e, 0x00, 0x00, 0x00,
    0x7c, 0x00, 0x04, 0x00, 0x20, 0x00, 0x00, 0x00, 0xb0, 0x01, 0x00, 0x00,
    0xaf, 0x01, 0x00, 0x00, 0xc2, 0x00, 0x05, 0x00, 0x06, 0x00, 0x00, 0x00,
    0xb2, 0x01, 0x00, 0x00, 0xb4, 0x00, 0x00, 0x00, 0x23, 0x00, 0x00, 0x00,
    0x7c, 0x00, 0x04, 0x00, 0x20, 0x00, 0x00, 0x00, 0xb3, 0x01, 0x00, 0x00,
    0xb2, 0x01, 0x00, 0x00, 0x50, 0x00, 0x05, 0x00, 0x26, 0x00, 0x00, 0x00,
    0xb4, 0x01, 0x00, 0x00, 0xb0, 0x01, 0x00, 0x00, 0xb3, 0x01, 0x00, 0x00,
    0x64, 0x00, 0x04, 0x00, 0x18, 0x00, 0x00, 0x00, 0xb5, 0x01, 0x00, 0x00,
    0xad, 0x01, 0x00, 0x00, 0x5f, 0x00, 0x07, 0x00, 0x0d, 0x00, 0x00, 0x00,
    0xb6, 0x01, 0x00, 0x00, 0xb5, 0x01, 0x00, 0x00, 0xb4, 0x01, 0x00, 0x00,
    0x02, 0x00, 0x00, 0x00, 0x28, 0x00, 0x00, 0x00, 0x8e, 0x00, 0x05, 0x00,
    0x0d, 0x00, 0x00, 0x00, 0xb7, 0x01, 0x00, 0x00, 0xb6, 0x01, 0x00, 0x00,
    0x2b, 0x00, 0x00, 0x00, 0x0c, 0x00, 0x06, 0x00, 0x0d, 0x00, 0x00, 0x00,
    0xb8, 0x01, 0x00, 0x00, 0x01, 0x00, 0x00, 0x00, 0x01, 0x00, 0x00, 0x00,
    0xb7, 0x01, 0x00, 0x00, 0x6d, 0x00, 0x04, 0x00, 0x15, 0x00, 0x00, 0x00,
    0xb9, 0x01, 0x00, 0x00, 0xb8, 0x01, 0x00, 0x00, 0x51, 0x00, 0x05, 0x00,
    0x06, 0x00, 0x00, 0x00, 0xbb, 0x01, 0x00, 0x00, 0xb9, 0x01, 0x00, 0x00,
    0x00, 0x00, 0x00, 0x00, 0x51, 0x00, 0x05, 0x00, 0x06, 0x00, 0x00, 0x00,
    0xbd, 0x01, 0x00, 0x00, 0xb9, 0x01, 0x00, 0x00, 0x01, 0x00, 0x00, 0x00,
    0xc4, 0x00, 0x05, 0x00, 0x06, 0x00, 0x00, 0x00, 0xbe, 0x01, 0x00, 0x00,
    0xbd, 0x01, 0x00, 0x00, 0x23, 0x00, 0x00, 0x00, 0xc5, 0x00, 0x05, 0x00,
    0x06, 0x00, 0x00, 0x00, 0xbf, 0x01, 0x00, 0x00, 0xbb, 0x01, 0x00, 0x00,
    0xbe, 0x01, 0x00, 0x00, 0x51, 0x00, 0x05, 0x00, 0x06, 0x00, 0x00, 0x00,
    0xc1, 0x01, 0x00, 0x00, 0xb9, 0x01, 0x00, 0x00, 0x02, 0x00, 0x00, 0x00,
    0xc4, 0x00, 0x05, 0x00, 0x06, 0x00, 0x00, 0x00, 0xc2, 0x01, 0x00, 0x00,
    0xc1, 0x01, 0x00, 0x00, 0x3a, 0x00, 0x00, 0x00, 0xc5, 0x00, 0x05, 0x00,
    0x06, 0x00, 0x00, 0x00, 0xc3, 0x01, 0x00, 0x00, 0xbf, 0x01, 0x00, 0x00,
    0xc2, 0x01, 0x00, 0x00, 0x51, 0x00, 0x05, 0x00, 0x06, 0x00, 0x00, 0x00,
    0xc5, 0x01, 0x00, 0x00, 0xb9, 0x01, 0x00, 0x00, 0x03, 0x00, 0x00, 0x00,
    0xc4, 0x00, 0x05, 0x00, 0x06, 0x00, 0x00, 0x00, 0xc6, 0x01, 0x00, 0x00,
    0xc5, 0x01, 0x00, 0x00, 0x40, 0x00, 0x00, 0x00, 0xc5, 0x00, 0x05, 0x00,
    0x06, 0x00, 0x00, 0x00, 0xc7, 0x01, 0x00, 0x00, 0xc3, 0x01, 0x00, 0x00,
    0xc6, 0x01, 0x00, 0x00, 0xc2, 0x00, 0x05, 0x00, 0x06, 0x00, 0x00, 0x00,
    0xcc, 0x01, 0x00, 0x00, 0xc7, 0x01, 0x00, 0x00, 0x3a, 0x00, 0x00, 0x00,
    0xc7, 0x00, 0x05, 0x00, 0x06, 0x00, 0x00, 0x00, 0xcd, 0x01, 0x00, 0x00,
    0xcc, 0x01, 0x00, 0x00, 0x1e, 0x00, 0x00, 0x00, 0x70, 0x00, 0x04, 0x00,
    0x0c, 0x00, 0x00, 0x00, 0xce, 0x01, 0x00, 0x00, 0xcd, 0x01, 0x00, 0x00,
    0xc2, 0x00, 0x05, 0x00, 0x06, 0x00, 0x00, 0x00, 0xd0, 0x01, 0x00, 0x00,
    0xc7, 0x01, 0x00, 0x00, 0x23, 0x00, 0x00, 0x00, 0xc7, 0x00, 0x05, 0x00,
    0x06, 0x00, 0x00, 0x00, 0xd1, 0x01, 0x00, 0x00, 0xd0, 0x01, 0x00, 0x00,
    0x1e, 0x00, 0x00, 0x00, 0x70, 0x00, 0x04, 0x00, 0x0c, 0x00, 0x00, 0x00,
    0xd2, 0x01, 0x00, 0x00, 0xd1, 0x01, 0x00, 0x00, 0xc7, 0x00, 0x05, 0x00,
    0x06, 0x00, 0x00, 0x00, 0xd4, 0x01, 0x00, 0x00, 0xc7, 0x01, 0x00, 0x00,
    0x1e, 0x00, 0x00, 0x00, 0x70, 0x00, 0x04, 0x00, 0x0c, 0x00, 0x00, 0x00,
    0xd5, 0x01, 0x00, 0x00, 0xd4, 0x01, 0x00, 0x00, 0xc2, 0x00, 0x05, 0x00,
    0x06, 0x00, 0x00, 0x00, 0xd7, 0x01, 0x00, 0x00, 0xc7, 0x01, 0x00, 0x00,
    0x40, 0x00, 0x00, 0x00, 0x70, 0x00, 0x04, 0x00, 0x0c, 0x00, 0x00, 0x00,
    0xd8, 0x01, 0x00, 0x00, 0xd7, 0x01, 0x00, 0x00, 0x50, 0x00, 0x07, 0x00,
    0x0d, 0x00, 0x00, 0x00, 0xd9, 0x01, 0x00, 0x00, 0xce, 0x01, 0x00, 0x00,
    0xd2, 0x01, 0x00, 0x00, 0xd5, 0x01, 0x00, 0x00, 0xd8, 0x01, 0x00, 0x00,
    0x85, 0x00, 0x05, 0x00, 0x0d, 0x00, 0x00, 0x00, 0xdb, 0x01, 0x00, 0x00,
    0xd9, 0x01, 0x00, 0x00, 0x60, 0x03, 0x00, 0x00, 0x3e, 0x00, 0x03, 0x00,
    0x95, 0x00, 0x00, 0x00, 0xdb, 0x01, 0x00, 0x00, 0xf9, 0x00, 0x02, 0x00,
    0xb1, 0x00, 0x00, 0x00, 0xf8, 0x00, 0x02, 0x00, 0xb1, 0x00, 0x00, 0x00,
    0x80, 0x00, 0x05, 0x00, 0x06, 0x00, 0x00, 0x00, 0xbb, 0x00, 0x00, 0x00,
    0x92, 0x00, 0x00, 0x00, 0x61, 0x03, 0x00, 0x00, 0x3d, 0x00, 0x04, 0x00,
    0x19, 0x00, 0x00, 0x00, 0xdf, 0x01, 0x00, 0x00, 0x1b, 0x00, 0x00, 0x00,
    0xc7, 0x00, 0x05, 0x00, 0x06, 0x00, 0x00, 0x00, 0xe1, 0x01, 0x00, 0x00,
    0xbb, 0x00, 0x00, 0x00, 0x1e, 0x00, 0x00, 0x00, 0x7c, 0x00, 0x04, 0x00,
    0x20, 0x00, 0x00, 0x00, 0xe2, 0x01, 0x00, 0x00, 0xe1, 0x01, 0x00, 0x00,
    0xc2, 0x00, 0x05, 0x00, 0x06, 0x00, 0x00, 0x00, 0xe4, 0x01, 0x00, 0x00,
    0xbb, 0x00, 0x00, 0x00, 0x23, 0x00, 0x00, 0x00, 0x7c, 0x00, 0x04, 0x00,
    0x20, 0x00, 0x00, 0x00, 0xe5, 0x01, 0x00, 0x00, 0xe4, 0x01, 0x00, 0x00,
    0x50, 0x00, 0x05, 0x00, 0x26, 0x00, 0x00, 0x00, 0xe6, 0x01, 0x00, 0x00,
    0xe2, 0x01, 0x00, 0x00, 0xe5, 0x01, 0x00, 0x00, 0x64, 0x00, 0x04, 0x00,
    0x18, 0x00, 0x00, 0x00, 0xe7, 0x01, 0x00, 0x00, 0xdf, 0x01, 0x00, 0x00,
    0x5f, 0x00, 0x07, 0x00, 0x0d, 0x00, 0x00, 0x00, 0xe8, 0x01, 0x00, 0x00,
    0xe7, 0x01, 0x00, 0x00, 0xe6, 0x01, 0x00, 0x00, 0x02, 0x00, 0x00, 0x00,
    0x28, 0x00, 0x00, 0x00, 0x8e, 0x00, 0x05, 0x00, 0x0d, 0x00, 0x00, 0x00,
    0xe9, 0x01, 0x00, 0x00, 0xe8, 0x01, 0x00, 0x00, 0x2b, 0x00, 0x00, 0x00,
    0x0c, 0x00, 0x06, 0x00, 0x0d, 0x00, 0x00, 0x00, 0xea, 0x01, 0x00, 0x00,
    0x01, 0x00, 0x00, 0x00, 0x01, 0x00, 0x00, 0x00, 0xe9, 0x01, 0x00, 0x00,
    0x6d, 0x00, 0x04, 0x00, 0x15, 0x00, 0x00, 0x00, 0xeb, 0x01, 0x00, 0x00,
    0xea, 0x01, 0x00, 0x00, 0x51, 0x00, 0x05, 0x00, 0x06, 0x00, 0x00, 0x00,
    0xed, 0x01, 0x00, 0x00, 0xeb, 0x01, 0x00, 0x00, 0x00, 0x00, 0x00, 0x00,
    0x51, 0x00, 0x05, 0x00, 0x06, 0x00, 0x00, 0x00, 0xef, 0x01, 0x00, 0x00,
    0xeb, 0x01, 0x00, 0x00, 0x01, 0x00, 0x00, 0x00, 0xc4, 0x00, 0x05, 0x00,
    0x06, 0x00, 0x00, 0x00, 0xf0, 0x01, 0x00, 0x00, 0xef, 0x01, 0x00, 0x00,
    0x23, 0x00, 0x00, 0x00, 0xc5, 0x00, 0x05, 0x00, 0x06, 0x00, 0x00, 0x00,
    0xf1, 0x01, 0x00, 0x00, 0xed, 0x01, 0x00, 0x00, 0xf0, 0x01, 0x00, 0x00,
    0x51, 0x00, 0x05, 0x00, 0x06, 0x00, 0x00, 0x00, 0xf3, 0x01, 0x00, 0x00,
    0xeb, 0x01, 0x00, 0x00, 0x02, 0x00, 0x00, 0x00, 0xc4, 0x00, 0x05, 0x00,
    0x06, 0x00, 0x00, 0x00, 0xf4, 0x01, 0x00, 0x00, 0xf3, 0x01, 0x00, 0x00,
    0x3a, 0x00, 0x00, 0x00, 0xc5, 0x00, 0x05, 0x00, 0x06, 0x00, 0x00, 0x00,
    0xf5, 0x01, 0x00, 0x00, 0xf1, 0x01, 0x00, 0x00, 0xf4, 0x01, 0x00, 0x00,
    0x51, 0x00, 0x05, 0x00, 0x06, 0x00, 0x00, 0x00, 0xf7, 0x01, 0x00, 0x00,
    0xeb, 0x01, 0x00, 0x00, 0x03, 0x00, 0x00, 0x00, 0xc4, 0x00, 0x05, 0x00,
    0x06, 0x00, 0x00, 0x00, 0xf8, 0x01, 0x00, 0x00, 0xf7, 0x01, 0x00, 0x00,
    0x40, 0x00, 0x00, 0x00, 0xc5, 0x00, 0x05, 0x00, 0x06, 0x00, 0x00, 0x00,
    0xf9, 0x01, 0x00, 0x00, 0xf5, 0x01, 0x00, 0x00, 0xf8, 0x01, 0x00, 0x00,
    0xb0, 0x00, 0x05, 0x00, 0x98, 0x00, 0x00, 0x00, 0xbe, 0x00, 0x00, 0x00,
    0xad, 0x00, 0x00, 0x00, 0xf9, 0x01, 0x00, 0x00, 0xa8, 0x00, 0x04, 0x00,
    0x98, 0x00, 0x00, 0x00, 0xbf, 0x00, 0x00, 0x00, 0xbe, 0x00, 0x00, 0x00,
    0xf7, 0x00, 0x03, 0x00, 0xc1, 0x00, 0x00, 0x00, 0x00, 0x00, 0x00, 0x00,
    0xfa, 0x00, 0x04, 0x00, 0xbf, 0x00, 0x00, 0x00, 0xc0, 0x00, 0x00, 0x00,
    0xc1, 0x00, 0x00, 0x00, 0xf8, 0x00, 0x02, 0x00, 0xc0, 0x00, 0x00, 0x00,
    0x80, 0x00, 0x05, 0x00, 0x06, 0x00, 0x00, 0x00, 0xc4, 0x00, 0x00, 0x00,
    0x92, 0x00, 0x00, 0x00, 0x62, 0x03, 0x00, 0x00, 0x3d, 0x00, 0x04, 0x00,
    0x19, 0x00, 0x00, 0x00, 0xfd, 0x01, 0x00, 0x00, 0x1b, 0x00, 0x00, 0x00,
    0xc7, 0x00, 0x05, 0x00, 0x06, 0x00, 0x00, 0x00, 0xff, 0x01, 0x00, 0x00,
    0xc4, 0x00, 0x00, 0x00, 0x1e, 0x00, 0x00, 0x00, 0x7c, 0x00, 0x04, 0x00,
    0x20, 0x00, 0x00, 0x00, 0x00, 0x02, 0x00, 0x00, 0xff, 0x01, 0x00, 0x00,
    0xc2, 0x00, 0x05, 0x00, 0x06, 0x00, 0x00, 0x00, 0x02, 0x02, 0x00, 0x00,
    0xc4, 0x00, 0x00, 0x00, 0x23, 0x00, 0x00, 0x00, 0x7c, 0x00, 0x04, 0x00,
    0x20, 0x00, 0x00, 0x00, 0x03, 0x02, 0x00, 0x00, 0x02, 0x02, 0x00, 0x00,
    0x50, 0x00, 0x05, 0x00, 0x26, 0x00, 0x00, 0x00, 0x04, 0x02, 0x00, 0x00,
    0x00, 0x02, 0x00, 0x00, 0x03, 0x02, 0x00, 0x00, 0x64, 0x00, 0x04, 0x00,
    0x18, 0x00, 0x00, 0x00, 0x05, 0x02, 0x00, 0x00, 0xfd, 0x01, 0x00, 0x00,
    0x5f, 0x00, 0x07, 0x00, 0x0d, 0x00, 0x00, 0x00, 0x06, 0x02, 0x00, 0x00,
    0x05, 0x02, 0x00, 0x00, 0x04, 0x02, 0x00, 0x00, 0x02, 0x00, 0x00, 0x00,
    0x28, 0x00, 0x00, 0x00, 0x8e, 0x00, 0x05, 0x00, 0x0d, 0x00, 0x00, 0x00,
    0x07, 0x02, 0x00, 0x00, 0x06, 0x02, 0x00, 0x00, 0x2b, 0x00, 0x00, 0x00,
    0x0c, 0x00, 0x06, 0x00, 0x0d, 0x00, 0x00, 0x00, 0x08, 0x02, 0x00, 0x00,
    0x01, 0x00, 0x00, 0x00, 0x01, 0x00, 0x00, 0x00, 0x07, 0x02, 0x00, 0x00,
    0x6d, 0x00, 0x04, 0x00, 0x15, 0x00, 0x00, 0x00, 0x09, 0x02, 0x00, 0x00,
    0x08, 0x02, 0x00, 0x00, 0x51, 0x00, 0x05, 0x00, 0x06, 0x00, 0x00, 0x00,
    0x0b, 0x02, 0x00, 0x00, 0x09, 0x02, 0x00, 0x00, 0x00, 0x00, 0x00, 0x00,
    0x51, 0x00, 0x05, 0x00, 0x06, 0x00, 0x00, 0x00, 0x0d, 0x02, 0x00, 0x00,
    0x09, 0x02, 0x00, 0x00, 0x01, 0x00, 0x00, 0x00, 0xc4, 0x00, 0x05, 0x00,
    0x06, 0x00, 0x00, 0x00, 0x0e, 0x02, 0x00, 0x00, 0x0d, 0x02, 0x00, 0x00,
    0x23, 0x00, 0x00, 0x00, 0xc5, 0x00, 0x05, 0x00, 0x06, 0x00, 0x00, 0x00,
    0x0f, 0x02, 0x00, 0x00, 0x0b, 0x02, 0x00, 0x00, 0x0e, 0x02, 0x00, 0x00,
    0x51, 0x00, 0x05, 0x00, 0x06, 0x00, 0x00, 0x00, 0x11, 0x02, 0x00, 0x00,
    0x09, 0x02, 0x00, 0x00, 0x02, 0x00, 0x00, 0x00, 0xc4, 0x00, 0x05, 0x00,
    0x06, 0x00, 0x00, 0x00, 0x12, 0x02, 0x00, 0x00, 0x11, 0x02, 0x00, 0x00,
    0x3a, 0x00, 0x00, 0x00, 0xc5, 0x00, 0x05, 0x00, 0x06, 0x00, 0x00, 0x00,
    0x13, 0x02, 0x00, 0x00, 0x0f, 0x02, 0x00, 0x00, 0x12, 0x02, 0x00, 0x00,
    0x51, 0x00, 0x05, 0x00, 0x06, 0x00, 0x00, 0x00, 0x15, 0x02, 0x00, 0x00,
    0x09, 0x02, 0x00, 0x00, 0x03, 0x00, 0x00, 0x00, 0xc4, 0x00, 0x05, 0x00,
    0x06, 0x00, 0x00, 0x00, 0x16, 0x02, 0x00, 0x00, 0x15, 0x02, 0x00, 0x00,
    0x40, 0x00, 0x00, 0x00, 0xc5, 0x00, 0x05, 0x00, 0x06, 0x00, 0x00, 0x00,
    0x17, 0x02, 0x00, 0x00, 0x13, 0x02, 0x00, 0x00, 0x16, 0x02, 0x00, 0x00,
    0xae, 0x00, 0x05, 0x00, 0x98, 0x00, 0x00, 0x00, 0xc7, 0x00, 0x00, 0x00,
    0xad, 0x00, 0x00, 0x00, 0x17, 0x02, 0x00, 0x00, 0xf9, 0x00, 0x02, 0x00,
    0xc1, 0x00, 0x00, 0x00, 0xf8, 0x00, 0x02, 0x00, 0xc1, 0x00, 0x00, 0x00,
    0xf5, 0x00, 0x07, 0x00, 0x98, 0x00, 0x00, 0x00, 0xc8, 0x00, 0x00, 0x00,
    0xbe, 0x00, 0x00, 0x00, 0xb1, 0x00, 0x00, 0x00, 0xc7, 0x00, 0x00, 0x00,
    0xc0, 0x00, 0x00, 0x00, 0xf7, 0x00, 0x03, 0x00, 0xca, 0x00, 0x00, 0x00,
    0x00, 0x00, 0x00, 0x00, 0xfa, 0x00, 0x04, 0x00, 0xc8, 0x00, 0x00, 0x00,
    0xc9, 0x00, 0x00, 0x00, 0xca, 0x00, 0x00, 0x00, 0xf8, 0x00, 0x02, 0x00,
    0xc9, 0x00, 0x00, 0x00, 0xf9, 0x00, 0x02, 0x00, 0x4a, 0x01, 0x00, 0x00,
    0xf8, 0x00, 0x02, 0x00, 0xca, 0x00, 0x00, 0x00, 0x3d, 0x00, 0x04, 0x00,
    0x19, 0x00, 0x00, 0x00, 0x1b, 0x02, 0x00, 0x00, 0x1b, 0x00, 0x00, 0x00,
    0xc7, 0x00, 0x05, 0x00, 0x06, 0x00, 0x00, 0x00, 0x1d, 0x02, 0x00, 0x00,
    0x93, 0x00, 0x00, 0x00, 0x1e, 0x00, 0x00, 0x00, 0x7c, 0x00, 0x04, 0x00,
    0x20, 0x00, 0x00, 0x00, 0x1e, 0x02, 0x00, 0x00, 0x1d, 0x02, 0x00, 0x00,
    0xc2, 0x00, 0x05, 0x00, 0x06, 0x00, 0x00, 0x00, 0x20, 0x02, 0x00, 0x00,
    0x93, 0x00, 0x00, 0x00, 0x23, 0x00, 0x00, 0x00, 0x7c, 0x00, 0x04, 0x00,
    0x20, 0x00, 0x00, 0x00, 0x21, 0x02, 0x00, 0x00, 0x20, 0x02, 0x00, 0x00,
    0x50, 0x00, 0x05, 0x00, 0x26, 0x00, 0x00, 0x00, 0x22, 0x02, 0x00, 0x00,
    0x1e, 0x02, 0x00, 0x00, 0x21, 0x02, 0x00, 0x00, 0x64, 0x00, 0x04, 0x00,
    0x18, 0x00, 0x00, 0x00, 0x23, 0x02, 0x00, 0x00, 0x1b, 0x02, 0x00, 0x00,
    0x5f, 0x00, 0x07, 0x00, 0x0d, 0x00, 0x00, 0x00, 0x24, 0x02, 0x00, 0x00,
    0x23, 0x02, 0x00, 0x00, 0x22, 0x02, 0x00, 0x00, 0x02, 0x00, 0x00, 0x00,
    0x28, 0x00, 0x00, 0x00, 0x8e, 0x00, 0x05, 0x00, 0x0d, 0x00, 0x00, 0x00,
    0x25, 0x02, 0x00, 0x00, 0x24, 0x02, 0x00, 0x00, 0x2b, 0x00, 0x00, 0x00,
    0x0c, 0x00, 0x06, 0x00, 0x0d, 0x00, 0x00, 0x00, 0x26, 0x02, 0x00, 0x00,
    0x01, 0x00, 0x00, 0x00, 0x01, 0x00, 0x00, 0x00, 0x25, 0x02, 0x00, 0x00,
    0x6d, 0x00, 0x04, 0x00, 0x15, 0x00, 0x00, 0x00, 0x27, 0x02, 0x00, 0x00,
    0x26, 0x02, 0x00, 0x00, 0x51, 0x00, 0x05, 0x00, 0x06, 0x00, 0x00, 0x00,
    0x29, 0x02, 0x00, 0x00, 0x27, 0x02, 0x00, 0x00, 0x00, 0x00, 0x00, 0x00,
    0x51, 0x00, 0x05, 0x00, 0x06, 0x00, 0x00, 0x00, 0x2b, 0x02, 0x00, 0x00,
    0x27, 0x02, 0x00, 0x00, 0x01, 0x00, 0x00, 0x00, 0xc4, 0x00, 0x05, 0x00,
    0x06, 0x00, 0x00, 0x00, 0x2c, 0x02, 0x00, 0x00, 0x2b, 0x02, 0x00, 0x00,
    0x23, 0x00, 0x00, 0x00, 0xc5, 0x00, 0x05, 0x00, 0x06, 0x00, 0x00, 0x00,
    0x2d, 0x02, 0x00, 0x00, 0x29, 0x02, 0x00, 0x00, 0x2c, 0x02, 0x00, 0x00,
    0x51, 0x00, 0x05, 0x00, 0x06, 0x00, 0x00, 0x00, 0x2f, 0x02, 0x00, 0x00,
    0x27, 0x02, 0x00, 0x00, 0x02, 0x00, 0x00, 0x00, 0xc4, 0x00, 0x05, 0x00,
    0x06, 0x00, 0x00, 0x00, 0x30, 0x02, 0x00, 0x00, 0x2f, 0x02, 0x00, 0x00,
    0x3a, 0x00, 0x00, 0x00, 0xc5, 0x00, 0x05, 0x00, 0x06, 0x00, 0x00, 0x00,
    0x31, 0x02, 0x00, 0x00, 0x2d, 0x02, 0x00, 0x00, 0x30, 0x02, 0x00, 0x00,
    0x51, 0x00, 0x05, 0x00, 0x06, 0x00, 0x00, 0x00, 0x33, 0x02, 0x00, 0x00,
    0x27, 0x02, 0x00, 0x00, 0x03, 0x00, 0x00, 0x00, 0xc4, 0x00, 0x05, 0x00,
    0x06, 0x00, 0x00, 0x00, 0x34, 0x02, 0x00, 0x00, 0x33, 0x02, 0x00, 0x00,
    0x40, 0x00, 0x00, 0x00, 0xc5, 0x00, 0x05, 0x00, 0x06, 0x00, 0x00, 0x00,
    0x35, 0x02, 0x00, 0x00, 0x31, 0x02, 0x00, 0x00, 0x34, 0x02, 0x00, 0x00,
    0x80, 0x00, 0x05, 0x00, 0x06, 0x00, 0x00, 0x00, 0xd1, 0x00, 0x00, 0x00,
    0xad, 0x00, 0x00, 0x00, 0x35, 0x02, 0x00, 0x00, 0x80, 0x00, 0x05, 0x00,
    0x06, 0x00, 0x00, 0x00, 0xd5, 0x00, 0x00, 0x00, 0x92, 0x00, 0x00, 0x00,
    0x63, 0x03, 0x00, 0x00, 0x3d, 0x00, 0x04, 0x00, 0x19, 0x00, 0x00, 0x00,
    0x39, 0x02, 0x00, 0x00, 0x1b, 0x00, 0x00, 0x00, 0xc7, 0x00, 0x05, 0x00,
    0x06, 0x00, 0x00, 0x00, 0x3b, 0x02, 0x00, 0x00, 0xd5, 0x00, 0x00, 0x00,
    0x1e, 0x00, 0x00, 0x00, 0x7c, 0x00, 0x04, 0x00, 0x20, 0x00, 0x00, 0x00,
    0x3c, 0x02, 0x00, 0x00, 0x3b, 0x02, 0x00, 0x00, 0xc2, 0x00, 0x05, 0x00,
    0x06, 0x00, 0x00, 0x00, 0x3e, 0x02, 0x00, 0x00, 0xd5, 0x00, 0x00, 0x00,
    0x23, 0x00, 0x00, 0x00, 0x7c, 0x00, 0x04, 0x00, 0x20, 0x00, 0x00, 0x00,
    0x3f, 0x02, 0x00, 0x00, 0x3e, 0x02, 0x00, 0x00, 0x50, 0x00, 0x05, 0x00,
    0x26, 0x00, 0x00, 0x00, 0x40, 0x02, 0x00, 0x00, 0x3c, 0x02, 0x00, 0x00,
    0x3f, 0x02, 0x00, 0x00, 0x64, 0x00, 0x04, 0x00, 0x18, 0x00, 0x00, 0x00,
    0x41, 0x02, 0x00, 0x00, 0x39, 0x02, 0x00, 0x00, 0x5f, 0x00, 0x07, 0x00,
    0x0d, 0x00, 0x00, 0x00, 0x42, 0x02, 0x00, 0x00, 0x41, 0x02, 0x00, 0x00,
    0x40, 0x02, 0x00, 0x00, 0x02, 0x00, 0x00, 0x00, 0x28, 0x00, 0x00, 0x00,
    0x8e, 0x00, 0x05, 0x00, 0x0d, 0x00, 0x00, 0x00, 0x43, 0x02, 0x00, 0x00,
    0x42, 0x02, 0x00, 0x00, 0x2b, 0x00, 0x00, 0x00, 0x0c, 0x00, 0x06, 0x00,
    0x0d, 0x00, 0x00, 0x00, 0x44, 0x02, 0x00, 0x00, 0x01, 0x00, 0x00, 0x00,
    0x01, 0x00, 0x00, 0x00, 0x43, 0x02, 0x00, 0x00, 0x6d, 0x00, 0x04, 0x00,
    0x15, 0x00, 0x00, 0x00, 0x45, 0x02, 0x00, 0x00, 0x44, 0x02, 0x00, 0x00,
    0x51, 0x00, 0x05, 0x00, 0x06, 0x00, 0x00, 0x00, 0x47, 0x02, 0x00, 0x00,
    0x45, 0x02, 0x00, 0x00, 0x00, 0x00, 0x00, 0x00, 0x51, 0x00, 0x05, 0x00,
    0x06, 0x00, 0x00, 0x00, 0x49, 0x02, 0x00, 0x00, 0x45, 0x02, 0x00, 0x00,
    0x01, 0x00, 0x00, 0x00, 0xc4, 0x00, 0x05, 0x00, 0x06, 0x00, 0x00, 0x00,
    0x4a, 0x02, 0x00, 0x00, 0x49, 0x02, 0x00, 0x00, 0x23, 0x00, 0x00, 0x00,
    0xc5, 0x00, 0x05, 0x00, 0x06, 0x00, 0x00, 0x00, 0x4b, 0x02, 0x00, 0x00,
    0x47, 0x02, 0x00, 0x00, 0x4a, 0x02, 0x00, 0x00, 0x51, 0x00, 0x05, 0x00,
    0x06, 0x00, 0x00, 0x00, 0x4d, 0x02, 0x00, 0x00, 0x45, 0x02, 0x00, 0x00,
    0x02, 0x00, 0x00, 0x00, 0xc4, 0x00, 0x05, 0x00, 0x06, 0x00, 0x00, 0x00,
    0x4e, 0x02, 0x00, 0x00, 0x4d, 0x02, 0x00, 0x00, 0x3a, 0x00, 0x00, 0x00,
    0xc5, 0x00, 0x05, 0x00, 0x06, 0x00, 0x00, 0x00, 0x4f, 0x02, 0x00, 0x00,
    0x4b, 0x02, 0x00, 0x00, 0x4e, 0x02, 0x00, 0x00, 0x51, 0x00, 0x05, 0x00,
    0x06, 0x00, 0x00, 0x00, 0x51, 0x02, 0x00, 0x00, 0x45, 0x02, 0x00, 0x00,
    0x03, 0x00, 0x00, 0x00, 0xc4, 0x00, 0x05, 0x00, 0x06, 0x00, 0x00, 0x00,
    0x52, 0x02, 0x00, 0x00, 0x51, 0x02, 0x00, 0x00, 0x40, 0x00, 0x00, 0x00,
    0xc5, 0x00, 0x05, 0x00, 0x06, 0x00, 0x00, 0x00, 0x53, 0x02, 0x00, 0x00,
    0x4f, 0x02, 0x00, 0x00, 0x52, 0x02, 0x00, 0x00, 0xc2, 0x00, 0x05, 0x00,
    0x06, 0x00, 0x00, 0x00, 0xd9, 0x00, 0x00, 0x00, 0xd1, 0x00, 0x00, 0x00,
    0x3d, 0x00, 0x00, 0x00, 0x80, 0x00, 0x05, 0x00, 0x06, 0x00, 0x00, 0x00,
    0xda, 0x00, 0x00, 0x00, 0x53, 0x02, 0x00, 0x00, 0xd9, 0x00, 0x00, 0x00,
    0x3d, 0x00, 0x04, 0x00, 0x19, 0x00, 0x00, 0x00, 0x57, 0x02, 0x00, 0x00,
    0x1b, 0x00, 0x00, 0x00, 0xc7, 0x00, 0x05, 0x00, 0x06, 0x00, 0x00, 0x00,
    0x59, 0x02, 0x00, 0x00, 0xda, 0x00, 0x00, 0x00, 0x1e, 0x00, 0x00, 0x00,
    0x7c, 0x00, 0x04, 0x00, 0x20, 0x00, 0x00, 0x00, 0x5a, 0x02, 0x00, 0x00,
    0x59, 0x02, 0x00, 0x00, 0xc2, 0x00, 0x05, 0x00, 0x06, 0x00, 0x00, 0x00,
    0x5c, 0x02, 0x00, 0x00, 0xda, 0x00, 0x00, 0x00, 0x23, 0x00, 0x00, 0x00,
    0x7c, 0x00, 0x04, 0x00, 0x20, 0x00, 0x00, 0x00, 0x5d, 0x02, 0x00, 0x00,
    0x5c, 0x02, 0x00, 0x00, 0x50, 0x00, 0x05, 0x00, 0x26, 0x00, 0x00, 0x00,
    0x5e, 0x02, 0x00, 0x00, 0x5a, 0x02, 0x00, 0x00, 0x5d, 0x02, 0x00, 0x00,
    0x64, 0x00, 0x04, 0x00, 0x18, 0x00, 0x00, 0x00, 0x5f, 0x02, 0x00, 0x00,
    0x57, 0x02, 0x00, 0x00, 0x5f, 0x00, 0x07, 0x00, 0x0d, 0x00, 0x00, 0x00,
    0x60, 0x02, 0x00, 0x00, 0x5f, 0x02, 0x00, 0x00, 0x5e, 0x02, 0x00, 0x00,
    0x02, 0x00, 0x00, 0x00, 0x28, 0x00, 0x00, 0x00, 0x8e, 0x00, 0x05, 0x00,
    0x0d, 0x00, 0x00, 0x00, 0x61, 0x02, 0x00, 0x00, 0x60, 0x02, 0x00, 0x00,
    0x2b, 0x00, 0x00, 0x00, 0x0c, 0x00, 0x06, 0x00, 0x0d, 0x00, 0x00, 0x00,
    0x62, 0x02, 0x00, 0x00, 0x01, 0x00, 0x00, 0x00, 0x01, 0x00, 0x00, 0x00,
    0x61, 0x02, 0x00, 0x00, 0x6d, 0x00, 0x04, 0x00, 0x15, 0x00, 0x00, 0x00,
    0x63, 0x02, 0x00, 0x00, 0x62, 0x02, 0x00, 0x00, 0x51, 0x00, 0x05, 0x00,
    0x06, 0x00, 0x00, 0x00, 0x65, 0x02, 0x00, 0x00, 0x63, 0x02, 0x00, 0x00,
    0x00, 0x00, 0x00, 0x00, 0x51, 0x00, 0x05, 0x00, 0x06, 0x00, 0x00, 0x00,
    0x67, 0x02, 0x00, 0x00, 0x63, 0x02, 0x00, 0x00, 0x01, 0x00, 0x00, 0x00,
    0xc4, 0x00, 0x05, 0x00, 0x06, 0x00, 0x00, 0x00, 0x68, 0x02, 0x00, 0x00,
    0x67, 0x02, 0x00, 0x00, 0x23, 0x00, 0x00, 0x00, 0xc5, 0x00, 0x05, 0x00,
    0x06, 0x00, 0x00, 0x00, 0x69, 0x02, 0x00, 0x00, 0x65, 0x02, 0x00, 0x00,
    0x68, 0x02, 0x00, 0x00, 0x51, 0x00, 0x05, 0x00, 0x06, 0x00, 0x00, 0x00,
    0x6b, 0x02, 0x00, 0x00, 0x63, 0x02, 0x00, 0x00, 0x02, 0x00, 0x00, 0x00,
    0xc4, 0x00, 0x05, 0x00, 0x06, 0x00, 0x00, 0x00, 0x6c, 0x02, 0x00, 0x00,
    0x6b, 0x02, 0x00, 0x00, 0x3a, 0x00, 0x00, 0x00, 0xc5, 0x00, 0x05, 0x00,
    0x06, 0x00, 0x00, 0x00, 0x6d, 0x02, 0x00, 0x00, 0x69, 0x02, 0x00, 0x00,
    0x6c, 0x02, 0x00, 0x00, 0x51, 0x00, 0x05, 0x00, 0x06, 0x00, 0x00, 0x00,
    0x6f, 0x02, 0x00, 0x00, 0x63, 0x02, 0x00, 0x00, 0x03, 0x00, 0x00, 0x00,
    0xc4, 0x00, 0x05, 0x00, 0x06, 0x00, 0x00, 0x00, 0x70, 0x02, 0x00, 0x00,
    0x6f, 0x02, 0x00, 0x00, 0x40, 0x00, 0x00, 0x00, 0xc5, 0x00, 0x05, 0x00,
    0x06, 0x00, 0x00, 0x00, 0x71, 0x02, 0x00, 0x00, 0x6d, 0x02, 0x00, 0x00,
    0x70, 0x02, 0x00, 0x00, 0xc7, 0x00, 0x05, 0x00, 0x06, 0x00, 0x00, 0x00,
    0xdf, 0x00, 0x00, 0x00, 0x71, 0x02, 0x00, 0x00, 0xde, 0x00, 0x00, 0x00,
    0xaa, 0x00, 0x05, 0x00, 0x98, 0x00, 0x00, 0x00, 0xe0, 0x00, 0x00, 0x00,
    0xdf, 0x00, 0x00, 0x00, 0x2f, 0x00, 0x00, 0x00, 0xa8, 0x00, 0x04, 0x00,
    0x98, 0x00, 0x00, 0x00, 0xe1, 0x00, 0x00, 0x00, 0xe0, 0x00, 0x00, 0x00,
    0xf7, 0x00, 0x03, 0x00, 0xe3, 0x00, 0x00, 0x00, 0x00, 0x00, 0x00, 0x00,
    0xfa, 0x00, 0x04, 0x00, 0xe1, 0x00, 0x00, 0x00, 0xe2, 0x00, 0x00, 0x00,
    0xe3, 0x00, 0x00, 0x00, 0xf8, 0x00, 0x02, 0x00, 0xe2, 0x00, 0x00, 0x00,
    0xc2, 0x00, 0x05, 0x00, 0x06, 0x00, 0x00, 0x00, 0xe6, 0x00, 0x00, 0x00,
    0x71, 0x02, 0x00, 0x00, 0xe5, 0x00, 0x00, 0x00, 0xc7, 0x00, 0x05, 0x00,
    0x06, 0x00, 0x00, 0x00, 0xe7, 0x00, 0x00, 0x00, 0xe6, 0x00, 0x00, 0x00,
    0x3d, 0x00, 0x00, 0x00, 0xab, 0x00, 0x05, 0x00, 0x98, 0x00, 0x00, 0x00,
    0xe9, 0x00, 0x00, 0x00, 0xe7, 0x00, 0x00, 0x00, 0x88, 0x00, 0x00, 0x00,
    0xf9, 0x00, 0x02, 0x00, 0xe3, 0x00, 0x00, 0x00, 0xf8, 0x00, 0x02, 0x00,
    0xe3, 0x00, 0x00, 0x00, 0xf5, 0x00, 0x07, 0x00, 0x98, 0x00, 0x00, 0x00,
    0xea, 0x00, 0x00, 0x00, 0xe0, 0x00, 0x00, 0x00, 0xca, 0x00, 0x00, 0x00,
    0xe9, 0x00, 0x00, 0x00, 0xe2, 0x00, 0x00, 0x00, 0xf7, 0x00, 0x03, 0x00,
    0xec, 0x00, 0x00, 0x00, 0x00, 0x00, 0x00, 0x00, 0xfa, 0x00, 0x04, 0x00,
    0xea, 0x00, 0x00, 0x00, 0xeb, 0x00, 0x00, 0x00, 0xec, 0x00, 0x00, 0x00,
    0xf8, 0x00, 0x02, 0x00, 0xeb, 0x00, 0x00, 0x00, 0xf9, 0x00, 0x02, 0x00,
    0x4a, 0x01, 0x00, 0x00, 0xf8, 0x00, 0x02, 0x00, 0xec, 0x00, 0x00, 0x00,
    0xc7, 0x00, 0x05, 0x00, 0x06, 0x00, 0x00, 0x00, 0xf1, 0x00, 0x00, 0x00,
    0xd1, 0x00, 0x00, 0x00, 0xf0, 0x00, 0x00, 0x00, 0x80, 0x00, 0x05, 0x00,
    0x06, 0x00, 0x00, 0x00, 0xf4, 0x00, 0x00, 0x00, 0x92, 0x00, 0x00, 0x00,
    0xe5, 0x00, 0x00, 0x00, 0x3d, 0x00, 0x04, 0x00, 0x19, 0x00, 0x00, 0x00,
    0x75, 0x02, 0x00, 0x00, 0x1b, 0x00, 0x00, 0x00, 0xc7, 0x00, 0x05, 0x00,
    0x06, 0x00, 0x00, 0x00, 0x77, 0x02, 0x00, 0x00, 0xf4, 0x00, 0x00, 0x00,
    0x1e, 0x00, 0x00, 0x00, 0x7c, 0x00, 0x04, 0x00, 0x20, 0x00, 0x00, 0x00,
    0x78, 0x02, 0x00, 0x00, 0x77, 0x02, 0x00, 0x00, 0xc2, 0x00, 0x05, 0x00,
    0x06, 0x00, 0x00, 0x00, 0x7a, 0x02, 0x00, 0x00, 0xf4, 0x00, 0x00, 0x00,
    0x23, 0x00, 0x00, 0x00, 0x7c, 0x00, 0x04, 0x00, 0x20, 0x00, 0x00, 0x00,
    0x7b, 0x02, 0x00, 0x00, 0x7a, 0x02, 0x00, 0x00, 0x50, 0x00, 0x05, 0x00,
    0x26, 0x00, 0x00, 0x00, 0x7c, 0x02, 0x00, 0x00, 0x78, 0x02, 0x00, 0x00,
    0x7b, 0x02, 0x00, 0x00, 0x64, 0x00, 0x04, 0x00, 0x18, 0x00, 0x00, 0x00,
    0x7d, 0x02, 0x00, 0x00, 0x75, 0x02, 0x00, 0x00, 0x5f, 0x00, 0x07, 0x00,
    0x0d, 0x00, 0x00, 0x00, 0x7e, 0x02, 0x00, 0x00, 0x7d, 0x02, 0x00, 0x00,
    0x7c, 0x02, 0x00, 0x00, 0x02, 0x00, 0x00, 0x00, 0x28, 0x00, 0x00, 0x00,
    0x8e, 0x00, 0x05, 0x00, 0x0d, 0x00, 0x00, 0x00, 0x7f, 0x02, 0x00, 0x00,
    0x7e, 0x02, 0x00, 0x00, 0x2b, 0x00, 0x00, 0x00, 0x0c, 0x00, 0x06, 0x00,
    0x0d, 0x00, 0x00, 0x00, 0x80, 0x02, 0x00, 0x00, 0x01, 0x00, 0x00, 0x00,
    0x01, 0x00, 0x00, 0x00, 0x7f, 0x02, 0x00, 0x00, 0x6d, 0x00, 0x04, 0x00,
    0x15, 0x00, 0x00, 0x00, 0x81, 0x02, 0x00, 0x00, 0x80, 0x02, 0x00, 0x00,
    0x51, 0x00, 0x05, 0x00, 0x06, 0x00, 0x00, 0x00, 0x83, 0x02, 0x00, 0x00,
    0x81, 0x02, 0x00, 0x00, 0x00, 0x00, 0x00, 0x00, 0x51, 0x00, 0x05, 0x00,
    0x06, 0x00, 0x00, 0x00, 0x85, 0x02, 0x00, 0x00, 0x81, 0x02, 0x00, 0x00,
    0x01, 0x00, 0x00, 0x00, 0xc4, 0x00, 0x05, 0x00, 0x06, 0x00, 0x00, 0x00,
    0x86, 0x02, 0x00, 0x00, 0x85, 0x02, 0x00, 0x00, 0x23, 0x00, 0x00, 0x00,
    0xc5, 0x00, 0x05, 0x00, 0x06, 0x00, 0x00, 0x00, 0x87, 0x02, 0x00, 0x00,
    0x83, 0x02, 0x00, 0x00, 0x86, 0x02, 0x00, 0x00, 0x51, 0x00, 0x05, 0x00,
    0x06, 0x00, 0x00, 0x00, 0x89, 0x02, 0x00, 0x00, 0x81, 0x02, 0x00, 0x00,
    0x02, 0x00, 0x00, 0x00, 0xc4, 0x00, 0x05, 0x00, 0x06, 0x00, 0x00, 0x00,
    0x8a, 0x02, 0x00, 0x00, 0x89, 0x02, 0x00, 0x00, 0x3a, 0x00, 0x00, 0x00,
    0xc5, 0x00, 0x05, 0x00, 0x06, 0x00, 0x00, 0x00, 0x8b, 0x02, 0x00, 0x00,
    0x87, 0x02, 0x00, 0x00, 0x8a, 0x02, 0x00, 0x00, 0x51, 0x00, 0x05, 0x00,
    0x06, 0x00, 0x00, 0x00, 0x8d, 0x02, 0x00, 0x00, 0x81, 0x02, 0x00, 0x00,
    0x03, 0x00, 0x00, 0x00, 0xc4, 0x00, 0x05, 0x00, 0x06, 0x00, 0x00, 0x00,
    0x8e, 0x02, 0x00, 0x00, 0x8d, 0x02, 0x00, 0x00, 0x40, 0x00, 0x00, 0x00,
    0xc5, 0x00, 0x05, 0x00, 0x06, 0x00, 0x00, 0x00, 0x8f, 0x02, 0x00, 0x00,
    0x8b, 0x02, 0x00, 0x00, 0x8e, 0x02, 0x00, 0x00, 0xc7, 0x00, 0x05, 0x00,
    0x06, 0x00, 0x00, 0x00, 0xf9, 0x00, 0x00, 0x00, 0x71, 0x02, 0x00, 0x00,
    0xf8, 0x00, 0x00, 0x00, 0xab, 0x00, 0x05, 0x00, 0x98, 0x00, 0x00, 0x00,
    0xfa, 0x00, 0x00, 0x00, 0xf9, 0x00, 0x00, 0x00, 0x2f, 0x00, 0x00, 0x00,
    0xf7, 0x00, 0x03, 0x00, 0xfc, 0x00, 0x00, 0x00, 0x00, 0x00, 0x00, 0x00,
    0xfa, 0x00, 0x04, 0x00, 0xfa, 0x00, 0x00, 0x00, 0xfb, 0x00, 0x00, 0x00,
    0xfc, 0x00, 0x00, 0x00, 0xf8, 0x00, 0x02, 0x00, 0xfb, 0x00, 0x00, 0x00,
    0x82, 0x00, 0x05, 0x00, 0x06, 0x00, 0x00, 0x00, 0xfe, 0x00, 0x00, 0x00,
    0xf0, 0x00, 0x00, 0x00, 0xf1, 0x00, 0x00, 0x00, 0xf9, 0x00, 0x02, 0x00,
    0xfc, 0x00, 0x00, 0x00, 0xf8, 0x00, 0x02, 0x00, 0xfc, 0x00, 0x00, 0x00,
    0xf5, 0x00, 0x07, 0x00, 0x06, 0x00, 0x00, 0x00, 0x57, 0x03, 0x00, 0x00,
    0xf1, 0x00, 0x00, 0x00, 0xec, 0x00, 0x00, 0x00, 0xfe, 0x00, 0x00, 0x00,
    0xfb, 0x00, 0x00, 0x00, 0xc7, 0x00, 0x05, 0x00, 0x06, 0x00, 0x00, 0x00,
    0x01, 0x01, 0x00, 0x00, 0x71, 0x02, 0x00, 0x00, 0x00, 0x01, 0x00, 0x00,
    0xab, 0x00, 0x05, 0x00, 0x98, 0x00, 0x00, 0x00, 0x02, 0x01, 0x00, 0x00,
    0x01, 0x01, 0x00, 0x00, 0x2f, 0x00, 0x00, 0x00, 0xf7, 0x00, 0x03, 0x00,
    0x04, 0x01, 0x00, 0x00, 0x00, 0x00, 0x00, 0x00, 0xfa, 0x00, 0x04, 0x00,
    0x02, 0x01, 0x00, 0x00, 0x03, 0x01, 0x00, 0x00, 0x04, 0x01, 0x00, 0x00,
    0xf8, 0x00, 0x02, 0x00, 0x03, 0x01, 0x00, 0x00, 0x82, 0x00, 0x05, 0x00,
    0x06, 0x00, 0x00, 0x00, 0x06, 0x01, 0x00, 0x00, 0xf0, 0x00, 0x00, 0x00,
    0x8f, 0x02, 0x00, 0x00, 0xf9, 0x00, 0x02, 0x00, 0x04, 0x01, 0x00, 0x00,
    0xf8, 0x00, 0x02, 0x00, 0x04, 0x01, 0x00, 0x00, 0xf5, 0x00, 0x07, 0x00,
    0x06, 0x00, 0x00, 0x00, 0x55, 0x03, 0x00, 0x00, 0x8f, 0x02, 0x00, 0x00,
    0xfc, 0x00, 0x00, 0x00, 0x06, 0x01, 0x00, 0x00, 0x03, 0x01, 0x00, 0x00,
    0xc7, 0x00, 0x05, 0x00, 0x06, 0x00, 0x00, 0x00, 0x0a, 0x01, 0x00, 0x00,
    0x71, 0x02, 0x00, 0x00, 0x09, 0x01, 0x00, 0x00, 0x84, 0x00, 0x05, 0x00,
    0x06, 0x00, 0x00, 0x00, 0x0b, 0x01, 0x00, 0x00, 0x0a, 0x01, 0x00, 0x00,
    0x3a, 0x00, 0x00, 0x00, 0x80, 0x00, 0x05, 0x00, 0x06, 0x00, 0x00, 0x00,
    0x0d, 0x01, 0x00, 0x00, 0x0b, 0x01, 0x00, 0x00, 0x55, 0x03, 0x00, 0x00,
    0xc7, 0x00, 0x05, 0x00, 0x06, 0x00, 0x00, 0x00, 0x95, 0x02, 0x00, 0x00,
    0x0d, 0x01, 0x00, 0x00, 0x5b, 0x00, 0x00, 0x00, 0xc2, 0x00, 0x05, 0x00,
    0x06, 0x00, 0x00, 0x00, 0x96, 0x02, 0x00, 0x00, 0x95, 0x02, 0x00, 0x00,
    0x32, 0x00, 0x00, 0x00, 0x80, 0x00, 0x05, 0x00, 0x06, 0x00, 0x00, 0x00,
    0x97, 0x02, 0x00, 0x00, 0x59, 0x00, 0x00, 0x00, 0x96, 0x02, 0x00, 0x00,
    0x3d, 0x00, 0x04, 0x00, 0x19, 0x00, 0x00, 0x00, 0xa2, 0x02, 0x00, 0x00,
    0x1b, 0x00, 0x00, 0x00, 0xc7, 0x00, 0x05, 0x00, 0x06, 0x00, 0x00, 0x00,
    0xa4, 0x02, 0x00, 0x00, 0x97, 0x02, 0x00, 0x00, 0x1e, 0x00, 0x00, 0x00,
    0x7c, 0x00, 0x04, 0x00, 0x20, 0x00, 0x00, 0x00, 0xa5, 0x02, 0x00, 0x00,
    0xa4, 0x02, 0x00, 0x00, 0xc2, 0x00, 0x05, 0x00, 0x06, 0x00, 0x00, 0x00,
    0xa7, 0x02, 0x00, 0x00, 0x97, 0x02, 0x00, 0x00, 0x23, 0x00, 0x00, 0x00,
    0x7c, 0x00, 0x04, 0x00, 0x20, 0x00, 0x00, 0x00, 0xa8, 0x02, 0x00, 0x00,
    0xa7, 0x02, 0x00, 0x00, 0x50, 0x00, 0x05, 0x00, 0x26, 0x00, 0x00, 0x00,
    0xa9, 0x02, 0x00, 0x00, 0xa5, 0x02, 0x00, 0x00, 0xa8, 0x02, 0x00, 0x00,
    0x64, 0x00, 0x04, 0x00, 0x18, 0x00, 0x00, 0x00, 0xaa, 0x02, 0x00, 0x00,
    0xa2, 0x02, 0x00, 0x00, 0x5f, 0x00, 0x07, 0x00, 0x0d, 0x00, 0x00, 0x00,
    0xab, 0x02, 0x00, 0x00, 0xaa, 0x02, 0x00, 0x00, 0xa9, 0x02, 0x00, 0x00,
    0x02, 0x00, 0x00, 0x00, 0x28, 0x00, 0x00, 0x00, 0x8e, 0x00, 0x05, 0x00,
    0x0d, 0x00, 0x00, 0x00, 0xac, 0x02, 0x00, 0x00, 0xab, 0x02, 0x00, 0x00,
    0x2b, 0x00, 0x00, 0x00, 0x0c, 0x00, 0x06, 0x00, 0x0d, 0x00, 0x00, 0x00,
    0xad, 0x02, 0x00, 0x00, 0x01, 0x00, 0x00, 0x00, 0x01, 0x00, 0x00, 0x00,
    0xac, 0x02, 0x00, 0x00, 0x6d, 0x00, 0x04, 0x00, 0x15, 0x00, 0x00, 0x00,
    0xae, 0x02, 0x00, 0x00, 0xad, 0x02, 0x00, 0x00, 0x51, 0x00, 0x05, 0x00,
    0x06, 0x00, 0x00, 0x00, 0xb0, 0x02, 0x00, 0x00, 0xae, 0x02, 0x00, 0x00,
    0x00, 0x00, 0x00, 0x00, 0x51, 0x00, 0x05, 0x00, 0x06, 0x00, 0x00, 0x00,
    0xb2, 0x02, 0x00, 0x00, 0xae, 0x02, 0x00, 0x00, 0x01, 0x00, 0x00, 0x00,
    0xc4, 0x00, 0x05, 0x00, 0x06, 0x00, 0x00, 0x00, 0xb3, 0x02, 0x00, 0x00,
    0xb2, 0x02, 0x00, 0x00, 0x23, 0x00, 0x00, 0x00, 0xc5, 0x00, 0x05, 0x00,
    0x06, 0x00, 0x00, 0x00, 0xb4, 0x02, 0x00, 0x00, 0xb0, 0x02, 0x00, 0x00,
    0xb3, 0x02, 0x00, 0x00, 0x51, 0x00, 0x05, 0x00, 0x06, 0x00, 0x00, 0x00,
    0xb6, 0x02, 0x00, 0x00, 0xae, 0x02, 0x00, 0x00, 0x02, 0x00, 0x00, 0x00,
    0xc4, 0x00, 0x05, 0x00, 0x06, 0x00, 0x00, 0x00, 0xb7, 0x02, 0x00, 0x00,
    0xb6, 0x02, 0x00, 0x00, 0x3a, 0x00, 0x00, 0x00, 0xc5, 0x00, 0x05, 0x00,
    0x06, 0x00, 0x00, 0x00, 0xb8, 0x02, 0x00, 0x00, 0xb4, 0x02, 0x00, 0x00,
    0xb7, 0x02, 0x00, 0x00, 0x51, 0x00, 0x05, 0x00, 0x06, 0x00, 0x00, 0x00,
    0xba, 0x02, 0x00, 0x00, 0xae, 0x02, 0x00, 0x00, 0x03, 0x00, 0x00, 0x00,
    0xc4, 0x00, 0x05, 0x00, 0x06, 0x00, 0x00, 0x00, 0xbb, 0x02, 0x00, 0x00,
    0xba, 0x02, 0x00, 0x00, 0x40, 0x00, 0x00, 0x00, 0xc5, 0x00, 0x05, 0x00,
    0x06, 0x00, 0x00, 0x00, 0xbc, 0x02, 0x00, 0x00, 0xb8, 0x02, 0x00, 0x00,
    0xbb, 0x02, 0x00, 0x00, 0xc7, 0x00, 0x05, 0x00, 0x06, 0x00, 0x00, 0x00,
    0x9b, 0x02, 0x00, 0x00, 0x0d, 0x01, 0x00, 0x00, 0x32, 0x00, 0x00, 0x00,
    0x84, 0x00, 0x05, 0x00, 0x06, 0x00, 0x00, 0x00, 0x9c, 0x02, 0x00, 0x00,
    0x9b, 0x02, 0x00, 0x00, 0x3a, 0x00, 0x00, 0x00, 0xc2, 0x00, 0x05, 0x00,
    0x06, 0x00, 0x00, 0x00, 0x9d, 0x02, 0x00, 0x00, 0xbc, 0x02, 0x00, 0x00,
    0x9c, 0x02, 0x00, 0x00, 0xc7, 0x00, 0x05, 0x00, 0x06, 0x00, 0x00, 0x00,
    0x9e, 0x02, 0x00, 0x00, 0x9d, 0x02, 0x00, 0x00, 0x66, 0x00, 0x00, 0x00,
    0x80, 0x00, 0x05, 0x00, 0x06, 0x00, 0x00, 0x00, 0x14, 0x01, 0x00, 0x00,
    0x0d, 0x01, 0x00, 0x00, 0x23, 0x00, 0x00, 0x00, 0xc7, 0x00, 0x05, 0x00,
    0x06, 0x00, 0x00, 0x00, 0xc2, 0x02, 0x00, 0x00, 0x14, 0x01, 0x00, 0x00,
    0x5b, 0x00, 0x00, 0x00, 0xc2, 0x00, 0x05, 0x00, 0x06, 0x00, 0x00, 0x00,
    0xc3, 0x02, 0x00, 0x00, 0xc2, 0x02, 0x00, 0x00, 0x32, 0x00, 0x00, 0x00,
    0x80, 0x00, 0x05, 0x00, 0x06, 0x00, 0x00, 0x00, 0xc4, 0x02, 0x00, 0x00,
    0x59, 0x00, 0x00, 0x00, 0xc3, 0x02, 0x00, 0x00, 0x3d, 0x00, 0x04, 0x00,
    0x19, 0x00, 0x00, 0x00, 0xcf, 0x02, 0x00, 0x00, 0x1b, 0x00, 0x00, 0x00,
    0xc7, 0x00, 0x05, 0x00, 0x06, 0x00, 0x00, 0x00, 0xd1, 0x02, 0x00, 0x00,
    0xc4, 0x02, 0x00, 0x00, 0x1e, 0x00, 0x00, 0x00, 0x7c, 0x00, 0x04, 0x00,
    0x20, 0x00, 0x00, 0x00, 0xd2, 0x02, 0x00, 0x00, 0xd1, 0x02, 0x00, 0x00,
    0xc2, 0x00, 0x05, 0x00, 0x06, 0x00, 0x00, 0x00, 0xd4, 0x02, 0x00, 0x00,
    0xc4, 0x02, 0x00, 0x00, 0x23, 0x00, 0x00, 0x00, 0x7c, 0x00, 0x04, 0x00,
    0x20, 0x00, 0x00, 0x00, 0xd5, 0x02, 0x00, 0x00, 0xd4, 0x02, 0x00, 0x00,
    0x50, 0x00, 0x05, 0x00, 0x26, 0x00, 0x00, 0x00, 0xd6, 0x02, 0x00, 0x00,
    0xd2, 0x02, 0x00, 0x00, 0xd5, 0x02, 0x00, 0x00, 0x64, 0x00, 0x04, 0x00,
    0x18, 0x00, 0x00, 0x00, 0xd7, 0x02, 0x00, 0x00, 0xcf, 0x02, 0x00, 0x00,
    0x5f, 0x00, 0x07, 0x00, 0x0d, 0x00, 0x00, 0x00, 0xd8, 0x02, 0x00, 0x00,
    0xd7, 0x02, 0x00, 0x00, 0xd6, 0x02, 0x00, 0x00, 0x02, 0x00, 0x00, 0x00,
    0x28, 0x00, 0x00, 0x00, 0x8e, 0x00, 0x05, 0x00, 0x0d, 0x00, 0x00, 0x00,
    0xd9, 0x02, 0x00, 0x00, 0xd8, 0x02, 0x00, 0x00, 0x2b, 0x00, 0x00, 0x00,
    0x0c, 0x00, 0x06, 0x00, 0x0d, 0x00, 0x00, 0x00, 0xda, 0x02, 0x00, 0x00,
    0x01, 0x00, 0x00, 0x00, 0x01, 0x00, 0x00, 0x00, 0xd9, 0x02, 0x00, 0x00,
    0x6d, 0x00, 0x04, 0x00, 0x15, 0x00, 0x00, 0x00, 0xdb, 0x02, 0x00, 0x00,
    0xda, 0x02, 0x00, 0x00, 0x51, 0x00, 0x05, 0x00, 0x06, 0x00, 0x00, 0x00,
    0xdd, 0x02, 0x00, 0x00, 0xdb, 0x02, 0x00, 0x00, 0x00, 0x00, 0x00, 0x00,
    0x51, 0x00, 0x05, 0x00, 0x06, 0x00, 0x00, 0x00, 0xdf, 0x02, 0x00, 0x00,
    0xdb, 0x02, 0x00, 0x00, 0x01, 0x00, 0x00, 0x00, 0xc4, 0x00, 0x05, 0x00,
    0x06, 0x00, 0x00, 0x00, 0xe0, 0x02, 0x00, 0x00, 0xdf, 0x02, 0x00, 0x00,
    0x23, 0x00, 0x00, 0x00, 0xc5, 0x00, 0x05, 0x00, 0x06, 0x00, 0x00, 0x00,
    0xe1, 0x02, 0x00, 0x00, 0xdd, 0x02, 0x00, 0x00, 0xe0, 0x02, 0x00, 0x00,
    0x51, 0x00, 0x05, 0x00, 0x06, 0x00, 0x00, 0x00, 0xe3, 0x02, 0x00, 0x00,
    0xdb, 0x02, 0x00, 0x00, 0x02, 0x00, 0x00, 0x00, 0xc4, 0x00, 0x05, 0x00,
    0x06, 0x00, 0x00, 0x00, 0xe4, 0x02, 0x00, 0x00, 0xe3, 0x02, 0x00, 0x00,
    0x3a, 0x00, 0x00, 0x00, 0xc5, 0x00, 0x05, 0x00, 0x06, 0x00, 0x00, 0x00,
    0xe5, 0x02, 0x00, 0x00, 0xe1, 0x02, 0x00, 0x00, 0xe4, 0x02, 0x00, 0x00,
    0x51, 0x00, 0x05, 0x00, 0x06, 0x00, 0x00, 0x00, 0xe7, 0x02, 0x00, 0x00,
    0xdb, 0x02, 0x00, 0x00, 0x03, 0x00, 0x00, 0x00, 0xc4, 0x00, 0x05, 0x00,
    0x06, 0x00, 0x00, 0x00, 0xe8, 0x02, 0x00, 0x00, 0xe7, 0x02, 0x00, 0x00,
    0x40, 0x00, 0x00, 0x00, 0xc5, 0x00, 0x05, 0x00, 0x06, 0x00, 0x00, 0x00,
    0xe9, 0x02, 0x00, 0x00, 0xe5, 0x02, 0x00, 0x00, 0xe8, 0x02, 0x00, 0x00,
    0xc2, 0x00, 0x05, 0x00, 0x06, 0x00, 0x00, 0x00, 0xca, 0x02, 0x00, 0x00,
    0xe9, 0x02, 0x00, 0x00, 0x9c, 0x02, 0x00, 0x00, 0xc7, 0x00, 0x05, 0x00,
    0x06, 0x00, 0x00, 0x00, 0xcb, 0x02, 0x00, 0x00, 0xca, 0x02, 0x00, 0x00,
    0x66, 0x00, 0x00, 0x00, 0x82, 0x00, 0x05, 0x00, 0x06, 0x00, 0x00, 0x00,
    0x19, 0x01, 0x00, 0x00, 0xf0, 0x00, 0x00, 0x00, 0x57, 0x03, 0x00, 0x00,
    0xc2, 0x00, 0x05, 0x00, 0x06, 0x00, 0x00, 0x00, 0x1d, 0x01, 0x00, 0x00,
    0x9e, 0x02, 0x00, 0x00, 0x19, 0x01, 0x00, 0x00, 0xc7, 0x00, 0x05, 0x00,
    0x06, 0x00, 0x00, 0x00, 0x1e, 0x01, 0x00, 0x00, 0x1d, 0x01, 0x00, 0x00,
    0x32, 0x00, 0x00, 0x00, 0x82, 0x00, 0x05, 0x00, 0x06, 0x00, 0x00, 0x00,
    0x21, 0x01, 0x00, 0x00, 0x64, 0x03, 0x00, 0x00, 0x57, 0x03, 0x00, 0x00,
    0xc2, 0x00, 0x05, 0x00, 0x06, 0x00, 0x00, 0x00, 0x22, 0x01, 0x00, 0x00,
    0x9e, 0x02, 0x00, 0x00, 0x21, 0x01, 0x00, 0x00, 0xc7, 0x00, 0x05, 0x00,
    0x06, 0x00, 0x00, 0x00, 0x23, 0x01, 0x00, 0x00, 0x22, 0x01, 0x00, 0x00,
    0x32, 0x00, 0x00, 0x00, 0xc4, 0x00, 0x05, 0x00, 0x06, 0x00, 0x00, 0x00,
    0x24, 0x01, 0x00, 0x00, 0x23, 0x01, 0x00, 0x00, 0x32, 0x00, 0x00, 0x00,
    0xc5, 0x00, 0x05, 0x00, 0x06, 0x00, 0x00, 0x00, 0x25, 0x01, 0x00, 0x00,
    0x1e, 0x01, 0x00, 0x00, 0x24, 0x01, 0x00, 0x00, 0xc2, 0x00, 0x05, 0x00,
    0x06, 0x00, 0x00, 0x00, 0x28, 0x01, 0x00, 0x00, 0xcb, 0x02, 0x00, 0x00,
    0x19, 0x01, 0x00, 0x00, 0xc7, 0x00, 0x05, 0x00, 0x06, 0x00, 0x00, 0x00,
    0x29, 0x01, 0x00, 0x00, 0x28, 0x01, 0x00, 0x00, 0x32, 0x00, 0x00, 0x00,
    0xc4, 0x00, 0x05, 0x00, 0x06, 0x00, 0x00, 0x00, 0x2a, 0x01, 0x00, 0x00,
    0x29, 0x01, 0x00, 0x00, 0x37, 0x00, 0x00, 0x00, 0xc5, 0x00, 0x05, 0x00,
    0x06, 0x00, 0x00, 0x00, 0x2b, 0x01, 0x00, 0x00, 0x25, 0x01, 0x00, 0x00,
    0x2a, 0x01, 0x00, 0x00, 0xc2, 0x00, 0x05, 0x00, 0x06, 0x00, 0x00, 0x00,
    0x2f, 0x01, 0x00, 0x00, 0xcb, 0x02, 0x00, 0x00, 0x21, 0x01, 0x00, 0x00,
    0xc7, 0x00, 0x05, 0x00, 0x06, 0x00, 0x00, 0x00, 0x30, 0x01, 0x00, 0x00,
    0x2f, 0x01, 0x00, 0x00, 0x32, 0x00, 0x00, 0x00, 0xc4, 0x00, 0x05, 0x00,
    0x06, 0x00, 0x00, 0x00, 0x31, 0x01, 0x00, 0x00, 0x30, 0x01, 0x00, 0x00,
    0x3d, 0x00, 0x00, 0x00, 0xc5, 0x00, 0x05, 0x00, 0x06, 0x00, 0x00, 0x00,
    0x32, 0x01, 0x00, 0x00, 0x2b, 0x01, 0x00, 0x00, 0x31, 0x01, 0x00, 0x00,
    0xab, 0x00, 0x05, 0x00, 0x98, 0x00, 0x00, 0x00, 0x34, 0x01, 0x00, 0x00,
    0x32, 0x01, 0x00, 0x00, 0x2f, 0x00, 0x00, 0x00, 0xf7, 0x00, 0x03, 0x00,
    0x36, 0x01, 0x00, 0x00, 0x00, 0x00, 0x00, 0x00, 0xfa, 0x00, 0x04, 0x00,
    0x34, 0x01, 0x00, 0x00, 0x35, 0x01, 0x00, 0x00, 0x36, 0x01, 0x00, 0x00,
    0xf8, 0x00, 0x02, 0x00, 0x35, 0x01, 0x00, 0x00, 0x84, 0x00, 0x05, 0x00,
    0x06, 0x00, 0x00, 0x00, 0x3a, 0x01, 0x00, 0x00, 0x85, 0x00, 0x00, 0x00,
    0x39, 0x01, 0x00, 0x00, 0x80, 0x00, 0x05, 0x00, 0x06, 0x00, 0x00, 0x00,
    0x3b, 0x01, 0x00, 0x00, 0x37, 0x01, 0x00, 0x00, 0x3a, 0x01, 0x00, 0x00,
    0xc2, 0x00, 0x05, 0x00, 0x06, 0x00, 0x00, 0x00, 0x3e, 0x01, 0x00, 0x00,
    0x71, 0x02, 0x00, 0x00, 0x3d, 0x01, 0x00, 0x00, 0xc7, 0x00, 0x05, 0x00,
    0x06, 0x00, 0x00, 0x00, 0x3f, 0x01, 0x00, 0x00, 0x3e, 0x01, 0x00, 0x00,
    0xf0, 0x00, 0x00, 0x00, 0x84, 0x00, 0x05, 0x00, 0x06, 0x00, 0x00, 0x00,
    0x40, 0x01, 0x00, 0x00, 0x3f, 0x01, 0x00, 0x00, 0x3a, 0x00, 0x00, 0x00,
    0x80, 0x00, 0x05, 0x00, 0x06, 0x00, 0x00, 0x00, 0x41, 0x01, 0x00, 0x00,
    0x3b, 0x01, 0x00, 0x00, 0x40, 0x01, 0x00, 0x00, 0x80, 0x00, 0x05, 0x00,
    0x06, 0x00, 0x00, 0x00, 0x43, 0x01, 0x00, 0x00, 0x41, 0x01, 0x00, 0x00,
    0x32, 0x01, 0x00, 0x00, 0x3d, 0x00, 0x04, 0x00, 0x19, 0x00, 0x00, 0x00,
    0xed, 0x02, 0x00, 0x00, 0x1b, 0x00, 0x00, 0x00, 0xc7, 0x00, 0x05, 0x00,
    0x06, 0x00, 0x00, 0x00, 0xef, 0x02, 0x00, 0x00, 0x43, 0x01, 0x00, 0x00,
    0x1e, 0x00, 0x00, 0x00, 0x7c, 0x00, 0x04, 0x00, 0x20, 0x00, 0x00, 0x00,
    0xf0, 0x02, 0x00, 0x00, 0xef, 0x02, 0x00, 0x00, 0xc2, 0x00, 0x05, 0x00,
    0x06, 0x00, 0x00, 0x00, 0xf2, 0x02, 0x00, 0x00, 0x43, 0x01, 0x00, 0x00,
    0x23, 0x00, 0x00, 0x00, 0x7c, 0x00, 0x04, 0x00, 0x20, 0x00, 0x00, 0x00,
    0xf3, 0x02, 0x00, 0x00, 0xf2, 0x02, 0x00, 0x00, 0x50, 0x00, 0x05, 0x00,
    0x26, 0x00, 0x00, 0x00, 0xf4, 0x02, 0x00, 0x00, 0xf0, 0x02, 0x00, 0x00,
    0xf3, 0x02, 0x00, 0x00, 0x64, 0x00, 0x04, 0x00, 0x18, 0x00, 0x00, 0x00,
    0xf5, 0x02, 0x00, 0x00, 0xed, 0x02, 0x00, 0x00, 0x5f, 0x00, 0x07, 0x00,
    0x0d, 0x00, 0x00, 0x00, 0xf6, 0x02, 0x00, 0x00, 0xf5, 0x02, 0x00, 0x00,
    0xf4, 0x02, 0x00, 0x00, 0x02, 0x00, 0x00, 0x00, 0x28, 0x00, 0x00, 0x00,
    0x8e, 0x00, 0x05, 0x00, 0x0d, 0x00, 0x00, 0x00, 0xf7, 0x02, 0x00, 0x00,
    0xf6, 0x02, 0x00, 0x00, 0x2b, 0x00, 0x00, 0x00, 0x0c, 0x00, 0x06, 0x00,
    0x0d, 0x00, 0x00, 0x00, 0xf8, 0x02, 0x00, 0x00, 0x01, 0x00, 0x00, 0x00,
    0x01, 0x00, 0x00, 0x00, 0xf7, 0x02, 0x00, 0x00, 0x6d, 0x00, 0x04, 0x00,
    0x15, 0x00, 0x00, 0x00, 0xf9, 0x02, 0x00, 0x00, 0xf8, 0x02, 0x00, 0x00,
    0x51, 0x00, 0x05, 0x00, 0x06, 0x00, 0x00, 0x00, 0xfb, 0x02, 0x00, 0x00,
    0xf9, 0x02, 0x00, 0x00, 0x00, 0x00, 0x00, 0x00, 0x51, 0x00, 0x05, 0x00,
    0x06, 0x00, 0x00, 0x00, 0xfd, 0x02, 0x00, 0x00, 0xf9, 0x02, 0x00, 0x00,
    0x01, 0x00, 0x00, 0x00, 0xc4, 0x00, 0x05, 0x00, 0x06, 0x00, 0x00, 0x00,
    0xfe, 0x02, 0x00, 0x00, 0xfd, 0x02, 0x00, 0x00, 0x23, 0x00, 0x00, 0x00,
    0xc5, 0x00, 0x05, 0x00, 0x06, 0x00, 0x00, 0x00, 0xff, 0x02, 0x00, 0x00,
    0xfb, 0x02, 0x00, 0x00, 0xfe, 0x02, 0x00, 0x00, 0x51, 0x00, 0x05, 0x00,
    0x06, 0x00, 0x00, 0x00, 0x01, 0x03, 0x00, 0x00, 0xf9, 0x02, 0x00, 0x00,
    0x02, 0x00, 0x00, 0x00, 0xc4, 0x00, 0x05, 0x00, 0x06, 0x00, 0x00, 0x00,
    0x02, 0x03, 0x00, 0x00, 0x01, 0x03, 0x00, 0x00, 0x3a, 0x00, 0x00, 0x00,
    0xc5, 0x00, 0x05, 0x00, 0x06, 0x00, 0x00, 0x00, 0x03, 0x03, 0x00, 0x00,
    0xff, 0x02, 0x00, 0x00, 0x02, 0x03, 0x00, 0x00, 0x51, 0x00, 0x05, 0x00,
    0x06, 0x00, 0x00, 0x00, 0x05, 0x03, 0x00, 0x00, 0xf9, 0x02, 0x00, 0x00,
    0x03, 0x00, 0x00, 0x00, 0xc4, 0x00, 0x05, 0x00, 0x06, 0x00, 0x00, 0x00,
    0x06, 0x03, 0x00, 0x00, 0x05, 0x03, 0x00, 0x00, 0x40, 0x00, 0x00, 0x00,
    0xc5, 0x00, 0x05, 0x00, 0x06, 0x00, 0x00, 0x00, 0x07, 0x03, 0x00, 0x00,
    0x03, 0x03, 0x00, 0x00, 0x06, 0x03, 0x00, 0x00, 0xc2, 0x00, 0x05, 0x00,
    0x06, 0x00, 0x00, 0x00, 0x0b, 0x03, 0x00, 0x00, 0x07, 0x03, 0x00, 0x00,
    0x3a, 0x00, 0x00, 0x00, 0xc7, 0x00, 0x05, 0x00, 0x06, 0x00, 0x00, 0x00,
    0x0c, 0x03, 0x00, 0x00, 0x0b, 0x03, 0x00, 0x00, 0x1e, 0x00, 0x00, 0x00,
    0x70, 0x00, 0x04, 0x00, 0x0c, 0x00, 0x00, 0x00, 0x0d, 0x03, 0x00, 0x00,
    0x0c, 0x03, 0x00, 0x00, 0xc2, 0x00, 0x05, 0x00, 0x06, 0x00, 0x00, 0x00,
    0x0f, 0x03, 0x00, 0x00, 0x07, 0x03, 0x00, 0x00, 0x23, 0x00, 0x00, 0x00,
    0xc7, 0x00, 0x05, 0x00, 0x06, 0x00, 0x00, 0x00, 0x10, 0x03, 0x00, 0x00,
    0x0f, 0x03, 0x00, 0x00, 0x1e, 0x00, 0x00, 0x00, 0x70, 0x00, 0x04, 0x00,
    0x0c, 0x00, 0x00, 0x00, 0x11, 0x03, 0x00, 0x00, 0x10, 0x03, 0x00, 0x00,
    0xc7, 0x00, 0x05, 0x00, 0x06, 0x00, 0x00, 0x00, 0x13, 0x03, 0x00, 0x00,
    0x07, 0x03, 0x00, 0x00, 0x1e, 0x00, 0x00, 0x00, 0x70, 0x00, 0x04, 0x00,
    0x0c, 0x00, 0x00, 0x00, 0x14, 0x03, 0x00, 0x00, 0x13, 0x03, 0x00, 0x00,
    0xc2, 0x00, 0x05, 0x00, 0x06, 0x00, 0x00, 0x00, 0x16, 0x03, 0x00, 0x00,
    0x07, 0x03, 0x00, 0x00, 0x40, 0x00, 0x00, 0x00, 0x70, 0x00, 0x04, 0x00,
    0x0c, 0x00, 0x00, 0x00, 0x17, 0x03, 0x00, 0x00, 0x16, 0x03, 0x00, 0x00,
    0x50, 0x00, 0x07, 0x00, 0x0d, 0x00, 0x00, 0x00, 0x18, 0x03, 0x00, 0x00,
    0x0d, 0x03, 0x00, 0x00, 0x11, 0x03, 0x00, 0x00, 0x14, 0x03, 0x00, 0x00,
    0x17, 0x03, 0x00, 0x00, 0x85, 0x00, 0x05, 0x00, 0x0d, 0x00, 0x00, 0x00,
    0x1a, 0x03, 0x00, 0x00, 0x18, 0x03, 0x00, 0x00, 0x60, 0x03, 0x00, 0x00,
    0x3e, 0x00, 0x03, 0x00, 0x95, 0x00, 0x00, 0x00, 0x1a, 0x03, 0x00, 0x00,
    0xf9, 0x00, 0x02, 0x00, 0x36, 0x01, 0x00, 0x00, 0xf8, 0x00, 0x02, 0x00,
    0x36, 0x01, 0x00, 0x00, 0xf9, 0x00, 0x02, 0x00, 0x4a, 0x01, 0x00, 0x00,
    0xf8, 0x00, 0x02, 0x00, 0x4a, 0x01, 0x00, 0x00, 0xfd, 0x00, 0x01, 0x00,
    0x38, 0x00, 0x01, 0x00,
};
static const unsigned int kPpuBgProbeFragSPVSize = 9160u;

static const unsigned char kPpuBgProbeFragDXIL[] = {
    0x44, 0x58, 0x42, 0x43, 0x30, 0xcc, 0xb3, 0x5d, 0xfd, 0x5e, 0x34, 0x31,
    0x8a, 0x12, 0x37, 0xc0, 0x61, 0x6c, 0x74, 0x7e, 0x01, 0x00, 0x00, 0x00,
    0x9c, 0x17, 0x00, 0x00, 0x07, 0x00, 0x00, 0x00, 0x3c, 0x00, 0x00, 0x00,
    0x4c, 0x00, 0x00, 0x00, 0xa8, 0x00, 0x00, 0x00, 0xe4, 0x00, 0x00, 0x00,
    0xc0, 0x01, 0x00, 0x00, 0x5c, 0x08, 0x00, 0x00, 0x78, 0x08, 0x00, 0x00,
    0x53, 0x46, 0x49, 0x30, 0x08, 0x00, 0x00, 0x00, 0x00, 0x00, 0x00, 0x00,
    0x00, 0x00, 0x00, 0x00, 0x49, 0x53, 0x47, 0x31, 0x54, 0x00, 0x00, 0x00,
    0x02, 0x00, 0x00, 0x00, 0x08, 0x00, 0x00, 0x00, 0x00, 0x00, 0x00, 0x00,
    0x48, 0x00, 0x00, 0x00, 0x00, 0x00, 0x00, 0x00, 0x00, 0x00, 0x00, 0x00,
    0x03, 0x00, 0x00, 0x00, 0x00, 0x00, 0x00, 0x00, 0x0f, 0x00, 0x00, 0x00,
    0x00, 0x00, 0x00, 0x00, 0x00, 0x00, 0x00, 0x00, 0x48, 0x00, 0x00, 0x00,
    0x01, 0x00, 0x00, 0x00, 0x00, 0x00, 0x00, 0x00, 0x03, 0x00, 0x00, 0x00,
    0x01, 0x00, 0x00, 0x00, 0x03, 0x03, 0x00, 0x00, 0x00, 0x00, 0x00, 0x00,
    0x54, 0x45, 0x58, 0x43, 0x4f, 0x4f, 0x52, 0x44, 0x00, 0x00, 0x00, 0x00,
    0x4f, 0x53, 0x47, 0x31, 0x34, 0x00, 0x00, 0x00, 0x01, 0x00, 0x00, 0x00,
    0x08, 0x00, 0x00, 0x00, 0x00, 0x00, 0x00, 0x00, 0x28, 0x00, 0x00, 0x00,
    0x00, 0x00, 0x00, 0x00, 0x40, 0x00, 0x00, 0x00, 0x03, 0x00, 0x00, 0x00,
    0x00, 0x00, 0x00, 0x00, 0x0f, 0x00, 0x00, 0x00, 0x00, 0x00, 0x00, 0x00,
    0x53, 0x56, 0x5f, 0x54, 0x61, 0x72, 0x67, 0x65, 0x74, 0x00, 0x00, 0x00,
    0x50, 0x53, 0x56, 0x30, 0xd4, 0x00, 0x00, 0x00, 0x34, 0x00, 0x00, 0x00,
    0x00, 0x00, 0x00, 0x00, 0x00, 0x00, 0x00, 0x00, 0x00, 0x00, 0x00, 0x00,
    0x00, 0x00, 0x00, 0x00, 0x00, 0x00, 0x00, 0x00, 0xff, 0xff, 0xff, 0xff,
    0x00, 0x00, 0x00, 0x00, 0x02, 0x01, 0x00, 0x02, 0x01, 0x00, 0x00, 0x00,
    0x00, 0x00, 0x00, 0x00, 0x00, 0x00, 0x00, 0x00, 0x00, 0x00, 0x00, 0x00,
    0x13, 0x00, 0x00, 0x00, 0x01, 0x00, 0x00, 0x00, 0x18, 0x00, 0x00, 0x00,
    0x03, 0x00, 0x00, 0x00, 0x02, 0x00, 0x00, 0x00, 0x00, 0x00, 0x00, 0x00,
    0x00, 0x00, 0x00, 0x00, 0x02, 0x00, 0x00, 0x00, 0x00, 0x00, 0x00, 0x00,
    0x18, 0x00, 0x00, 0x00, 0x00, 0x54, 0x45, 0x58, 0x43, 0x4f, 0x4f, 0x52,
    0x44, 0x00, 0x54, 0x45, 0x58, 0x43, 0x4f, 0x4f, 0x52, 0x44, 0x00, 0x6d,
    0x61, 0x69, 0x6e, 0x00, 0x02, 0x00, 0x00, 0x00, 0x00, 0x00, 0x00, 0x00,
    0x01, 0x00, 0x00, 0x00, 0x10, 0x00, 0x00, 0x00, 0x01, 0x00, 0x00, 0x00,
    0x00, 0x00, 0x00, 0x00, 0x01, 0x00, 0x44, 0x00, 0x03, 0x02, 0x00, 0x00,
    0x0a, 0x00, 0x00, 0x00, 0x01, 0x00, 0x00, 0x00, 0x01, 0x01, 0x42, 0x00,
    0x03, 0x02, 0x00, 0x00, 0x00, 0x00, 0x00, 0x00, 0x00, 0x00, 0x00, 0x00,
    0x01, 0x00, 0x44, 0x10, 0x03, 0x00, 0x00, 0x00, 0x00, 0x00, 0x00, 0x00,
    0x00, 0x00, 0x00, 0x00, 0x00, 0x00, 0x00, 0x00, 0x00, 0x00, 0x00, 0x00,
    0x0f, 0x00, 0x00, 0x00, 0x0f, 0x00, 0x00, 0x00, 0x00, 0x00, 0x00, 0x00,
    0x00, 0x00, 0x00, 0x00, 0x53, 0x54, 0x41, 0x54, 0x94, 0x06, 0x00, 0x00,
    0x60, 0x00, 0x00, 0x00, 0xa5, 0x01, 0x00, 0x00, 0x44, 0x58, 0x49, 0x4c,
    0x00, 0x01, 0x00, 0x00, 0x10, 0x00, 0x00, 0x00, 0x7c, 0x06, 0x00, 0x00,
    0x42, 0x43, 0xc0, 0xde, 0x21, 0x0c, 0x00, 0x00, 0x9c, 0x01, 0x00, 0x00,
    0x0b, 0x82, 0x20, 0x00, 0x02, 0x00, 0x00, 0x00, 0x13, 0x00, 0x00, 0x00,
    0x07, 0x81, 0x23, 0x91, 0x41, 0xc8, 0x04, 0x49, 0x06, 0x10, 0x32, 0x39,
    0x92, 0x01, 0x84, 0x0c, 0x25, 0x05, 0x08, 0x19, 0x1e, 0x04, 0x8b, 0x62,
    0x80, 0x14, 0x45, 0x02, 0x42, 0x92, 0x0b, 0x42, 0xa4, 0x10, 0x32, 0x14,
    0x38, 0x08, 0x18, 0x4b, 0x0a, 0x32, 0x52, 0x88, 0x48, 0x90, 0x14, 0x20,
    0x43, 0x46, 0x88, 0xa5, 0x00, 0x19, 0x32, 0x42, 0xe4, 0x48, 0x0e, 0x90,
    0x91, 0x22, 0xc4, 0x50, 0x41, 0x51, 0x81, 0x8c, 0xe1, 0x83, 0xe5, 0x8a,
    0x04, 0x29, 0x46, 0x06, 0x51, 0x18, 0x00, 0x00, 0x08, 0x00, 0x00, 0x00,
    0x1b, 0x8c, 0xe0, 0xff, 0xff, 0xff, 0xff, 0x07, 0x40, 0x02, 0xa8, 0x0d,
    0x84, 0xf0, 0xff, 0xff, 0xff, 0xff, 0x03, 0x20, 0x6d, 0x30, 0x86, 0xff,
    0xff, 0xff, 0xff, 0x1f, 0x00, 0x09, 0xa8, 0x00, 0x49, 0x18, 0x00, 0x00,
    0x03, 0x00, 0x00, 0x00, 0x13, 0x82, 0x60, 0x42, 0x20, 0x4c, 0x08, 0x06,
    0x00, 0x00, 0x00, 0x00, 0x89, 0x20, 0x00, 0x00, 0x3f, 0x00, 0x00, 0x00,
    0x32, 0x22, 0x48, 0x09, 0x20, 0x64, 0x85, 0x04, 0x93, 0x22, 0xa4, 0x84,
    0x04, 0x93, 0x22, 0xe3, 0x84, 0xa1, 0x90, 0x14, 0x12, 0x4c, 0x8a, 0x8c,
    0x0b, 0x84, 0xa4, 0x4c, 0x10, 0x68, 0x23, 0x00, 0x25, 0x00, 0x14, 0x66,
    0x00, 0xe6, 0x08, 0xc0, 0x60, 0x8e, 0x00, 0x29, 0xc6, 0x20, 0x84, 0x14,
    0x42, 0xa6, 0x18, 0x80, 0x10, 0x52, 0x06, 0xa1, 0x32, 0x0c, 0x32, 0x48,
    0xdd, 0x34, 0x5c, 0xfe, 0x84, 0x3d, 0x84, 0xe4, 0xaf, 0x84, 0xb4, 0x12,
    0x93, 0x5f, 0xdc, 0x36, 0x2a, 0xc6, 0x18, 0x83, 0x50, 0xb9, 0x67, 0xb8,
    0xfc, 0x09, 0x7b, 0x08, 0xc9, 0x0f, 0x81, 0x66, 0x58, 0x08, 0x14, 0xb4,
    0xa2, 0x30, 0xe2, 0x08, 0x21, 0x84, 0x10, 0x42, 0x6f, 0x8e, 0x20, 0x28,
    0x86, 0x23, 0x85, 0x90, 0x48, 0x72, 0x20, 0x60, 0x18, 0x81, 0x18, 0x66,
    0x6a, 0x83, 0x71, 0x60, 0x87, 0x70, 0x98, 0x87, 0x79, 0x70, 0x03, 0x5a,
    0x28, 0x07, 0x7c, 0xa0, 0x87, 0x7a, 0x90, 0x87, 0x72, 0x90, 0x03, 0x52,
    0xe0, 0x03, 0x7b, 0x28, 0x87, 0x71, 0xa0, 0x87, 0x77, 0x90, 0x07, 0x3e,
    0x30, 0x07, 0x76, 0x78, 0x87, 0x70, 0xa0, 0x07, 0x36, 0x00, 0x03, 0x3a,
    0xf0, 0x03, 0x30, 0xf0, 0x03, 0x3d, 0xd0, 0x83, 0x76, 0x48, 0x07, 0x78,
    0x98, 0x87, 0x5f, 0xa0, 0x87, 0x7c, 0x80, 0x87, 0x72, 0x40, 0x01, 0x99,
    0x49, 0x0c, 0xc6, 0x81, 0x1d, 0xc2, 0x61, 0x1e, 0xe6, 0xc1, 0x0d, 0x68,
    0xa1, 0x1c, 0xf0, 0x81, 0x1e, 0xea, 0x41, 0x1e, 0xca, 0x41, 0x0e, 0x48,
    0x81, 0x0f, 0xec, 0xa1, 0x1c, 0xc6, 0x81, 0x1e, 0xde, 0x41, 0x1e, 0xf8,
    0xc0, 0x1c, 0xd8, 0xe1, 0x1d, 0xc2, 0x81, 0x1e, 0xd8, 0x00, 0x0c, 0xe8,
    0xc0, 0x0f, 0xc0, 0xc0, 0x0f, 0x90, 0x50, 0x2d, 0xdd, 0x44, 0x20, 0x00,
    0x13, 0x14, 0x72, 0xc0, 0x87, 0x74, 0x60, 0x87, 0x36, 0x68, 0x87, 0x79,
    0x68, 0x03, 0x72, 0xc0, 0x87, 0x0d, 0xaf, 0x50, 0x0e, 0x6d, 0xd0, 0x0e,
    0x7a, 0x50, 0x0e, 0x6d, 0x00, 0x0f, 0x7a, 0x30, 0x07, 0x72, 0xa0, 0x07,
    0x73, 0x20, 0x07, 0x6d, 0x90, 0x0e, 0x71, 0xa0, 0x07, 0x73, 0x20, 0x07,
    0x6d, 0x90, 0x0e, 0x78, 0xa0, 0x07, 0x73, 0x20, 0x07, 0x6d, 0x90, 0x0e,
    0x71, 0x60, 0x07, 0x7a, 0x30, 0x07, 0x72, 0xd0, 0x06, 0xe9, 0x30, 0x07,
    0x72, 0xa0, 0x07, 0x73, 0x20, 0x07, 0x6d, 0x90, 0x0e, 0x76, 0x40, 0x07,
    0x7a, 0x60, 0x07, 0x74, 0xd0, 0x06, 0xe6, 0x10, 0x07, 0x76, 0xa0, 0x07,
    0x73, 0x20, 0x07, 0x6d, 0x60, 0x0e, 0x73, 0x20, 0x07, 0x7a, 0x30, 0x07,
    0x72, 0xd0, 0x06, 0xe6, 0x60, 0x07, 0x74, 0xa0, 0x07, 0x76, 0x40, 0x07,
    0x6d, 0xe0, 0x0e, 0x78, 0xa0, 0x07, 0x71, 0x60, 0x07, 0x7a, 0x30, 0x07,
    0x72, 0xa0, 0x07, 0x76, 0x40, 0x07, 0x43, 0x9e, 0x00, 0x08, 0x00, 0x00,
    0x00, 0x00, 0x00, 0x00, 0x00, 0x00, 0x00, 0x86, 0x3c, 0x06, 0x10, 0x00,
    0x01, 0x00, 0x00, 0x00, 0x00, 0x00, 0x00, 0x00, 0x0c, 0x79, 0x10, 0x20,
    0x00, 0x04, 0x00, 0x00, 0x00, 0x00, 0x00, 0x00, 0x00, 0x18, 0xf2, 0x28,
    0x40, 0x00, 0x04, 0x00, 0x00, 0x00, 0x00, 0x00, 0x00, 0x00, 0x30, 0xe4,
    0x79, 0x80, 0x00, 0x18, 0x00, 0x00, 0x00, 0x00, 0x00, 0x00, 0x00, 0x60,
    0xc8, 0x23, 0x01, 0x01, 0x30, 0x00, 0x00, 0x00, 0x00, 0x00, 0x00, 0x00,
    0x40, 0x16, 0x08, 0x00, 0x10, 0x00, 0x00, 0x00, 0x32, 0x1e, 0x98, 0x14,
    0x19, 0x11, 0x4c, 0x90, 0x8c, 0x09, 0x26, 0x47, 0xc6, 0x04, 0x43, 0x22,
    0x25, 0x30, 0x02, 0x50, 0x0c, 0x45, 0x50, 0x12, 0x65, 0x50, 0x1e, 0x05,
    0x51, 0xd2, 0x02, 0x05, 0x78, 0x50, 0x40, 0x85, 0x50, 0x1a, 0xe5, 0x2a,
    0x40, 0xa5, 0x24, 0x46, 0x00, 0x8a, 0xa0, 0x10, 0x0a, 0x84, 0xf0, 0x0c,
    0x00, 0xe5, 0xb1, 0x10, 0x83, 0x00, 0x00, 0x00, 0x78, 0x1e, 0x00, 0x00,
    0x79, 0x18, 0x00, 0x00, 0x80, 0x00, 0x00, 0x00, 0x1a, 0x03, 0x4c, 0x90,
    0x46, 0x02, 0x13, 0x44, 0x34, 0x20, 0xc3, 0x1b, 0x43, 0x81, 0x93, 0x4b,
    0xb3, 0x0b, 0xa3, 0x2b, 0x4b, 0x01, 0x89, 0x71, 0xc9, 0x71, 0x81, 0x71,
    0x81, 0x01, 0x41, 0x81, 0x93, 0x4b, 0xb3, 0x0b, 0xa3, 0x2b, 0x63, 0x01,
    0x81, 0x81, 0x81, 0x81, 0x81, 0x81, 0x81, 0x81, 0x49, 0xd9, 0x10, 0x04,
    0x13, 0x04, 0xc2, 0x98, 0x20, 0x10, 0xc7, 0x06, 0x61, 0x20, 0x36, 0x08,
    0x04, 0x41, 0x01, 0x6e, 0x6e, 0x82, 0x40, 0x20, 0x1b, 0x86, 0x03, 0x21,
    0x26, 0x08, 0x58, 0xc6, 0xa4, 0xee, 0x8b, 0xae, 0x0c, 0x8f, 0xae, 0x4e,
    0xae, 0x6c, 0x82, 0x40, 0x24, 0x13, 0x04, 0x42, 0xd9, 0x20, 0x10, 0xcd,
    0x86, 0x84, 0x50, 0x16, 0x86, 0x18, 0x18, 0xc2, 0xd9, 0x10, 0x3c, 0x1b,
    0x08, 0x08, 0x00, 0x80, 0x09, 0x82, 0x00, 0x6c, 0x00, 0x36, 0x0c, 0xc4,
    0x34, 0x6d, 0x08, 0xa8, 0x0d, 0xc3, 0x20, 0x55, 0x13, 0x84, 0x4c, 0xdb,
    0x10, 0x5c, 0x24, 0xda, 0xc2, 0xd2, 0xdc, 0x88, 0x50, 0x15, 0x61, 0x0d,
    0x3d, 0x3d, 0x49, 0x11, 0x4d, 0x10, 0x0a, 0x6a, 0x82, 0x50, 0x54, 0x1b,
    0x02, 0x62, 0x82, 0x50, 0x58, 0x13, 0x84, 0xe2, 0xda, 0xb0, 0x10, 0xda,
    0xc6, 0x75, 0xde, 0xf0, 0x11, 0x1c, 0xb0, 0x21, 0x18, 0x26, 0x08, 0xc4,
    0xb2, 0x41, 0x10, 0x03, 0x31, 0xd8, 0xb0, 0x0c, 0xda, 0xc6, 0x85, 0x81,
    0x37, 0x78, 0x03, 0x37, 0x06, 0x1b, 0x04, 0x30, 0x20, 0x03, 0x26, 0x53,
    0x56, 0x5f, 0x54, 0x61, 0x72, 0x67, 0x65, 0x74, 0x13, 0x84, 0x02, 0x9b,
    0x20, 0x10, 0xcc, 0x06, 0x41, 0x0c, 0xd0, 0x60, 0xc3, 0x42, 0x98, 0xc1,
    0x76, 0x06, 0x1d, 0x37, 0x7c, 0x04, 0x97, 0x06, 0x1b, 0x02, 0x35, 0xd8,
    0x30, 0x94, 0xc1, 0x1a, 0x00, 0x1b, 0x0a, 0x29, 0x63, 0x83, 0x08, 0x20,
    0x22, 0x26, 0x17, 0xe6, 0x36, 0x86, 0x56, 0x36, 0x37, 0x41, 0x20, 0x1a,
    0x1a, 0x66, 0x6c, 0x6f, 0x61, 0x74, 0x73, 0x13, 0x04, 0xc2, 0x61, 0x91,
    0xe6, 0x36, 0x47, 0x37, 0x37, 0x41, 0x20, 0x1e, 0x12, 0x69, 0x6e, 0x74,
    0x73, 0x13, 0x04, 0x02, 0xa2, 0x31, 0x97, 0x76, 0xf6, 0xc5, 0x46, 0x46,
    0x63, 0x2e, 0xed, 0xec, 0x6b, 0x8e, 0x6e, 0x82, 0x40, 0x44, 0x44, 0xe8,
    0xca, 0xf0, 0xbe, 0xd8, 0xde, 0xc2, 0xc8, 0x26, 0x08, 0x84, 0xc4, 0xa2,
    0x2e, 0xcd, 0x8d, 0x6e, 0x6e, 0x82, 0x40, 0x4c, 0x1b, 0x20, 0x37, 0x78,
    0x03, 0x38, 0x88, 0x03, 0x39, 0x98, 0x03, 0x3a, 0xa8, 0x03, 0x3b, 0x60,
    0xee, 0x00, 0x0f, 0xf2, 0x40, 0x0f, 0xf6, 0x80, 0x0f, 0xaa, 0xb0, 0xb1,
    0xd9, 0xb5, 0xb9, 0xa4, 0x91, 0x95, 0xb9, 0xd1, 0x4d, 0x09, 0x82, 0x2a,
    0x64, 0x78, 0x2e, 0x76, 0x65, 0x72, 0x73, 0x69, 0x6f, 0x6e, 0x53, 0x02,
    0xa2, 0x09, 0x19, 0x9e, 0x8b, 0x5d, 0x18, 0x9b, 0x5d, 0x99, 0xdc, 0x94,
    0xa0, 0xa8, 0x43, 0x86, 0xe7, 0x32, 0x87, 0x16, 0x46, 0x56, 0x26, 0xd7,
    0xf4, 0x46, 0x56, 0xc6, 0x36, 0x25, 0x40, 0xca, 0x90, 0xe1, 0xb9, 0xc8,
    0x95, 0xcd, 0xbd, 0xd5, 0xc9, 0x8d, 0x95, 0xcd, 0x4d, 0x09, 0xa0, 0x4a,
    0x64, 0x78, 0x2e, 0x74, 0x79, 0x70, 0x65, 0x41, 0x6e, 0x6e, 0x6f, 0x74,
    0x61, 0x74, 0x69, 0x6f, 0x6e, 0x73, 0x53, 0x82, 0xaa, 0x0e, 0x19, 0x9e,
    0x8b, 0x5d, 0x5a, 0xd9, 0x5d, 0x12, 0xd9, 0x14, 0x5d, 0x18, 0x5d, 0xd9,
    0x94, 0xe0, 0xaa, 0x43, 0x86, 0xe7, 0x52, 0xe6, 0x46, 0x27, 0x97, 0x07,
    0xf5, 0x96, 0xe6, 0x46, 0x37, 0x37, 0x25, 0x60, 0x83, 0x2e, 0x64, 0x78,
    0x2e, 0x63, 0x6f, 0x75, 0x6e, 0x74, 0x65, 0x72, 0x73, 0x53, 0x02, 0x3e,
    0x00, 0x00, 0x00, 0x00, 0x79, 0x18, 0x00, 0x00, 0x51, 0x00, 0x00, 0x00,
    0x33, 0x08, 0x80, 0x1c, 0xc4, 0xe1, 0x1c, 0x66, 0x14, 0x01, 0x3d, 0x88,
    0x43, 0x38, 0x84, 0xc3, 0x8c, 0x42, 0x80, 0x07, 0x79, 0x78, 0x07, 0x73,
    0x98, 0x71, 0x0c, 0xe6, 0x00, 0x0f, 0xed, 0x10, 0x0e, 0xf4, 0x80, 0x0e,
    0x33, 0x0c, 0x42, 0x1e, 0xc2, 0xc1, 0x1d, 0xce, 0xa1, 0x1c, 0x66, 0x30,
    0x05, 0x3d, 0x88, 0x43, 0x38, 0x84, 0x83, 0x1b, 0xcc, 0x03, 0x3d, 0xc8,
    0x43, 0x3d, 0x8c, 0x03, 0x3d, 0xcc, 0x78, 0x8c, 0x74, 0x70, 0x07, 0x7b,
    0x08, 0x07, 0x79, 0x48, 0x87, 0x70, 0x70, 0x07, 0x7a, 0x70, 0x03, 0x76,
    0x78, 0x87, 0x70, 0x20, 0x87, 0x19, 0xcc, 0x11, 0x0e, 0xec, 0x90, 0x0e,
    0xe1, 0x30, 0x0f, 0x6e, 0x30, 0x0f, 0xe3, 0xf0, 0x0e, 0xf0, 0x50, 0x0e,
    0x33, 0x10, 0xc4, 0x1d, 0xde, 0x21, 0x1c, 0xd8, 0x21, 0x1d, 0xc2, 0x61,
    0x1e, 0x66, 0x30, 0x89, 0x3b, 0xbc, 0x83, 0x3b, 0xd0, 0x43, 0x39, 0xb4,
    0x03, 0x3c, 0xbc, 0x83, 0x3c, 0x84, 0x03, 0x3b, 0xcc, 0xf0, 0x14, 0x76,
    0x60, 0x07, 0x7b, 0x68, 0x07, 0x37, 0x68, 0x87, 0x72, 0x68, 0x07, 0x37,
    0x80, 0x87, 0x70, 0x90, 0x87, 0x70, 0x60, 0x07, 0x76, 0x28, 0x07, 0x76,
    0xf8, 0x05, 0x76, 0x78, 0x87, 0x77, 0x80, 0x87, 0x5f, 0x08, 0x87, 0x71,
    0x18, 0x87, 0x72, 0x98, 0x87, 0x79, 0x98, 0x81, 0x2c, 0xee, 0xf0, 0x0e,
    0xee, 0xe0, 0x0e, 0xf5, 0xc0, 0x0e, 0xec, 0x30, 0x03, 0x62, 0xc8, 0xa1,
    0x1c, 0xe4, 0xa1, 0x1c, 0xcc, 0xa1, 0x1c, 0xe4, 0xa1, 0x1c, 0xdc, 0x61,
    0x1c, 0xca, 0x21, 0x1c, 0xc4, 0x81, 0x1d, 0xca, 0x61, 0x06, 0xd6, 0x90,
    0x43, 0x39, 0xc8, 0x43, 0x39, 0x98, 0x43, 0x39, 0xc8, 0x43, 0x39, 0xb8,
    0xc3, 0x38, 0x94, 0x43, 0x38, 0x88, 0x03, 0x3b, 0x94, 0xc3, 0x2f, 0xbc,
    0x83, 0x3c, 0xfc, 0x82, 0x3b, 0xd4, 0x03, 0x3b, 0xb0, 0xc3, 0x0c, 0xc4,
    0x21, 0x07, 0x7c, 0x70, 0x03, 0x7a, 0x28, 0x87, 0x76, 0x80, 0x87, 0x19,
    0xd1, 0x43, 0x0e, 0xf8, 0xe0, 0x06, 0xe4, 0x20, 0x0e, 0xe7, 0xe0, 0x06,
    0xf6, 0x10, 0x0e, 0xf2, 0xc0, 0x0e, 0xe1, 0x90, 0x0f, 0xef, 0x50, 0x0f,
    0xf4, 0x30, 0x83, 0x81, 0xc8, 0x01, 0x1f, 0xdc, 0x40, 0x1c, 0xe4, 0xa1,
    0x1c, 0xc2, 0x61, 0x1d, 0xdc, 0x40, 0x1c, 0xe4, 0x01, 0x00, 0x00, 0x00,
    0x71, 0x20, 0x00, 0x00, 0x16, 0x00, 0x00, 0x00, 0x56, 0x20, 0x0d, 0x97,
    0xef, 0x3c, 0xbe, 0x10, 0x11, 0xc0, 0x44, 0x84, 0x40, 0x33, 0x2c, 0x84,
    0x05, 0x4c, 0xc3, 0xe5, 0x3b, 0x8f, 0xbf, 0x38, 0xc0, 0x20, 0x36, 0x0f,
    0x35, 0xf9, 0xc5, 0x6d, 0x9b, 0x40, 0x35, 0x5c, 0xbe, 0xf3, 0xf8, 0xd2,
    0xe4, 0x44, 0x04, 0x4a, 0x4d, 0x0f, 0x35, 0xf9, 0xc5, 0x6d, 0x1b, 0x41,
    0x35, 0x5c, 0xbe, 0xf3, 0xf8, 0x13, 0x71, 0x4d, 0x54, 0x44, 0x94, 0x0e,
    0x30, 0xf8, 0xc5, 0x6d, 0xdb, 0xc0, 0x33, 0x5c, 0xbe, 0xf3, 0xf8, 0x54,
    0x03, 0x44, 0x98, 0x5f, 0xdc, 0xb6, 0x01, 0x10, 0x0c, 0x80, 0x34, 0x00,
    0x00, 0x00, 0x00, 0x00, 0x48, 0x41, 0x53, 0x48, 0x14, 0x00, 0x00, 0x00,
    0x00, 0x00, 0x00, 0x00, 0xb3, 0x87, 0x1a, 0xb7, 0x5a, 0x2b, 0x32, 0x7b,
    0x43, 0x2b, 0xd9, 0xdd, 0x47, 0x49, 0x87, 0x3f, 0x44, 0x58, 0x49, 0x4c,
    0x1c, 0x0f, 0x00, 0x00, 0x60, 0x00, 0x00, 0x00, 0xc7, 0x03, 0x00, 0x00,
    0x44, 0x58, 0x49, 0x4c, 0x00, 0x01, 0x00, 0x00, 0x10, 0x00, 0x00, 0x00,
    0x04, 0x0f, 0x00, 0x00, 0x42, 0x43, 0xc0, 0xde, 0x21, 0x0c, 0x00, 0x00,
    0xbe, 0x03, 0x00, 0x00, 0x0b, 0x82, 0x20, 0x00, 0x02, 0x00, 0x00, 0x00,
    0x13, 0x00, 0x00, 0x00, 0x07, 0x81, 0x23, 0x91, 0x41, 0xc8, 0x04, 0x49,
    0x06, 0x10, 0x32, 0x39, 0x92, 0x01, 0x84, 0x0c, 0x25, 0x05, 0x08, 0x19,
    0x1e, 0x04, 0x8b, 0x62, 0x80, 0x14, 0x45, 0x02, 0x42, 0x92, 0x0b, 0x42,
    0xa4, 0x10, 0x32, 0x14, 0x38, 0x08, 0x18, 0x4b, 0x0a, 0x32, 0x52, 0x88,
    0x48, 0x90, 0x14, 0x20, 0x43, 0x46, 0x88, 0xa5, 0x00, 0x19, 0x32, 0x42,
    0xe4, 0x48, 0x0e, 0x90, 0x91, 0x22, 0xc4, 0x50, 0x41, 0x51, 0x81, 0x8c,
    0xe1, 0x83, 0xe5, 0x8a, 0x04, 0x29, 0x46, 0x06, 0x51, 0x18, 0x00, 0x00,
    0x08, 0x00, 0x00, 0x00, 0x1b, 0x8c, 0xe0, 0xff, 0xff, 0xff, 0xff, 0x07,
    0x40, 0x02, 0xa8, 0x0d, 0x84, 0xf0, 0xff, 0xff, 0xff, 0xff, 0x03, 0x20,
    0x6d, 0x30, 0x86, 0xff, 0xff, 0xff, 0xff, 0x1f, 0x00, 0x09, 0xa8, 0x00,
    0x49, 0x18, 0x00, 0x00, 0x03, 0x00, 0x00, 0x00, 0x13, 0x82, 0x60, 0x42,
    0x20, 0x4c, 0x08, 0x06, 0x00, 0x00, 0x00, 0x00, 0x89, 0x20, 0x00, 0x00,
    0x40, 0x00, 0x00, 0x00, 0x32, 0x22, 0x48, 0x09, 0x20, 0x64, 0x85, 0x04,
    0x93, 0x22, 0xa4, 0x84, 0x04, 0x93, 0x22, 0xe3, 0x84, 0xa1, 0x90, 0x14,
    0x12, 0x4c, 0x8a, 0x8c, 0x0b, 0x84, 0xa4, 0x4c, 0x10, 0x6c, 0x23, 0x00,
    0x25, 0x00, 0x14, 0x66, 0x00, 0xe6, 0x08, 0xc0, 0x60, 0x8e, 0x00, 0x29,
    0xc6, 0x20, 0x84, 0x14, 0x42, 0xa6, 0x18, 0x80, 0x10, 0x52, 0x06, 0xa1,
    0x32, 0x0c, 0x32, 0x48, 0xdd, 0x34, 0x5c, 0xfe, 0x84, 0x3d, 0x84, 0xe4,
    0xaf, 0x84, 0xb4, 0x12, 0x93, 0x5f, 0xdc, 0x36, 0x2a, 0xc6, 0x18, 0x83,
    0x50, 0xb9, 0x67, 0xb8, 0xfc, 0x09, 0x7b, 0x08, 0xc9, 0x0f, 0x81, 0x66,
    0x58, 0x08, 0x14, 0xb4, 0xa2, 0x30, 0xe2, 0x08, 0x21, 0x84, 0x10, 0x42,
    0x6f, 0x8e, 0x20, 0x28, 0x86, 0x23, 0x85, 0x90, 0x48, 0x72, 0x20, 0x60,
    0x18, 0x81, 0x18, 0x66, 0x6a, 0x83, 0x71, 0x60, 0x87, 0x70, 0x98, 0x87,
    0x79, 0x70, 0x03, 0x5a, 0x28, 0x07, 0x7c, 0xa0, 0x87, 0x7a, 0x90, 0x87,
    0x72, 0x90, 0x03, 0x52, 0xe0, 0x03, 0x7b, 0x28, 0x87, 0x71, 0xa0, 0x87,
    0x77, 0x90, 0x07, 0x3e, 0x30, 0x07, 0x76, 0x78, 0x87, 0x70, 0xa0, 0x07,
    0x36, 0x00, 0x03, 0x3a, 0xf0, 0x03, 0x30, 0xf0, 0x03, 0x3d, 0xd0, 0x83,
    0x76, 0x48, 0x07, 0x78, 0x98, 0x87, 0x5f, 0xa0, 0x87, 0x7c, 0x80, 0x87,
    0x72, 0x40, 0x01, 0x99, 0x49, 0x0c, 0xc6, 0x81, 0x1d, 0xc2, 0x61, 0x1e,
    0xe6, 0xc1, 0x0d, 0x68, 0xa1, 0x1c, 0xf0, 0x81, 0x1e, 0xea, 0x41, 0x1e,
    0xca, 0x41, 0x0e, 0x48, 0x81, 0x0f, 0xec, 0xa1, 0x1c, 0xc6, 0x81, 0x1e,
    0xde, 0x41, 0x1e, 0xf8, 0xc0, 0x1c, 0xd8, 0xe1, 0x1d, 0xc2, 0x81, 0x1e,
    0xd8, 0x00, 0x0c, 0xe8, 0xc0, 0x0f, 0xc0, 0xc0, 0x0f, 0x90, 0x50, 0x2d,
    0xdd, 0x44, 0x20, 0x53, 0x00, 0x00, 0x00, 0x00, 0x13, 0x14, 0x72, 0xc0,
    0x87, 0x74, 0x60, 0x87, 0x36, 0x68, 0x87, 0x79, 0x68, 0x03, 0x72, 0xc0,
    0x87, 0x0d, 0xaf, 0x50, 0x0e, 0x6d, 0xd0, 0x0e, 0x7a, 0x50, 0x0e, 0x6d,
    0x00, 0x0f, 0x7a, 0x30, 0x07, 0x72, 0xa0, 0x07, 0x73, 0x20, 0x07, 0x6d,
    0x90, 0x0e, 0x71, 0xa0, 0x07, 0x73, 0x20, 0x07, 0x6d, 0x90, 0x0e, 0x78,
    0xa0, 0x07, 0x73, 0x20, 0x07, 0x6d, 0x90, 0x0e, 0x71, 0x60, 0x07, 0x7a,
    0x30, 0x07, 0x72, 0xd0, 0x06, 0xe9, 0x30, 0x07, 0x72, 0xa0, 0x07, 0x73,
    0x20, 0x07, 0x6d, 0x90, 0x0e, 0x76, 0x40, 0x07, 0x7a, 0x60, 0x07, 0x74,
    0xd0, 0x06, 0xe6, 0x10, 0x07, 0x76, 0xa0, 0x07, 0x73, 0x20, 0x07, 0x6d,
    0x60, 0x0e, 0x73, 0x20, 0x07, 0x7a, 0x30, 0x07, 0x72, 0xd0, 0x06, 0xe6,
    0x60, 0x07, 0x74, 0xa0, 0x07, 0x76, 0x40, 0x07, 0x6d, 0xe0, 0x0e, 0x78,
    0xa0, 0x07, 0x71, 0x60, 0x07, 0x7a, 0x30, 0x07, 0x72, 0xa0, 0x07, 0x76,
    0x40, 0x07, 0x43, 0x9e, 0x00, 0x00, 0x00, 0x00, 0x00, 0x00, 0x00, 0x00,
    0x00, 0x00, 0x00, 0x86, 0x3c, 0x06, 0x10, 0x00, 0x01, 0x00, 0x00, 0x00,
    0x00, 0x00, 0x00, 0x00, 0x0c, 0x79, 0x10, 0x20, 0x00, 0x04, 0x00, 0x00,
    0x00, 0x00, 0x00, 0x00, 0x00, 0x18, 0xf2, 0x28, 0x40, 0x00, 0x04, 0x00,
    0x00, 0x00, 0x00, 0x00, 0x00, 0x00, 0x30, 0xe4, 0x79, 0x80, 0x00, 0x18,
    0x00, 0x00, 0x00, 0x00, 0x00, 0x00, 0x00, 0x60, 0xc8, 0x23, 0x01, 0x01,
    0x30, 0x00, 0x00, 0x00, 0x00, 0x00, 0x00, 0x00, 0x40, 0x16, 0x08, 0x00,
    0x0d, 0x00, 0x00, 0x00, 0x32, 0x1e, 0x98, 0x14, 0x19, 0x11, 0x4c, 0x90,
    0x8c, 0x09, 0x26, 0x47, 0xc6, 0x04, 0x43, 0x22, 0x25, 0x30, 0x02, 0x50,
    0x12, 0xc5, 0x50, 0x04, 0x65, 0x50, 0x1e, 0x54, 0x4a, 0x62, 0x04, 0xa0,
    0x08, 0x0a, 0xa1, 0x40, 0x08, 0xcf, 0x00, 0x50, 0x1e, 0x0b, 0x31, 0x08,
    0x00, 0x00, 0x80, 0xe7, 0x01, 0x00, 0x00, 0x00, 0x79, 0x18, 0x00, 0x00,
    0x55, 0x00, 0x00, 0x00, 0x1a, 0x03, 0x4c, 0x90, 0x46, 0x02, 0x13, 0x44,
    0x34, 0x20, 0xc3, 0x1b, 0x43, 0x81, 0x93, 0x4b, 0xb3, 0x0b, 0xa3, 0x2b,
    0x4b, 0x01, 0x89, 0x71, 0xc9, 0x71, 0x81, 0x71, 0x81, 0x01, 0x41, 0x81,
    0x93, 0x4b, 0xb3, 0x0b, 0xa3, 0x2b, 0x63, 0x01, 0x81, 0x81, 0x81, 0x81,
    0x81, 0x81, 0x81, 0x81, 0x49, 0xd9, 0x10, 0x04, 0x13, 0x04, 0xc2, 0x98,
    0x20, 0x10, 0xc7, 0x06, 0x61, 0x20, 0x26, 0x08, 0x04, 0xb2, 0x41, 0x18,
    0x0c, 0x0a, 0x70, 0x73, 0x13, 0x04, 0x22, 0xd9, 0x30, 0x20, 0x09, 0x31,
    0x41, 0xc0, 0x24, 0x02, 0x13, 0x04, 0x42, 0xd9, 0x20, 0x10, 0xc6, 0x86,
    0x84, 0x58, 0x98, 0x86, 0x18, 0x1a, 0xc2, 0xd9, 0x10, 0x3c, 0x1b, 0x08,
    0x08, 0x00, 0x80, 0x09, 0x42, 0x36, 0x6d, 0x08, 0xa4, 0x09, 0x82, 0x00,
    0x90, 0x68, 0x0b, 0x4b, 0x73, 0x23, 0x42, 0x55, 0x84, 0x35, 0xf4, 0xf4,
    0x24, 0x45, 0x34, 0x41, 0x28, 0x9a, 0x09, 0x42, 0xe1, 0x6c, 0x08, 0x88,
    0x09, 0x42, 0xf1, 0x4c, 0x10, 0x0a, 0x68, 0xc3, 0x42, 0x58, 0x17, 0x96,
    0x69, 0xc3, 0x46, 0x60, 0xc0, 0x86, 0x60, 0x98, 0x20, 0x10, 0xcb, 0x06,
    0xc1, 0xf3, 0x36, 0x2c, 0x83, 0x75, 0x61, 0x9d, 0x36, 0x68, 0x03, 0xf6,
    0x6d, 0x10, 0x38, 0x30, 0x60, 0x32, 0x65, 0xf5, 0x45, 0x15, 0x26, 0x77,
    0x56, 0x46, 0x37, 0x41, 0x28, 0xa2, 0x09, 0x02, 0xc1, 0x6c, 0x10, 0x3c,
    0x32, 0xd8, 0xb0, 0x10, 0x62, 0x70, 0x8d, 0x41, 0x86, 0x0d, 0x1b, 0x81,
    0x95, 0xc1, 0x86, 0xc0, 0x0c, 0x36, 0x0c, 0x61, 0x70, 0x06, 0xc0, 0x86,
    0x82, 0xaa, 0xd0, 0x20, 0x02, 0xaa, 0xb0, 0xb1, 0xd9, 0xb5, 0xb9, 0xa4,
    0x91, 0x95, 0xb9, 0xd1, 0x4d, 0x09, 0x82, 0x2a, 0x64, 0x78, 0x2e, 0x76,
    0x65, 0x72, 0x73, 0x69, 0x6f, 0x6e, 0x53, 0x02, 0xa2, 0x09, 0x19, 0x9e,
    0x8b, 0x5d, 0x18, 0x9b, 0x5d, 0x99, 0xdc, 0x94, 0xc0, 0xa8, 0x43, 0x86,
    0xe7, 0x32, 0x87, 0x16, 0x46, 0x56, 0x26, 0xd7, 0xf4, 0x46, 0x56, 0xc6,
    0x36, 0x25, 0x48, 0xca, 0x90, 0xe1, 0xb9, 0xc8, 0x95, 0xcd, 0xbd, 0xd5,
    0xc9, 0x8d, 0x95, 0xcd, 0x4d, 0x09, 0xa0, 0x3a, 0x64, 0x78, 0x2e, 0x76,
    0x69, 0x65, 0x77, 0x49, 0x64, 0x53, 0x74, 0x61, 0x74, 0x65, 0x53, 0x02,
    0xa9, 0x0e, 0x19, 0x9e, 0x4b, 0x99, 0x1b, 0x9d, 0x5c, 0x1e, 0xd4, 0x5b,
    0x9a, 0x1b, 0xdd, 0xdc, 0x94, 0x00, 0x0d, 0x00, 0x79, 0x18, 0x00, 0x00,
    0x51, 0x00, 0x00, 0x00, 0x33, 0x08, 0x80, 0x1c, 0xc4, 0xe1, 0x1c, 0x66,
    0x14, 0x01, 0x3d, 0x88, 0x43, 0x38, 0x84, 0xc3, 0x8c, 0x42, 0x80, 0x07,
    0x79, 0x78, 0x07, 0x73, 0x98, 0x71, 0x0c, 0xe6, 0x00, 0x0f, 0xed, 0x10,
    0x0e, 0xf4, 0x80, 0x0e, 0x33, 0x0c, 0x42, 0x1e, 0xc2, 0xc1, 0x1d, 0xce,
    0xa1, 0x1c, 0x66, 0x30, 0x05, 0x3d, 0x88, 0x43, 0x38, 0x84, 0x83, 0x1b,
    0xcc, 0x03, 0x3d, 0xc8, 0x43, 0x3d, 0x8c, 0x03, 0x3d, 0xcc, 0x78, 0x8c,
    0x74, 0x70, 0x07, 0x7b, 0x08, 0x07, 0x79, 0x48, 0x87, 0x70, 0x70, 0x07,
    0x7a, 0x70, 0x03, 0x76, 0x78, 0x87, 0x70, 0x20, 0x87, 0x19, 0xcc, 0x11,
    0x0e, 0xec, 0x90, 0x0e, 0xe1, 0x30, 0x0f, 0x6e, 0x30, 0x0f, 0xe3, 0xf0,
    0x0e, 0xf0, 0x50, 0x0e, 0x33, 0x10, 0xc4, 0x1d, 0xde, 0x21, 0x1c, 0xd8,
    0x21, 0x1d, 0xc2, 0x61, 0x1e, 0x66, 0x30, 0x89, 0x3b, 0xbc, 0x83, 0x3b,
    0xd0, 0x43, 0x39, 0xb4, 0x03, 0x3c, 0xbc, 0x83, 0x3c, 0x84, 0x03, 0x3b,
    0xcc, 0xf0, 0x14, 0x76, 0x60, 0x07, 0x7b, 0x68, 0x07, 0x37, 0x68, 0x87,
    0x72, 0x68, 0x07, 0x37, 0x80, 0x87, 0x70, 0x90, 0x87, 0x70, 0x60, 0x07,
    0x76, 0x28, 0x07, 0x76, 0xf8, 0x05, 0x76, 0x78, 0x87, 0x77, 0x80, 0x87,
    0x5f, 0x08, 0x87, 0x71, 0x18, 0x87, 0x72, 0x98, 0x87, 0x79, 0x98, 0x81,
    0x2c, 0xee, 0xf0, 0x0e, 0xee, 0xe0, 0x0e, 0xf5, 0xc0, 0x0e, 0xec, 0x30,
    0x03, 0x62, 0xc8, 0xa1, 0x1c, 0xe4, 0xa1, 0x1c, 0xcc, 0xa1, 0x1c, 0xe4,
    0xa1, 0x1c, 0xdc, 0x61, 0x1c, 0xca, 0x21, 0x1c, 0xc4, 0x81, 0x1d, 0xca,
    0x61, 0x06, 0xd6, 0x90, 0x43, 0x39, 0xc8, 0x43, 0x39, 0x98, 0x43, 0x39,
    0xc8, 0x43, 0x39, 0xb8, 0xc3, 0x38, 0x94, 0x43, 0x38, 0x88, 0x03, 0x3b,
    0x94, 0xc3, 0x2f, 0xbc, 0x83, 0x3c, 0xfc, 0x82, 0x3b, 0xd4, 0x03, 0x3b,
    0xb0, 0xc3, 0x0c, 0xc4, 0x21, 0x07, 0x7c, 0x70, 0x03, 0x7a, 0x28, 0x87,
    0x76, 0x80, 0x87, 0x19, 0xd1, 0x43, 0x0e, 0xf8, 0xe0, 0x06, 0xe4, 0x20,
    0x0e, 0xe7, 0xe0, 0x06, 0xf6, 0x10, 0x0e, 0xf2, 0xc0, 0x0e, 0xe1, 0x90,
    0x0f, 0xef, 0x50, 0x0f, 0xf4, 0x30, 0x83, 0x81, 0xc8, 0x01, 0x1f, 0xdc,
    0x40, 0x1c, 0xe4, 0xa1, 0x1c, 0xc2, 0x61, 0x1d, 0xdc, 0x40, 0x1c, 0xe4,
    0x01, 0x00, 0x00, 0x00, 0x71, 0x20, 0x00, 0x00, 0x16, 0x00, 0x00, 0x00,
    0x56, 0x20, 0x0d, 0x97, 0xef, 0x3c, 0xbe, 0x10, 0x11, 0xc0, 0x44, 0x84,
    0x40, 0x33, 0x2c, 0x84, 0x05, 0x4c, 0xc3, 0xe5, 0x3b, 0x8f, 0xbf, 0x38,
    0xc0, 0x20, 0x36, 0x0f, 0x35, 0xf9, 0xc5, 0x6d, 0x9b, 0x40, 0x35, 0x5c,
    0xbe, 0xf3, 0xf8, 0xd2, 0xe4, 0x44, 0x04, 0x4a, 0x4d, 0x0f, 0x35, 0xf9,
    0xc5, 0x6d, 0x1b, 0x41, 0x35, 0x5c, 0xbe, 0xf3, 0xf8, 0x13, 0x71, 0x4d,
    0x54, 0x44, 0x94, 0x0e, 0x30, 0xf8, 0xc5, 0x6d, 0xdb, 0xc0, 0x33, 0x5c,
    0xbe, 0xf3, 0xf8, 0x54, 0x03, 0x44, 0x98, 0x5f, 0xdc, 0xb6, 0x01, 0x10,
    0x0c, 0x80, 0x34, 0x00, 0x61, 0x20, 0x00, 0x00, 0x4d, 0x02, 0x00, 0x00,
    0x13, 0x04, 0x4e, 0x2c, 0x10, 0x00, 0x00, 0x00, 0x1c, 0x00, 0x00, 0x00,
    0x14, 0x47, 0x00, 0x6a, 0x80, 0x4a, 0x19, 0x10, 0x99, 0x01, 0x28, 0x9a,
    0x82, 0x28, 0x90, 0x22, 0x0c, 0x28, 0x98, 0xf2, 0x1f, 0x28, 0x84, 0x72,
    0x28, 0x85, 0x02, 0x0c, 0x28, 0x91, 0xf2, 0xff, 0x0f, 0x28, 0x50, 0xac,
    0xf2, 0xff, 0x3f, 0x28, 0xb9, 0x02, 0x2e, 0xa8, 0xc0, 0x80, 0x42, 0x29,
    0xfc, 0x81, 0x22, 0x29, 0xfa, 0x81, 0x32, 0x29, 0xfb, 0x81, 0x82, 0x1f,
    0x28, 0x95, 0xd2, 0x1f, 0x28, 0x40, 0x40, 0x84, 0x92, 0x1f, 0x28, 0x40,
    0x40, 0x81, 0x02, 0x04, 0x24, 0x28, 0xf0, 0xff, 0x80, 0x02, 0xc5, 0x16,
    0x28, 0xf0, 0x80, 0x02, 0x1f, 0xa0, 0x52, 0x02, 0x34, 0x46, 0x00, 0xc6,
    0x08, 0x42, 0x12, 0x0c, 0xf1, 0x6e, 0x8c, 0x00, 0x04, 0x41, 0xff, 0x0e,
    0x03, 0x00, 0x00, 0x00, 0x23, 0x06, 0x09, 0x00, 0x82, 0x60, 0x20, 0xe5,
    0x01, 0x06, 0x07, 0x77, 0x70, 0x07, 0x6a, 0x30, 0x62, 0x90, 0x00, 0x20,
    0x08, 0x06, 0x86, 0x1f, 0x84, 0x41, 0x1e, 0xe0, 0x41, 0x1c, 0xa0, 0xc1,
    0x88, 0x41, 0x02, 0x80, 0x20, 0x18, 0x18, 0x7f, 0x20, 0x06, 0x7a, 0x90,
    0x07, 0x46, 0x1a, 0x8c, 0x18, 0x34, 0x00, 0x08, 0x82, 0xc1, 0xd3, 0x07,
    0x66, 0x30, 0xe8, 0xc1, 0x1e, 0xe8, 0x81, 0x1a, 0xa8, 0x81, 0x1a, 0xa8,
    0xc1, 0x68, 0x42, 0x00, 0x8c, 0x26, 0x08, 0xc1, 0x68, 0xc2, 0x20, 0x8c,
    0x26, 0x10, 0x83, 0x11, 0x89, 0x7c, 0x8c, 0x50, 0xe4, 0x63, 0xc4, 0x22,
    0x1f, 0x23, 0x18, 0xf9, 0x8c, 0x18, 0x18, 0x00, 0x08, 0x82, 0x81, 0x72,
    0x0a, 0x72, 0x40, 0x8c, 0x18, 0x18, 0x00, 0x08, 0x82, 0x81, 0x82, 0x0a,
    0x73, 0x40, 0x8c, 0x18, 0x18, 0x00, 0x08, 0x82, 0x81, 0x92, 0x0a, 0x74,
    0x40, 0x8c, 0x18, 0x18, 0x00, 0x08, 0x82, 0x81, 0xa2, 0x0a, 0x75, 0x40,
    0x1c, 0x41, 0xe6, 0x08, 0x32, 0x47, 0x90, 0x39, 0x82, 0x4c, 0x0d, 0x79,
    0x70, 0x15, 0x14, 0x5b, 0x84, 0x1e, 0x5c, 0x09, 0xc1, 0x56, 0xa1, 0x07,
    0x57, 0x42, 0xb0, 0x23, 0x06, 0x0d, 0x00, 0x82, 0x60, 0xf0, 0xd0, 0x42,
    0x1f, 0x68, 0xb1, 0x10, 0x0b, 0xb1, 0x10, 0x0a, 0xa1, 0x10, 0x0a, 0xa1,
    0x30, 0x9a, 0x10, 0x00, 0xa3, 0x09, 0x42, 0x30, 0x9a, 0x30, 0x08, 0xa3,
    0x09, 0xc4, 0x60, 0x04, 0x18, 0xc8, 0xc7, 0x88, 0x30, 0x90, 0x8f, 0x11,
    0x62, 0x20, 0x1f, 0x23, 0xc6, 0x40, 0x3e, 0x23, 0x06, 0x06, 0x00, 0x82,
    0x60, 0xa0, 0xf8, 0x42, 0x2a, 0x10, 0x23, 0x06, 0x06, 0x00, 0x82, 0x60,
    0xa0, 0xfc, 0x82, 0x2a, 0x10, 0x23, 0x06, 0x06, 0x00, 0x82, 0x60, 0xa0,
    0x80, 0xc3, 0x2a, 0x10, 0x23, 0x06, 0x06, 0x00, 0x82, 0x60, 0xa0, 0x84,
    0x03, 0x2b, 0x10, 0x47, 0x90, 0x39, 0x82, 0xcc, 0x11, 0x64, 0x8e, 0x20,
    0x53, 0x03, 0x2c, 0x5c, 0x05, 0xc5, 0x16, 0x11, 0x0b, 0x57, 0x42, 0xb0,
    0x55, 0xc4, 0xc2, 0x95, 0x10, 0xec, 0x05, 0xa3, 0x2a, 0x3b, 0x07, 0xb9,
    0x60, 0x94, 0x0d, 0x73, 0x20, 0x1f, 0x13, 0xe6, 0x40, 0x3e, 0x27, 0x90,
    0x39, 0x81, 0x4c, 0x05, 0xdf, 0x54, 0xc0, 0x0e, 0x53, 0x42, 0x3b, 0x54,
    0x09, 0xb2, 0x20, 0x55, 0x8c, 0x41, 0x55, 0x20, 0x40, 0x05, 0xf1, 0x70,
    0x15, 0x8c, 0x03, 0x0c, 0x37, 0x28, 0xbd, 0x40, 0x06, 0xb3, 0x0c, 0x42,
    0x10, 0x8c, 0x18, 0x34, 0x00, 0x08, 0x82, 0xc1, 0xb3, 0x0f, 0xe4, 0x10,
    0x0a, 0xf8, 0x50, 0x0f, 0xf8, 0x80, 0x0e, 0xe8, 0x80, 0x0e, 0xe8, 0x30,
    0x9a, 0x10, 0x00, 0xa3, 0x09, 0x42, 0x30, 0x9a, 0x30, 0x08, 0xa3, 0x09,
    0xc4, 0x60, 0xc4, 0x29, 0xc8, 0xc7, 0x08, 0x54, 0x90, 0x8f, 0x11, 0xa9,
    0x20, 0x1f, 0x23, 0x54, 0x41, 0x3e, 0x23, 0x06, 0x06, 0x00, 0x82, 0x60,
    0xa0, 0x94, 0x04, 0x3c, 0x10, 0x23, 0x06, 0x06, 0x00, 0x82, 0x60, 0xa0,
    0x98, 0x44, 0x3c, 0x10, 0x23, 0x06, 0x06, 0x00, 0x82, 0x60, 0xa0, 0x9c,
    0x84, 0x3c, 0x10, 0x23, 0x06, 0x06, 0x00, 0x82, 0x60, 0xa0, 0xa0, 0xc4,
    0x3c, 0x10, 0x47, 0x90, 0x39, 0x82, 0xcc, 0x11, 0x64, 0x8e, 0x20, 0x53,
    0xc3, 0x3d, 0x5c, 0x05, 0xc5, 0x16, 0x81, 0x0f, 0x57, 0x42, 0xb0, 0x55,
    0xe0, 0xc3, 0x95, 0x10, 0x6c, 0x05, 0xf5, 0x00, 0xc3, 0x0d, 0x63, 0x10,
    0x8c, 0xc1, 0x2c, 0x81, 0x30, 0x50, 0x11, 0x09, 0x81, 0x89, 0x00, 0xb3,
    0x0c, 0xcd, 0x10, 0x54, 0x19, 0xc4, 0x03, 0x0c, 0x37, 0x88, 0xc1, 0x4c,
    0x80, 0xc1, 0x2c, 0x03, 0x51, 0x04, 0xf5, 0xc9, 0x03, 0x54, 0x20, 0x0f,
    0x5a, 0x02, 0x49, 0xe0, 0x88, 0x41, 0x03, 0x80, 0x20, 0x18, 0x3c, 0x3a,
    0x31, 0x12, 0xe0, 0x70, 0x13, 0x42, 0x70, 0x12, 0x27, 0x71, 0x12, 0x27,
    0x31, 0x9a, 0x10, 0x00, 0xa3, 0x09, 0x42, 0x30, 0x9a, 0x30, 0x08, 0xa3,
    0x09, 0xc4, 0x60, 0x84, 0x39, 0xc8, 0xc7, 0x88, 0x73, 0x90, 0x8f, 0x11,
    0xe8, 0x20, 0x1f, 0x23, 0xd2, 0x41, 0x3e, 0x23, 0x06, 0x06, 0x00, 0x82,
    0x60, 0xa0, 0x90, 0xc5, 0x4b, 0x10, 0x23, 0x06, 0x06, 0x00, 0x82, 0x60,
    0xa0, 0x94, 0x05, 0x4c, 0x10, 0x23, 0x06, 0x06, 0x00, 0x82, 0x60, 0xa0,
    0x98, 0x45, 0x4c, 0x10, 0x23, 0x06, 0x06, 0x00, 0x82, 0x60, 0xa0, 0x9c,
    0x85, 0x4c, 0x10, 0x47, 0x90, 0x39, 0x82, 0xcc, 0x11, 0x64, 0x8e, 0x20,
    0x53, 0x83, 0x4d, 0x5c, 0x05, 0xc5, 0x16, 0x71, 0x13, 0x57, 0x42, 0xb0,
    0x55, 0xdc, 0xc4, 0x95, 0x10, 0x6c, 0x0d, 0x3b, 0x81, 0x15, 0xe4, 0x84,
    0x5e, 0x30, 0xaa, 0x90, 0x9f, 0xc0, 0x0a, 0x78, 0x42, 0x2f, 0x18, 0x55,
    0x90, 0x4f, 0xe8, 0x05, 0xa3, 0x2a, 0x09, 0x0b, 0xbc, 0x60, 0x94, 0x21,
    0x23, 0x21, 0x1f, 0x33, 0x48, 0x42, 0x3e, 0x56, 0x94, 0x84, 0x7c, 0x8c,
    0x30, 0x09, 0xf9, 0xcc, 0x12, 0x14, 0x03, 0x15, 0x03, 0x42, 0xc0, 0xc8,
    0x30, 0x50, 0x31, 0x20, 0x84, 0x8c, 0x0c, 0x03, 0x15, 0x03, 0x42, 0xd0,
    0xc8, 0x30, 0x50, 0x31, 0x20, 0x84, 0x8d, 0x0c, 0xb5, 0x0a, 0x3c, 0x01,
    0x15, 0xf0, 0x84, 0x96, 0x00, 0x17, 0x38, 0x62, 0xd0, 0x00, 0x20, 0x08,
    0x06, 0x8f, 0x69, 0xbc, 0x05, 0x4b, 0x8c, 0x86, 0x10, 0xcc, 0xc5, 0x5c,
    0xcc, 0xc5, 0x5c, 0x8c, 0x26, 0x04, 0xc0, 0x68, 0x82, 0x10, 0x8c, 0x26,
    0x0c, 0xc2, 0x68, 0x02, 0x31, 0x18, 0x21, 0x13, 0xf2, 0x31, 0x62, 0x26,
    0xe4, 0x63, 0x04, 0x4d, 0xc8, 0xc7, 0x88, 0x9a, 0x90, 0xcf, 0x88, 0x81,
    0x01, 0x80, 0x20, 0x18, 0x28, 0xb0, 0xb1, 0x17, 0xc4, 0x88, 0x81, 0x01,
    0x80, 0x20, 0x18, 0x28, 0xb1, 0xc1, 0x17, 0xc4, 0x88, 0x81, 0x01, 0x80,
    0x20, 0x18, 0x28, 0xb2, 0xd1, 0x17, 0xc4, 0x88, 0x81, 0x01, 0x80, 0x20,
    0x18, 0x28, 0xb3, 0xe1, 0x17, 0xc4, 0x11, 0x64, 0x8e, 0x20, 0x73, 0x04,
    0x99, 0x23, 0xc8, 0xd4, 0x20, 0x1a, 0x57, 0x41, 0xb1, 0x45, 0x8c, 0xc6,
    0x95, 0x10, 0x6c, 0x15, 0xa3, 0x71, 0x25, 0x04, 0x3b, 0xdc, 0x80, 0x0a,
    0x01, 0x19, 0xcc, 0x32, 0x1c, 0x46, 0x50, 0xe6, 0x50, 0x17, 0x50, 0x41,
    0x5d, 0x68, 0x09, 0xab, 0x81, 0x23, 0x06, 0x0d, 0x00, 0x82, 0x60, 0xf0,
    0x84, 0x87, 0x6a, 0x9c, 0x85, 0x6f, 0x08, 0x81, 0x6b, 0xb8, 0x86, 0x6b,
    0xb8, 0xc6, 0x68, 0x42, 0x00, 0x8c, 0x26, 0x08, 0xc1, 0x68, 0xc2, 0x20,
    0x8c, 0x26, 0x10, 0x83, 0x11, 0x6d, 0x21, 0x1f, 0x23, 0xdc, 0x42, 0x3e,
    0x46, 0xbc, 0x85, 0x7c, 0x8c, 0x80, 0x0b, 0xf9, 0x8c, 0x18, 0x18, 0x00,
    0x08, 0x82, 0x81, 0xb2, 0x1e, 0xb6, 0x41, 0x8c, 0x18, 0x18, 0x00, 0x08,
    0x82, 0x81, 0xc2, 0x1e, 0xb7, 0x41, 0x8c, 0x18, 0x18, 0x00, 0x08, 0x82,
    0x81, 0xd2, 0x1e, 0xb8, 0x41, 0x8c, 0x18, 0x18, 0x00, 0x08, 0x82, 0x81,
    0xe2, 0x1e, 0xb9, 0x41, 0x1c, 0x41, 0xe6, 0x08, 0x32, 0x47, 0x90, 0x39,
    0x82, 0x4c, 0x0d, 0xbd, 0x71, 0x15, 0x14, 0x5b, 0x84, 0x6f, 0x5c, 0x09,
    0xc1, 0x56, 0xe1, 0x1b, 0x57, 0x42, 0xb0, 0xc3, 0x0d, 0xe3, 0x10, 0x8c,
    0xc1, 0x2c, 0xc1, 0x31, 0x50, 0x11, 0x09, 0x06, 0xec, 0x14, 0xb3, 0x0c,
    0x0d, 0x12, 0x54, 0x48, 0xbc, 0x86, 0x96, 0x48, 0x98, 0x07, 0x8e, 0x18,
    0x34, 0x00, 0x08, 0x82, 0xc1, 0xc3, 0x1f, 0xe5, 0x21, 0x1a, 0xf9, 0x21,
    0x04, 0xe9, 0x91, 0x1e, 0xe9, 0x91, 0x1e, 0xa3, 0x09, 0x01, 0x30, 0x9a,
    0x20, 0x04, 0xa3, 0x09, 0x83, 0x30, 0x9a, 0x40, 0x0c, 0x46, 0xa0, 0x86,
    0x7c, 0x8c, 0x48, 0x0d, 0xf9, 0x18, 0xa1, 0x1a, 0xf2, 0x31, 0x62, 0x35,
    0xe4, 0x33, 0x62, 0x60, 0x00, 0x20, 0x08, 0x06, 0x8a, 0x89, 0xc4, 0x07,
    0x31, 0x62, 0x60, 0x00, 0x20, 0x08, 0x06, 0xca, 0x89, 0xc8, 0x07, 0x31,
    0x62, 0x60, 0x00, 0x20, 0x08, 0x06, 0x0a, 0x8a, 0xcc, 0x07, 0x31, 0x62,
    0x60, 0x00, 0x20, 0x08, 0x06, 0x4a, 0x8a, 0xd0, 0x07, 0x71, 0x04, 0x99,
    0x23, 0xc8, 0x1c, 0x41, 0xe6, 0x08, 0x32, 0x35, 0xe0, 0xc7, 0x55, 0x50,
    0x6c, 0x11, 0xf9, 0x71, 0x25, 0x04, 0x5b, 0x45, 0x7e, 0x5c, 0x09, 0xc1,
    0x56, 0xe0, 0x0f, 0x50, 0x3c, 0x81, 0x1e, 0x50, 0x01, 0x7a, 0x68, 0x09,
    0x21, 0x82, 0x23, 0x06, 0x0d, 0x00, 0x82, 0x60, 0xf0, 0xdc, 0x08, 0x88,
    0xf4, 0x06, 0x8d, 0x08, 0x01, 0x89, 0x90, 0x08, 0x89, 0x90, 0xc8, 0x68,
    0x42, 0x00, 0x8c, 0x26, 0x08, 0xc1, 0x68, 0xc2, 0x20, 0x8c, 0x26, 0x10,
    0x83, 0x11, 0xe3, 0x21, 0x1f, 0x23, 0xc8, 0x43, 0x3e, 0x46, 0x94, 0x87,
    0x7c, 0x8c, 0x30, 0x0f, 0xf9, 0x8c, 0x18, 0x18, 0x00, 0x08, 0x82, 0x81,
    0x12, 0x26, 0x2c, 0x42, 0x8c, 0x18, 0x18, 0x00, 0x08, 0x82, 0x81, 0x22,
    0x26, 0x2d, 0x42, 0x8c, 0x18, 0x18, 0x00, 0x08, 0x82, 0x81, 0x32, 0x26,
    0x2e, 0x42, 0x8c, 0x18, 0x18, 0x00, 0x08, 0x82, 0x81, 0x42, 0x26, 0x2f,
    0x42, 0x1c, 0x41, 0xe6, 0x08, 0x32, 0x47, 0x90, 0x39, 0x82, 0x4c, 0x0d,
    0x33, 0x72, 0x15, 0x14, 0x5b, 0x04, 0x8d, 0x5c, 0x09, 0xc1, 0x56, 0x41,
    0x23, 0x57, 0x42, 0xb0, 0xb5, 0x9d, 0x09, 0x96, 0x10, 0x40, 0x05, 0x37,
    0xa2, 0x25, 0xf0, 0x08, 0x8e, 0x18, 0x34, 0x00, 0x08, 0x82, 0xc1, 0x23,
    0x27, 0x3b, 0x82, 0x1f, 0x6f, 0x22, 0x04, 0x3f, 0xf2, 0x23, 0x3f, 0xf2,
    0x23, 0xa3, 0x09, 0x01, 0x30, 0x9a, 0x20, 0x04, 0xa3, 0x09, 0x83, 0x60,
    0x43, 0x7f, 0xc8, 0xc7, 0x06, 0xff, 0x90, 0x8f, 0x0d, 0xff, 0x21, 0x9f,
    0x11, 0x03, 0x03, 0x00, 0x41, 0x30, 0x50, 0xf4, 0xa4, 0x4c, 0x86, 0x11,
    0x03, 0x03, 0x00, 0x41, 0x30, 0x50, 0xf6, 0xc4, 0x4c, 0x86, 0x11, 0x03,
    0x03, 0x00, 0x41, 0x30, 0x50, 0xf8, 0xe4, 0x4c, 0x86, 0x1b, 0xc8, 0xdc,
    0x40, 0xe6, 0x06, 0x32, 0x25, 0xa8, 0xc9, 0x55, 0x40, 0x6c, 0x0d, 0x6b,
    0x72, 0x25, 0x04, 0x5b, 0x41, 0x8d, 0xe8, 0x70, 0x43, 0x10, 0x2a, 0x60,
    0x30, 0xcb, 0xa0, 0x24, 0x41, 0x0d, 0x67, 0x82, 0x15, 0xfc, 0x89, 0x0e,
    0x37, 0x04, 0xb3, 0x11, 0x06, 0xb3, 0x04, 0xca, 0x40, 0x45, 0x24, 0x24,
    0xee, 0x84, 0xcc, 0x32, 0x34, 0x4b, 0x50, 0x76, 0xe0, 0x26, 0x5a, 0xb2,
    0xc1, 0x26, 0x50, 0x01, 0x8f, 0x68, 0x09, 0x77, 0x82, 0x23, 0x06, 0x0d,
    0x00, 0x82, 0x60, 0xf0, 0xb4, 0x8a, 0x9d, 0xcc, 0x88, 0xaa, 0x08, 0x81,
    0x9e, 0xe8, 0x89, 0x9e, 0xe8, 0xc9, 0x68, 0x42, 0x00, 0x8c, 0x26, 0x08,
    0x81, 0x09, 0x37, 0x22, 0x1f, 0x13, 0x70, 0x44, 0x3e, 0x23, 0x06, 0x06,
    0x00, 0x82, 0x60, 0xa0, 0xcc, 0x8a, 0x9f, 0x08, 0x23, 0x06, 0x06, 0x00,
    0x82, 0x60, 0xa0, 0xd0, 0xca, 0x9f, 0x08, 0x27, 0x90, 0x39, 0x81, 0x4c,
    0x05, 0xa1, 0x72, 0x15, 0x0c, 0x5b, 0x18, 0x9a, 0xe8, 0x70, 0x43, 0x60,
    0x2b, 0x61, 0x50, 0xd1, 0x9f, 0xf0, 0x74, 0x43, 0x20, 0x09, 0xc5, 0xad,
    0x89, 0x0e, 0x37, 0x04, 0xba, 0x12, 0x06, 0x35, 0x2a, 0x47, 0x4c, 0x37,
    0x04, 0x88, 0x50, 0x60, 0x60, 0x2a, 0x57, 0xc1, 0x9b, 0x68, 0x0d, 0x01,
    0x54, 0x10, 0x2e, 0x58, 0x41, 0xa9, 0xa8, 0x05, 0xa5, 0x02, 0x03, 0x1b,
    0x60, 0x05, 0x02, 0x15, 0xb8, 0x8a, 0xd6, 0x30, 0x2b, 0x38, 0x62, 0xd0,
    0x00, 0x20, 0x08, 0x06, 0x4f, 0xba, 0xc8, 0xca, 0x9b, 0x98, 0x8b, 0x10,
    0xd8, 0x8a, 0xad, 0xd8, 0x8a, 0xad, 0x8c, 0x26, 0x04, 0xc0, 0x68, 0x82,
    0x10, 0x8c, 0x26, 0x0c, 0xc2, 0x68, 0x02, 0x31, 0x18, 0x51, 0x27, 0xf2,
    0x31, 0xc2, 0x4e, 0xe4, 0x63, 0xc4, 0x9d, 0xc8, 0xc7, 0x08, 0x3c, 0x91,
    0xcf, 0x88, 0x81, 0x01, 0x80, 0x20, 0x18, 0x28, 0xf3, 0xe2, 0x2b, 0xc4,
    0x88, 0x81, 0x01, 0x80, 0x20, 0x18, 0x28, 0xf4, 0xf2, 0x2b, 0xc4, 0x88,
    0x81, 0x01, 0x80, 0x20, 0x18, 0x28, 0xf5, 0x02, 0x2e, 0xc4, 0x88, 0x81,
    0x01, 0x80, 0x20, 0x18, 0x28, 0xf6, 0x12, 0x2e, 0xc4, 0x11, 0x64, 0x8e,
    0x20, 0x73, 0x04, 0x99, 0x23, 0xc8, 0xd4, 0x50, 0x2e, 0x57, 0x41, 0xb1,
    0x45, 0x98, 0xcb, 0x95, 0x10, 0x6c, 0x15, 0xe6, 0x72, 0x25, 0x04, 0x5b,
    0x9e, 0xb9, 0x5c, 0x05, 0xeb, 0xa2, 0x35, 0x04, 0x58, 0x81, 0xb8, 0x68,
    0x89, 0xc1, 0xbb, 0x40, 0x05, 0x23, 0x83, 0x15, 0x9c, 0x8b, 0x5a, 0x70,
    0x2e, 0x30, 0xb0, 0x41, 0x5e, 0x20, 0x50, 0x01, 0xbc, 0x68, 0x0d, 0xf5,
    0x82, 0x23, 0x06, 0x0d, 0x00, 0x82, 0x60, 0xf0, 0xac, 0x0c, 0xbd, 0xc4,
    0x0a, 0xca, 0x08, 0x01, 0xbe, 0xe0, 0x0b, 0xbe, 0xe0, 0xcb, 0x68, 0x42,
    0x00, 0x8c, 0x26, 0x08, 0xc1, 0x68, 0xc2, 0x20, 0x8c, 0x26, 0x10, 0x83,
    0x11, 0xb7, 0x22, 0x1f, 0x23, 0x70, 0x45, 0x3e, 0x46, 0xe4, 0x8a, 0x7c,
    0x8c, 0xd0, 0x15, 0xf9, 0x8c, 0x18, 0x18, 0x00, 0x08, 0x82, 0x81, 0x52,
    0x33, 0x20, 0x43, 0x8c, 0x18, 0x18, 0x00, 0x08, 0x82, 0x81, 0x62, 0x33,
    0x21, 0x43, 0x8c, 0x18, 0x18, 0x00, 0x08, 0x82, 0x81, 0x72, 0x33, 0x22,
    0x43, 0x8c, 0x18, 0x18, 0x00, 0x08, 0x82, 0x81, 0x82, 0x33, 0x23, 0x43,
    0x1c, 0x41, 0xe6, 0x08, 0x32, 0x47, 0x90, 0x39, 0x82, 0x4c, 0x0d, 0x27,
    0x73, 0x15, 0x14, 0x5b, 0x04, 0xca, 0x5c, 0x09, 0xc1, 0x56, 0x81, 0x32,
    0x57, 0x42, 0xb0, 0xe5, 0xa1, 0xcc, 0x55, 0xd0, 0x32, 0x5a, 0x43, 0x80,
    0x15, 0x90, 0x8c, 0xd6, 0x2a, 0xac, 0x0c, 0x17, 0x19, 0x04, 0x58, 0x81,
    0xd9, 0x68, 0x0d, 0x34, 0xb3, 0x75, 0x06, 0x01, 0x56, 0x90, 0x36, 0x57,
    0x81, 0xd9, 0x68, 0x05, 0xc5, 0x56, 0x82, 0x60, 0x05, 0x69, 0x73, 0x15,
    0xd8, 0x8c, 0x16, 0x11, 0x6c, 0x35, 0x09, 0x56, 0xc0, 0x36, 0x57, 0xc1,
    0xcf, 0x68, 0x11, 0xc1, 0x0e, 0x37, 0x04, 0x73, 0x03, 0x06, 0xb3, 0x0c,
    0x0d, 0x13, 0x14, 0xa9, 0x88, 0xcd, 0x55, 0x50, 0x32, 0x50, 0xf9, 0x40,
    0x37, 0x58, 0x81, 0xc9, 0x68, 0x0d, 0x01, 0x54, 0x70, 0x32, 0x5a, 0x48,
    0xb0, 0x35, 0xa4, 0x0d, 0x8e, 0x18, 0x34, 0x00, 0x08, 0x82, 0xc1, 0xf3,
    0x37, 0x68, 0x53, 0x32, 0x7c, 0x23, 0x04, 0x6c, 0xc3, 0x36, 0x6c, 0xc3,
    0x36, 0xa3, 0x09, 0x01, 0x30, 0x9a, 0x20, 0x04, 0xa3, 0x09, 0x83, 0x30,
    0x9a, 0x40, 0x0c, 0x46, 0xac, 0x8c, 0x7c, 0x8c, 0x60, 0x19, 0xf9, 0x18,
    0xd1, 0x32, 0xf2, 0x31, 0xc2, 0x65, 0xe4, 0x33, 0x62, 0x60, 0x00, 0x20,
    0x08, 0x06, 0x4a, 0xea, 0xd0, 0x0d, 0x31, 0x62, 0x60, 0x00, 0x20, 0x08,
    0x06, 0x8a, 0xea, 0xd4, 0x0d, 0x31, 0x62, 0x60, 0x00, 0x20, 0x08, 0x06,
    0xca, 0xea, 0xd8, 0x0d, 0x31, 0x62, 0x60, 0x00, 0x20, 0x08, 0x06, 0x0a,
    0xeb, 0xdc, 0x0d, 0x71, 0x04, 0x99, 0x23, 0xc8, 0x1c, 0x41, 0xe6, 0x08,
    0x32, 0x35, 0xec, 0xcd, 0x55, 0x50, 0x6c, 0x11, 0x7c, 0x73, 0x25, 0x04,
    0x5b, 0x05, 0xdf, 0x5c, 0x09, 0xc1, 0xd6, 0x00, 0x3a, 0x58, 0x81, 0xdf,
    0xe8, 0x05, 0xa3, 0x0a, 0x21, 0x1d, 0xac, 0x20, 0x74, 0xf4, 0x82, 0x51,
    0x05, 0x8d, 0x8e, 0x5e, 0x30, 0xaa, 0x12, 0xd3, 0xc1, 0x0b, 0x46, 0x19,
    0x82, 0x36, 0xf2, 0x31, 0x23, 0x6d, 0xe4, 0x63, 0x85, 0xda, 0xc8, 0xc7,
    0x88, 0xb5, 0x91, 0xcf, 0x2c, 0x41, 0x33, 0xd0, 0x32, 0xe8, 0x9a, 0xa0,
    0x4a, 0x87, 0x2a, 0x29, 0x08, 0xa3, 0x4a, 0xcb, 0x40, 0xcb, 0xc0, 0x6b,
    0x82, 0x2a, 0x1d, 0xaa, 0xa4, 0x20, 0x8c, 0x2a, 0x2d, 0x03, 0x2d, 0x83,
    0xaf, 0x09, 0xaa, 0x74, 0xa8, 0x92, 0x82, 0x30, 0xaa, 0xb4, 0x0c, 0xb4,
    0x0c, 0xe0, 0x26, 0xa8, 0xd2, 0xa1, 0x4a, 0x0a, 0xc2, 0xa8, 0xd2, 0x32,
    0x62, 0x90, 0x00, 0x20, 0x08, 0x06, 0x88, 0xfa, 0xb0, 0x4e, 0xf9, 0x94,
    0x8f, 0xef, 0x10, 0x23, 0x06, 0x09, 0x00, 0x82, 0x60, 0x80, 0xa8, 0x0f,
    0xeb, 0x94, 0x4f, 0xf9, 0xc8, 0xcd, 0x30, 0x62, 0x90, 0x00, 0x20, 0x08,
    0x06, 0x88, 0xfa, 0xb0, 0x4e, 0xf9, 0x94, 0x4f, 0xef, 0x08, 0x23, 0x06,
    0x09, 0x00, 0x82, 0x60, 0x80, 0xa8, 0x0f, 0xeb, 0x94, 0x4f, 0xf9, 0xd8,
    0x4e, 0x80, 0x00, 0x00, 0x00, 0x00, 0x00, 0x00,
};
static const unsigned int kPpuBgProbeFragDXILSize = 6044u;

#endif /* AR_SHADER_PPU_BG_PROBE_FRAG_H */
