[Launcher] Config/saves anchored to '/home/deck/argame/capture-fast-path-20260912.XW1iYR/'.
[run-dir] runs/20260912-171817 (console.log + dumps ringfenced here; AR_NO_RUN_DIR=1 disables)
[runner-trace] recorder=excluded deep_instrumentation=excluded mode=off
Loaded ROM: /home/deck/argame/capture-fast-path-20260912.XW1iYR/ar.sfc (1048576 bytes)
[video-geometry] 16:10 square-PAR -> 52 extra columns/side (render width 360)
[display] AR_DISPLAY_MODE=2 -> widescreen FULL (all corrections)
[video] driver: wayland (available: x11 wayland offscreen dummy evdev)
[render] ordered GPU interop enabled (offscreen SDL + one swapchain present)
[display] GPU frames in flight: 2
[hd-manifest] [replace:title-logo] game-assets/hd/title-logo.png (2087x754)
[hd-manifest] [replace:title-swirl] game-assets/hd/title-logo.png (2087x754, mode7)
[hd-manifest] 2 entries, 2 with art
[settings-menu] decoded ActRaiser font: $1000 bytes from ROM offset $0BECFB (2725 compressed bytes consumed)
[settings-menu] decoded native dialog frame: chars ROM $06C000, palette ROM $0E3F73
[diorama-layers] loaded diorama-layers.ini: 24 room(s), 34 plane override(s)
[input] gamepad 1 connected: Steam Deck Controller
[music-manifest] [music:title-theme] game-assets/audio/title.ogg (48000 Hz, 8845689 frames, loop 0..8845689)
[music-manifest] [music:song-00] game-assets/audio/fillmore.ogg (44100 Hz, 7050707 frames, loop 0..7050707)
[music-manifest] [music:song-01] game-assets/audio/sky-palace.ogg (48000 Hz, 6389760 frames, loop 0..6389760)
[music-manifest] [music:song-02] game-assets/audio/bp.ogg (44100 Hz, 5369615 frames, loop 0..5369615)
[music-manifest] [music:song-08] game-assets/audio/advent.ogg (48000 Hz, 735609 frames, loop 0..735609)
[music-manifest] [music:song-09] game-assets/audio/act2.ogg (44100 Hz, 6182827 frames, loop 0..6182827)
[music-manifest] [music:song-10] game-assets/audio/birth-of-the-people.ogg (48000 Hz, 16201213 frames, loop 0..16201213)
[music-manifest] [music:song-11] game-assets/audio/level-up.ogg (48000 Hz, 451396 frames, loop 0..451396)
[music-manifest] 17 entries, 8 with audio
[audio-ext] extended sound channels disabled (authentic 8 voices)
[saves] loaded native-srm backend from /home/deck/argame/capture-fast-path-20260912.XW1iYR/visible-interp-unlimited/seed.srm
[input-replay] 5009 legacy records, max gf=21845 last gf=4676 from /home/deck/argame/capture-fast-path-20260912.XW1iYR/saves/aitos-r4-natural.rec
[audio] requested 32040 Hz is below SDL's 44100 device minimum; using 44100 (the setting cannot lower it)
[audio] stream input 44100 Hz, device 44100 Hz 512-frame buffer (requested 512 frames)
[widescreen] gf=0 $18=00 $19=00 -> pillarbox clamp=00 mirror=00 repeat=00 bands=0/811c9dc5 normal=00 hud=0/0/0 left-only-y=0 bg-plan=0 source=none/none hle=00
[music] src=1A:94B8 song=01 -> [music:title-theme] game-assets/audio/title.ogg
[pipeline-perf] scene=Native/menu host=0 map=00/00 output=1280x800 frames=3247 fps=3245.6 cadence-ms=0.308 p95=0.373 max=9.975 refresh=3 vsync=0 cap=0 gpu-ms=unavailable
[pipeline-stage] events/input mean-ms=0.0488 peak-call-ms=8.2518 calls=3268
[pipeline-stage] emulation mean-ms=0.0035 peak-call-ms=3.3833 calls=61
[pipeline-stage] PPU + capture mean-ms=0.0018 peak-call-ms=0.6872 calls=61
[pipeline-stage] world map build mean-ms=0.0000 peak-call-ms=0.0009 calls=61
[pipeline-stage] SIM metadata mean-ms=0.0004 peak-call-ms=0.1174 calls=61
[pipeline-stage] town canvas mean-ms=0.0000 peak-call-ms=0.0081 calls=61
[pipeline-stage] frame snapshot mean-ms=0.0006 peak-call-ms=0.1496 calls=61
[pipeline-stage] upload mean-ms=0.0008 peak-call-ms=0.7585 calls=61
[pipeline-stage] presentation mean-ms=0.0075 peak-call-ms=0.0808 calls=3247
[pipeline-stage] CRT/resolve mean-ms=0.0002 peak-call-ms=0.0736 calls=6494
[pipeline-stage] host UI mean-ms=0.0031 peak-call-ms=0.0164 calls=3247
[pipeline-stage] settings UI mean-ms=0.0001 peak-call-ms=0.0007 calls=3247
[pipeline-stage] present/wait mean-ms=0.1904 peak-call-ms=2.5195 calls=3247
[pipeline-stage] pacing/sleep mean-ms=0.0072 peak-call-ms=1.1838 calls=3268
[pipeline-stage] housekeeping mean-ms=0.0000 peak-call-ms=0.0020 calls=61
[pipeline-stage] PPU setup mean-ms=0.0001 peak-call-ms=0.0473 calls=61
[pipeline-stage] PPU scanout mean-ms=0.0014 peak-call-ms=0.4109 calls=61
[pipeline-stage] PPU finish mean-ms=0.0000 peak-call-ms=0.0017 calls=61
[pipeline-work] ticks=0.02 repre=0.98 draws=0.0 vertices=0 upload-MiB=0.000 depth-MiB=0.000 depth-copy-MiB=0.000 depth-copy-calls=0.00 jobs=0.00 helpers=0.00 fallback=0.00 failed=0.00 (per-present)
[pipeline-traffic] upload-calls=0.00 skipped=0.00 scan-MiB=0.011 upload-MiB=0.000 mirror-realloc=0.00 (per-present)
[pipeline-atlas] reuse=0.00 copy-MiB=0.000 copy-calls=0.00 (per-present; copies are GPU-only)
[pipeline-path] cpu-project=0.00 cpu-stage=0.00 gpu-reuse=0.00 publish=0.00 opt-out=0.00 limit=0.00 rejected=0.00 (events/present, not view fallbacks)
[pipeline-perf] scene=Native/menu host=0 map=00/00 output=1280x800 frames=2855 fps=2853.8 cadence-ms=0.350 p95=1.215 max=14.876 refresh=3 vsync=0 cap=0 gpu-ms=unavailable
[pipeline-stage] events/input mean-ms=0.0494 peak-call-ms=8.3250 calls=2855
[pipeline-stage] emulation mean-ms=0.0018 peak-call-ms=0.6752 calls=60
[pipeline-stage] PPU + capture mean-ms=0.0195 peak-call-ms=4.3378 calls=60
[pipeline-stage] world map build mean-ms=0.0000 peak-call-ms=0.0009 calls=60
[pipeline-stage] SIM metadata mean-ms=0.0006 peak-call-ms=0.0866 calls=60
[pipeline-stage] town canvas mean-ms=0.0000 peak-call-ms=0.0020 calls=60
[pipeline-stage] frame snapshot mean-ms=0.0009 peak-call-ms=0.1579 calls=60
[pipeline-stage] upload mean-ms=0.0113 peak-call-ms=3.0298 calls=60
[pipeline-stage] presentation mean-ms=0.0082 peak-call-ms=0.1839 calls=2855
[pipeline-stage] CRT/resolve mean-ms=0.0003 peak-call-ms=0.1280 calls=5710
[pipeline-stage] host UI mean-ms=0.0035 peak-call-ms=0.1187 calls=2855
[pipeline-stage] settings UI mean-ms=0.0001 peak-call-ms=0.0010 calls=2855
[pipeline-stage] present/wait mean-ms=0.2040 peak-call-ms=1.5151 calls=2855
[pipeline-stage] pacing/sleep mean-ms=0.0002 peak-call-ms=0.0112 calls=2855
[pipeline-stage] housekeeping mean-ms=0.0000 peak-call-ms=0.0064 calls=60
[pipeline-stage] PPU setup mean-ms=0.0001 peak-call-ms=0.0311 calls=60
[pipeline-stage] PPU scanout mean-ms=0.0189 peak-call-ms=4.2998 calls=60
[pipeline-stage] PPU finish mean-ms=0.0000 peak-call-ms=0.0018 calls=60
[pipeline-work] ticks=0.02 repre=0.98 draws=0.0 vertices=0 upload-MiB=0.041 depth-MiB=0.000 depth-copy-MiB=0.000 depth-copy-calls=0.00 jobs=0.00 helpers=0.00 fallback=0.00 failed=0.00 (per-present)
[pipeline-traffic] upload-calls=0.00 skipped=0.00 scan-MiB=0.013 upload-MiB=0.041 mirror-realloc=0.00 (per-present)
[pipeline-atlas] reuse=0.00 copy-MiB=0.000 copy-calls=0.00 (per-present; copies are GPU-only)
[pipeline-path] cpu-project=0.00 cpu-stage=0.00 gpu-reuse=0.00 publish=0.00 opt-out=0.00 limit=0.00 rejected=0.00 (events/present, not view fallbacks)
[pipeline-perf] scene=Native/menu host=0 map=00/00 output=1280x800 frames=1723 fps=1721.8 cadence-ms=0.581 p95=1.292 max=15.331 refresh=3 vsync=0 cap=0 gpu-ms=unavailable
[pipeline-stage] events/input mean-ms=0.0491 peak-call-ms=8.3349 calls=1723
[pipeline-stage] emulation mean-ms=0.0064 peak-call-ms=1.1543 calls=60
[pipeline-stage] PPU + capture mean-ms=0.1407 peak-call-ms=4.6550 calls=60
[pipeline-stage] world map build mean-ms=0.0000 peak-call-ms=0.0008 calls=60
[pipeline-stage] SIM metadata mean-ms=0.0007 peak-call-ms=0.0242 calls=60
[pipeline-stage] town canvas mean-ms=0.0000 peak-call-ms=0.0017 calls=60
[pipeline-stage] frame snapshot mean-ms=0.0011 peak-call-ms=0.0398 calls=60
[pipeline-stage] upload mean-ms=0.0723 peak-call-ms=2.2548 calls=60
[pipeline-stage] presentation mean-ms=0.0089 peak-call-ms=0.0717 calls=1723
[pipeline-stage] CRT/resolve mean-ms=0.0002 peak-call-ms=0.0011 calls=3446
[pipeline-stage] host UI mean-ms=0.0036 peak-call-ms=0.0504 calls=1723
[pipeline-stage] settings UI mean-ms=0.0001 peak-call-ms=0.0123 calls=1723
[pipeline-stage] present/wait mean-ms=0.2448 peak-call-ms=1.7328 calls=1723
[pipeline-stage] pacing/sleep mean-ms=0.0002 peak-call-ms=0.0144 calls=1723
[pipeline-stage] housekeeping mean-ms=0.0000 peak-call-ms=0.0019 calls=60
[pipeline-stage] PPU setup mean-ms=0.0002 peak-call-ms=0.0058 calls=60
[pipeline-stage] PPU scanout mean-ms=0.1400 peak-call-ms=4.6362 calls=60
[pipeline-stage] PPU finish mean-ms=0.0000 peak-call-ms=0.0020 calls=60
[pipeline-work] ticks=0.03 repre=0.97 draws=0.0 vertices=0 upload-MiB=0.343 depth-MiB=0.000 depth-copy-MiB=0.000 depth-copy-calls=0.00 jobs=0.00 helpers=0.00 fallback=0.00 failed=0.00 (per-present)
[pipeline-traffic] upload-calls=0.04 skipped=0.00 scan-MiB=0.022 upload-MiB=0.343 mirror-realloc=0.00 (per-present)
[pipeline-atlas] reuse=0.00 copy-MiB=0.000 copy-calls=0.00 (per-present; copies are GPU-only)
[pipeline-path] cpu-project=0.00 cpu-stage=0.00 gpu-reuse=0.00 publish=0.00 opt-out=0.00 limit=0.00 rejected=0.00 (events/present, not view fallbacks)
[pipeline-perf] scene=Native/menu host=0 map=00/00 output=1280x800 frames=2430 fps=2428.7 cadence-ms=0.412 p95=0.356 max=15.347 refresh=3 vsync=0 cap=0 gpu-ms=unavailable
[pipeline-stage] events/input mean-ms=0.0491 peak-call-ms=8.2586 calls=2430
[pipeline-stage] emulation mean-ms=0.0036 peak-call-ms=1.2103 calls=60
[pipeline-stage] PPU + capture mean-ms=0.0612 peak-call-ms=4.3549 calls=60
[pipeline-stage] world map build mean-ms=0.0000 peak-call-ms=0.0008 calls=60
[pipeline-stage] SIM metadata mean-ms=0.0005 peak-call-ms=0.0515 calls=60
[pipeline-stage] town canvas mean-ms=0.0000 peak-call-ms=0.0016 calls=60
[pipeline-stage] frame snapshot mean-ms=0.0007 peak-call-ms=0.0397 calls=60
[pipeline-stage] upload mean-ms=0.0291 peak-call-ms=2.2783 calls=60
[pipeline-stage] presentation mean-ms=0.0085 peak-call-ms=0.1307 calls=2430
[pipeline-stage] CRT/resolve mean-ms=0.0002 peak-call-ms=0.0009 calls=4860
[pipeline-stage] host UI mean-ms=0.0033 peak-call-ms=0.1260 calls=2430
[pipeline-stage] settings UI mean-ms=0.0001 peak-call-ms=0.0156 calls=2430
[pipeline-stage] present/wait mean-ms=0.2045 peak-call-ms=1.2776 calls=2430
[pipeline-stage] pacing/sleep mean-ms=0.0002 peak-call-ms=0.0012 calls=2430
[pipeline-stage] housekeeping mean-ms=0.0000 peak-call-ms=0.0023 calls=60
[pipeline-stage] PPU setup mean-ms=0.0001 peak-call-ms=0.0071 calls=60
[pipeline-stage] PPU scanout mean-ms=0.0607 peak-call-ms=4.3334 calls=60
[pipeline-stage] PPU finish mean-ms=0.0000 peak-call-ms=0.0020 calls=60
[pipeline-work] ticks=0.02 repre=0.98 draws=0.0 vertices=0 upload-MiB=0.130 depth-MiB=0.000 depth-copy-MiB=0.000 depth-copy-calls=0.00 jobs=0.00 helpers=0.00 fallback=0.00 failed=0.00 (per-present)
[pipeline-traffic] upload-calls=0.03 skipped=0.00 scan-MiB=0.016 upload-MiB=0.130 mirror-realloc=0.00 (per-present)
[pipeline-atlas] reuse=0.00 copy-MiB=0.000 copy-calls=0.00 (per-present; copies are GPU-only)
[pipeline-path] cpu-project=0.00 cpu-stage=0.00 gpu-reuse=0.00 publish=0.00 opt-out=0.00 limit=0.00 rejected=0.00 (events/present, not view fallbacks)
[pipeline-perf] scene=Native/menu host=0 map=00/00 output=1280x800 frames=2670 fps=2668.4 cadence-ms=0.375 p95=0.993 max=15.229 refresh=3 vsync=0 cap=0 gpu-ms=unavailable
[pipeline-stage] events/input mean-ms=0.0519 peak-call-ms=8.2647 calls=2670
[pipeline-stage] emulation mean-ms=0.0038 peak-call-ms=1.3638 calls=60
[pipeline-stage] PPU + capture mean-ms=0.0307 peak-call-ms=4.3406 calls=60
[pipeline-stage] world map build mean-ms=0.0000 peak-call-ms=0.0007 calls=60
[pipeline-stage] SIM metadata mean-ms=0.0004 peak-call-ms=0.0392 calls=60
[pipeline-stage] town canvas mean-ms=0.0000 peak-call-ms=0.0017 calls=60
[pipeline-stage] frame snapshot mean-ms=0.0006 peak-call-ms=0.0369 calls=60
[pipeline-stage] upload mean-ms=0.0096 peak-call-ms=2.0152 calls=60
[pipeline-stage] presentation mean-ms=0.0087 peak-call-ms=0.0941 calls=2670
[pipeline-stage] CRT/resolve mean-ms=0.0002 peak-call-ms=0.0120 calls=5340
[pipeline-stage] host UI mean-ms=0.0034 peak-call-ms=0.0705 calls=2670
[pipeline-stage] settings UI mean-ms=0.0001 peak-call-ms=0.0007 calls=2670
[pipeline-stage] present/wait mean-ms=0.2106 peak-call-ms=2.4737 calls=2670
[pipeline-stage] pacing/sleep mean-ms=0.0002 peak-call-ms=0.0010 calls=2670
[pipeline-stage] housekeeping mean-ms=0.0000 peak-call-ms=0.0018 calls=60
[pipeline-stage] PPU setup mean-ms=0.0001 peak-call-ms=0.0052 calls=60
[pipeline-stage] PPU scanout mean-ms=0.0303 peak-call-ms=4.3213 calls=60
[pipeline-stage] PPU finish mean-ms=0.0000 peak-call-ms=0.0015 calls=60
[pipeline-work] ticks=0.02 repre=0.98 draws=0.0 vertices=0 upload-MiB=0.044 depth-MiB=0.000 depth-copy-MiB=0.000 depth-copy-calls=0.00 jobs=0.00 helpers=0.00 fallback=0.00 failed=0.00 (per-present)
[pipeline-traffic] upload-calls=0.01 skipped=0.00 scan-MiB=0.014 upload-MiB=0.044 mirror-realloc=0.00 (per-present)
[pipeline-atlas] reuse=0.00 copy-MiB=0.000 copy-calls=0.00 (per-present; copies are GPU-only)
[pipeline-path] cpu-project=0.00 cpu-stage=0.00 gpu-reuse=0.00 publish=0.00 opt-out=0.00 limit=0.00 rejected=0.00 (events/present, not view fallbacks)
[music] stop [music:title-theme] (driver halt $F0)
[widescreen] gf=373 $18=00 $19=07 -> WIDE clamp=00 mirror=00 repeat=00 bands=0/811c9dc5 normal=00 hud=32/168/168 left-only-y=32 bg-plan=0 source=none/none hle=00
[music] src=1C:A988 song=01 -> [music:song-01] game-assets/audio/sky-palace.ogg
[pipeline-perf] scene=Native/menu host=0 map=00/07 output=1280x800 frames=2395 fps=2389.0 cadence-ms=0.419 p95=0.518 max=11.237 refresh=3 vsync=0 cap=0 gpu-ms=unavailable
[pipeline-stage] events/input mean-ms=0.0496 peak-call-ms=8.2278 calls=2395
[pipeline-stage] emulation mean-ms=0.0055 peak-call-ms=2.9636 calls=61
[pipeline-stage] PPU + capture mean-ms=0.0411 peak-call-ms=2.1305 calls=61
[pipeline-stage] world map build mean-ms=0.0000 peak-call-ms=0.0008 calls=61
[pipeline-stage] SIM metadata mean-ms=0.0005 peak-call-ms=0.0276 calls=61
[pipeline-stage] town canvas mean-ms=0.0000 peak-call-ms=0.0015 calls=61
[pipeline-stage] frame snapshot mean-ms=0.0008 peak-call-ms=0.0409 calls=61
[pipeline-stage] upload mean-ms=0.0090 peak-call-ms=0.6289 calls=61
[pipeline-stage] presentation mean-ms=0.0406 peak-call-ms=1.9048 calls=2395
[pipeline-stage] CRT/resolve mean-ms=0.0003 peak-call-ms=0.0008 calls=4790
[pipeline-stage] host UI mean-ms=0.0036 peak-call-ms=0.1239 calls=2395
[pipeline-stage] settings UI mean-ms=0.0001 peak-call-ms=0.0010 calls=2395
[pipeline-stage] present/wait mean-ms=0.2177 peak-call-ms=2.6528 calls=2395
[pipeline-stage] pacing/sleep mean-ms=0.0002 peak-call-ms=0.0011 calls=2395
[pipeline-stage] housekeeping mean-ms=0.0000 peak-call-ms=0.0148 calls=61
[pipeline-stage] PPU setup mean-ms=0.0001 peak-call-ms=0.0347 calls=61
[pipeline-stage] PPU scanout mean-ms=0.0402 peak-call-ms=2.0601 calls=61
[pipeline-stage] PPU finish mean-ms=0.0001 peak-call-ms=0.0060 calls=61
[pipeline-work] ticks=0.03 repre=0.97 draws=0.0 vertices=0 upload-MiB=0.010 depth-MiB=0.000 depth-copy-MiB=0.000 depth-copy-calls=0.00 jobs=0.00 helpers=0.00 fallback=0.00 failed=0.00 (per-present)
[pipeline-traffic] upload-calls=0.03 skipped=0.00 scan-MiB=0.026 upload-MiB=0.010 mirror-realloc=0.00 (per-present)
[pipeline-atlas] reuse=0.00 copy-MiB=0.000 copy-calls=0.00 (per-present; copies are GPU-only)
[pipeline-path] cpu-project=0.00 cpu-stage=0.00 gpu-reuse=0.00 publish=0.00 opt-out=0.00 limit=0.00 rejected=0.00 (events/present, not view fallbacks)
[widescreen] gf=431 $18=00 $19=09 -> WIDE clamp=00 mirror=00 repeat=00 bands=0/811c9dc5 normal=00 hud=0/0/0 left-only-y=0 bg-plan=0 source=none/none hle=00
[sim-worldmap] HLE built from sim state at gf=431 after world-navigation entry (841 tiles changed)
[pipeline-perf] scene=Native/menu host=0 map=00/09 output=1280x800 frames=2951 fps=2949.4 cadence-ms=0.339 p95=0.406 max=10.424 refresh=3 vsync=0 cap=0 gpu-ms=unavailable
[pipeline-stage] events/input mean-ms=0.0476 peak-call-ms=8.3196 calls=2951
[pipeline-stage] emulation mean-ms=0.0044 peak-call-ms=3.0132 calls=61
[pipeline-stage] PPU + capture mean-ms=0.0201 peak-call-ms=1.2318 calls=61
[pipeline-stage] world map build mean-ms=0.0001 peak-call-ms=0.0519 calls=61
[pipeline-stage] SIM metadata mean-ms=0.0007 peak-call-ms=0.2270 calls=61
[pipeline-stage] town canvas mean-ms=0.0000 peak-call-ms=0.0015 calls=61
[pipeline-stage] frame snapshot mean-ms=0.0006 peak-call-ms=0.0467 calls=61
[pipeline-stage] upload mean-ms=0.0057 peak-call-ms=1.0008 calls=61
[pipeline-stage] presentation mean-ms=0.0079 peak-call-ms=0.1323 calls=2951
[pipeline-stage] CRT/resolve mean-ms=0.0002 peak-call-ms=0.0086 calls=5902
[pipeline-stage] host UI mean-ms=0.0034 peak-call-ms=0.1285 calls=2951
[pipeline-stage] settings UI mean-ms=0.0001 peak-call-ms=0.0009 calls=2951
[pipeline-stage] present/wait mean-ms=0.1985 peak-call-ms=2.6441 calls=2951
[pipeline-stage] pacing/sleep mean-ms=0.0002 peak-call-ms=0.1717 calls=2951
[pipeline-stage] housekeeping mean-ms=0.0000 peak-call-ms=0.0016 calls=61
[pipeline-stage] PPU setup mean-ms=0.0001 peak-call-ms=0.0070 calls=61
[pipeline-stage] PPU scanout mean-ms=0.0198 peak-call-ms=1.2138 calls=61
[pipeline-stage] PPU finish mean-ms=0.0000 peak-call-ms=0.0013 calls=61
[pipeline-work] ticks=0.02 repre=0.98 draws=0.0 vertices=0 upload-MiB=0.010 depth-MiB=0.000 depth-copy-MiB=0.000 depth-copy-calls=0.00 jobs=0.00 helpers=0.00 fallback=0.00 failed=0.00 (per-present)
[pipeline-traffic] upload-calls=0.02 skipped=0.00 scan-MiB=0.005 upload-MiB=0.010 mirror-realloc=0.00 (per-present)
[pipeline-atlas] reuse=0.00 copy-MiB=0.000 copy-calls=0.00 (per-present; copies are GPU-only)
[pipeline-path] cpu-project=0.00 cpu-stage=0.00 gpu-reuse=0.00 publish=0.00 opt-out=0.00 limit=0.00 rejected=0.00 (events/present, not view fallbacks)
[pipeline-perf] scene=Native/menu host=0 map=00/09 output=1280x800 frames=2958 fps=2956.4 cadence-ms=0.338 p95=0.388 max=10.553 refresh=3 vsync=0 cap=0 gpu-ms=unavailable
[pipeline-stage] events/input mean-ms=0.0498 peak-call-ms=8.2919 calls=2958
[pipeline-stage] emulation mean-ms=0.0033 peak-call-ms=1.1151 calls=60
[pipeline-stage] PPU + capture mean-ms=0.0199 peak-call-ms=1.1949 calls=60
[pipeline-stage] world map build mean-ms=0.0001 peak-call-ms=0.0294 calls=60
[pipeline-stage] SIM metadata mean-ms=0.0006 peak-call-ms=0.0338 calls=60
[pipeline-stage] town canvas mean-ms=0.0000 peak-call-ms=0.0016 calls=60
[pipeline-stage] frame snapshot mean-ms=0.0006 peak-call-ms=0.1357 calls=60
[pipeline-stage] upload mean-ms=0.0066 peak-call-ms=0.4155 calls=60
[pipeline-stage] presentation mean-ms=0.0078 peak-call-ms=0.1782 calls=2958
[pipeline-stage] CRT/resolve mean-ms=0.0002 peak-call-ms=0.0007 calls=5916
[pipeline-stage] host UI mean-ms=0.0033 peak-call-ms=0.1265 calls=2958
[pipeline-stage] settings UI mean-ms=0.0001 peak-call-ms=0.0006 calls=2958
[pipeline-stage] present/wait mean-ms=0.1957 peak-call-ms=2.5473 calls=2958
[pipeline-stage] pacing/sleep mean-ms=0.0002 peak-call-ms=0.0007 calls=2958
[pipeline-stage] housekeeping mean-ms=0.0000 peak-call-ms=0.0018 calls=60
[pipeline-stage] PPU setup mean-ms=0.0001 peak-call-ms=0.0051 calls=60
[pipeline-stage] PPU scanout mean-ms=0.0196 peak-call-ms=1.1772 calls=60
[pipeline-stage] PPU finish mean-ms=0.0000 peak-call-ms=0.0014 calls=60
[pipeline-work] ticks=0.02 repre=0.98 draws=0.0 vertices=0 upload-MiB=0.012 depth-MiB=0.000 depth-copy-MiB=0.000 depth-copy-calls=0.00 jobs=0.00 helpers=0.00 fallback=0.00 failed=0.00 (per-present)
[pipeline-traffic] upload-calls=0.02 skipped=0.00 scan-MiB=0.002 upload-MiB=0.012 mirror-realloc=0.00 (per-present)
[pipeline-atlas] reuse=0.00 copy-MiB=0.000 copy-calls=0.00 (per-present; copies are GPU-only)
[pipeline-path] cpu-project=0.00 cpu-stage=0.00 gpu-reuse=0.00 publish=0.00 opt-out=0.00 limit=0.00 rejected=0.00 (events/present, not view fallbacks)
[pipeline-perf] scene=Native/menu host=0 map=00/09 output=1280x800 frames=2967 fps=2959.0 cadence-ms=0.338 p95=0.374 max=10.313 refresh=3 vsync=0 cap=0 gpu-ms=unavailable
[pipeline-stage] events/input mean-ms=0.0498 peak-call-ms=8.3284 calls=2967
[pipeline-stage] emulation mean-ms=0.0033 peak-call-ms=1.0967 calls=60
[pipeline-stage] PPU + capture mean-ms=0.0196 peak-call-ms=1.2013 calls=60
[pipeline-stage] world map build mean-ms=0.0001 peak-call-ms=0.0291 calls=60
[pipeline-stage] SIM metadata mean-ms=0.0007 peak-call-ms=0.1478 calls=60
[pipeline-stage] town canvas mean-ms=0.0000 peak-call-ms=0.0014 calls=60
[pipeline-stage] frame snapshot mean-ms=0.0006 peak-call-ms=0.0354 calls=60
[pipeline-stage] upload mean-ms=0.0065 peak-call-ms=0.4231 calls=60
[pipeline-stage] presentation mean-ms=0.0078 peak-call-ms=0.1227 calls=2967
[pipeline-stage] CRT/resolve mean-ms=0.0002 peak-call-ms=0.0098 calls=5934
[pipeline-stage] host UI mean-ms=0.0033 peak-call-ms=0.1189 calls=2967
[pipeline-stage] settings UI mean-ms=0.0001 peak-call-ms=0.0120 calls=2967
[pipeline-stage] present/wait mean-ms=0.1959 peak-call-ms=2.6024 calls=2967
[pipeline-stage] pacing/sleep mean-ms=0.0002 peak-call-ms=0.0007 calls=2967
[pipeline-stage] housekeeping mean-ms=0.0000 peak-call-ms=0.0019 calls=60
[pipeline-stage] PPU setup mean-ms=0.0001 peak-call-ms=0.0050 calls=60
[pipeline-stage] PPU scanout mean-ms=0.0193 peak-call-ms=1.1838 calls=60
[pipeline-stage] PPU finish mean-ms=0.0000 peak-call-ms=0.0014 calls=60
[pipeline-work] ticks=0.02 repre=0.98 draws=0.0 vertices=0 upload-MiB=0.012 depth-MiB=0.000 depth-copy-MiB=0.000 depth-copy-calls=0.00 jobs=0.00 helpers=0.00 fallback=0.00 failed=0.00 (per-present)
[pipeline-traffic] upload-calls=0.02 skipped=0.00 scan-MiB=0.000 upload-MiB=0.012 mirror-realloc=0.00 (per-present)
[pipeline-atlas] reuse=0.00 copy-MiB=0.000 copy-calls=0.00 (per-present; copies are GPU-only)
[pipeline-path] cpu-project=0.00 cpu-stage=0.00 gpu-reuse=0.00 publish=0.00 opt-out=0.00 limit=0.00 rejected=0.00 (events/present, not view fallbacks)
[pipeline-perf] scene=Native/menu host=0 map=00/09 output=1280x800 frames=3003 fps=3001.6 cadence-ms=0.333 p95=0.369 max=10.618 refresh=3 vsync=0 cap=0 gpu-ms=unavailable
[pipeline-stage] events/input mean-ms=0.0474 peak-call-ms=8.2759 calls=3003
[pipeline-stage] emulation mean-ms=0.0034 peak-call-ms=1.1288 calls=60
[pipeline-stage] PPU + capture mean-ms=0.0198 peak-call-ms=1.2957 calls=60
[pipeline-stage] world map build mean-ms=0.0001 peak-call-ms=0.0291 calls=60
[pipeline-stage] SIM metadata mean-ms=0.0006 peak-call-ms=0.0351 calls=60
[pipeline-stage] town canvas mean-ms=0.0000 peak-call-ms=0.0014 calls=60
[pipeline-stage] frame snapshot mean-ms=0.0006 peak-call-ms=0.0369 calls=60
[pipeline-stage] upload mean-ms=0.0064 peak-call-ms=0.4062 calls=60
[pipeline-stage] presentation mean-ms=0.0076 peak-call-ms=0.1556 calls=3003
[pipeline-stage] CRT/resolve mean-ms=0.0002 peak-call-ms=0.0091 calls=6006
[pipeline-stage] host UI mean-ms=0.0031 peak-call-ms=0.0151 calls=3003
[pipeline-stage] settings UI mean-ms=0.0001 peak-call-ms=0.0007 calls=3003
[pipeline-stage] present/wait mean-ms=0.1942 peak-call-ms=2.5549 calls=3003
[pipeline-stage] pacing/sleep mean-ms=0.0002 peak-call-ms=0.0075 calls=3003
[pipeline-stage] housekeeping mean-ms=0.0000 peak-call-ms=0.0023 calls=60
[pipeline-stage] PPU setup mean-ms=0.0001 peak-call-ms=0.0062 calls=60
[pipeline-stage] PPU scanout mean-ms=0.0194 peak-call-ms=1.2779 calls=60
[pipeline-stage] PPU finish mean-ms=0.0000 peak-call-ms=0.0014 calls=60
[pipeline-work] ticks=0.02 repre=0.98 draws=0.0 vertices=0 upload-MiB=0.012 depth-MiB=0.000 depth-copy-MiB=0.000 depth-copy-calls=0.00 jobs=0.00 helpers=0.00 fallback=0.00 failed=0.00 (per-present)
[pipeline-traffic] upload-calls=0.02 skipped=0.00 scan-MiB=0.002 upload-MiB=0.012 mirror-realloc=0.00 (per-present)
[pipeline-atlas] reuse=0.00 copy-MiB=0.000 copy-calls=0.00 (per-present; copies are GPU-only)
[pipeline-path] cpu-project=0.00 cpu-stage=0.00 gpu-reuse=0.00 publish=0.00 opt-out=0.00 limit=0.00 rejected=0.00 (events/present, not view fallbacks)
[widescreen] gf=690 $18=00 $19=07 -> WIDE clamp=00 mirror=00 repeat=00 bands=0/811c9dc5 normal=00 hud=32/168/168 left-only-y=32 bg-plan=0 source=none/none hle=00
[pipeline-perf] scene=Native/menu host=0 map=00/07 output=1280x800 frames=2287 fps=2285.6 cadence-ms=0.438 p95=0.443 max=11.499 refresh=3 vsync=0 cap=0 gpu-ms=unavailable
[pipeline-stage] events/input mean-ms=0.0528 peak-call-ms=8.2386 calls=2287
[pipeline-stage] emulation mean-ms=0.0069 peak-call-ms=2.7857 calls=61
[pipeline-stage] PPU + capture mean-ms=0.0484 peak-call-ms=2.0939 calls=61
[pipeline-stage] world map build mean-ms=0.0000 peak-call-ms=0.0008 calls=61
[pipeline-stage] SIM metadata mean-ms=0.0005 peak-call-ms=0.0851 calls=61
[pipeline-stage] town canvas mean-ms=0.0000 peak-call-ms=0.0015 calls=61
[pipeline-stage] frame snapshot mean-ms=0.0008 peak-call-ms=0.0372 calls=61
[pipeline-stage] upload mean-ms=0.0089 peak-call-ms=0.5321 calls=61
[pipeline-stage] presentation mean-ms=0.0395 peak-call-ms=0.1487 calls=2287
[pipeline-stage] CRT/resolve mean-ms=0.0003 peak-call-ms=0.0008 calls=4574
[pipeline-stage] host UI mean-ms=0.0036 peak-call-ms=0.0250 calls=2287
[pipeline-stage] settings UI mean-ms=0.0001 peak-call-ms=0.0150 calls=2287
[pipeline-stage] present/wait mean-ms=0.2259 peak-call-ms=2.6087 calls=2287
[pipeline-stage] pacing/sleep mean-ms=0.0002 peak-call-ms=0.0008 calls=2287
[pipeline-stage] housekeeping mean-ms=0.0000 peak-call-ms=0.0017 calls=61
[pipeline-stage] PPU setup mean-ms=0.0002 peak-call-ms=0.0232 calls=61
[pipeline-stage] PPU scanout mean-ms=0.0475 peak-call-ms=2.0544 calls=61
[pipeline-stage] PPU finish mean-ms=0.0001 peak-call-ms=0.0046 calls=61
[pipeline-work] ticks=0.03 repre=0.97 draws=0.0 vertices=0 upload-MiB=0.008 depth-MiB=0.000 depth-copy-MiB=0.000 depth-copy-calls=0.00 jobs=0.00 helpers=0.00 fallback=0.00 failed=0.00 (per-present)
[pipeline-traffic] upload-calls=0.03 skipped=0.00 scan-MiB=0.029 upload-MiB=0.008 mirror-realloc=0.00 (per-present)
[pipeline-atlas] reuse=0.00 copy-MiB=0.000 copy-calls=0.00 (per-present; copies are GPU-only)
[pipeline-path] cpu-project=0.00 cpu-stage=0.00 gpu-reuse=0.00 publish=0.00 opt-out=0.00 limit=0.00 rejected=0.00 (events/present, not view fallbacks)
[pipeline-perf] scene=Native/menu host=0 map=00/07 output=1280x800 frames=2217 fps=2215.5 cadence-ms=0.451 p95=0.581 max=11.763 refresh=3 vsync=0 cap=0 gpu-ms=unavailable
[pipeline-stage] events/input mean-ms=0.0476 peak-call-ms=8.1635 calls=2217
[pipeline-stage] emulation mean-ms=0.0042 peak-call-ms=1.0016 calls=60
[pipeline-stage] PPU + capture mean-ms=0.0497 peak-call-ms=2.5882 calls=60
[pipeline-stage] world map build mean-ms=0.0000 peak-call-ms=0.0008 calls=60
[pipeline-stage] SIM metadata mean-ms=0.0006 peak-call-ms=0.0854 calls=60
[pipeline-stage] town canvas mean-ms=0.0000 peak-call-ms=0.0093 calls=60
[pipeline-stage] frame snapshot mean-ms=0.0008 peak-call-ms=0.0442 calls=60
[pipeline-stage] upload mean-ms=0.0080 peak-call-ms=0.4018 calls=60
[pipeline-stage] presentation mean-ms=0.0429 peak-call-ms=0.1589 calls=2217
[pipeline-stage] CRT/resolve mean-ms=0.0003 peak-call-ms=0.0070 calls=4434
[pipeline-stage] host UI mean-ms=0.0038 peak-call-ms=0.0180 calls=2217
[pipeline-stage] settings UI mean-ms=0.0001 peak-call-ms=0.0009 calls=2217
[pipeline-stage] present/wait mean-ms=0.2376 peak-call-ms=2.5720 calls=2217
[pipeline-stage] pacing/sleep mean-ms=0.0002 peak-call-ms=0.0009 calls=2217
[pipeline-stage] housekeeping mean-ms=0.0000 peak-call-ms=0.0015 calls=60
[pipeline-stage] PPU setup mean-ms=0.0001 peak-call-ms=0.0071 calls=60
[pipeline-stage] PPU scanout mean-ms=0.0488 peak-call-ms=2.5491 calls=60
[pipeline-stage] PPU finish mean-ms=0.0001 peak-call-ms=0.0041 calls=60
[pipeline-work] ticks=0.03 repre=0.97 draws=0.0 vertices=0 upload-MiB=0.004 depth-MiB=0.000 depth-copy-MiB=0.000 depth-copy-calls=0.00 jobs=0.00 helpers=0.00 fallback=0.00 failed=0.00 (per-present)
[pipeline-traffic] upload-calls=0.03 skipped=0.00 scan-MiB=0.033 upload-MiB=0.004 mirror-realloc=0.00 (per-present)
[pipeline-atlas] reuse=0.00 copy-MiB=0.000 copy-calls=0.00 (per-present; copies are GPU-only)
[pipeline-path] cpu-project=0.00 cpu-stage=0.00 gpu-reuse=0.00 publish=0.00 opt-out=0.00 limit=0.00 rejected=0.00 (events/present, not view fallbacks)
[pipeline-perf] scene=Native/menu host=0 map=00/07 output=1280x800 frames=2226 fps=2224.5 cadence-ms=0.450 p95=0.622 max=11.362 refresh=3 vsync=0 cap=0 gpu-ms=unavailable
[pipeline-stage] events/input mean-ms=0.0509 peak-call-ms=8.2472 calls=2226
[pipeline-stage] emulation mean-ms=0.0051 peak-call-ms=1.3040 calls=60
[pipeline-stage] PPU + capture mean-ms=0.0499 peak-call-ms=2.4648 calls=60
[pipeline-stage] world map build mean-ms=0.0000 peak-call-ms=0.0009 calls=60
[pipeline-stage] SIM metadata mean-ms=0.0005 peak-call-ms=0.0266 calls=60
[pipeline-stage] town canvas mean-ms=0.0000 peak-call-ms=0.0014 calls=60
[pipeline-stage] frame snapshot mean-ms=0.0008 peak-call-ms=0.0329 calls=60
[pipeline-stage] upload mean-ms=0.0083 peak-call-ms=0.4243 calls=60
[pipeline-stage] presentation mean-ms=0.0433 peak-call-ms=0.1771 calls=2226
[pipeline-stage] CRT/resolve mean-ms=0.0003 peak-call-ms=0.0104 calls=4452
[pipeline-stage] host UI mean-ms=0.0040 peak-call-ms=0.0900 calls=2226
[pipeline-stage] settings UI mean-ms=0.0002 peak-call-ms=0.0723 calls=2226
[pipeline-stage] present/wait mean-ms=0.2338 peak-call-ms=2.6604 calls=2226
[pipeline-stage] pacing/sleep mean-ms=0.0002 peak-call-ms=0.0011 calls=2226
[pipeline-stage] housekeeping mean-ms=0.0000 peak-call-ms=0.0065 calls=60
[pipeline-stage] PPU setup mean-ms=0.0002 peak-call-ms=0.0415 calls=60
[pipeline-stage] PPU scanout mean-ms=0.0490 peak-call-ms=2.4328 calls=60
[pipeline-stage] PPU finish mean-ms=0.0001 peak-call-ms=0.0037 calls=60
[pipeline-work] ticks=0.03 repre=0.97 draws=0.0 vertices=0 upload-MiB=0.005 depth-MiB=0.000 depth-copy-MiB=0.000 depth-copy-calls=0.00 jobs=0.00 helpers=0.00 fallback=0.00 failed=0.00 (per-present)
[pipeline-traffic] upload-calls=0.03 skipped=0.00 scan-MiB=0.033 upload-MiB=0.005 mirror-realloc=0.00 (per-present)
[pipeline-atlas] reuse=0.00 copy-MiB=0.000 copy-calls=0.00 (per-present; copies are GPU-only)
[pipeline-path] cpu-project=0.00 cpu-stage=0.00 gpu-reuse=0.00 publish=0.00 opt-out=0.00 limit=0.00 rejected=0.00 (events/present, not view fallbacks)
[music] stop [music:song-01] (driver halt $F0)
[widescreen] gf=898 $18=00 $19=09 -> WIDE clamp=00 mirror=00 repeat=00 bands=0/811c9dc5 normal=00 hud=0/0/0 left-only-y=0 bg-plan=0 source=none/none hle=00
[sim-worldmap] HLE built from sim state at gf=898 after world-navigation entry (0 tiles changed)
[music] src=1C:A7CC song=01 -> [music:song-08] game-assets/audio/advent.ogg
[pipeline-perf] scene=Native/menu host=0 map=00/09 output=1280x800 frames=3007 fps=3005.8 cadence-ms=0.333 p95=0.392 max=9.933 refresh=3 vsync=0 cap=0 gpu-ms=unavailable
[pipeline-stage] events/input mean-ms=0.0496 peak-call-ms=8.2337 calls=3007
[pipeline-stage] emulation mean-ms=0.0045 peak-call-ms=3.4730 calls=61
[pipeline-stage] PPU + capture mean-ms=0.0163 peak-call-ms=1.1541 calls=61
[pipeline-stage] world map build mean-ms=0.0000 peak-call-ms=0.0454 calls=61
[pipeline-stage] SIM metadata mean-ms=0.0007 peak-call-ms=0.0495 calls=61
[pipeline-stage] town canvas mean-ms=0.0000 peak-call-ms=0.0018 calls=61
[pipeline-stage] frame snapshot mean-ms=0.0006 peak-call-ms=0.1129 calls=61
[pipeline-stage] upload mean-ms=0.0027 peak-call-ms=0.4251 calls=61
[pipeline-stage] presentation mean-ms=0.0081 peak-call-ms=0.1415 calls=3007
[pipeline-stage] CRT/resolve mean-ms=0.0002 peak-call-ms=0.0071 calls=6014
[pipeline-stage] host UI mean-ms=0.0033 peak-call-ms=0.0167 calls=3007
[pipeline-stage] settings UI mean-ms=0.0001 peak-call-ms=0.0007 calls=3007
[pipeline-stage] present/wait mean-ms=0.1953 peak-call-ms=2.4306 calls=3007
[pipeline-stage] pacing/sleep mean-ms=0.0002 peak-call-ms=0.0142 calls=3007
[pipeline-stage] housekeeping mean-ms=0.0000 peak-call-ms=0.0026 calls=61
[pipeline-stage] PPU setup mean-ms=0.0001 peak-call-ms=0.0059 calls=61
[pipeline-stage] PPU scanout mean-ms=0.0159 peak-call-ms=1.1325 calls=61
[pipeline-stage] PPU finish mean-ms=0.0000 peak-call-ms=0.0017 calls=61
[pipeline-work] ticks=0.02 repre=0.98 draws=0.0 vertices=0 upload-MiB=0.004 depth-MiB=0.000 depth-copy-MiB=0.000 depth-copy-calls=0.00 jobs=0.00 helpers=0.00 fallback=0.00 failed=0.00 (per-present)
[pipeline-traffic] upload-calls=0.01 skipped=0.00 scan-MiB=0.010 upload-MiB=0.004 mirror-realloc=0.00 (per-present)
[pipeline-atlas] reuse=0.00 copy-MiB=0.000 copy-calls=0.00 (per-present; copies are GPU-only)
[pipeline-path] cpu-project=0.00 cpu-stage=0.00 gpu-reuse=0.00 publish=0.00 opt-out=0.00 limit=0.00 rejected=0.00 (events/present, not view fallbacks)
[pipeline-perf] scene=Native/menu host=0 map=00/09 output=1280x800 frames=2939 fps=2937.6 cadence-ms=0.340 p95=0.389 max=10.996 refresh=3 vsync=0 cap=0 gpu-ms=unavailable
[pipeline-stage] events/input mean-ms=0.0474 peak-call-ms=8.1943 calls=2939
[pipeline-stage] emulation mean-ms=0.0031 peak-call-ms=1.4864 calls=60
[pipeline-stage] PPU + capture mean-ms=0.0188 peak-call-ms=1.2048 calls=60
[pipeline-stage] world map build mean-ms=0.0000 peak-call-ms=0.0031 calls=60
[pipeline-stage] SIM metadata mean-ms=0.0007 peak-call-ms=0.0514 calls=60
[pipeline-stage] town canvas mean-ms=0.0000 peak-call-ms=0.0015 calls=60
[pipeline-stage] frame snapshot mean-ms=0.0006 peak-call-ms=0.0414 calls=60
[pipeline-stage] upload mean-ms=0.0072 peak-call-ms=1.0041 calls=60
[pipeline-stage] presentation mean-ms=0.0089 peak-call-ms=0.0949 calls=2939
[pipeline-stage] CRT/resolve mean-ms=0.0003 peak-call-ms=0.0099 calls=5878
[pipeline-stage] host UI mean-ms=0.0037 peak-call-ms=0.0888 calls=2939
[pipeline-stage] settings UI mean-ms=0.0001 peak-call-ms=0.0098 calls=2939
[pipeline-stage] present/wait mean-ms=0.1993 peak-call-ms=2.5719 calls=2939
[pipeline-stage] pacing/sleep mean-ms=0.0002 peak-call-ms=0.0074 calls=2939
[pipeline-stage] housekeeping mean-ms=0.0000 peak-call-ms=0.0019 calls=60
[pipeline-stage] PPU setup mean-ms=0.0001 peak-call-ms=0.0056 calls=60
[pipeline-stage] PPU scanout mean-ms=0.0185 peak-call-ms=1.1842 calls=60
[pipeline-stage] PPU finish mean-ms=0.0000 peak-call-ms=0.0015 calls=60
[pipeline-work] ticks=0.02 repre=0.98 draws=0.0 vertices=0 upload-MiB=0.009 depth-MiB=0.000 depth-copy-MiB=0.000 depth-copy-calls=0.00 jobs=0.00 helpers=0.00 fallback=0.00 failed=0.00 (per-present)
[pipeline-traffic] upload-calls=0.02 skipped=0.00 scan-MiB=0.016 upload-MiB=0.009 mirror-realloc=0.00 (per-present)
[pipeline-atlas] reuse=0.00 copy-MiB=0.000 copy-calls=0.00 (per-present; copies are GPU-only)
[pipeline-path] cpu-project=0.00 cpu-stage=0.00 gpu-reuse=0.00 publish=0.00 opt-out=0.00 limit=0.00 rejected=0.00 (events/present, not view fallbacks)
[pipeline-perf] scene=Native/menu host=0 map=00/09 output=1280x800 frames=2904 fps=2902.4 cadence-ms=0.345 p95=0.381 max=10.524 refresh=3 vsync=0 cap=0 gpu-ms=unavailable
[pipeline-stage] events/input mean-ms=0.0498 peak-call-ms=8.2252 calls=2904
[pipeline-stage] emulation mean-ms=0.0032 peak-call-ms=1.4461 calls=60
[pipeline-stage] PPU + capture mean-ms=0.0196 peak-call-ms=1.4082 calls=60
[pipeline-stage] world map build mean-ms=0.0000 peak-call-ms=0.0024 calls=60
[pipeline-stage] SIM metadata mean-ms=0.0007 peak-call-ms=0.0418 calls=60
[pipeline-stage] town canvas mean-ms=0.0000 peak-call-ms=0.0013 calls=60
[pipeline-stage] frame snapshot mean-ms=0.0006 peak-call-ms=0.0452 calls=60
[pipeline-stage] upload mean-ms=0.0071 peak-call-ms=0.4727 calls=60
[pipeline-stage] presentation mean-ms=0.0079 peak-call-ms=0.1544 calls=2904
[pipeline-stage] CRT/resolve mean-ms=0.0003 peak-call-ms=0.1460 calls=5808
[pipeline-stage] host UI mean-ms=0.0033 peak-call-ms=0.1235 calls=2904
[pipeline-stage] settings UI mean-ms=0.0001 peak-call-ms=0.0008 calls=2904
[pipeline-stage] present/wait mean-ms=0.2004 peak-call-ms=2.6174 calls=2904
[pipeline-stage] pacing/sleep mean-ms=0.0002 peak-call-ms=0.1293 calls=2904
[pipeline-stage] housekeeping mean-ms=0.0000 peak-call-ms=0.0017 calls=60
[pipeline-stage] PPU setup mean-ms=0.0001 peak-call-ms=0.0061 calls=60
[pipeline-stage] PPU scanout mean-ms=0.0192 peak-call-ms=1.3910 calls=60
[pipeline-stage] PPU finish mean-ms=0.0000 peak-call-ms=0.0014 calls=60
[pipeline-work] ticks=0.02 repre=0.98 draws=0.0 vertices=0 upload-MiB=0.010 depth-MiB=0.000 depth-copy-MiB=0.000 depth-copy-calls=0.00 jobs=0.00 helpers=0.00 fallback=0.00 failed=0.00 (per-present)
[pipeline-traffic] upload-calls=0.02 skipped=0.00 scan-MiB=0.017 upload-MiB=0.010 mirror-realloc=0.00 (per-present)
[pipeline-atlas] reuse=0.00 copy-MiB=0.000 copy-calls=0.00 (per-present; copies are GPU-only)
[pipeline-path] cpu-project=0.00 cpu-stage=0.00 gpu-reuse=0.00 publish=0.00 opt-out=0.00 limit=0.00 rejected=0.00 (events/present, not view fallbacks)
[pipeline-perf] scene=Native/menu host=0 map=00/09 output=1280x800 frames=2961 fps=2959.4 cadence-ms=0.338 p95=0.400 max=10.495 refresh=3 vsync=0 cap=0 gpu-ms=unavailable
[pipeline-stage] events/input mean-ms=0.0477 peak-call-ms=8.2406 calls=2961
[pipeline-stage] emulation mean-ms=0.0024 peak-call-ms=1.0682 calls=60
[pipeline-stage] PPU + capture mean-ms=0.0188 peak-call-ms=1.2843 calls=60
[pipeline-stage] world map build mean-ms=0.0000 peak-call-ms=0.0025 calls=60
[pipeline-stage] SIM metadata mean-ms=0.0006 peak-call-ms=0.0363 calls=60
[pipeline-stage] town canvas mean-ms=0.0000 peak-call-ms=0.0014 calls=60
[pipeline-stage] frame snapshot mean-ms=0.0006 peak-call-ms=0.0382 calls=60
[pipeline-stage] upload mean-ms=0.0067 peak-call-ms=0.3922 calls=60
[pipeline-stage] presentation mean-ms=0.0080 peak-call-ms=0.0830 calls=2961
[pipeline-stage] CRT/resolve mean-ms=0.0002 peak-call-ms=0.0098 calls=5922
[pipeline-stage] host UI mean-ms=0.0033 peak-call-ms=0.0790 calls=2961
[pipeline-stage] settings UI mean-ms=0.0001 peak-call-ms=0.0095 calls=2961
[pipeline-stage] present/wait mean-ms=0.1975 peak-call-ms=2.6554 calls=2961
[pipeline-stage] pacing/sleep mean-ms=0.0002 peak-call-ms=0.0154 calls=2961
[pipeline-stage] housekeeping mean-ms=0.0000 peak-call-ms=0.0019 calls=60
[pipeline-stage] PPU setup mean-ms=0.0001 peak-call-ms=0.0149 calls=60
[pipeline-stage] PPU scanout mean-ms=0.0184 peak-call-ms=1.2612 calls=60
[pipeline-stage] PPU finish mean-ms=0.0000 peak-call-ms=0.0104 calls=60
[pipeline-work] ticks=0.02 repre=0.98 draws=0.0 vertices=0 upload-MiB=0.011 depth-MiB=0.000 depth-copy-MiB=0.000 depth-copy-calls=0.00 jobs=0.00 helpers=0.00 fallback=0.00 failed=0.00 (per-present)
[pipeline-traffic] upload-calls=0.02 skipped=0.00 scan-MiB=0.010 upload-MiB=0.011 mirror-realloc=0.00 (per-present)
[pipeline-atlas] reuse=0.00 copy-MiB=0.000 copy-calls=0.00 (per-present; copies are GPU-only)
[pipeline-path] cpu-project=0.00 cpu-stage=0.00 gpu-reuse=0.00 publish=0.00 opt-out=0.00 limit=0.00 rejected=0.00 (events/present, not view fallbacks)
[pipeline-perf] scene=Native/menu host=0 map=00/09 output=1280x800 frames=2846 fps=2844.8 cadence-ms=0.352 p95=0.368 max=10.333 refresh=3 vsync=0 cap=0 gpu-ms=unavailable
[pipeline-stage] events/input mean-ms=0.0496 peak-call-ms=8.3507 calls=2846
[pipeline-stage] emulation mean-ms=0.0030 peak-call-ms=1.0503 calls=60
[pipeline-stage] PPU + capture mean-ms=0.0199 peak-call-ms=1.2136 calls=60
[pipeline-stage] world map build mean-ms=0.0000 peak-call-ms=0.0029 calls=60
[pipeline-stage] SIM metadata mean-ms=0.0007 peak-call-ms=0.0565 calls=60
[pipeline-stage] town canvas mean-ms=0.0000 peak-call-ms=0.0021 calls=60
[pipeline-stage] frame snapshot mean-ms=0.0006 peak-call-ms=0.0555 calls=60
[pipeline-stage] upload mean-ms=0.0075 peak-call-ms=0.4860 calls=60
[pipeline-stage] presentation mean-ms=0.0086 peak-call-ms=0.1473 calls=2846
[pipeline-stage] CRT/resolve mean-ms=0.0002 peak-call-ms=0.0123 calls=5692
[pipeline-stage] host UI mean-ms=0.0036 peak-call-ms=0.1145 calls=2846
[pipeline-stage] settings UI mean-ms=0.0001 peak-call-ms=0.0010 calls=2846
[pipeline-stage] present/wait mean-ms=0.2039 peak-call-ms=2.5789 calls=2846
[pipeline-stage] pacing/sleep mean-ms=0.0002 peak-call-ms=0.0129 calls=2846
[pipeline-stage] housekeeping mean-ms=0.0000 peak-call-ms=0.0020 calls=60
[pipeline-stage] PPU setup mean-ms=0.0001 peak-call-ms=0.0058 calls=60
[pipeline-stage] PPU scanout mean-ms=0.0195 peak-call-ms=1.1901 calls=60
[pipeline-stage] PPU finish mean-ms=0.0000 peak-call-ms=0.0015 calls=60
[pipeline-work] ticks=0.02 repre=0.98 draws=0.0 vertices=0 upload-MiB=0.013 depth-MiB=0.000 depth-copy-MiB=0.000 depth-copy-calls=0.00 jobs=0.00 helpers=0.00 fallback=0.00 failed=0.00 (per-present)
[pipeline-traffic] upload-calls=0.02 skipped=0.00 scan-MiB=0.008 upload-MiB=0.013 mirror-realloc=0.00 (per-present)
[pipeline-atlas] reuse=0.00 copy-MiB=0.000 copy-calls=0.00 (per-present; copies are GPU-only)
[pipeline-path] cpu-project=0.00 cpu-stage=0.00 gpu-reuse=0.00 publish=0.00 opt-out=0.00 limit=0.00 rejected=0.00 (events/present, not view fallbacks)
[pipeline-perf] scene=Native/menu host=0 map=00/09 output=1280x800 frames=2867 fps=2861.9 cadence-ms=0.349 p95=0.390 max=10.445 refresh=3 vsync=0 cap=0 gpu-ms=unavailable
[pipeline-stage] events/input mean-ms=0.0514 peak-call-ms=8.2715 calls=2867
[pipeline-stage] emulation mean-ms=0.0030 peak-call-ms=1.2091 calls=61
[pipeline-stage] PPU + capture mean-ms=0.0205 peak-call-ms=1.2824 calls=61
[pipeline-stage] world map build mean-ms=0.0000 peak-call-ms=0.0032 calls=61
[pipeline-stage] SIM metadata mean-ms=0.0007 peak-call-ms=0.0597 calls=61
[pipeline-stage] town canvas mean-ms=0.0000 peak-call-ms=0.0017 calls=61
[pipeline-stage] frame snapshot mean-ms=0.0007 peak-call-ms=0.0646 calls=61
[pipeline-stage] upload mean-ms=0.0074 peak-call-ms=0.4720 calls=61
[pipeline-stage] presentation mean-ms=0.0092 peak-call-ms=0.1976 calls=2867
[pipeline-stage] CRT/resolve mean-ms=0.0003 peak-call-ms=0.0078 calls=5734
[pipeline-stage] host UI mean-ms=0.0037 peak-call-ms=0.1864 calls=2867
[pipeline-stage] settings UI mean-ms=0.0001 peak-call-ms=0.0075 calls=2867
[pipeline-stage] present/wait mean-ms=0.2016 peak-call-ms=2.5519 calls=2867
[pipeline-stage] pacing/sleep mean-ms=0.0002 peak-call-ms=0.0009 calls=2867
[pipeline-stage] housekeeping mean-ms=0.0000 peak-call-ms=0.0018 calls=61
[pipeline-stage] PPU setup mean-ms=0.0001 peak-call-ms=0.0056 calls=61
[pipeline-stage] PPU scanout mean-ms=0.0201 peak-call-ms=1.2630 calls=61
[pipeline-stage] PPU finish mean-ms=0.0000 peak-call-ms=0.0021 calls=61
[pipeline-work] ticks=0.02 repre=0.98 draws=0.0 vertices=0 upload-MiB=0.013 depth-MiB=0.000 depth-copy-MiB=0.000 depth-copy-calls=0.00 jobs=0.00 helpers=0.00 fallback=0.00 failed=0.00 (per-present)
[pipeline-traffic] upload-calls=0.02 skipped=0.00 scan-MiB=0.005 upload-MiB=0.013 mirror-realloc=0.00 (per-present)
[pipeline-atlas] reuse=0.00 copy-MiB=0.000 copy-calls=0.00 (per-present; copies are GPU-only)
[pipeline-path] cpu-project=0.00 cpu-stage=0.00 gpu-reuse=0.00 publish=0.00 opt-out=0.00 limit=0.00 rejected=0.00 (events/present, not view fallbacks)
[pipeline-perf] scene=Native/menu host=0 map=00/09 output=1280x800 frames=2879 fps=2877.5 cadence-ms=0.348 p95=0.412 max=10.471 refresh=3 vsync=0 cap=0 gpu-ms=unavailable
[pipeline-stage] events/input mean-ms=0.0483 peak-call-ms=8.3249 calls=2879
[pipeline-stage] emulation mean-ms=0.0028 peak-call-ms=1.1793 calls=60
[pipeline-stage] PPU + capture mean-ms=0.0196 peak-call-ms=1.2826 calls=60
[pipeline-stage] world map build mean-ms=0.0000 peak-call-ms=0.0025 calls=60
[pipeline-stage] SIM metadata mean-ms=0.0007 peak-call-ms=0.0462 calls=60
[pipeline-stage] town canvas mean-ms=0.0000 peak-call-ms=0.0014 calls=60
[pipeline-stage] frame snapshot mean-ms=0.0007 peak-call-ms=0.0885 calls=60
[pipeline-stage] upload mean-ms=0.0071 peak-call-ms=0.5515 calls=60
[pipeline-stage] presentation mean-ms=0.0090 peak-call-ms=0.1343 calls=2879
[pipeline-stage] CRT/resolve mean-ms=0.0003 peak-call-ms=0.0194 calls=5758
[pipeline-stage] host UI mean-ms=0.0037 peak-call-ms=0.0269 calls=2879
[pipeline-stage] settings UI mean-ms=0.0001 peak-call-ms=0.0070 calls=2879
[pipeline-stage] present/wait mean-ms=0.2036 peak-call-ms=2.5492 calls=2879
[pipeline-stage] pacing/sleep mean-ms=0.0002 peak-call-ms=0.0102 calls=2879
[pipeline-stage] housekeeping mean-ms=0.0000 peak-call-ms=0.0015 calls=60
[pipeline-stage] PPU setup mean-ms=0.0001 peak-call-ms=0.0055 calls=60
[pipeline-stage] PPU scanout mean-ms=0.0192 peak-call-ms=1.2629 calls=60
[pipeline-stage] PPU finish mean-ms=0.0000 peak-call-ms=0.0017 calls=60
[pipeline-work] ticks=0.02 repre=0.98 draws=0.0 vertices=0 upload-MiB=0.013 depth-MiB=0.000 depth-copy-MiB=0.000 depth-copy-calls=0.00 jobs=0.00 helpers=0.00 fallback=0.00 failed=0.00 (per-present)
[pipeline-traffic] upload-calls=0.02 skipped=0.00 scan-MiB=0.001 upload-MiB=0.013 mirror-realloc=0.00 (per-present)
[pipeline-atlas] reuse=0.00 copy-MiB=0.000 copy-calls=0.00 (per-present; copies are GPU-only)
[pipeline-path] cpu-project=0.00 cpu-stage=0.00 gpu-reuse=0.00 publish=0.00 opt-out=0.00 limit=0.00 rejected=0.00 (events/present, not view fallbacks)
[pipeline-perf] scene=Native/menu host=0 map=00/09 output=1280x800 frames=3007 fps=3005.5 cadence-ms=0.333 p95=0.418 max=10.108 refresh=3 vsync=0 cap=0 gpu-ms=unavailable
[pipeline-stage] events/input mean-ms=0.0489 peak-call-ms=8.1657 calls=3007
[pipeline-stage] emulation mean-ms=0.0025 peak-call-ms=1.1785 calls=60
[pipeline-stage] PPU + capture mean-ms=0.0040 peak-call-ms=0.9171 calls=60
[pipeline-stage] world map build mean-ms=0.0000 peak-call-ms=0.0031 calls=60
[pipeline-stage] SIM metadata mean-ms=0.0008 peak-call-ms=0.1658 calls=60
[pipeline-stage] town canvas mean-ms=0.0000 peak-call-ms=0.0017 calls=60
[pipeline-stage] frame snapshot mean-ms=0.0007 peak-call-ms=0.0568 calls=60
[pipeline-stage] upload mean-ms=0.0017 peak-call-ms=0.3891 calls=60
[pipeline-stage] presentation mean-ms=0.0098 peak-call-ms=0.1343 calls=3007
[pipeline-stage] CRT/resolve mean-ms=0.0003 peak-call-ms=0.0120 calls=6014
[pipeline-stage] host UI mean-ms=0.0040 peak-call-ms=0.0577 calls=3007
[pipeline-stage] settings UI mean-ms=0.0001 peak-call-ms=0.0096 calls=3007
[pipeline-stage] present/wait mean-ms=0.2051 peak-call-ms=2.3292 calls=3007
[pipeline-stage] pacing/sleep mean-ms=0.0002 peak-call-ms=0.0084 calls=3007
[pipeline-stage] housekeeping mean-ms=0.0000 peak-call-ms=0.0014 calls=60
[pipeline-stage] PPU setup mean-ms=0.0001 peak-call-ms=0.0069 calls=60
[pipeline-stage] PPU scanout mean-ms=0.0036 peak-call-ms=0.8990 calls=60
[pipeline-stage] PPU finish mean-ms=0.0000 peak-call-ms=0.0016 calls=60
[pipeline-work] ticks=0.02 repre=0.98 draws=0.0 vertices=0 upload-MiB=0.002 depth-MiB=0.000 depth-copy-MiB=0.000 depth-copy-calls=0.00 jobs=0.00 helpers=0.00 fallback=0.00 failed=0.00 (per-present)
[pipeline-traffic] upload-calls=0.00 skipped=0.00 scan-MiB=0.011 upload-MiB=0.002 mirror-realloc=0.00 (per-present)
[pipeline-atlas] reuse=0.00 copy-MiB=0.000 copy-calls=0.00 (per-present; copies are GPU-only)
[pipeline-path] cpu-project=0.00 cpu-stage=0.00 gpu-reuse=0.00 publish=0.00 opt-out=0.00 limit=0.00 rejected=0.00 (events/present, not view fallbacks)
[pipeline-perf] scene=Native/menu host=0 map=00/09 output=1280x800 frames=3070 fps=3068.5 cadence-ms=0.326 p95=0.342 max=9.231 refresh=3 vsync=0 cap=0 gpu-ms=unavailable
[pipeline-stage] events/input mean-ms=0.0491 peak-call-ms=8.2449 calls=3070
[pipeline-stage] emulation mean-ms=0.0014 peak-call-ms=0.9901 calls=60
[pipeline-stage] PPU + capture mean-ms=0.0017 peak-call-ms=0.2326 calls=60
[pipeline-stage] world map build mean-ms=0.0000 peak-call-ms=0.0030 calls=60
[pipeline-stage] SIM metadata mean-ms=0.0009 peak-call-ms=0.0616 calls=60
[pipeline-stage] town canvas mean-ms=0.0000 peak-call-ms=0.0018 calls=60
[pipeline-stage] frame snapshot mean-ms=0.0008 peak-call-ms=0.1457 calls=60
[pipeline-stage] upload mean-ms=0.0009 peak-call-ms=0.0699 calls=60
[pipeline-stage] presentation mean-ms=0.0105 peak-call-ms=0.1363 calls=3070
[pipeline-stage] CRT/resolve mean-ms=0.0003 peak-call-ms=0.0098 calls=6140
[pipeline-stage] host UI mean-ms=0.0048 peak-call-ms=0.1157 calls=3070
[pipeline-stage] settings UI mean-ms=0.0002 peak-call-ms=0.0085 calls=3070
[pipeline-stage] present/wait mean-ms=0.2046 peak-call-ms=1.1976 calls=3070
[pipeline-stage] pacing/sleep mean-ms=0.0002 peak-call-ms=0.0113 calls=3070
[pipeline-stage] housekeeping mean-ms=0.0000 peak-call-ms=0.0015 calls=60
[pipeline-stage] PPU setup mean-ms=0.0001 peak-call-ms=0.0136 calls=60
[pipeline-stage] PPU scanout mean-ms=0.0012 peak-call-ms=0.2060 calls=60
[pipeline-stage] PPU finish mean-ms=0.0000 peak-call-ms=0.0016 calls=60
[pipeline-work] ticks=0.02 repre=0.98 draws=0.0 vertices=0 upload-MiB=0.000 depth-MiB=0.000 depth-copy-MiB=0.000 depth-copy-calls=0.00 jobs=0.00 helpers=0.00 fallback=0.00 failed=0.00 (per-present)
[pipeline-traffic] upload-calls=0.00 skipped=0.00 scan-MiB=0.012 upload-MiB=0.000 mirror-realloc=0.00 (per-present)
[pipeline-atlas] reuse=0.00 copy-MiB=0.000 copy-calls=0.00 (per-present; copies are GPU-only)
[pipeline-path] cpu-project=0.00 cpu-stage=0.00 gpu-reuse=0.00 publish=0.00 opt-out=0.00 limit=0.00 rejected=0.00 (events/present, not view fallbacks)
[pipeline-perf] scene=Native/menu host=0 map=00/09 output=1280x800 frames=3030 fps=3028.4 cadence-ms=0.330 p95=0.380 max=10.647 refresh=3 vsync=0 cap=0 gpu-ms=unavailable
[pipeline-stage] events/input mean-ms=0.0500 peak-call-ms=8.3554 calls=3030
[pipeline-stage] emulation mean-ms=0.0023 peak-call-ms=1.4913 calls=60
[pipeline-stage] PPU + capture mean-ms=0.0017 peak-call-ms=0.0984 calls=60
[pipeline-stage] world map build mean-ms=0.0000 peak-call-ms=0.0027 calls=60
[pipeline-stage] SIM metadata mean-ms=0.0009 peak-call-ms=0.0602 calls=60
[pipeline-stage] town canvas mean-ms=0.0000 peak-call-ms=0.0019 calls=60
[pipeline-stage] frame snapshot mean-ms=0.0008 peak-call-ms=0.0569 calls=60
[pipeline-stage] upload mean-ms=0.0009 peak-call-ms=0.0651 calls=60
[pipeline-stage] presentation mean-ms=0.0097 peak-call-ms=0.0806 calls=3030
[pipeline-stage] CRT/resolve mean-ms=0.0002 peak-call-ms=0.0086 calls=6060
[pipeline-stage] host UI mean-ms=0.0044 peak-call-ms=0.0762 calls=3030
[pipeline-stage] settings UI mean-ms=0.0001 peak-call-ms=0.0162 calls=3030
[pipeline-stage] present/wait mean-ms=0.2050 peak-call-ms=1.3653 calls=3030
[pipeline-stage] pacing/sleep mean-ms=0.0002 peak-call-ms=0.0087 calls=3030
[pipeline-stage] housekeeping mean-ms=0.0000 peak-call-ms=0.0014 calls=60
[pipeline-stage] PPU setup mean-ms=0.0001 peak-call-ms=0.0069 calls=60
[pipeline-stage] PPU scanout mean-ms=0.0012 peak-call-ms=0.0739 calls=60
[pipeline-stage] PPU finish mean-ms=0.0000 peak-call-ms=0.0016 calls=60
[pipeline-work] ticks=0.02 repre=0.98 draws=0.0 vertices=0 upload-MiB=0.000 depth-MiB=0.000 depth-copy-MiB=0.000 depth-copy-calls=0.00 jobs=0.00 helpers=0.00 fallback=0.00 failed=0.00 (per-present)
[pipeline-traffic] upload-calls=0.00 skipped=0.00 scan-MiB=0.012 upload-MiB=0.000 mirror-realloc=0.00 (per-present)
[pipeline-atlas] reuse=0.00 copy-MiB=0.000 copy-calls=0.00 (per-present; copies are GPU-only)
[pipeline-path] cpu-project=0.00 cpu-stage=0.00 gpu-reuse=0.00 publish=0.00 opt-out=0.00 limit=0.00 rejected=0.00 (events/present, not view fallbacks)
[pipeline-perf] scene=Native/menu host=0 map=00/09 output=1280x800 frames=3069 fps=3067.5 cadence-ms=0.326 p95=0.384 max=10.223 refresh=3 vsync=0 cap=0 gpu-ms=unavailable
[pipeline-stage] events/input mean-ms=0.0488 peak-call-ms=8.3021 calls=3069
[pipeline-stage] emulation mean-ms=0.0022 peak-call-ms=1.3376 calls=60
[pipeline-stage] PPU + capture mean-ms=0.0017 peak-call-ms=0.1659 calls=60
[pipeline-stage] world map build mean-ms=0.0000 peak-call-ms=0.0129 calls=60
[pipeline-stage] SIM metadata mean-ms=0.0009 peak-call-ms=0.0535 calls=60
[pipeline-stage] town canvas mean-ms=0.0000 peak-call-ms=0.0019 calls=60
[pipeline-stage] frame snapshot mean-ms=0.0008 peak-call-ms=0.1360 calls=60
[pipeline-stage] upload mean-ms=0.0009 peak-call-ms=0.1061 calls=60
[pipeline-stage] presentation mean-ms=0.0108 peak-call-ms=0.1662 calls=3069
[pipeline-stage] CRT/resolve mean-ms=0.0003 peak-call-ms=0.0809 calls=6138
[pipeline-stage] host UI mean-ms=0.0049 peak-call-ms=0.1613 calls=3069
[pipeline-stage] settings UI mean-ms=0.0002 peak-call-ms=0.0104 calls=3069
[pipeline-stage] present/wait mean-ms=0.2036 peak-call-ms=1.4906 calls=3069
[pipeline-stage] pacing/sleep mean-ms=0.0002 peak-call-ms=0.0095 calls=3069
[pipeline-stage] housekeeping mean-ms=0.0000 peak-call-ms=0.0080 calls=60
[pipeline-stage] PPU setup mean-ms=0.0001 peak-call-ms=0.0070 calls=60
[pipeline-stage] PPU scanout mean-ms=0.0012 peak-call-ms=0.0780 calls=60
[pipeline-stage] PPU finish mean-ms=0.0000 peak-call-ms=0.0016 calls=60
[pipeline-work] ticks=0.02 repre=0.98 draws=0.0 vertices=0 upload-MiB=0.000 depth-MiB=0.000 depth-copy-MiB=0.000 depth-copy-calls=0.00 jobs=0.00 helpers=0.00 fallback=0.00 failed=0.00 (per-present)
[pipeline-traffic] upload-calls=0.00 skipped=0.00 scan-MiB=0.012 upload-MiB=0.000 mirror-realloc=0.00 (per-present)
[pipeline-atlas] reuse=0.00 copy-MiB=0.000 copy-calls=0.00 (per-present; copies are GPU-only)
[pipeline-path] cpu-project=0.00 cpu-stage=0.00 gpu-reuse=0.00 publish=0.00 opt-out=0.00 limit=0.00 rejected=0.00 (events/present, not view fallbacks)
[pipeline-perf] scene=Native/menu host=0 map=00/09 output=1280x800 frames=3134 fps=3132.9 cadence-ms=0.319 p95=0.377 max=9.261 refresh=3 vsync=0 cap=0 gpu-ms=unavailable
[pipeline-stage] events/input mean-ms=0.0505 peak-call-ms=8.2479 calls=3134
[pipeline-stage] emulation mean-ms=0.0013 peak-call-ms=1.1601 calls=60
[pipeline-stage] PPU + capture mean-ms=0.0016 peak-call-ms=0.1130 calls=60
[pipeline-stage] world map build mean-ms=0.0000 peak-call-ms=0.0032 calls=60
[pipeline-stage] SIM metadata mean-ms=0.0009 peak-call-ms=0.1206 calls=60
[pipeline-stage] town canvas mean-ms=0.0000 peak-call-ms=0.0134 calls=60
[pipeline-stage] frame snapshot mean-ms=0.0008 peak-call-ms=0.1616 calls=60
[pipeline-stage] upload mean-ms=0.0009 peak-call-ms=0.2241 calls=60
[pipeline-stage] presentation mean-ms=0.0090 peak-call-ms=0.1514 calls=3134
[pipeline-stage] CRT/resolve mean-ms=0.0002 peak-call-ms=0.0174 calls=6268
[pipeline-stage] host UI mean-ms=0.0040 peak-call-ms=0.1476 calls=3134
[pipeline-stage] settings UI mean-ms=0.0001 peak-call-ms=0.0189 calls=3134
[pipeline-stage] present/wait mean-ms=0.1988 peak-call-ms=1.4555 calls=3134
[pipeline-stage] pacing/sleep mean-ms=0.0002 peak-call-ms=0.0084 calls=3134
[pipeline-stage] housekeeping mean-ms=0.0000 peak-call-ms=0.0015 calls=60
[pipeline-stage] PPU setup mean-ms=0.0001 peak-call-ms=0.0070 calls=60
[pipeline-stage] PPU scanout mean-ms=0.0012 peak-call-ms=0.0909 calls=60
[pipeline-stage] PPU finish mean-ms=0.0000 peak-call-ms=0.0016 calls=60
[pipeline-work] ticks=0.02 repre=0.98 draws=0.0 vertices=0 upload-MiB=0.000 depth-MiB=0.000 depth-copy-MiB=0.000 depth-copy-calls=0.00 jobs=0.00 helpers=0.00 fallback=0.00 failed=0.00 (per-present)
[pipeline-traffic] upload-calls=0.00 skipped=0.00 scan-MiB=0.012 upload-MiB=0.000 mirror-realloc=0.00 (per-present)
[pipeline-atlas] reuse=0.00 copy-MiB=0.000 copy-calls=0.00 (per-present; copies are GPU-only)
[pipeline-path] cpu-project=0.00 cpu-stage=0.00 gpu-reuse=0.00 publish=0.00 opt-out=0.00 limit=0.00 rejected=0.00 (events/present, not view fallbacks)
[music] stop [music:song-08] (driver halt $F0)
[action-bg-hle] full world-layer provider enabled
[action-bg-hle] fallback=forced-blank map=04/04 BG1
[widescreen] gf=1323 $18=04 $19=04 -> WIDE clamp=00 mirror=00 repeat=00 bands=0/811c9dc5 normal=00 hud=40/88/168 left-only-y=28 bg-plan=1 source=world/world hle=00
[action-fx] first scene accents captured: actors=0/0 decorations=1/1 (lighting=1 particles=1)
[act-enter] $18=04 $19=04 at game-frame 1323
[music] src=1B:8554 song=01 authentic — drop game-assets/audio/song-05.ogg to replace ([music:song-05])
[action-room-scene] ROM-derived world source enabled
[widescreen] gf=1324 $18=04 $19=04 -> WIDE clamp=00 mirror=00 repeat=00 bands=0/811c9dc5 normal=00 hud=40/88/168 left-only-y=28 bg-plan=1 source=world/world hle=03
[video-geometry] 16:10 square-PAR -> 120 extra columns/side (render width 496)
[diorama] ON via AR_DIORAMA_AT at gf=1330
[gpu-fx] DOF shader ready
[gpu-fx] rim light shader ready
[pipeline-perf] scene=Action 3D host=0 map=04/04 output=1280x800 frames=463 fps=457.9 cadence-ms=2.184 p95=9.891 max=19.736 refresh=3 vsync=0 cap=0 gpu-ms=unavailable
[pipeline-stage] events/input mean-ms=0.0730 peak-call-ms=7.8988 calls=463
[pipeline-stage] emulation mean-ms=0.0281 peak-call-ms=0.9733 calls=62
[pipeline-stage] PPU + capture mean-ms=0.8052 peak-call-ms=8.0623 calls=62
[pipeline-stage] world map build mean-ms=0.0001 peak-call-ms=0.0008 calls=62
[pipeline-stage] SIM metadata mean-ms=0.0034 peak-call-ms=0.0338 calls=62
[pipeline-stage] town canvas mean-ms=0.0002 peak-call-ms=0.0018 calls=62
[pipeline-stage] frame snapshot mean-ms=0.0069 peak-call-ms=0.0664 calls=62
[pipeline-stage] upload mean-ms=0.3493 peak-call-ms=5.4518 calls=62
[pipeline-stage] presentation mean-ms=0.1981 peak-call-ms=1.3880 calls=463
[pipeline-stage] CRT/resolve mean-ms=0.0005 peak-call-ms=0.0012 calls=926
[pipeline-stage] host UI mean-ms=0.0050 peak-call-ms=0.0227 calls=463
[pipeline-stage] settings UI mean-ms=0.0003 peak-call-ms=0.0011 calls=463
[pipeline-stage] present/wait mean-ms=0.6836 peak-call-ms=2.5903 calls=463
[pipeline-stage] pacing/sleep mean-ms=0.0004 peak-call-ms=0.0014 calls=463
[pipeline-stage] housekeeping mean-ms=0.0011 peak-call-ms=0.4297 calls=62
[pipeline-stage] PPU setup mean-ms=0.0069 peak-call-ms=0.8340 calls=62
[pipeline-stage] PPU scanout mean-ms=0.7935 peak-call-ms=7.1904 calls=62
[pipeline-stage] PPU finish mean-ms=0.0006 peak-call-ms=0.0067 calls=62
[pipeline-stage] action total mean-ms=0.1904 peak-call-ms=1.3717 calls=463
[pipeline-stage] action upload mean-ms=0.1357 peak-call-ms=2.5714 calls=62
[pipeline-stage] action analysis mean-ms=0.1970 peak-call-ms=3.3233 calls=62
[pipeline-stage] action setup mean-ms=0.0068 peak-call-ms=0.8325 calls=62
[pipeline-stage] action scanout mean-ms=0.7934 peak-call-ms=7.1897 calls=62
[pipeline-stage] action finish mean-ms=0.0006 peak-call-ms=0.0064 calls=62
[pipeline-stage] action host-post mean-ms=0.0066 peak-call-ms=0.0675 calls=62
[pipeline-stage] action synthesis mean-ms=0.0578 peak-call-ms=0.2242 calls=463
[pipeline-stage] action mesh mean-ms=0.0035 peak-call-ms=0.0026 calls=1389
[pipeline-stage] action supersample mean-ms=0.0314 peak-call-ms=0.4484 calls=463
[pipeline-stage] action DOF mean-ms=0.0324 peak-call-ms=0.7671 calls=463
[pipeline-stage] action submit mean-ms=0.0103 peak-call-ms=0.0190 calls=1852
[pipeline-stage] action callback mean-ms=0.0041 peak-call-ms=0.0292 calls=1852
[pipeline-work] ticks=0.13 repre=0.87 draws=4.0 vertices=364 upload-MiB=0.078 depth-MiB=0.000 depth-copy-MiB=0.000 depth-copy-calls=0.00 jobs=0.00 helpers=0.00 fallback=0.00 failed=0.00 (per-present)
[pipeline-traffic] upload-calls=0.35 skipped=0.08 scan-MiB=0.560 upload-MiB=0.078 mirror-realloc=0.01 (per-present)
[pipeline-atlas] reuse=0.00 copy-MiB=0.000 copy-calls=0.00 (per-present; copies are GPU-only)
[pipeline-path] cpu-project=0.00 cpu-stage=0.00 gpu-reuse=0.00 publish=0.00 opt-out=0.00 limit=0.00 rejected=0.00 (events/present, not view fallbacks)
[action-fx] first BG1-high lava geometry submitted (Diorama, depth-ordered)
[pipeline-perf] scene=Action 3D host=0 map=04/04 output=1280x800 frames=523 fps=521.9 cadence-ms=1.916 p95=9.430 max=17.775 refresh=3 vsync=0 cap=0 gpu-ms=unavailable
[pipeline-stage] events/input mean-ms=0.0517 peak-call-ms=7.9600 calls=523
[pipeline-stage] emulation mean-ms=0.0216 peak-call-ms=0.8897 calls=60
[pipeline-stage] PPU + capture mean-ms=0.6149 peak-call-ms=6.8484 calls=60
[pipeline-stage] world map build mean-ms=0.0001 peak-call-ms=0.0010 calls=60
[pipeline-stage] SIM metadata mean-ms=0.0028 peak-call-ms=0.0328 calls=60
[pipeline-stage] town canvas mean-ms=0.0001 peak-call-ms=0.0019 calls=60
[pipeline-stage] frame snapshot mean-ms=0.0061 peak-call-ms=0.0693 calls=60
[pipeline-stage] upload mean-ms=0.2316 peak-call-ms=3.2373 calls=60
[pipeline-stage] presentation mean-ms=0.2172 peak-call-ms=0.5857 calls=523
[pipeline-stage] CRT/resolve mean-ms=0.0005 peak-call-ms=0.0118 calls=1046
[pipeline-stage] host UI mean-ms=0.0049 peak-call-ms=0.0285 calls=523
[pipeline-stage] settings UI mean-ms=0.0003 peak-call-ms=0.0011 calls=523
[pipeline-stage] present/wait mean-ms=0.7032 peak-call-ms=2.3844 calls=523
[pipeline-stage] pacing/sleep mean-ms=0.0004 peak-call-ms=0.0155 calls=523
[pipeline-stage] housekeeping mean-ms=0.0001 peak-call-ms=0.0035 calls=60
[pipeline-stage] PPU setup mean-ms=0.0043 peak-call-ms=0.0566 calls=60
[pipeline-stage] PPU scanout mean-ms=0.6049 peak-call-ms=6.7387 calls=60
[pipeline-stage] PPU finish mean-ms=0.0022 peak-call-ms=0.0296 calls=60
[pipeline-stage] action total mean-ms=0.2098 peak-call-ms=0.5711 calls=523
[pipeline-stage] action upload mean-ms=0.1005 peak-call-ms=1.4126 calls=60
[pipeline-stage] action analysis mean-ms=0.1222 peak-call-ms=1.8216 calls=60
[pipeline-stage] action setup mean-ms=0.0043 peak-call-ms=0.0559 calls=60
[pipeline-stage] action scanout mean-ms=0.6048 peak-call-ms=6.7380 calls=60
[pipeline-stage] action finish mean-ms=0.0022 peak-call-ms=0.0293 calls=60
[pipeline-stage] action host-post mean-ms=0.0056 peak-call-ms=0.0600 calls=60
[pipeline-stage] action synthesis mean-ms=0.0534 peak-call-ms=0.1568 calls=523
[pipeline-stage] action mesh mean-ms=0.0036 peak-call-ms=0.0124 calls=1569
[pipeline-stage] action supersample mean-ms=0.0285 peak-call-ms=0.0615 calls=523
[pipeline-stage] action DOF mean-ms=0.0338 peak-call-ms=0.1022 calls=523
[pipeline-stage] action submit mean-ms=0.0102 peak-call-ms=0.0403 calls=2092
[pipeline-stage] action callback mean-ms=0.0252 peak-call-ms=0.0764 calls=2092
[pipeline-work] ticks=0.11 repre=0.89 draws=4.0 vertices=364 upload-MiB=0.050 depth-MiB=0.000 depth-copy-MiB=0.000 depth-copy-calls=0.00 jobs=0.00 helpers=0.00 fallback=0.00 failed=0.00 (per-present)
[pipeline-traffic] upload-calls=0.22 skipped=0.12 scan-MiB=0.480 upload-MiB=0.050 mirror-realloc=0.00 (per-present)
[pipeline-atlas] reuse=0.00 copy-MiB=0.000 copy-calls=0.00 (per-present; copies are GPU-only)
[pipeline-path] cpu-project=0.00 cpu-stage=0.00 gpu-reuse=0.00 publish=0.00 opt-out=0.00 limit=0.00 rejected=0.00 (events/present, not view fallbacks)
[pipeline-perf] scene=Action 3D host=0 map=04/04 output=1280x800 frames=584 fps=582.5 cadence-ms=1.717 p95=7.259 max=16.176 refresh=3 vsync=0 cap=0 gpu-ms=unavailable
[pipeline-stage] events/input mean-ms=0.0625 peak-call-ms=8.2243 calls=584
[pipeline-stage] emulation mean-ms=0.0174 peak-call-ms=0.9048 calls=60
[pipeline-stage] PPU + capture mean-ms=0.5417 peak-call-ms=5.5426 calls=60
[pipeline-stage] world map build mean-ms=0.0001 peak-call-ms=0.0008 calls=60
[pipeline-stage] SIM metadata mean-ms=0.0026 peak-call-ms=0.0356 calls=60
[pipeline-stage] town canvas mean-ms=0.0001 peak-call-ms=0.0015 calls=60
[pipeline-stage] frame snapshot mean-ms=0.0055 peak-call-ms=0.0663 calls=60
[pipeline-stage] upload mean-ms=0.0859 peak-call-ms=1.8095 calls=60
[pipeline-stage] presentation mean-ms=0.1827 peak-call-ms=0.3472 calls=584
[pipeline-stage] CRT/resolve mean-ms=0.0005 peak-call-ms=0.0203 calls=1168
[pipeline-stage] host UI mean-ms=0.0049 peak-call-ms=0.0447 calls=584
[pipeline-stage] settings UI mean-ms=0.0003 peak-call-ms=0.0011 calls=584
[pipeline-stage] present/wait mean-ms=0.7528 peak-call-ms=2.4004 calls=584
[pipeline-stage] pacing/sleep mean-ms=0.0004 peak-call-ms=0.0191 calls=584
[pipeline-stage] housekeeping mean-ms=0.0001 peak-call-ms=0.0029 calls=60
[pipeline-stage] PPU setup mean-ms=0.0039 peak-call-ms=0.0563 calls=60
[pipeline-stage] PPU scanout mean-ms=0.5325 peak-call-ms=5.4401 calls=60
[pipeline-stage] PPU finish mean-ms=0.0022 peak-call-ms=0.0413 calls=60
[pipeline-stage] action total mean-ms=0.1754 peak-call-ms=0.3349 calls=584
[pipeline-stage] action upload mean-ms=0.0449 peak-call-ms=0.7092 calls=60
[pipeline-stage] action analysis mean-ms=0.0330 peak-call-ms=1.0506 calls=60
[pipeline-stage] action setup mean-ms=0.0039 peak-call-ms=0.0558 calls=60
[pipeline-stage] action scanout mean-ms=0.5324 peak-call-ms=5.4398 calls=60
[pipeline-stage] action finish mean-ms=0.0022 peak-call-ms=0.0409 calls=60
[pipeline-stage] action host-post mean-ms=0.0050 peak-call-ms=0.0594 calls=60
[pipeline-stage] action synthesis mean-ms=0.0004 peak-call-ms=0.0011 calls=584
[pipeline-stage] action mesh mean-ms=0.0036 peak-call-ms=0.0063 calls=1752
[pipeline-stage] action supersample mean-ms=0.0291 peak-call-ms=0.0562 calls=584
[pipeline-stage] action DOF mean-ms=0.0448 peak-call-ms=0.1363 calls=584
[pipeline-stage] action submit mean-ms=0.0109 peak-call-ms=0.0602 calls=2336
[pipeline-stage] action callback mean-ms=0.0300 peak-call-ms=0.0820 calls=2336
[pipeline-work] ticks=0.10 repre=0.90 draws=4.0 vertices=364 upload-MiB=0.000 depth-MiB=0.000 depth-copy-MiB=0.000 depth-copy-calls=0.00 jobs=0.00 helpers=0.00 fallback=0.00 failed=0.00 (per-present)
[pipeline-traffic] upload-calls=0.07 skipped=0.24 scan-MiB=0.408 upload-MiB=0.000 mirror-realloc=0.00 (per-present)
[pipeline-atlas] reuse=0.00 copy-MiB=0.000 copy-calls=0.00 (per-present; copies are GPU-only)
[pipeline-path] cpu-project=0.00 cpu-stage=0.00 gpu-reuse=0.00 publish=0.00 opt-out=0.00 limit=0.00 rejected=0.00 (events/present, not view fallbacks)
[action-fx] first scene accent geometry submitted: 1 effect(s), 586 vertices / 1548 indices (lighting=1 particles=1)
[pipeline-perf] scene=Action 3D host=0 map=04/04 output=1280x800 frames=550 fps=546.2 cadence-ms=1.831 p95=7.424 max=15.800 refresh=3 vsync=0 cap=0 gpu-ms=unavailable
[pipeline-stage] events/input mean-ms=0.0656 peak-call-ms=8.1485 calls=550
[pipeline-stage] emulation mean-ms=0.0215 peak-call-ms=1.1574 calls=61
[pipeline-stage] PPU + capture mean-ms=0.5840 peak-call-ms=5.6278 calls=61
[pipeline-stage] world map build mean-ms=0.0001 peak-call-ms=0.0010 calls=61
[pipeline-stage] SIM metadata mean-ms=0.0027 peak-call-ms=0.0314 calls=61
[pipeline-stage] town canvas mean-ms=0.0001 peak-call-ms=0.0015 calls=61
[pipeline-stage] frame snapshot mean-ms=0.0059 peak-call-ms=0.0653 calls=61
[pipeline-stage] upload mean-ms=0.1191 peak-call-ms=1.8116 calls=61
[pipeline-stage] presentation mean-ms=0.2169 peak-call-ms=0.4297 calls=550
[pipeline-stage] CRT/resolve mean-ms=0.0005 peak-call-ms=0.0008 calls=1100
[pipeline-stage] host UI mean-ms=0.0050 peak-call-ms=0.0310 calls=550
[pipeline-stage] settings UI mean-ms=0.0003 peak-call-ms=0.0012 calls=550
[pipeline-stage] present/wait mean-ms=0.7486 peak-call-ms=2.8918 calls=550
[pipeline-stage] pacing/sleep mean-ms=0.0004 peak-call-ms=0.0131 calls=550
[pipeline-stage] housekeeping mean-ms=0.0001 peak-call-ms=0.0020 calls=61
[pipeline-stage] PPU setup mean-ms=0.0042 peak-call-ms=0.0600 calls=61
[pipeline-stage] PPU scanout mean-ms=0.5741 peak-call-ms=5.5243 calls=61
[pipeline-stage] PPU finish mean-ms=0.0023 peak-call-ms=0.0281 calls=61
[pipeline-stage] action total mean-ms=0.2093 peak-call-ms=0.4172 calls=550
[pipeline-stage] action upload mean-ms=0.0612 peak-call-ms=0.7478 calls=61
[pipeline-stage] action analysis mean-ms=0.0492 peak-call-ms=1.0468 calls=61
[pipeline-stage] action setup mean-ms=0.0042 peak-call-ms=0.0598 calls=61
[pipeline-stage] action scanout mean-ms=0.5741 peak-call-ms=5.5236 calls=61
[pipeline-stage] action finish mean-ms=0.0023 peak-call-ms=0.0276 calls=61
[pipeline-stage] action host-post mean-ms=0.0054 peak-call-ms=0.0625 calls=61
[pipeline-stage] action synthesis mean-ms=0.0437 peak-call-ms=0.1469 calls=550
[pipeline-stage] action mesh mean-ms=0.0036 peak-call-ms=0.0163 calls=1650
[pipeline-stage] action supersample mean-ms=0.0289 peak-call-ms=0.0659 calls=550
[pipeline-stage] action DOF mean-ms=0.0358 peak-call-ms=0.1382 calls=550
[pipeline-stage] action submit mean-ms=0.0101 peak-call-ms=0.0056 calls=2200
[pipeline-stage] action callback mean-ms=0.0310 peak-call-ms=0.0734 calls=2219
[pipeline-work] ticks=0.11 repre=0.89 draws=4.0 vertices=364 upload-MiB=0.004 depth-MiB=0.000 depth-copy-MiB=0.000 depth-copy-calls=0.00 jobs=0.00 helpers=0.00 fallback=0.00 failed=0.00 (per-present)
[pipeline-traffic] upload-calls=0.10 skipped=0.23 scan-MiB=0.449 upload-MiB=0.004 mirror-realloc=0.00 (per-present)
[pipeline-atlas] reuse=0.00 copy-MiB=0.000 copy-calls=0.00 (per-present; copies are GPU-only)
[pipeline-path] cpu-project=0.00 cpu-stage=0.00 gpu-reuse=0.00 publish=0.00 opt-out=0.00 limit=0.00 rejected=0.00 (events/present, not view fallbacks)
[pipeline-perf] scene=Action 3D host=0 map=04/04 output=1280x800 frames=493 fps=491.8 cadence-ms=2.033 p95=9.529 max=17.046 refresh=3 vsync=0 cap=0 gpu-ms=unavailable
[pipeline-stage] events/input mean-ms=0.0541 peak-call-ms=7.8670 calls=493
[pipeline-stage] emulation mean-ms=0.0240 peak-call-ms=0.9707 calls=60
[pipeline-stage] PPU + capture mean-ms=0.6453 peak-call-ms=5.7972 calls=60
[pipeline-stage] world map build mean-ms=0.0001 peak-call-ms=0.0008 calls=60
[pipeline-stage] SIM metadata mean-ms=0.0031 peak-call-ms=0.0382 calls=60
[pipeline-stage] town canvas mean-ms=0.0001 peak-call-ms=0.0018 calls=60
[pipeline-stage] frame snapshot mean-ms=0.0068 peak-call-ms=0.0950 calls=60
[pipeline-stage] upload mean-ms=0.3088 peak-call-ms=4.1901 calls=60
[pipeline-stage] presentation mean-ms=0.2732 peak-call-ms=0.5103 calls=493
[pipeline-stage] CRT/resolve mean-ms=0.0005 peak-call-ms=0.0011 calls=986
[pipeline-stage] host UI mean-ms=0.0051 peak-call-ms=0.0230 calls=493
[pipeline-stage] settings UI mean-ms=0.0003 peak-call-ms=0.0012 calls=493
[pipeline-stage] present/wait mean-ms=0.6500 peak-call-ms=2.1008 calls=493
[pipeline-stage] pacing/sleep mean-ms=0.0004 peak-call-ms=0.0011 calls=493
[pipeline-stage] housekeeping mean-ms=0.0001 peak-call-ms=0.0026 calls=60
[pipeline-stage] PPU setup mean-ms=0.0046 peak-call-ms=0.0532 calls=60
[pipeline-stage] PPU scanout mean-ms=0.6345 peak-call-ms=5.7038 calls=60
[pipeline-stage] PPU finish mean-ms=0.0025 peak-call-ms=0.0310 calls=60
[pipeline-stage] action total mean-ms=0.2654 peak-call-ms=0.5024 calls=493
[pipeline-stage] action upload mean-ms=0.1259 peak-call-ms=1.4451 calls=60
[pipeline-stage] action analysis mean-ms=0.1731 peak-call-ms=2.9508 calls=60
[pipeline-stage] action setup mean-ms=0.0045 peak-call-ms=0.0526 calls=60
[pipeline-stage] action scanout mean-ms=0.6344 peak-call-ms=5.7032 calls=60
[pipeline-stage] action finish mean-ms=0.0024 peak-call-ms=0.0307 calls=60
[pipeline-stage] action host-post mean-ms=0.0059 peak-call-ms=0.0619 calls=60
[pipeline-stage] action synthesis mean-ms=0.0965 peak-call-ms=0.1616 calls=493
[pipeline-stage] action mesh mean-ms=0.0035 peak-call-ms=0.0143 calls=1479
[pipeline-stage] action supersample mean-ms=0.0281 peak-call-ms=0.0643 calls=493
[pipeline-stage] action DOF mean-ms=0.0263 peak-call-ms=0.0844 calls=493
[pipeline-stage] action submit mean-ms=0.0097 peak-call-ms=0.0249 calls=1972
[pipeline-stage] action callback mean-ms=0.0431 peak-call-ms=0.0877 calls=2219
[pipeline-work] ticks=0.12 repre=0.88 draws=4.0 vertices=364 upload-MiB=0.076 depth-MiB=0.000 depth-copy-MiB=0.000 depth-copy-calls=0.00 jobs=0.00 helpers=0.00 fallback=0.00 failed=0.00 (per-present)
[pipeline-traffic] upload-calls=0.29 skipped=0.08 scan-MiB=0.467 upload-MiB=0.076 mirror-realloc=0.00 (per-present)
[pipeline-atlas] reuse=0.00 copy-MiB=0.000 copy-calls=0.00 (per-present; copies are GPU-only)
[pipeline-path] cpu-project=0.00 cpu-stage=0.00 gpu-reuse=0.00 publish=0.00 opt-out=0.00 limit=0.00 rejected=0.00 (events/present, not view fallbacks)
[pipeline-perf] scene=Action 3D host=0 map=04/04 output=1280x800 frames=457 fps=455.5 cadence-ms=2.196 p95=9.505 max=17.740 refresh=3 vsync=0 cap=0 gpu-ms=unavailable
[pipeline-stage] events/input mean-ms=0.0739 peak-call-ms=8.0826 calls=457
[pipeline-stage] emulation mean-ms=0.0277 peak-call-ms=1.0198 calls=60
[pipeline-stage] PPU + capture mean-ms=0.7012 peak-call-ms=5.7727 calls=60
[pipeline-stage] world map build mean-ms=0.0001 peak-call-ms=0.0008 calls=60
[pipeline-stage] SIM metadata mean-ms=0.0033 peak-call-ms=0.0494 calls=60
[pipeline-stage] town canvas mean-ms=0.0001 peak-call-ms=0.0015 calls=60
[pipeline-stage] frame snapshot mean-ms=0.0074 peak-call-ms=0.0699 calls=60
[pipeline-stage] upload mean-ms=0.2839 peak-call-ms=4.7957 calls=60
[pipeline-stage] presentation mean-ms=0.2541 peak-call-ms=0.5846 calls=457
[pipeline-stage] CRT/resolve mean-ms=0.0005 peak-call-ms=0.0009 calls=914
[pipeline-stage] host UI mean-ms=0.0050 peak-call-ms=0.0330 calls=457
[pipeline-stage] settings UI mean-ms=0.0003 peak-call-ms=0.0014 calls=457
[pipeline-stage] present/wait mean-ms=0.7741 peak-call-ms=2.4173 calls=457
[pipeline-stage] pacing/sleep mean-ms=0.0004 peak-call-ms=0.0013 calls=457
[pipeline-stage] housekeeping mean-ms=0.0001 peak-call-ms=0.0020 calls=60
[pipeline-stage] PPU setup mean-ms=0.0052 peak-call-ms=0.0700 calls=60
[pipeline-stage] PPU scanout mean-ms=0.6898 peak-call-ms=5.6808 calls=60
[pipeline-stage] PPU finish mean-ms=0.0022 peak-call-ms=0.0409 calls=60
[pipeline-stage] action total mean-ms=0.2464 peak-call-ms=0.5760 calls=457
[pipeline-stage] action upload mean-ms=0.1261 peak-call-ms=1.9146 calls=60
[pipeline-stage] action analysis mean-ms=0.1473 peak-call-ms=3.1919 calls=60
[pipeline-stage] action setup mean-ms=0.0052 peak-call-ms=0.0697 calls=60
[pipeline-stage] action scanout mean-ms=0.6897 peak-call-ms=5.6800 calls=60
[pipeline-stage] action finish mean-ms=0.0021 peak-call-ms=0.0405 calls=60
[pipeline-stage] action host-post mean-ms=0.0065 peak-call-ms=0.0755 calls=60
[pipeline-stage] action synthesis mean-ms=0.0932 peak-call-ms=0.1732 calls=457
[pipeline-stage] action mesh mean-ms=0.0049 peak-call-ms=0.0355 calls=1907
[pipeline-stage] action supersample mean-ms=0.0397 peak-call-ms=0.1836 calls=725
[pipeline-stage] action DOF mean-ms=0.0272 peak-call-ms=0.0632 calls=457
[pipeline-stage] action submit mean-ms=0.0110 peak-call-ms=0.0316 calls=2096
[pipeline-stage] action callback mean-ms=0.0163 peak-call-ms=0.0564 calls=2175
[pipeline-work] ticks=0.13 repre=0.87 draws=4.6 vertices=401 upload-MiB=0.061 depth-MiB=0.000 depth-copy-MiB=0.000 depth-copy-calls=0.00 jobs=0.00 helpers=0.00 fallback=0.00 failed=0.00 (per-present)
[pipeline-traffic] upload-calls=0.25 skipped=0.23 scan-MiB=0.567 upload-MiB=0.061 mirror-realloc=0.00 (per-present)
[pipeline-atlas] reuse=0.00 copy-MiB=0.000 copy-calls=0.00 (per-present; copies are GPU-only)
[pipeline-path] cpu-project=0.00 cpu-stage=0.00 gpu-reuse=0.00 publish=0.00 opt-out=0.00 limit=0.00 rejected=0.00 (events/present, not view fallbacks)
[pipeline-perf] scene=Action 3D host=0 map=04/04 output=1280x800 frames=381 fps=376.1 cadence-ms=2.659 p95=10.436 max=18.880 refresh=3 vsync=0 cap=0 gpu-ms=unavailable
[pipeline-stage] events/input mean-ms=0.0680 peak-call-ms=8.2365 calls=381
[pipeline-stage] emulation mean-ms=0.0316 peak-call-ms=0.9759 calls=61
[pipeline-stage] PPU + capture mean-ms=0.8708 peak-call-ms=6.7313 calls=61
[pipeline-stage] world map build mean-ms=0.0001 peak-call-ms=0.0009 calls=61
[pipeline-stage] SIM metadata mean-ms=0.0039 peak-call-ms=0.0305 calls=61
[pipeline-stage] town canvas mean-ms=0.0002 peak-call-ms=0.0015 calls=61
[pipeline-stage] frame snapshot mean-ms=0.0090 peak-call-ms=0.0855 calls=61
[pipeline-stage] upload mean-ms=0.5674 peak-call-ms=4.3420 calls=61
[pipeline-stage] presentation mean-ms=0.3105 peak-call-ms=0.4636 calls=381
[pipeline-stage] CRT/resolve mean-ms=0.0005 peak-call-ms=0.0009 calls=762
[pipeline-stage] host UI mean-ms=0.0051 peak-call-ms=0.0224 calls=381
[pipeline-stage] settings UI mean-ms=0.0003 peak-call-ms=0.0010 calls=381
[pipeline-stage] present/wait mean-ms=0.7256 peak-call-ms=2.4355 calls=381
[pipeline-stage] pacing/sleep mean-ms=0.0004 peak-call-ms=0.0013 calls=381
[pipeline-stage] housekeeping mean-ms=0.0002 peak-call-ms=0.0019 calls=61
[pipeline-stage] PPU setup mean-ms=0.0061 peak-call-ms=0.0529 calls=61
[pipeline-stage] PPU scanout mean-ms=0.8558 peak-call-ms=6.6632 calls=61
[pipeline-stage] PPU finish mean-ms=0.0038 peak-call-ms=0.0521 calls=61
[pipeline-stage] action total mean-ms=0.3024 peak-call-ms=0.4491 calls=381
[pipeline-stage] action upload mean-ms=0.2100 peak-call-ms=1.7416 calls=61
[pipeline-stage] action analysis mean-ms=0.3449 peak-call-ms=2.8798 calls=61
[pipeline-stage] action setup mean-ms=0.0061 peak-call-ms=0.0525 calls=61
[pipeline-stage] action scanout mean-ms=0.8557 peak-call-ms=6.6622 calls=61
[pipeline-stage] action finish mean-ms=0.0037 peak-call-ms=0.0518 calls=61
[pipeline-stage] action host-post mean-ms=0.0077 peak-call-ms=0.0563 calls=61
[pipeline-stage] action synthesis mean-ms=0.1016 peak-call-ms=0.1565 calls=381
[pipeline-stage] action mesh mean-ms=0.0057 peak-call-ms=0.0217 calls=1905
[pipeline-stage] action supersample mean-ms=0.0464 peak-call-ms=0.0533 calls=762
[pipeline-stage] action DOF mean-ms=0.0274 peak-call-ms=0.1039 calls=381
[pipeline-stage] action submit mean-ms=0.0115 peak-call-ms=0.0159 calls=1905
[pipeline-stage] action callback mean-ms=0.0474 peak-call-ms=0.0917 calls=2034
[pipeline-work] ticks=0.16 repre=0.84 draws=5.0 vertices=427 upload-MiB=0.156 depth-MiB=0.000 depth-copy-MiB=0.000 depth-copy-calls=0.00 jobs=0.00 helpers=0.00 fallback=0.00 failed=0.00 (per-present)
[pipeline-traffic] upload-calls=0.59 skipped=0.05 scan-MiB=0.605 upload-MiB=0.156 mirror-realloc=0.00 (per-present)
[pipeline-atlas] reuse=0.00 copy-MiB=0.000 copy-calls=0.00 (per-present; copies are GPU-only)
[pipeline-path] cpu-project=0.00 cpu-stage=0.00 gpu-reuse=0.00 publish=0.00 opt-out=0.00 limit=0.00 rejected=0.00 (events/present, not view fallbacks)
[pipeline-perf] scene=Action 3D host=0 map=04/04 output=1280x800 frames=388 fps=386.7 cadence-ms=2.586 p95=10.383 max=15.579 refresh=3 vsync=0 cap=0 gpu-ms=unavailable
[pipeline-stage] events/input mean-ms=0.0469 peak-call-ms=7.4018 calls=388
[pipeline-stage] emulation mean-ms=0.0352 peak-call-ms=1.2909 calls=60
[pipeline-stage] PPU + capture mean-ms=0.8286 peak-call-ms=6.3782 calls=60
[pipeline-stage] world map build mean-ms=0.0001 peak-call-ms=0.0007 calls=60
[pipeline-stage] SIM metadata mean-ms=0.0038 peak-call-ms=0.0273 calls=60
[pipeline-stage] town canvas mean-ms=0.0002 peak-call-ms=0.0016 calls=60
[pipeline-stage] frame snapshot mean-ms=0.0084 peak-call-ms=0.0674 calls=60
[pipeline-stage] upload mean-ms=0.4813 peak-call-ms=4.5650 calls=60
[pipeline-stage] presentation mean-ms=0.3615 peak-call-ms=2.0874 calls=388
[pipeline-stage] CRT/resolve mean-ms=0.0006 peak-call-ms=0.0011 calls=776
[pipeline-stage] host UI mean-ms=0.0054 peak-call-ms=0.0267 calls=388
[pipeline-stage] settings UI mean-ms=0.0004 peak-call-ms=0.0201 calls=388
[pipeline-stage] present/wait mean-ms=0.7468 peak-call-ms=2.3450 calls=388
[pipeline-stage] pacing/sleep mean-ms=0.0005 peak-call-ms=0.0402 calls=388
[pipeline-stage] housekeeping mean-ms=0.0002 peak-call-ms=0.0119 calls=60
[pipeline-stage] PPU setup mean-ms=0.0060 peak-call-ms=0.0575 calls=60
[pipeline-stage] PPU scanout mean-ms=0.8172 peak-call-ms=6.3057 calls=60
[pipeline-stage] PPU finish mean-ms=0.0007 peak-call-ms=0.0071 calls=60
[pipeline-stage] action total mean-ms=0.3531 peak-call-ms=2.0690 calls=388
[pipeline-stage] action upload mean-ms=0.1849 peak-call-ms=1.5508 calls=60
[pipeline-stage] action analysis mean-ms=0.2842 peak-call-ms=3.1018 calls=60
[pipeline-stage] action setup mean-ms=0.0059 peak-call-ms=0.0571 calls=60
[pipeline-stage] action scanout mean-ms=0.8171 peak-call-ms=6.3050 calls=60
[pipeline-stage] action finish mean-ms=0.0006 peak-call-ms=0.0068 calls=60
[pipeline-stage] action host-post mean-ms=0.0074 peak-call-ms=0.0617 calls=60
[pipeline-stage] action synthesis mean-ms=0.1191 peak-call-ms=1.1050 calls=388
[pipeline-stage] action mesh mean-ms=0.0057 peak-call-ms=0.0212 calls=1940
[pipeline-stage] action supersample mean-ms=0.0581 peak-call-ms=0.2506 calls=776
[pipeline-stage] action DOF mean-ms=0.0319 peak-call-ms=0.2265 calls=388
[pipeline-stage] action submit mean-ms=0.0116 peak-call-ms=0.0170 calls=1940
[pipeline-stage] action callback mean-ms=0.0512 peak-call-ms=0.0898 calls=1940
[pipeline-work] ticks=0.15 repre=0.85 draws=5.0 vertices=427 upload-MiB=0.116 depth-MiB=0.000 depth-copy-MiB=0.000 depth-copy-calls=0.00 jobs=0.00 helpers=0.00 fallback=0.00 failed=0.00 (per-present)
[pipeline-traffic] upload-calls=0.49 skipped=0.13 scan-MiB=0.633 upload-MiB=0.116 mirror-realloc=0.00 (per-present)
[pipeline-atlas] reuse=0.00 copy-MiB=0.000 copy-calls=0.00 (per-present; copies are GPU-only)
[pipeline-path] cpu-project=0.00 cpu-stage=0.00 gpu-reuse=0.00 publish=0.00 opt-out=0.00 limit=0.00 rejected=0.00 (events/present, not view fallbacks)
[pipeline-perf] scene=Action 3D host=0 map=04/04 output=1280x800 frames=396 fps=394.5 cadence-ms=2.535 p95=10.366 max=15.950 refresh=3 vsync=0 cap=0 gpu-ms=unavailable
[pipeline-stage] events/input mean-ms=0.0661 peak-call-ms=7.8606 calls=396
[pipeline-stage] emulation mean-ms=0.0335 peak-call-ms=1.3433 calls=60
[pipeline-stage] PPU + capture mean-ms=0.8044 peak-call-ms=5.6041 calls=60
[pipeline-stage] world map build mean-ms=0.0001 peak-call-ms=0.0007 calls=60
[pipeline-stage] SIM metadata mean-ms=0.0037 peak-call-ms=0.0267 calls=60
[pipeline-stage] town canvas mean-ms=0.0002 peak-call-ms=0.0015 calls=60
[pipeline-stage] frame snapshot mean-ms=0.0083 peak-call-ms=0.0657 calls=60
[pipeline-stage] upload mean-ms=0.4463 peak-call-ms=3.9430 calls=60
[pipeline-stage] presentation mean-ms=0.3251 peak-call-ms=1.1064 calls=396
[pipeline-stage] CRT/resolve mean-ms=0.0005 peak-call-ms=0.0009 calls=792
[pipeline-stage] host UI mean-ms=0.0052 peak-call-ms=0.0183 calls=396
[pipeline-stage] settings UI mean-ms=0.0003 peak-call-ms=0.0010 calls=396
[pipeline-stage] present/wait mean-ms=0.7770 peak-call-ms=2.3013 calls=396
[pipeline-stage] pacing/sleep mean-ms=0.0004 peak-call-ms=0.0013 calls=396
[pipeline-stage] housekeeping mean-ms=0.0002 peak-call-ms=0.0019 calls=60
[pipeline-stage] PPU setup mean-ms=0.0059 peak-call-ms=0.0563 calls=60
[pipeline-stage] PPU scanout mean-ms=0.7932 peak-call-ms=5.5103 calls=60
[pipeline-stage] PPU finish mean-ms=0.0006 peak-call-ms=0.0052 calls=60
[pipeline-stage] action total mean-ms=0.3171 peak-call-ms=1.0963 calls=396
[pipeline-stage] action upload mean-ms=0.1745 peak-call-ms=1.4470 calls=60
[pipeline-stage] action analysis mean-ms=0.2599 peak-call-ms=2.5014 calls=60
[pipeline-stage] action setup mean-ms=0.0059 peak-call-ms=0.0559 calls=60
[pipeline-stage] action scanout mean-ms=0.7931 peak-call-ms=5.5098 calls=60
[pipeline-stage] action finish mean-ms=0.0006 peak-call-ms=0.0047 calls=60
[pipeline-stage] action host-post mean-ms=0.0073 peak-call-ms=0.0553 calls=60
[pipeline-stage] action synthesis mean-ms=0.1004 peak-call-ms=0.3364 calls=396
[pipeline-stage] action mesh mean-ms=0.0056 peak-call-ms=0.0164 calls=1980
[pipeline-stage] action supersample mean-ms=0.0495 peak-call-ms=0.1929 calls=792
[pipeline-stage] action DOF mean-ms=0.0275 peak-call-ms=0.1625 calls=396
[pipeline-stage] action submit mean-ms=0.0115 peak-call-ms=0.0241 calls=1980
[pipeline-stage] action callback mean-ms=0.0559 peak-call-ms=0.0947 calls=1980
[pipeline-work] ticks=0.15 repre=0.85 draws=5.0 vertices=427 upload-MiB=0.108 depth-MiB=0.000 depth-copy-MiB=0.000 depth-copy-calls=0.00 jobs=0.00 helpers=0.00 fallback=0.00 failed=0.00 (per-present)
[pipeline-traffic] upload-calls=0.45 skipped=0.16 scan-MiB=0.634 upload-MiB=0.108 mirror-realloc=0.00 (per-present)
[pipeline-atlas] reuse=0.00 copy-MiB=0.000 copy-calls=0.00 (per-present; copies are GPU-only)
[pipeline-path] cpu-project=0.00 cpu-stage=0.00 gpu-reuse=0.00 publish=0.00 opt-out=0.00 limit=0.00 rejected=0.00 (events/present, not view fallbacks)
[pipeline-perf] scene=Action 3D host=0 map=04/04 output=1280x800 frames=361 fps=359.7 cadence-ms=2.780 p95=10.702 max=18.488 refresh=3 vsync=0 cap=0 gpu-ms=unavailable
[pipeline-stage] events/input mean-ms=0.0693 peak-call-ms=7.6203 calls=361
[pipeline-stage] emulation mean-ms=0.0350 peak-call-ms=1.2106 calls=61
[pipeline-stage] PPU + capture mean-ms=0.9167 peak-call-ms=6.0154 calls=61
[pipeline-stage] world map build mean-ms=0.0001 peak-call-ms=0.0009 calls=61
[pipeline-stage] SIM metadata mean-ms=0.0042 peak-call-ms=0.0376 calls=61
[pipeline-stage] town canvas mean-ms=0.0002 peak-call-ms=0.0017 calls=61
[pipeline-stage] frame snapshot mean-ms=0.0093 peak-call-ms=0.0644 calls=61
[pipeline-stage] upload mean-ms=0.6143 peak-call-ms=4.9808 calls=61
[pipeline-stage] presentation mean-ms=0.3212 peak-call-ms=0.5155 calls=361
[pipeline-stage] CRT/resolve mean-ms=0.0005 peak-call-ms=0.0009 calls=722
[pipeline-stage] host UI mean-ms=0.0051 peak-call-ms=0.0148 calls=361
[pipeline-stage] settings UI mean-ms=0.0003 peak-call-ms=0.0010 calls=361
[pipeline-stage] present/wait mean-ms=0.7605 peak-call-ms=2.4682 calls=361
[pipeline-stage] pacing/sleep mean-ms=0.0005 peak-call-ms=0.0140 calls=361
[pipeline-stage] housekeeping mean-ms=0.0002 peak-call-ms=0.0024 calls=61
[pipeline-stage] PPU setup mean-ms=0.0064 peak-call-ms=0.0543 calls=61
[pipeline-stage] PPU scanout mean-ms=0.8994 peak-call-ms=5.8971 calls=61
[pipeline-stage] PPU finish mean-ms=0.0055 peak-call-ms=0.0527 calls=61
[pipeline-stage] action total mean-ms=0.3132 peak-call-ms=0.5070 calls=361
[pipeline-stage] action upload mean-ms=0.2276 peak-call-ms=1.5621 calls=61
[pipeline-stage] action analysis mean-ms=0.3732 peak-call-ms=3.5430 calls=61
[pipeline-stage] action setup mean-ms=0.0064 peak-call-ms=0.0534 calls=61
[pipeline-stage] action scanout mean-ms=0.8993 peak-call-ms=5.8962 calls=61
[pipeline-stage] action finish mean-ms=0.0054 peak-call-ms=0.0524 calls=61
[pipeline-stage] action host-post mean-ms=0.0082 peak-call-ms=0.0629 calls=61
[pipeline-stage] action synthesis mean-ms=0.1104 peak-call-ms=0.1784 calls=361
[pipeline-stage] action mesh mean-ms=0.0055 peak-call-ms=0.0029 calls=1805
[pipeline-stage] action supersample mean-ms=0.0473 peak-call-ms=0.2091 calls=722
[pipeline-stage] action DOF mean-ms=0.0268 peak-call-ms=0.1194 calls=361
[pipeline-stage] action submit mean-ms=0.0113 peak-call-ms=0.0121 calls=1805
[pipeline-stage] action callback mean-ms=0.0492 peak-call-ms=0.1077 calls=1805
[pipeline-work] ticks=0.17 repre=0.83 draws=5.0 vertices=427 upload-MiB=0.181 depth-MiB=0.000 depth-copy-MiB=0.000 depth-copy-calls=0.00 jobs=0.00 helpers=0.00 fallback=0.00 failed=0.00 (per-present)
[pipeline-traffic] upload-calls=0.61 skipped=0.07 scan-MiB=0.660 upload-MiB=0.181 mirror-realloc=0.00 (per-present)
[pipeline-atlas] reuse=0.00 copy-MiB=0.000 copy-calls=0.00 (per-present; copies are GPU-only)
[pipeline-path] cpu-project=0.00 cpu-stage=0.00 gpu-reuse=0.00 publish=0.00 opt-out=0.00 limit=0.00 rejected=0.00 (events/present, not view fallbacks)
[pipeline-perf] scene=Action 3D host=0 map=04/04 output=1280x800 frames=383 fps=381.9 cadence-ms=2.618 p95=10.618 max=19.008 refresh=3 vsync=0 cap=0 gpu-ms=unavailable
[pipeline-stage] events/input mean-ms=0.0670 peak-call-ms=7.8466 calls=383
[pipeline-stage] emulation mean-ms=0.0366 peak-call-ms=1.1651 calls=60
[pipeline-stage] PPU + capture mean-ms=0.8608 peak-call-ms=5.8200 calls=60
[pipeline-stage] world map build mean-ms=0.0001 peak-call-ms=0.0008 calls=60
[pipeline-stage] SIM metadata mean-ms=0.0039 peak-call-ms=0.0294 calls=60
[pipeline-stage] town canvas mean-ms=0.0002 peak-call-ms=0.0018 calls=60
[pipeline-stage] frame snapshot mean-ms=0.0086 peak-call-ms=0.0648 calls=60
[pipeline-stage] upload mean-ms=0.4799 peak-call-ms=4.4081 calls=60
[pipeline-stage] presentation mean-ms=0.2988 peak-call-ms=0.5515 calls=383
[pipeline-stage] CRT/resolve mean-ms=0.0005 peak-call-ms=0.0009 calls=766
[pipeline-stage] host UI mean-ms=0.0052 peak-call-ms=0.0242 calls=383
[pipeline-stage] settings UI mean-ms=0.0003 peak-call-ms=0.0013 calls=383
[pipeline-stage] present/wait mean-ms=0.7906 peak-call-ms=2.5782 calls=383
[pipeline-stage] pacing/sleep mean-ms=0.0004 peak-call-ms=0.0013 calls=383
[pipeline-stage] housekeeping mean-ms=0.0002 peak-call-ms=0.0038 calls=60
[pipeline-stage] PPU setup mean-ms=0.0062 peak-call-ms=0.0604 calls=60
[pipeline-stage] PPU scanout mean-ms=0.8484 peak-call-ms=5.7016 calls=60
[pipeline-stage] PPU finish mean-ms=0.0013 peak-call-ms=0.0240 calls=60
[pipeline-stage] action total mean-ms=0.2907 peak-call-ms=0.5429 calls=383
[pipeline-stage] action upload mean-ms=0.1840 peak-call-ms=1.5727 calls=60
[pipeline-stage] action analysis mean-ms=0.2835 peak-call-ms=2.9489 calls=60
[pipeline-stage] action setup mean-ms=0.0061 peak-call-ms=0.0596 calls=60
[pipeline-stage] action scanout mean-ms=0.8483 peak-call-ms=5.7010 calls=60
[pipeline-stage] action finish mean-ms=0.0013 peak-call-ms=0.0237 calls=60
[pipeline-stage] action host-post mean-ms=0.0076 peak-call-ms=0.0570 calls=60
[pipeline-stage] action synthesis mean-ms=0.1034 peak-call-ms=0.1815 calls=383
[pipeline-stage] action mesh mean-ms=0.0057 peak-call-ms=0.0195 calls=1915
[pipeline-stage] action supersample mean-ms=0.0475 peak-call-ms=0.0575 calls=766
[pipeline-stage] action DOF mean-ms=0.0275 peak-call-ms=0.0667 calls=383
[pipeline-stage] action submit mean-ms=0.0118 peak-call-ms=0.1207 calls=1915
[pipeline-stage] action callback mean-ms=0.0352 peak-call-ms=0.2279 calls=1915
[pipeline-work] ticks=0.16 repre=0.84 draws=5.0 vertices=427 upload-MiB=0.125 depth-MiB=0.000 depth-copy-MiB=0.000 depth-copy-calls=0.00 jobs=0.00 helpers=0.00 fallback=0.00 failed=0.00 (per-present)
[pipeline-traffic] upload-calls=0.46 skipped=0.17 scan-MiB=0.646 upload-MiB=0.125 mirror-realloc=0.00 (per-present)
[pipeline-atlas] reuse=0.00 copy-MiB=0.000 copy-calls=0.00 (per-present; copies are GPU-only)
[pipeline-path] cpu-project=0.00 cpu-stage=0.00 gpu-reuse=0.00 publish=0.00 opt-out=0.00 limit=0.00 rejected=0.00 (events/present, not view fallbacks)
[pipeline-perf] scene=Action 3D host=0 map=04/04 output=1280x800 frames=371 fps=369.7 cadence-ms=2.705 p95=10.780 max=19.011 refresh=3 vsync=0 cap=0 gpu-ms=unavailable
[pipeline-stage] events/input mean-ms=0.0680 peak-call-ms=7.9856 calls=371
[pipeline-stage] emulation mean-ms=0.0340 peak-call-ms=1.2793 calls=61
[pipeline-stage] PPU + capture mean-ms=0.9266 peak-call-ms=7.2358 calls=61
[pipeline-stage] world map build mean-ms=0.0001 peak-call-ms=0.0175 calls=61
[pipeline-stage] SIM metadata mean-ms=0.0041 peak-call-ms=0.0321 calls=61
[pipeline-stage] town canvas mean-ms=0.0002 peak-call-ms=0.0015 calls=61
[pipeline-stage] frame snapshot mean-ms=0.0092 peak-call-ms=0.0839 calls=61
[pipeline-stage] upload mean-ms=0.5121 peak-call-ms=5.5551 calls=61
[pipeline-stage] presentation mean-ms=0.3150 peak-call-ms=0.5048 calls=371
[pipeline-stage] CRT/resolve mean-ms=0.0005 peak-call-ms=0.0010 calls=742
[pipeline-stage] host UI mean-ms=0.0053 peak-call-ms=0.0108 calls=371
[pipeline-stage] settings UI mean-ms=0.0003 peak-call-ms=0.0011 calls=371
[pipeline-stage] present/wait mean-ms=0.7880 peak-call-ms=2.2921 calls=371
[pipeline-stage] pacing/sleep mean-ms=0.0004 peak-call-ms=0.0011 calls=371
[pipeline-stage] housekeeping mean-ms=0.0002 peak-call-ms=0.0034 calls=61
[pipeline-stage] PPU setup mean-ms=0.0064 peak-call-ms=0.0687 calls=61
[pipeline-stage] PPU scanout mean-ms=0.9125 peak-call-ms=7.1358 calls=61
[pipeline-stage] PPU finish mean-ms=0.0027 peak-call-ms=0.0286 calls=61
[pipeline-stage] action total mean-ms=0.3068 peak-call-ms=0.4894 calls=371
[pipeline-stage] action upload mean-ms=0.1932 peak-call-ms=2.6335 calls=61
[pipeline-stage] action analysis mean-ms=0.3056 peak-call-ms=2.8486 calls=61
[pipeline-stage] action setup mean-ms=0.0063 peak-call-ms=0.0682 calls=61
[pipeline-stage] action scanout mean-ms=0.9124 peak-call-ms=7.1351 calls=61
[pipeline-stage] action finish mean-ms=0.0026 peak-call-ms=0.0283 calls=61
[pipeline-stage] action host-post mean-ms=0.0080 peak-call-ms=0.0687 calls=61
[pipeline-stage] action synthesis mean-ms=0.1018 peak-call-ms=0.2104 calls=371
[pipeline-stage] action mesh mean-ms=0.0058 peak-call-ms=0.0239 calls=1855
[pipeline-stage] action supersample mean-ms=0.0480 peak-call-ms=0.0738 calls=742
[pipeline-stage] action DOF mean-ms=0.0275 peak-call-ms=0.0614 calls=371
[pipeline-stage] action submit mean-ms=0.0117 peak-call-ms=0.0169 calls=1855
[pipeline-stage] action callback mean-ms=0.0493 peak-call-ms=0.0781 calls=1972
[pipeline-work] ticks=0.16 repre=0.84 draws=5.0 vertices=427 upload-MiB=0.130 depth-MiB=0.000 depth-copy-MiB=0.000 depth-copy-calls=0.00 jobs=0.00 helpers=0.00 fallback=0.00 failed=0.00 (per-present)
[pipeline-traffic] upload-calls=0.48 skipped=0.19 scan-MiB=0.642 upload-MiB=0.130 mirror-realloc=0.00 (per-present)
[pipeline-atlas] reuse=0.00 copy-MiB=0.000 copy-calls=0.00 (per-present; copies are GPU-only)
[pipeline-path] cpu-project=0.00 cpu-stage=0.00 gpu-reuse=0.00 publish=0.00 opt-out=0.00 limit=0.00 rejected=0.00 (events/present, not view fallbacks)
[pipeline-perf] scene=Action 3D host=0 map=04/04 output=1280x800 frames=352 fps=350.8 cadence-ms=2.851 p95=10.770 max=19.449 refresh=3 vsync=0 cap=0 gpu-ms=unavailable
[pipeline-stage] events/input mean-ms=0.0728 peak-call-ms=7.7455 calls=352
[pipeline-stage] emulation mean-ms=0.0322 peak-call-ms=0.7661 calls=60
[pipeline-stage] PPU + capture mean-ms=0.9536 peak-call-ms=5.9082 calls=60
[pipeline-stage] world map build mean-ms=0.0001 peak-call-ms=0.0008 calls=60
[pipeline-stage] SIM metadata mean-ms=0.0042 peak-call-ms=0.0326 calls=60
[pipeline-stage] town canvas mean-ms=0.0002 peak-call-ms=0.0018 calls=60
[pipeline-stage] frame snapshot mean-ms=0.0094 peak-call-ms=0.0785 calls=60
[pipeline-stage] upload mean-ms=0.6553 peak-call-ms=5.8662 calls=60
[pipeline-stage] presentation mean-ms=0.3043 peak-call-ms=0.4931 calls=352
[pipeline-stage] CRT/resolve mean-ms=0.0005 peak-call-ms=0.0010 calls=704
[pipeline-stage] host UI mean-ms=0.0053 peak-call-ms=0.0519 calls=352
[pipeline-stage] settings UI mean-ms=0.0003 peak-call-ms=0.0011 calls=352
[pipeline-stage] present/wait mean-ms=0.7446 peak-call-ms=2.6447 calls=352
[pipeline-stage] pacing/sleep mean-ms=0.0004 peak-call-ms=0.0012 calls=352
[pipeline-stage] housekeeping mean-ms=0.0002 peak-call-ms=0.0021 calls=60
[pipeline-stage] PPU setup mean-ms=0.0065 peak-call-ms=0.0567 calls=60
[pipeline-stage] PPU scanout mean-ms=0.9377 peak-call-ms=5.8378 calls=60
[pipeline-stage] PPU finish mean-ms=0.0040 peak-call-ms=0.0430 calls=60
[pipeline-stage] action total mean-ms=0.2961 peak-call-ms=0.4830 calls=352
[pipeline-stage] action upload mean-ms=0.2357 peak-call-ms=3.3601 calls=60
[pipeline-stage] action analysis mean-ms=0.4060 peak-call-ms=3.4227 calls=60
[pipeline-stage] action setup mean-ms=0.0065 peak-call-ms=0.0563 calls=60
[pipeline-stage] action scanout mean-ms=0.9376 peak-call-ms=5.8372 calls=60
[pipeline-stage] action finish mean-ms=0.0039 peak-call-ms=0.0427 calls=60
[pipeline-stage] action host-post mean-ms=0.0083 peak-call-ms=0.0755 calls=60
[pipeline-stage] action synthesis mean-ms=0.1110 peak-call-ms=0.2145 calls=352
[pipeline-stage] action mesh mean-ms=0.0057 peak-call-ms=0.0136 calls=1760
[pipeline-stage] action supersample mean-ms=0.0467 peak-call-ms=0.0621 calls=704
[pipeline-stage] action DOF mean-ms=0.0268 peak-call-ms=0.0797 calls=352
[pipeline-stage] action submit mean-ms=0.0116 peak-call-ms=0.0469 calls=1760
[pipeline-stage] action callback mean-ms=0.0348 peak-call-ms=0.0641 calls=1843
[pipeline-work] ticks=0.17 repre=0.83 draws=5.0 vertices=427 upload-MiB=0.157 depth-MiB=0.000 depth-copy-MiB=0.000 depth-copy-calls=0.00 jobs=0.00 helpers=0.00 fallback=0.00 failed=0.00 (per-present)
[pipeline-traffic] upload-calls=0.64 skipped=0.04 scan-MiB=0.678 upload-MiB=0.157 mirror-realloc=0.00 (per-present)
[pipeline-atlas] reuse=0.00 copy-MiB=0.000 copy-calls=0.00 (per-present; copies are GPU-only)
[pipeline-path] cpu-project=0.00 cpu-stage=0.00 gpu-reuse=0.00 publish=0.00 opt-out=0.00 limit=0.00 rejected=0.00 (events/present, not view fallbacks)
[pipeline-perf] scene=Action 3D host=0 map=04/04 output=1280x800 frames=447 fps=445.5 cadence-ms=2.245 p95=10.135 max=18.365 refresh=3 vsync=0 cap=0 gpu-ms=unavailable
[pipeline-stage] events/input mean-ms=0.0586 peak-call-ms=7.8413 calls=447
[pipeline-stage] emulation mean-ms=0.0307 peak-call-ms=1.2383 calls=61
[pipeline-stage] PPU + capture mean-ms=0.7592 peak-call-ms=6.2289 calls=61
[pipeline-stage] world map build mean-ms=0.0001 peak-call-ms=0.0009 calls=61
[pipeline-stage] SIM metadata mean-ms=0.0034 peak-call-ms=0.0320 calls=61
[pipeline-stage] town canvas mean-ms=0.0002 peak-call-ms=0.0014 calls=61
[pipeline-stage] frame snapshot mean-ms=0.0074 peak-call-ms=0.0670 calls=61
[pipeline-stage] upload mean-ms=0.3565 peak-call-ms=4.4862 calls=61
[pipeline-stage] presentation mean-ms=0.2692 peak-call-ms=0.4418 calls=447
[pipeline-stage] CRT/resolve mean-ms=0.0005 peak-call-ms=0.0143 calls=894
[pipeline-stage] host UI mean-ms=0.0052 peak-call-ms=0.0409 calls=447
[pipeline-stage] settings UI mean-ms=0.0003 peak-call-ms=0.0141 calls=447
[pipeline-stage] present/wait mean-ms=0.7045 peak-call-ms=2.2356 calls=447
[pipeline-stage] pacing/sleep mean-ms=0.0004 peak-call-ms=0.0014 calls=447
[pipeline-stage] housekeeping mean-ms=0.0002 peak-call-ms=0.0019 calls=61
[pipeline-stage] PPU setup mean-ms=0.0052 peak-call-ms=0.0644 calls=61
[pipeline-stage] PPU scanout mean-ms=0.7476 peak-call-ms=6.1307 calls=61
[pipeline-stage] PPU finish mean-ms=0.0021 peak-call-ms=0.0918 calls=61
[pipeline-stage] action total mean-ms=0.2612 peak-call-ms=0.4309 calls=447
[pipeline-stage] action upload mean-ms=0.1408 peak-call-ms=1.4715 calls=61
[pipeline-stage] action analysis mean-ms=0.2050 peak-call-ms=3.1424 calls=61
[pipeline-stage] action setup mean-ms=0.0051 peak-call-ms=0.0641 calls=61
[pipeline-stage] action scanout mean-ms=0.7475 peak-call-ms=6.1299 calls=61
[pipeline-stage] action finish mean-ms=0.0021 peak-call-ms=0.0915 calls=61
[pipeline-stage] action host-post mean-ms=0.0066 peak-call-ms=0.0556 calls=61
[pipeline-stage] action synthesis mean-ms=0.0969 peak-call-ms=0.2370 calls=447
[pipeline-stage] action mesh mean-ms=0.0045 peak-call-ms=0.0226 calls=1671
[pipeline-stage] action supersample mean-ms=0.0367 peak-call-ms=0.0758 calls=612
[pipeline-stage] action DOF mean-ms=0.0269 peak-call-ms=0.0632 calls=447
[pipeline-stage] action submit mean-ms=0.0105 peak-call-ms=0.0175 calls=1953
[pipeline-stage] action callback mean-ms=0.0305 peak-call-ms=0.0762 calls=2170
[pipeline-work] ticks=0.14 repre=0.86 draws=4.4 vertices=387 upload-MiB=0.083 depth-MiB=0.000 depth-copy-MiB=0.000 depth-copy-calls=0.00 jobs=0.00 helpers=0.00 fallback=0.00 failed=0.00 (per-present)
[pipeline-traffic] upload-calls=0.32 skipped=0.15 scan-MiB=0.592 upload-MiB=0.083 mirror-realloc=0.00 (per-present)
[pipeline-atlas] reuse=0.00 copy-MiB=0.000 copy-calls=0.00 (per-present; copies are GPU-only)
[pipeline-path] cpu-project=0.00 cpu-stage=0.00 gpu-reuse=0.00 publish=0.00 opt-out=0.00 limit=0.00 rejected=0.00 (events/present, not view fallbacks)
[pipeline-perf] scene=Action 3D host=0 map=04/04 output=1280x800 frames=487 fps=485.5 cadence-ms=2.060 p95=9.776 max=18.516 refresh=3 vsync=0 cap=0 gpu-ms=unavailable
[pipeline-stage] events/input mean-ms=0.0552 peak-call-ms=8.0769 calls=487
[pipeline-stage] emulation mean-ms=0.0265 peak-call-ms=1.0643 calls=60
[pipeline-stage] PPU + capture mean-ms=0.6834 peak-call-ms=5.8581 calls=60
[pipeline-stage] world map build mean-ms=0.0001 peak-call-ms=0.0008 calls=60
[pipeline-stage] SIM metadata mean-ms=0.0031 peak-call-ms=0.0435 calls=60
[pipeline-stage] town canvas mean-ms=0.0001 peak-call-ms=0.0015 calls=60
[pipeline-stage] frame snapshot mean-ms=0.0067 peak-call-ms=0.0849 calls=60
[pipeline-stage] upload mean-ms=0.2942 peak-call-ms=4.4786 calls=60
[pipeline-stage] presentation mean-ms=0.2287 peak-call-ms=0.3704 calls=487
[pipeline-stage] CRT/resolve mean-ms=0.0005 peak-call-ms=0.0209 calls=974
[pipeline-stage] host UI mean-ms=0.0048 peak-call-ms=0.0165 calls=487
[pipeline-stage] settings UI mean-ms=0.0003 peak-call-ms=0.0013 calls=487
[pipeline-stage] present/wait mean-ms=0.6941 peak-call-ms=2.2313 calls=487
[pipeline-stage] pacing/sleep mean-ms=0.0004 peak-call-ms=0.0012 calls=487
[pipeline-stage] housekeeping mean-ms=0.0001 peak-call-ms=0.0017 calls=60
[pipeline-stage] PPU setup mean-ms=0.0048 peak-call-ms=0.0705 calls=60
[pipeline-stage] PPU scanout mean-ms=0.6742 peak-call-ms=5.7646 calls=60
[pipeline-stage] PPU finish mean-ms=0.0006 peak-call-ms=0.0286 calls=60
[pipeline-stage] action total mean-ms=0.2212 peak-call-ms=0.3576 calls=487
[pipeline-stage] action upload mean-ms=0.1209 peak-call-ms=2.5048 calls=60
[pipeline-stage] action analysis mean-ms=0.1639 peak-call-ms=3.0694 calls=60
[pipeline-stage] action setup mean-ms=0.0047 peak-call-ms=0.0702 calls=60
[pipeline-stage] action scanout mean-ms=0.6741 peak-call-ms=5.7641 calls=60
[pipeline-stage] action finish mean-ms=0.0006 peak-call-ms=0.0283 calls=60
[pipeline-stage] action host-post mean-ms=0.0060 peak-call-ms=0.0689 calls=60
[pipeline-stage] action synthesis mean-ms=0.0946 peak-call-ms=0.1837 calls=487
[pipeline-stage] action mesh mean-ms=0.0036 peak-call-ms=0.0147 calls=1461
[pipeline-stage] action supersample mean-ms=0.0289 peak-call-ms=0.0691 calls=487
[pipeline-stage] action DOF mean-ms=0.0265 peak-call-ms=0.0582 calls=487
[pipeline-stage] action submit mean-ms=0.0098 peak-call-ms=0.0433 calls=1948
[pipeline-stage] action callback mean-ms=0.0093 peak-call-ms=0.0298 calls=1948
[pipeline-work] ticks=0.12 repre=0.88 draws=4.0 vertices=364 upload-MiB=0.064 depth-MiB=0.000 depth-copy-MiB=0.000 depth-copy-calls=0.00 jobs=0.00 helpers=0.00 fallback=0.00 failed=0.00 (per-present)
[pipeline-traffic] upload-calls=0.25 skipped=0.12 scan-MiB=0.508 upload-MiB=0.064 mirror-realloc=0.00 (per-present)
[pipeline-atlas] reuse=0.00 copy-MiB=0.000 copy-calls=0.00 (per-present; copies are GPU-only)
[pipeline-path] cpu-project=0.00 cpu-stage=0.00 gpu-reuse=0.00 publish=0.00 opt-out=0.00 limit=0.00 rejected=0.00 (events/present, not view fallbacks)
[pipeline-perf] scene=Action 3D host=0 map=04/04 output=1280x800 frames=452 fps=446.9 cadence-ms=2.238 p95=10.016 max=19.667 refresh=3 vsync=0 cap=0 gpu-ms=unavailable
[pipeline-stage] events/input mean-ms=0.0747 peak-call-ms=8.1507 calls=452
[pipeline-stage] emulation mean-ms=0.0299 peak-call-ms=1.4151 calls=61
[pipeline-stage] PPU + capture mean-ms=0.7634 peak-call-ms=6.2551 calls=61
[pipeline-stage] world map build mean-ms=0.0001 peak-call-ms=0.0009 calls=61
[pipeline-stage] SIM metadata mean-ms=0.0034 peak-call-ms=0.0308 calls=61
[pipeline-stage] town canvas mean-ms=0.0002 peak-call-ms=0.0015 calls=61
[pipeline-stage] frame snapshot mean-ms=0.0071 peak-call-ms=0.0643 calls=61
[pipeline-stage] upload mean-ms=0.3891 peak-call-ms=4.6128 calls=61
[pipeline-stage] presentation mean-ms=0.2575 peak-call-ms=0.4260 calls=452
[pipeline-stage] CRT/resolve mean-ms=0.0005 peak-call-ms=0.0011 calls=904
[pipeline-stage] host UI mean-ms=0.0050 peak-call-ms=0.0416 calls=452
[pipeline-stage] settings UI mean-ms=0.0003 peak-call-ms=0.0009 calls=452
[pipeline-stage] present/wait mean-ms=0.6445 peak-call-ms=2.1343 calls=452
[pipeline-stage] pacing/sleep mean-ms=0.0004 peak-call-ms=0.0014 calls=452
[pipeline-stage] housekeeping mean-ms=0.0001 peak-call-ms=0.0018 calls=61
[pipeline-stage] PPU setup mean-ms=0.0054 peak-call-ms=0.0694 calls=61
[pipeline-stage] PPU scanout mean-ms=0.7528 peak-call-ms=6.1799 calls=61
[pipeline-stage] PPU finish mean-ms=0.0010 peak-call-ms=0.0185 calls=61
[pipeline-stage] action total mean-ms=0.2499 peak-call-ms=0.4167 calls=452
[pipeline-stage] action upload mean-ms=0.1620 peak-call-ms=2.6943 calls=61
[pipeline-stage] action analysis mean-ms=0.2163 peak-call-ms=2.8931 calls=61
[pipeline-stage] action setup mean-ms=0.0054 peak-call-ms=0.0685 calls=61
[pipeline-stage] action scanout mean-ms=0.7527 peak-call-ms=6.1792 calls=61
[pipeline-stage] action finish mean-ms=0.0010 peak-call-ms=0.0182 calls=61
[pipeline-stage] action host-post mean-ms=0.0065 peak-call-ms=0.0576 calls=61
[pipeline-stage] action synthesis mean-ms=0.1005 peak-call-ms=0.1759 calls=452
[pipeline-stage] action mesh mean-ms=0.0036 peak-call-ms=0.0174 calls=1356
[pipeline-stage] action supersample mean-ms=0.0283 peak-call-ms=0.0537 calls=452
[pipeline-stage] action DOF mean-ms=0.0263 peak-call-ms=0.0647 calls=452
[pipeline-stage] action submit mean-ms=0.0098 peak-call-ms=0.0176 calls=1808
[pipeline-stage] action callback mean-ms=0.0287 peak-call-ms=0.0847 calls=1808
[pipeline-work] ticks=0.13 repre=0.87 draws=4.0 vertices=364 upload-MiB=0.107 depth-MiB=0.000 depth-copy-MiB=0.000 depth-copy-calls=0.00 jobs=0.00 helpers=0.00 fallback=0.00 failed=0.00 (per-present)
[pipeline-traffic] upload-calls=0.35 skipped=0.06 scan-MiB=0.580 upload-MiB=0.107 mirror-realloc=0.00 (per-present)
[pipeline-atlas] reuse=0.00 copy-MiB=0.000 copy-calls=0.00 (per-present; copies are GPU-only)
[pipeline-path] cpu-project=0.00 cpu-stage=0.00 gpu-reuse=0.00 publish=0.00 opt-out=0.00 limit=0.00 rejected=0.00 (events/present, not view fallbacks)
[pipeline-perf] scene=Action 3D host=0 map=04/04 output=1280x800 frames=454 fps=452.6 cadence-ms=2.210 p95=10.196 max=18.687 refresh=3 vsync=0 cap=0 gpu-ms=unavailable
[pipeline-stage] events/input mean-ms=0.0599 peak-call-ms=8.1672 calls=454
[pipeline-stage] emulation mean-ms=0.0269 peak-call-ms=1.3819 calls=60
[pipeline-stage] PPU + capture mean-ms=0.7419 peak-call-ms=6.3172 calls=60
[pipeline-stage] world map build mean-ms=0.0001 peak-call-ms=0.0009 calls=60
[pipeline-stage] SIM metadata mean-ms=0.0033 peak-call-ms=0.0473 calls=60
[pipeline-stage] town canvas mean-ms=0.0001 peak-call-ms=0.0015 calls=60
[pipeline-stage] frame snapshot mean-ms=0.0068 peak-call-ms=0.0688 calls=60
[pipeline-stage] upload mean-ms=0.3888 peak-call-ms=4.4346 calls=60
[pipeline-stage] presentation mean-ms=0.3022 peak-call-ms=0.6030 calls=454
[pipeline-stage] CRT/resolve mean-ms=0.0005 peak-call-ms=0.0013 calls=908
[pipeline-stage] host UI mean-ms=0.0054 peak-call-ms=0.0277 calls=454
[pipeline-stage] settings UI mean-ms=0.0003 peak-call-ms=0.0010 calls=454
[pipeline-stage] present/wait mean-ms=0.6108 peak-call-ms=2.0787 calls=454
[pipeline-stage] pacing/sleep mean-ms=0.0004 peak-call-ms=0.0117 calls=454
[pipeline-stage] housekeeping mean-ms=0.0002 peak-call-ms=0.0031 calls=60
[pipeline-stage] PPU setup mean-ms=0.0050 peak-call-ms=0.0525 calls=60
[pipeline-stage] PPU scanout mean-ms=0.7302 peak-call-ms=6.2414 calls=60
[pipeline-stage] PPU finish mean-ms=0.0028 peak-call-ms=0.0519 calls=60
[pipeline-stage] action total mean-ms=0.2941 peak-call-ms=0.5955 calls=454
[pipeline-stage] action upload mean-ms=0.1532 peak-call-ms=1.7196 calls=60
[pipeline-stage] action analysis mean-ms=0.2252 peak-call-ms=3.0757 calls=60
[pipeline-stage] action setup mean-ms=0.0049 peak-call-ms=0.0517 calls=60
[pipeline-stage] action scanout mean-ms=0.7301 peak-call-ms=6.2406 calls=60
[pipeline-stage] action finish mean-ms=0.0027 peak-call-ms=0.0516 calls=60
[pipeline-stage] action host-post mean-ms=0.0064 peak-call-ms=0.0706 calls=60
[pipeline-stage] action synthesis mean-ms=0.0996 peak-call-ms=0.1793 calls=454
[pipeline-stage] action mesh mean-ms=0.0038 peak-call-ms=0.0398 calls=1362
[pipeline-stage] action supersample mean-ms=0.0283 peak-call-ms=0.0675 calls=454
[pipeline-stage] action DOF mean-ms=0.0268 peak-call-ms=0.2989 calls=454
[pipeline-stage] action submit mean-ms=0.0100 peak-call-ms=0.0691 calls=1816
[pipeline-stage] action callback mean-ms=0.0649 peak-call-ms=0.1464 calls=1816
[pipeline-work] ticks=0.13 repre=0.87 draws=4.0 vertices=364 upload-MiB=0.102 depth-MiB=0.000 depth-copy-MiB=0.000 depth-copy-calls=0.00 jobs=0.00 helpers=0.00 fallback=0.00 failed=0.00 (per-present)
[pipeline-traffic] upload-calls=0.33 skipped=0.07 scan-MiB=0.573 upload-MiB=0.102 mirror-realloc=0.00 (per-present)
[pipeline-atlas] reuse=0.00 copy-MiB=0.000 copy-calls=0.00 (per-present; copies are GPU-only)
[pipeline-path] cpu-project=0.00 cpu-stage=0.00 gpu-reuse=0.00 publish=0.00 opt-out=0.00 limit=0.00 rejected=0.00 (events/present, not view fallbacks)
[pipeline-perf] scene=Action 3D host=0 map=04/04 output=1280x800 frames=400 fps=398.9 cadence-ms=2.507 p95=10.529 max=19.671 refresh=3 vsync=0 cap=0 gpu-ms=unavailable
[pipeline-stage] events/input mean-ms=0.0644 peak-call-ms=8.1487 calls=400
[pipeline-stage] emulation mean-ms=0.0322 peak-call-ms=1.2309 calls=60
[pipeline-stage] PPU + capture mean-ms=0.8463 peak-call-ms=6.7101 calls=60
[pipeline-stage] world map build mean-ms=0.0001 peak-call-ms=0.0008 calls=60
[pipeline-stage] SIM metadata mean-ms=0.0038 peak-call-ms=0.0321 calls=60
[pipeline-stage] town canvas mean-ms=0.0002 peak-call-ms=0.0018 calls=60
[pipeline-stage] frame snapshot mean-ms=0.0078 peak-call-ms=0.0632 calls=60
[pipeline-stage] upload mean-ms=0.5608 peak-call-ms=4.9563 calls=60
[pipeline-stage] presentation mean-ms=0.3212 peak-call-ms=0.5138 calls=400
[pipeline-stage] CRT/resolve mean-ms=0.0005 peak-call-ms=0.0009 calls=800
[pipeline-stage] host UI mean-ms=0.0053 peak-call-ms=0.0224 calls=400
[pipeline-stage] settings UI mean-ms=0.0003 peak-call-ms=0.0012 calls=400
[pipeline-stage] present/wait mean-ms=0.6001 peak-call-ms=2.1887 calls=400
[pipeline-stage] pacing/sleep mean-ms=0.0004 peak-call-ms=0.0015 calls=400
[pipeline-stage] housekeeping mean-ms=0.0002 peak-call-ms=0.0017 calls=60
[pipeline-stage] PPU setup mean-ms=0.0058 peak-call-ms=0.0802 calls=60
[pipeline-stage] PPU scanout mean-ms=0.8350 peak-call-ms=6.5922 calls=60
[pipeline-stage] PPU finish mean-ms=0.0010 peak-call-ms=0.0297 calls=60
[pipeline-stage] action total mean-ms=0.3131 peak-call-ms=0.5038 calls=400
[pipeline-stage] action upload mean-ms=0.2086 peak-call-ms=2.7518 calls=60
[pipeline-stage] action analysis mean-ms=0.3403 peak-call-ms=3.2562 calls=60
[pipeline-stage] action setup mean-ms=0.0057 peak-call-ms=0.0798 calls=60
[pipeline-stage] action scanout mean-ms=0.8349 peak-call-ms=6.5915 calls=60
[pipeline-stage] action finish mean-ms=0.0009 peak-call-ms=0.0295 calls=60
[pipeline-stage] action host-post mean-ms=0.0073 peak-call-ms=0.0571 calls=60
[pipeline-stage] action synthesis mean-ms=0.1077 peak-call-ms=0.1994 calls=400
[pipeline-stage] action mesh mean-ms=0.0037 peak-call-ms=0.0239 calls=1278
[pipeline-stage] action supersample mean-ms=0.0299 peak-call-ms=0.0824 calls=439
[pipeline-stage] action DOF mean-ms=0.0259 peak-call-ms=0.0653 calls=400
[pipeline-stage] action submit mean-ms=0.0099 peak-call-ms=0.0308 calls=1639
[pipeline-stage] action callback mean-ms=0.0728 peak-call-ms=0.1192 calls=1639
[pipeline-work] ticks=0.15 repre=0.85 draws=4.1 vertices=370 upload-MiB=0.173 depth-MiB=0.000 depth-copy-MiB=0.000 depth-copy-calls=0.00 jobs=0.00 helpers=0.00 fallback=0.00 failed=0.00 (per-present)
[pipeline-traffic] upload-calls=0.47 skipped=0.00 scan-MiB=0.548 upload-MiB=0.173 mirror-realloc=0.00 (per-present)
[pipeline-atlas] reuse=0.00 copy-MiB=0.000 copy-calls=0.00 (per-present; copies are GPU-only)
[pipeline-path] cpu-project=0.00 cpu-stage=0.00 gpu-reuse=0.00 publish=0.00 opt-out=0.00 limit=0.00 rejected=0.00 (events/present, not view fallbacks)
[pipeline-perf] scene=Action 3D host=0 map=04/04 output=1280x800 frames=336 fps=334.9 cadence-ms=2.986 p95=11.164 max=18.970 refresh=3 vsync=0 cap=0 gpu-ms=unavailable
[pipeline-stage] events/input mean-ms=0.0517 peak-call-ms=7.7176 calls=336
[pipeline-stage] emulation mean-ms=0.0394 peak-call-ms=1.4180 calls=61
[pipeline-stage] PPU + capture mean-ms=1.0539 peak-call-ms=7.1150 calls=61
[pipeline-stage] world map build mean-ms=0.0001 peak-call-ms=0.0010 calls=61
[pipeline-stage] SIM metadata mean-ms=0.0046 peak-call-ms=0.0474 calls=61
[pipeline-stage] town canvas mean-ms=0.0002 peak-call-ms=0.0015 calls=61
[pipeline-stage] frame snapshot mean-ms=0.0097 peak-call-ms=0.0832 calls=61
[pipeline-stage] upload mean-ms=0.7113 peak-call-ms=5.0339 calls=61
[pipeline-stage] presentation mean-ms=0.3392 peak-call-ms=0.4890 calls=336
[pipeline-stage] CRT/resolve mean-ms=0.0005 peak-call-ms=0.0011 calls=672
[pipeline-stage] host UI mean-ms=0.0053 peak-call-ms=0.0232 calls=336
[pipeline-stage] settings UI mean-ms=0.0003 peak-call-ms=0.0010 calls=336
[pipeline-stage] present/wait mean-ms=0.7290 peak-call-ms=2.5048 calls=336
[pipeline-stage] pacing/sleep mean-ms=0.0004 peak-call-ms=0.0013 calls=336
[pipeline-stage] housekeeping mean-ms=0.0002 peak-call-ms=0.0043 calls=61
[pipeline-stage] PPU setup mean-ms=0.0069 peak-call-ms=0.0758 calls=61
[pipeline-stage] PPU scanout mean-ms=1.0393 peak-call-ms=7.0422 calls=61
[pipeline-stage] PPU finish mean-ms=0.0019 peak-call-ms=0.0466 calls=61
[pipeline-stage] action total mean-ms=0.3310 peak-call-ms=0.4793 calls=336
[pipeline-stage] action upload mean-ms=0.2503 peak-call-ms=2.2275 calls=61
[pipeline-stage] action analysis mean-ms=0.4461 peak-call-ms=3.6064 calls=61
[pipeline-stage] action setup mean-ms=0.0068 peak-call-ms=0.0754 calls=61
[pipeline-stage] action scanout mean-ms=1.0392 peak-call-ms=7.0414 calls=61
[pipeline-stage] action finish mean-ms=0.0019 peak-call-ms=0.0461 calls=61
[pipeline-stage] action host-post mean-ms=0.0089 peak-call-ms=0.0722 calls=61
[pipeline-stage] action synthesis mean-ms=0.1118 peak-call-ms=0.1672 calls=336
[pipeline-stage] action mesh mean-ms=0.0058 peak-call-ms=0.0337 calls=1680
[pipeline-stage] action supersample mean-ms=0.0471 peak-call-ms=0.0586 calls=672
[pipeline-stage] action DOF mean-ms=0.0266 peak-call-ms=0.0640 calls=336
[pipeline-stage] action submit mean-ms=0.0116 peak-call-ms=0.0394 calls=1680
[pipeline-stage] action callback mean-ms=0.0657 peak-call-ms=0.1340 calls=1680
[pipeline-work] ticks=0.18 repre=0.82 draws=5.0 vertices=427 upload-MiB=0.172 depth-MiB=0.000 depth-copy-MiB=0.000 depth-copy-calls=0.00 jobs=0.00 helpers=0.00 fallback=0.00 failed=0.00 (per-present)
[pipeline-traffic] upload-calls=0.69 skipped=0.04 scan-MiB=0.846 upload-MiB=0.172 mirror-realloc=0.00 (per-present)
[pipeline-atlas] reuse=0.00 copy-MiB=0.000 copy-calls=0.00 (per-present; copies are GPU-only)
[pipeline-path] cpu-project=0.00 cpu-stage=0.00 gpu-reuse=0.00 publish=0.00 opt-out=0.00 limit=0.00 rejected=0.00 (events/present, not view fallbacks)
[pipeline-perf] scene=Action 3D host=0 map=04/04 output=1280x800 frames=330 fps=328.6 cadence-ms=3.043 p95=11.416 max=19.968 refresh=3 vsync=0 cap=0 gpu-ms=unavailable
[pipeline-stage] events/input mean-ms=0.0772 peak-call-ms=8.0793 calls=330
[pipeline-stage] emulation mean-ms=0.0427 peak-call-ms=1.0135 calls=60
[pipeline-stage] PPU + capture mean-ms=1.0874 peak-call-ms=6.3676 calls=60
[pipeline-stage] world map build mean-ms=0.0001 peak-call-ms=0.0008 calls=60
[pipeline-stage] SIM metadata mean-ms=0.0046 peak-call-ms=0.0349 calls=60
[pipeline-stage] town canvas mean-ms=0.0002 peak-call-ms=0.0016 calls=60
[pipeline-stage] frame snapshot mean-ms=0.0094 peak-call-ms=0.1206 calls=60
[pipeline-stage] upload mean-ms=0.7024 peak-call-ms=4.9906 calls=60
[pipeline-stage] presentation mean-ms=0.3199 peak-call-ms=0.6919 calls=330
[pipeline-stage] CRT/resolve mean-ms=0.0005 peak-call-ms=0.0009 calls=660
[pipeline-stage] host UI mean-ms=0.0054 peak-call-ms=0.0765 calls=330
[pipeline-stage] settings UI mean-ms=0.0003 peak-call-ms=0.0012 calls=330
[pipeline-stage] present/wait mean-ms=0.7226 peak-call-ms=2.5958 calls=330
[pipeline-stage] pacing/sleep mean-ms=0.0005 peak-call-ms=0.0120 calls=330
[pipeline-stage] housekeeping mean-ms=0.0002 peak-call-ms=0.0021 calls=60
[pipeline-stage] PPU setup mean-ms=0.0071 peak-call-ms=0.0752 calls=60
[pipeline-stage] PPU scanout mean-ms=1.0701 peak-call-ms=6.2946 calls=60
[pipeline-stage] PPU finish mean-ms=0.0045 peak-call-ms=0.0601 calls=60
[pipeline-stage] action total mean-ms=0.3115 peak-call-ms=0.6784 calls=330
[pipeline-stage] action upload mean-ms=0.2382 peak-call-ms=1.4541 calls=60
[pipeline-stage] action analysis mean-ms=0.4497 peak-call-ms=3.5499 calls=60
[pipeline-stage] action setup mean-ms=0.0071 peak-call-ms=0.0749 calls=60
[pipeline-stage] action scanout mean-ms=1.0700 peak-call-ms=6.2937 calls=60
[pipeline-stage] action finish mean-ms=0.0044 peak-call-ms=0.0598 calls=60
[pipeline-stage] action host-post mean-ms=0.0091 peak-call-ms=0.0990 calls=60
[pipeline-stage] action synthesis mean-ms=0.1112 peak-call-ms=0.2096 calls=330
[pipeline-stage] action mesh mean-ms=0.0057 peak-call-ms=0.0148 calls=1650
[pipeline-stage] action supersample mean-ms=0.0474 peak-call-ms=0.0766 calls=660
[pipeline-stage] action DOF mean-ms=0.0264 peak-call-ms=0.0778 calls=330
[pipeline-stage] action submit mean-ms=0.0116 peak-call-ms=0.0468 calls=1650
[pipeline-stage] action callback mean-ms=0.0478 peak-call-ms=0.0962 calls=1650
[pipeline-work] ticks=0.18 repre=0.82 draws=5.0 vertices=427 upload-MiB=0.151 depth-MiB=0.000 depth-copy-MiB=0.000 depth-copy-calls=0.00 jobs=0.00 helpers=0.00 fallback=0.00 failed=0.00 (per-present)
[pipeline-traffic] upload-calls=0.70 skipped=0.03 scan-MiB=0.851 upload-MiB=0.151 mirror-realloc=0.00 (per-present)
[pipeline-atlas] reuse=0.00 copy-MiB=0.000 copy-calls=0.00 (per-present; copies are GPU-only)
[pipeline-path] cpu-project=0.00 cpu-stage=0.00 gpu-reuse=0.00 publish=0.00 opt-out=0.00 limit=0.00 rejected=0.00 (events/present, not view fallbacks)
[widescreen] gf=2573 $18=04 $19=05 -> WIDE clamp=00 mirror=00 repeat=02 bands=0/811c9dc5 normal=00 hud=40/88/168 left-only-y=28 bg-plan=1 source=world/viewport hle=00
[widescreen] gf=2574 $18=04 $19=05 -> WIDE clamp=00 mirror=00 repeat=02 bands=0/811c9dc5 normal=00 hud=40/88/168 left-only-y=28 bg-plan=1 source=world/viewport hle=01
[pipeline-perf] scene=Action 3D host=0 map=04/05 output=1280x800 frames=455 fps=451.4 cadence-ms=2.215 p95=9.783 max=19.663 refresh=3 vsync=0 cap=0 gpu-ms=unavailable
[pipeline-stage] events/input mean-ms=0.0571 peak-call-ms=7.9948 calls=455
[pipeline-stage] emulation mean-ms=0.0270 peak-call-ms=1.1777 calls=61
[pipeline-stage] PPU + capture mean-ms=0.8355 peak-call-ms=7.2008 calls=61
[pipeline-stage] world map build mean-ms=0.0001 peak-call-ms=0.0009 calls=61
[pipeline-stage] SIM metadata mean-ms=0.0035 peak-call-ms=0.0464 calls=61
[pipeline-stage] town canvas mean-ms=0.0002 peak-call-ms=0.0018 calls=61
[pipeline-stage] frame snapshot mean-ms=0.0065 peak-call-ms=0.0620 calls=61
[pipeline-stage] upload mean-ms=0.2987 peak-call-ms=4.1443 calls=61
[pipeline-stage] presentation mean-ms=0.2164 peak-call-ms=0.4075 calls=455
[pipeline-stage] CRT/resolve mean-ms=0.0005 peak-call-ms=0.0014 calls=910
[pipeline-stage] host UI mean-ms=0.0050 peak-call-ms=0.0247 calls=455
[pipeline-stage] settings UI mean-ms=0.0003 peak-call-ms=0.0170 calls=455
[pipeline-stage] present/wait mean-ms=0.7062 peak-call-ms=2.4920 calls=455
[pipeline-stage] pacing/sleep mean-ms=0.0004 peak-call-ms=0.0013 calls=455
[pipeline-stage] housekeeping mean-ms=0.0001 peak-call-ms=0.0016 calls=61
[pipeline-stage] PPU setup mean-ms=0.0051 peak-call-ms=0.0553 calls=61
[pipeline-stage] PPU scanout mean-ms=0.8209 peak-call-ms=6.9073 calls=61
[pipeline-stage] PPU finish mean-ms=0.0006 peak-call-ms=0.0061 calls=61
[pipeline-stage] action total mean-ms=0.2087 peak-call-ms=0.3982 calls=397
[pipeline-stage] action upload mean-ms=0.1362 peak-call-ms=1.7464 calls=61
[pipeline-stage] action analysis mean-ms=0.1450 peak-call-ms=2.3721 calls=61
[pipeline-stage] action setup mean-ms=0.0050 peak-call-ms=0.0550 calls=61
[pipeline-stage] action scanout mean-ms=0.8208 peak-call-ms=6.9069 calls=61
[pipeline-stage] action finish mean-ms=0.0006 peak-call-ms=0.0057 calls=61
[pipeline-stage] action host-post mean-ms=0.0067 peak-call-ms=0.0702 calls=61
[pipeline-stage] action synthesis mean-ms=0.0700 peak-call-ms=0.1579 calls=397
[pipeline-stage] action mesh mean-ms=0.0052 peak-call-ms=0.0392 calls=1985
[pipeline-stage] action supersample mean-ms=0.0433 peak-call-ms=0.0974 calls=794
[pipeline-stage] action DOF mean-ms=0.0257 peak-call-ms=0.0998 calls=397
[pipeline-stage] action submit mean-ms=0.0108 peak-call-ms=0.0757 calls=1985
[pipeline-stage] action callback mean-ms=0.0071 peak-call-ms=0.0329 calls=1985
[pipeline-work] ticks=0.13 repre=0.87 draws=4.4 vertices=373 upload-MiB=0.069 depth-MiB=0.000 depth-copy-MiB=0.000 depth-copy-calls=0.00 jobs=0.00 helpers=0.00 fallback=0.00 failed=0.00 (per-present)
[pipeline-traffic] upload-calls=0.31 skipped=0.26 scan-MiB=0.605 upload-MiB=0.069 mirror-realloc=0.00 (per-present)
[pipeline-atlas] reuse=0.00 copy-MiB=0.000 copy-calls=0.00 (per-present; copies are GPU-only)
[pipeline-path] cpu-project=0.00 cpu-stage=0.00 gpu-reuse=0.00 publish=0.00 opt-out=0.00 limit=0.00 rejected=0.00 (events/present, not view fallbacks)
[present-cadence] tick-presents=3000 re-presents=82090 max-represent-alpha=1.000 no-present-no-sleep=0
[dump] wrote runs/20260912-171817/dump_state.txt + wram/sram/dispatch_log (exit)
[action-bg-hle] provider-summary frames=1363 preflight={layers:2604,tiles:2458419,mismatches:0,outside:0} eligible=2604 layers=2604 lookups=37327808 batches=1821120 tiles=36882048 outside=445760 band-cache={builds:0,hits:0}
[action-room-scene] provider-summary layers=2604 live-fallbacks=0
[action-room-load-hle] summary command5=2 command4=4 bytes=14592
[action-room-gfx-hle] summary command7=3 command6=3 bytes=24960
[action-room-video-hle] summary command3=2 bytes=56
[run-dir] all diagnostics from this run: runs/20260912-171817/  (share with: zip -r report.zip runs/20260912-171817)
