[Launcher] Config/saves anchored to '/home/deck/argame/capture-fast-path-20260912.XW1iYR/'.
[run-dir] runs/20260912-171908 (console.log + dumps ringfenced here; AR_NO_RUN_DIR=1 disables)
[runner-trace] recorder=excluded deep_instrumentation=excluded mode=off
Loaded ROM: /home/deck/argame/capture-fast-path-20260912.XW1iYR/ar.sfc (1048576 bytes)
[video-geometry] 16:10 square-PAR -> 52 extra columns/side (render width 360)
[display] AR_DISPLAY_MODE=2 -> widescreen FULL (all corrections)
[video] driver: wayland (available: x11 wayland offscreen dummy evdev)
[render] ordered GPU interop enabled (offscreen SDL + one swapchain present)
[display] GPU frames in flight: 2
[hd-manifest] [replace:title-logo] game-assets/hd/title-logo.png (2087x754)
[hd-manifest] [replace:title-swirl] game-assets/hd/title-logo.png (2087x754, mode7)
[hd-manifest] 2 entries, 2 with art
[settings-menu] decoded ActRaiser font: $1000 bytes from ROM offset $0BECFB (2725 compressed bytes consumed)
[settings-menu] decoded native dialog frame: chars ROM $06C000, palette ROM $0E3F73
[diorama-layers] loaded diorama-layers.ini: 24 room(s), 34 plane override(s)
[input] gamepad 1 connected: Steam Deck Controller
[music-manifest] [music:title-theme] game-assets/audio/title.ogg (48000 Hz, 8845689 frames, loop 0..8845689)
[music-manifest] [music:song-00] game-assets/audio/fillmore.ogg (44100 Hz, 7050707 frames, loop 0..7050707)
[music-manifest] [music:song-01] game-assets/audio/sky-palace.ogg (48000 Hz, 6389760 frames, loop 0..6389760)
[music-manifest] [music:song-02] game-assets/audio/bp.ogg (44100 Hz, 5369615 frames, loop 0..5369615)
[music-manifest] [music:song-08] game-assets/audio/advent.ogg (48000 Hz, 735609 frames, loop 0..735609)
[music-manifest] [music:song-09] game-assets/audio/act2.ogg (44100 Hz, 6182827 frames, loop 0..6182827)
[music-manifest] [music:song-10] game-assets/audio/birth-of-the-people.ogg (48000 Hz, 16201213 frames, loop 0..16201213)
[music-manifest] [music:song-11] game-assets/audio/level-up.ogg (48000 Hz, 451396 frames, loop 0..451396)
[music-manifest] 17 entries, 8 with audio
[audio-ext] extended sound channels disabled (authentic 8 voices)
[saves] loaded native-srm backend from /home/deck/argame/capture-fast-path-20260912.XW1iYR/visible-interp-unlimited/seed.srm
[input-replay] 5009 legacy records, max gf=21845 last gf=4676 from /home/deck/argame/capture-fast-path-20260912.XW1iYR/saves/aitos-r4-natural.rec
[audio] requested 32040 Hz is below SDL's 44100 device minimum; using 44100 (the setting cannot lower it)
[audio] stream input 44100 Hz, device 44100 Hz 512-frame buffer (requested 512 frames)
[widescreen] gf=0 $18=00 $19=00 -> pillarbox clamp=00 mirror=00 repeat=00 bands=0/811c9dc5 normal=00 hud=0/0/0 left-only-y=0 bg-plan=0 source=none/none hle=00
[music] src=1A:94B8 song=01 -> [music:title-theme] game-assets/audio/title.ogg
[pipeline-perf] scene=Native/menu host=0 map=00/00 output=1280x800 frames=3193 fps=3191.6 cadence-ms=0.313 p95=0.354 max=9.050 refresh=3 vsync=0 cap=0 gpu-ms=unavailable
[pipeline-stage] events/input mean-ms=0.0468 peak-call-ms=7.9564 calls=3215
[pipeline-stage] emulation mean-ms=0.0030 peak-call-ms=3.8465 calls=61
[pipeline-stage] PPU + capture mean-ms=0.0021 peak-call-ms=0.6785 calls=61
[pipeline-stage] world map build mean-ms=0.0000 peak-call-ms=0.0009 calls=61
[pipeline-stage] SIM metadata mean-ms=0.0005 peak-call-ms=0.1328 calls=61
[pipeline-stage] town canvas mean-ms=0.0000 peak-call-ms=0.0078 calls=61
[pipeline-stage] frame snapshot mean-ms=0.0007 peak-call-ms=0.1442 calls=61
[pipeline-stage] upload mean-ms=0.0010 peak-call-ms=0.7892 calls=61
[pipeline-stage] presentation mean-ms=0.0079 peak-call-ms=0.1624 calls=3193
[pipeline-stage] CRT/resolve mean-ms=0.0002 peak-call-ms=0.0016 calls=6386
[pipeline-stage] host UI mean-ms=0.0034 peak-call-ms=0.1535 calls=3193
[pipeline-stage] settings UI mean-ms=0.0001 peak-call-ms=0.0011 calls=3193
[pipeline-stage] present/wait mean-ms=0.1953 peak-call-ms=1.8136 calls=3193
[pipeline-stage] pacing/sleep mean-ms=0.0076 peak-call-ms=1.0940 calls=3215
[pipeline-stage] housekeeping mean-ms=0.0000 peak-call-ms=0.0022 calls=61
[pipeline-stage] PPU setup mean-ms=0.0001 peak-call-ms=0.0524 calls=61
[pipeline-stage] PPU scanout mean-ms=0.0016 peak-call-ms=0.3874 calls=61
[pipeline-stage] PPU finish mean-ms=0.0000 peak-call-ms=0.0016 calls=61
[pipeline-work] ticks=0.02 repre=0.98 draws=0.0 vertices=0 upload-MiB=0.000 depth-MiB=0.000 depth-copy-MiB=0.000 depth-copy-calls=0.00 jobs=0.00 helpers=0.00 fallback=0.00 failed=0.00 (per-present)
[pipeline-traffic] upload-calls=0.00 skipped=0.00 scan-MiB=0.012 upload-MiB=0.000 mirror-realloc=0.00 (per-present)
[pipeline-atlas] reuse=0.00 copy-MiB=0.000 copy-calls=0.00 (per-present; copies are GPU-only)
[pipeline-path] cpu-project=0.00 cpu-stage=0.00 gpu-reuse=0.00 publish=0.00 opt-out=0.00 limit=0.00 rejected=0.00 (events/present, not view fallbacks)
[pipeline-perf] scene=Native/menu host=0 map=00/00 output=1280x800 frames=2845 fps=2822.9 cadence-ms=0.354 p95=1.033 max=14.827 refresh=3 vsync=0 cap=0 gpu-ms=unavailable
[pipeline-stage] events/input mean-ms=0.0517 peak-call-ms=8.1633 calls=2845
[pipeline-stage] emulation mean-ms=0.0024 peak-call-ms=1.4030 calls=60
[pipeline-stage] PPU + capture mean-ms=0.0183 peak-call-ms=4.1501 calls=60
[pipeline-stage] world map build mean-ms=0.0000 peak-call-ms=0.0012 calls=60
[pipeline-stage] SIM metadata mean-ms=0.0006 peak-call-ms=0.0525 calls=60
[pipeline-stage] town canvas mean-ms=0.0000 peak-call-ms=0.0019 calls=60
[pipeline-stage] frame snapshot mean-ms=0.0008 peak-call-ms=0.1463 calls=60
[pipeline-stage] upload mean-ms=0.0106 peak-call-ms=2.7824 calls=60
[pipeline-stage] presentation mean-ms=0.0084 peak-call-ms=0.0768 calls=2845
[pipeline-stage] CRT/resolve mean-ms=0.0003 peak-call-ms=0.0022 calls=5690
[pipeline-stage] host UI mean-ms=0.0036 peak-call-ms=0.0397 calls=2845
[pipeline-stage] settings UI mean-ms=0.0001 peak-call-ms=0.0013 calls=2845
[pipeline-stage] present/wait mean-ms=0.2055 peak-call-ms=1.6403 calls=2845
[pipeline-stage] pacing/sleep mean-ms=0.0002 peak-call-ms=0.0010 calls=2845
[pipeline-stage] housekeeping mean-ms=0.0000 peak-call-ms=0.0089 calls=60
[pipeline-stage] PPU setup mean-ms=0.0001 peak-call-ms=0.0493 calls=60
[pipeline-stage] PPU scanout mean-ms=0.0177 peak-call-ms=4.1236 calls=60
[pipeline-stage] PPU finish mean-ms=0.0000 peak-call-ms=0.0023 calls=60
[pipeline-work] ticks=0.02 repre=0.98 draws=0.0 vertices=0 upload-MiB=0.042 depth-MiB=0.000 depth-copy-MiB=0.000 depth-copy-calls=0.00 jobs=0.00 helpers=0.00 fallback=0.00 failed=0.00 (per-present)
[pipeline-traffic] upload-calls=0.00 skipped=0.00 scan-MiB=0.013 upload-MiB=0.042 mirror-realloc=0.00 (per-present)
[pipeline-atlas] reuse=0.00 copy-MiB=0.000 copy-calls=0.00 (per-present; copies are GPU-only)
[pipeline-path] cpu-project=0.00 cpu-stage=0.00 gpu-reuse=0.00 publish=0.00 opt-out=0.00 limit=0.00 rejected=0.00 (events/present, not view fallbacks)
[pipeline-perf] scene=Native/menu host=0 map=00/00 output=1280x800 frames=1758 fps=1756.6 cadence-ms=0.569 p95=1.305 max=15.454 refresh=3 vsync=0 cap=0 gpu-ms=unavailable
[pipeline-stage] events/input mean-ms=0.0471 peak-call-ms=8.1564 calls=1758
[pipeline-stage] emulation mean-ms=0.0053 peak-call-ms=1.1263 calls=61
[pipeline-stage] PPU + capture mean-ms=0.1342 peak-call-ms=4.2795 calls=61
[pipeline-stage] world map build mean-ms=0.0000 peak-call-ms=0.0010 calls=61
[pipeline-stage] SIM metadata mean-ms=0.0007 peak-call-ms=0.0263 calls=61
[pipeline-stage] town canvas mean-ms=0.0000 peak-call-ms=0.0013 calls=61
[pipeline-stage] frame snapshot mean-ms=0.0011 peak-call-ms=0.0464 calls=61
[pipeline-stage] upload mean-ms=0.0740 peak-call-ms=3.4709 calls=61
[pipeline-stage] presentation mean-ms=0.0092 peak-call-ms=0.1373 calls=1758
[pipeline-stage] CRT/resolve mean-ms=0.0003 peak-call-ms=0.0010 calls=3516
[pipeline-stage] host UI mean-ms=0.0038 peak-call-ms=0.1331 calls=1758
[pipeline-stage] settings UI mean-ms=0.0001 peak-call-ms=0.0103 calls=1758
[pipeline-stage] present/wait mean-ms=0.2436 peak-call-ms=1.5970 calls=1758
[pipeline-stage] pacing/sleep mean-ms=0.0002 peak-call-ms=0.0116 calls=1758
[pipeline-stage] housekeeping mean-ms=0.0000 peak-call-ms=0.0021 calls=61
[pipeline-stage] PPU setup mean-ms=0.0002 peak-call-ms=0.0132 calls=61
[pipeline-stage] PPU scanout mean-ms=0.1335 peak-call-ms=4.2584 calls=61
[pipeline-stage] PPU finish mean-ms=0.0000 peak-call-ms=0.0018 calls=61
[pipeline-work] ticks=0.03 repre=0.97 draws=0.0 vertices=0 upload-MiB=0.342 depth-MiB=0.000 depth-copy-MiB=0.000 depth-copy-calls=0.00 jobs=0.00 helpers=0.00 fallback=0.00 failed=0.00 (per-present)
[pipeline-traffic] upload-calls=0.04 skipped=0.00 scan-MiB=0.022 upload-MiB=0.342 mirror-realloc=0.00 (per-present)
[pipeline-atlas] reuse=0.00 copy-MiB=0.000 copy-calls=0.00 (per-present; copies are GPU-only)
[pipeline-path] cpu-project=0.00 cpu-stage=0.00 gpu-reuse=0.00 publish=0.00 opt-out=0.00 limit=0.00 rejected=0.00 (events/present, not view fallbacks)
[pipeline-perf] scene=Native/menu host=0 map=00/00 output=1280x800 frames=2407 fps=2405.9 cadence-ms=0.416 p95=0.352 max=15.142 refresh=3 vsync=0 cap=0 gpu-ms=unavailable
[pipeline-stage] events/input mean-ms=0.0492 peak-call-ms=8.2514 calls=2407
[pipeline-stage] emulation mean-ms=0.0036 peak-call-ms=1.0146 calls=60
[pipeline-stage] PPU + capture mean-ms=0.0595 peak-call-ms=4.7912 calls=60
[pipeline-stage] world map build mean-ms=0.0000 peak-call-ms=0.0009 calls=60
[pipeline-stage] SIM metadata mean-ms=0.0005 peak-call-ms=0.0277 calls=60
[pipeline-stage] town canvas mean-ms=0.0000 peak-call-ms=0.0014 calls=60
[pipeline-stage] frame snapshot mean-ms=0.0008 peak-call-ms=0.0419 calls=60
[pipeline-stage] upload mean-ms=0.0295 peak-call-ms=3.7102 calls=60
[pipeline-stage] presentation mean-ms=0.0088 peak-call-ms=0.0969 calls=2407
[pipeline-stage] CRT/resolve mean-ms=0.0003 peak-call-ms=0.0102 calls=4814
[pipeline-stage] host UI mean-ms=0.0035 peak-call-ms=0.0904 calls=2407
[pipeline-stage] settings UI mean-ms=0.0001 peak-call-ms=0.0099 calls=2407
[pipeline-stage] present/wait mean-ms=0.2082 peak-call-ms=1.6403 calls=2407
[pipeline-stage] pacing/sleep mean-ms=0.0002 peak-call-ms=0.0011 calls=2407
[pipeline-stage] housekeeping mean-ms=0.0000 peak-call-ms=0.0019 calls=60
[pipeline-stage] PPU setup mean-ms=0.0001 peak-call-ms=0.0054 calls=60
[pipeline-stage] PPU scanout mean-ms=0.0590 peak-call-ms=4.7705 calls=60
[pipeline-stage] PPU finish mean-ms=0.0000 peak-call-ms=0.0025 calls=60
[pipeline-work] ticks=0.02 repre=0.98 draws=0.0 vertices=0 upload-MiB=0.127 depth-MiB=0.000 depth-copy-MiB=0.000 depth-copy-calls=0.00 jobs=0.00 helpers=0.00 fallback=0.00 failed=0.00 (per-present)
[pipeline-traffic] upload-calls=0.03 skipped=0.00 scan-MiB=0.016 upload-MiB=0.127 mirror-realloc=0.00 (per-present)
[pipeline-atlas] reuse=0.00 copy-MiB=0.000 copy-calls=0.00 (per-present; copies are GPU-only)
[pipeline-path] cpu-project=0.00 cpu-stage=0.00 gpu-reuse=0.00 publish=0.00 opt-out=0.00 limit=0.00 rejected=0.00 (events/present, not view fallbacks)
[pipeline-perf] scene=Native/menu host=0 map=00/00 output=1280x800 frames=2809 fps=2807.5 cadence-ms=0.356 p95=1.017 max=14.642 refresh=3 vsync=0 cap=0 gpu-ms=unavailable
[pipeline-stage] events/input mean-ms=0.0491 peak-call-ms=8.2401 calls=2809
[pipeline-stage] emulation mean-ms=0.0024 peak-call-ms=1.3403 calls=60
[pipeline-stage] PPU + capture mean-ms=0.0300 peak-call-ms=4.1827 calls=60
[pipeline-stage] world map build mean-ms=0.0000 peak-call-ms=0.0007 calls=60
[pipeline-stage] SIM metadata mean-ms=0.0004 peak-call-ms=0.0277 calls=60
[pipeline-stage] town canvas mean-ms=0.0000 peak-call-ms=0.0014 calls=60
[pipeline-stage] frame snapshot mean-ms=0.0006 peak-call-ms=0.0408 calls=60
[pipeline-stage] upload mean-ms=0.0098 peak-call-ms=2.0818 calls=60
[pipeline-stage] presentation mean-ms=0.0084 peak-call-ms=0.1959 calls=2809
[pipeline-stage] CRT/resolve mean-ms=0.0003 peak-call-ms=0.0767 calls=5618
[pipeline-stage] host UI mean-ms=0.0033 peak-call-ms=0.1840 calls=2809
[pipeline-stage] settings UI mean-ms=0.0001 peak-call-ms=0.0008 calls=2809
[pipeline-stage] present/wait mean-ms=0.2014 peak-call-ms=1.6489 calls=2809
[pipeline-stage] pacing/sleep mean-ms=0.0002 peak-call-ms=0.0010 calls=2809
[pipeline-stage] housekeeping mean-ms=0.0000 peak-call-ms=0.0018 calls=60
[pipeline-stage] PPU setup mean-ms=0.0001 peak-call-ms=0.0050 calls=60
[pipeline-stage] PPU scanout mean-ms=0.0296 peak-call-ms=4.1635 calls=60
[pipeline-stage] PPU finish mean-ms=0.0000 peak-call-ms=0.0018 calls=60
[pipeline-work] ticks=0.02 repre=0.98 draws=0.0 vertices=0 upload-MiB=0.046 depth-MiB=0.000 depth-copy-MiB=0.000 depth-copy-calls=0.00 jobs=0.00 helpers=0.00 fallback=0.00 failed=0.00 (per-present)
[pipeline-traffic] upload-calls=0.01 skipped=0.00 scan-MiB=0.014 upload-MiB=0.046 mirror-realloc=0.00 (per-present)
[pipeline-atlas] reuse=0.00 copy-MiB=0.000 copy-calls=0.00 (per-present; copies are GPU-only)
[pipeline-path] cpu-project=0.00 cpu-stage=0.00 gpu-reuse=0.00 publish=0.00 opt-out=0.00 limit=0.00 rejected=0.00 (events/present, not view fallbacks)
[music] stop [music:title-theme] (driver halt $F0)
[widescreen] gf=373 $18=00 $19=07 -> WIDE clamp=00 mirror=00 repeat=00 bands=0/811c9dc5 normal=00 hud=32/168/168 left-only-y=32 bg-plan=0 source=none/none hle=00
[music] src=1C:A988 song=01 -> [music:song-01] game-assets/audio/sky-palace.ogg
[pipeline-perf] scene=Native/menu host=0 map=00/07 output=1280x800 frames=2242 fps=2240.2 cadence-ms=0.446 p95=0.618 max=11.254 refresh=3 vsync=0 cap=0 gpu-ms=unavailable
[pipeline-stage] events/input mean-ms=0.0541 peak-call-ms=8.2532 calls=2242
[pipeline-stage] emulation mean-ms=0.0058 peak-call-ms=3.2017 calls=61
[pipeline-stage] PPU + capture mean-ms=0.0448 peak-call-ms=2.3872 calls=61
[pipeline-stage] world map build mean-ms=0.0000 peak-call-ms=0.0007 calls=61
[pipeline-stage] SIM metadata mean-ms=0.0005 peak-call-ms=0.0263 calls=61
[pipeline-stage] town canvas mean-ms=0.0000 peak-call-ms=0.0017 calls=61
[pipeline-stage] frame snapshot mean-ms=0.0008 peak-call-ms=0.0401 calls=61
[pipeline-stage] upload mean-ms=0.0096 peak-call-ms=0.6408 calls=61
[pipeline-stage] presentation mean-ms=0.0433 peak-call-ms=0.2524 calls=2242
[pipeline-stage] CRT/resolve mean-ms=0.0004 peak-call-ms=0.1223 calls=4484
[pipeline-stage] host UI mean-ms=0.0039 peak-call-ms=0.0476 calls=2242
[pipeline-stage] settings UI mean-ms=0.0002 peak-call-ms=0.0440 calls=2242
[pipeline-stage] present/wait mean-ms=0.2322 peak-call-ms=2.8027 calls=2242
[pipeline-stage] pacing/sleep mean-ms=0.0002 peak-call-ms=0.0061 calls=2242
[pipeline-stage] housekeeping mean-ms=0.0000 peak-call-ms=0.0020 calls=61
[pipeline-stage] PPU setup mean-ms=0.0002 peak-call-ms=0.0347 calls=61
[pipeline-stage] PPU scanout mean-ms=0.0438 peak-call-ms=2.3575 calls=61
[pipeline-stage] PPU finish mean-ms=0.0001 peak-call-ms=0.0080 calls=61
[pipeline-work] ticks=0.03 repre=0.97 draws=0.0 vertices=0 upload-MiB=0.011 depth-MiB=0.000 depth-copy-MiB=0.000 depth-copy-calls=0.00 jobs=0.00 helpers=0.00 fallback=0.00 failed=0.00 (per-present)
[pipeline-traffic] upload-calls=0.04 skipped=0.00 scan-MiB=0.028 upload-MiB=0.011 mirror-realloc=0.00 (per-present)
[pipeline-atlas] reuse=0.00 copy-MiB=0.000 copy-calls=0.00 (per-present; copies are GPU-only)
[pipeline-path] cpu-project=0.00 cpu-stage=0.00 gpu-reuse=0.00 publish=0.00 opt-out=0.00 limit=0.00 rejected=0.00 (events/present, not view fallbacks)
[widescreen] gf=431 $18=00 $19=09 -> WIDE clamp=00 mirror=00 repeat=00 bands=0/811c9dc5 normal=00 hud=0/0/0 left-only-y=0 bg-plan=0 source=none/none hle=00
[sim-worldmap] HLE built from sim state at gf=431 after world-navigation entry (841 tiles changed)
[pipeline-perf] scene=Native/menu host=0 map=00/09 output=1280x800 frames=3007 fps=3005.5 cadence-ms=0.333 p95=0.358 max=10.180 refresh=3 vsync=0 cap=0 gpu-ms=unavailable
[pipeline-stage] events/input mean-ms=0.0464 peak-call-ms=8.0906 calls=3007
[pipeline-stage] emulation mean-ms=0.0042 peak-call-ms=3.1294 calls=61
[pipeline-stage] PPU + capture mean-ms=0.0197 peak-call-ms=1.3789 calls=61
[pipeline-stage] world map build mean-ms=0.0001 peak-call-ms=0.0551 calls=61
[pipeline-stage] SIM metadata mean-ms=0.0008 peak-call-ms=0.2234 calls=61
[pipeline-stage] town canvas mean-ms=0.0000 peak-call-ms=0.0014 calls=61
[pipeline-stage] frame snapshot mean-ms=0.0006 peak-call-ms=0.0401 calls=61
[pipeline-stage] upload mean-ms=0.0053 peak-call-ms=0.4188 calls=61
[pipeline-stage] presentation mean-ms=0.0078 peak-call-ms=0.0831 calls=3007
[pipeline-stage] CRT/resolve mean-ms=0.0002 peak-call-ms=0.0090 calls=6014
[pipeline-stage] host UI mean-ms=0.0033 peak-call-ms=0.0151 calls=3007
[pipeline-stage] settings UI mean-ms=0.0001 peak-call-ms=0.0009 calls=3007
[pipeline-stage] present/wait mean-ms=0.1953 peak-call-ms=2.4870 calls=3007
[pipeline-stage] pacing/sleep mean-ms=0.0002 peak-call-ms=0.0006 calls=3007
[pipeline-stage] housekeeping mean-ms=0.0000 peak-call-ms=0.0017 calls=61
[pipeline-stage] PPU setup mean-ms=0.0001 peak-call-ms=0.0055 calls=61
[pipeline-stage] PPU scanout mean-ms=0.0193 peak-call-ms=1.3606 calls=61
[pipeline-stage] PPU finish mean-ms=0.0000 peak-call-ms=0.0014 calls=61
[pipeline-work] ticks=0.02 repre=0.98 draws=0.0 vertices=0 upload-MiB=0.009 depth-MiB=0.000 depth-copy-MiB=0.000 depth-copy-calls=0.00 jobs=0.00 helpers=0.00 fallback=0.00 failed=0.00 (per-present)
[pipeline-traffic] upload-calls=0.02 skipped=0.00 scan-MiB=0.004 upload-MiB=0.009 mirror-realloc=0.00 (per-present)
[pipeline-atlas] reuse=0.00 copy-MiB=0.000 copy-calls=0.00 (per-present; copies are GPU-only)
[pipeline-path] cpu-project=0.00 cpu-stage=0.00 gpu-reuse=0.00 publish=0.00 opt-out=0.00 limit=0.00 rejected=0.00 (events/present, not view fallbacks)
[pipeline-perf] scene=Native/menu host=0 map=00/09 output=1280x800 frames=2963 fps=2961.8 cadence-ms=0.338 p95=0.370 max=10.474 refresh=3 vsync=0 cap=0 gpu-ms=unavailable
[pipeline-stage] events/input mean-ms=0.0494 peak-call-ms=8.1498 calls=2963
[pipeline-stage] emulation mean-ms=0.0035 peak-call-ms=1.0886 calls=60
[pipeline-stage] PPU + capture mean-ms=0.0199 peak-call-ms=1.4309 calls=60
[pipeline-stage] world map build mean-ms=0.0001 peak-call-ms=0.0283 calls=60
[pipeline-stage] SIM metadata mean-ms=0.0006 peak-call-ms=0.0387 calls=60
[pipeline-stage] town canvas mean-ms=0.0000 peak-call-ms=0.0015 calls=60
[pipeline-stage] frame snapshot mean-ms=0.0006 peak-call-ms=0.0343 calls=60
[pipeline-stage] upload mean-ms=0.0066 peak-call-ms=0.4443 calls=60
[pipeline-stage] presentation mean-ms=0.0079 peak-call-ms=0.1176 calls=2963
[pipeline-stage] CRT/resolve mean-ms=0.0002 peak-call-ms=0.0008 calls=5926
[pipeline-stage] host UI mean-ms=0.0034 peak-call-ms=0.1136 calls=2963
[pipeline-stage] settings UI mean-ms=0.0001 peak-call-ms=0.0008 calls=2963
[pipeline-stage] present/wait mean-ms=0.1953 peak-call-ms=2.5972 calls=2963
[pipeline-stage] pacing/sleep mean-ms=0.0002 peak-call-ms=0.0007 calls=2963
[pipeline-stage] housekeeping mean-ms=0.0000 peak-call-ms=0.0020 calls=60
[pipeline-stage] PPU setup mean-ms=0.0001 peak-call-ms=0.0050 calls=60
[pipeline-stage] PPU scanout mean-ms=0.0196 peak-call-ms=1.4125 calls=60
[pipeline-stage] PPU finish mean-ms=0.0000 peak-call-ms=0.0013 calls=60
[pipeline-work] ticks=0.02 repre=0.98 draws=0.0 vertices=0 upload-MiB=0.012 depth-MiB=0.000 depth-copy-MiB=0.000 depth-copy-calls=0.00 jobs=0.00 helpers=0.00 fallback=0.00 failed=0.00 (per-present)
[pipeline-traffic] upload-calls=0.02 skipped=0.00 scan-MiB=0.002 upload-MiB=0.012 mirror-realloc=0.00 (per-present)
[pipeline-atlas] reuse=0.00 copy-MiB=0.000 copy-calls=0.00 (per-present; copies are GPU-only)
[pipeline-path] cpu-project=0.00 cpu-stage=0.00 gpu-reuse=0.00 publish=0.00 opt-out=0.00 limit=0.00 rejected=0.00 (events/present, not view fallbacks)
[pipeline-perf] scene=Native/menu host=0 map=00/09 output=1280x800 frames=2916 fps=2909.6 cadence-ms=0.344 p95=0.387 max=11.301 refresh=3 vsync=0 cap=0 gpu-ms=unavailable
[pipeline-stage] events/input mean-ms=0.0515 peak-call-ms=8.2819 calls=2916
[pipeline-stage] emulation mean-ms=0.0031 peak-call-ms=1.2043 calls=60
[pipeline-stage] PPU + capture mean-ms=0.0207 peak-call-ms=1.3646 calls=60
[pipeline-stage] world map build mean-ms=0.0001 peak-call-ms=0.0296 calls=60
[pipeline-stage] SIM metadata mean-ms=0.0007 peak-call-ms=0.1191 calls=60
[pipeline-stage] town canvas mean-ms=0.0000 peak-call-ms=0.0014 calls=60
[pipeline-stage] frame snapshot mean-ms=0.0006 peak-call-ms=0.0418 calls=60
[pipeline-stage] upload mean-ms=0.0066 peak-call-ms=0.4839 calls=60
[pipeline-stage] presentation mean-ms=0.0081 peak-call-ms=0.1346 calls=2916
[pipeline-stage] CRT/resolve mean-ms=0.0003 peak-call-ms=0.0713 calls=5832
[pipeline-stage] host UI mean-ms=0.0034 peak-call-ms=0.0180 calls=2916
[pipeline-stage] settings UI mean-ms=0.0001 peak-call-ms=0.0008 calls=2916
[pipeline-stage] present/wait mean-ms=0.1980 peak-call-ms=2.4930 calls=2916
[pipeline-stage] pacing/sleep mean-ms=0.0002 peak-call-ms=0.0117 calls=2916
[pipeline-stage] housekeeping mean-ms=0.0000 peak-call-ms=0.0017 calls=60
[pipeline-stage] PPU setup mean-ms=0.0001 peak-call-ms=0.0157 calls=60
[pipeline-stage] PPU scanout mean-ms=0.0204 peak-call-ms=1.3408 calls=60
[pipeline-stage] PPU finish mean-ms=0.0000 peak-call-ms=0.0014 calls=60
[pipeline-work] ticks=0.02 repre=0.98 draws=0.0 vertices=0 upload-MiB=0.013 depth-MiB=0.000 depth-copy-MiB=0.000 depth-copy-calls=0.00 jobs=0.00 helpers=0.00 fallback=0.00 failed=0.00 (per-present)
[pipeline-traffic] upload-calls=0.02 skipped=0.00 scan-MiB=0.000 upload-MiB=0.013 mirror-realloc=0.00 (per-present)
[pipeline-atlas] reuse=0.00 copy-MiB=0.000 copy-calls=0.00 (per-present; copies are GPU-only)
[pipeline-path] cpu-project=0.00 cpu-stage=0.00 gpu-reuse=0.00 publish=0.00 opt-out=0.00 limit=0.00 rejected=0.00 (events/present, not view fallbacks)
[pipeline-perf] scene=Native/menu host=0 map=00/09 output=1280x800 frames=2918 fps=2916.9 cadence-ms=0.343 p95=0.424 max=10.350 refresh=3 vsync=0 cap=0 gpu-ms=unavailable
[pipeline-stage] events/input mean-ms=0.0476 peak-call-ms=8.1620 calls=2918
[pipeline-stage] emulation mean-ms=0.0042 peak-call-ms=1.1373 calls=60
[pipeline-stage] PPU + capture mean-ms=0.0206 peak-call-ms=1.3602 calls=60
[pipeline-stage] world map build mean-ms=0.0001 peak-call-ms=0.0351 calls=60
[pipeline-stage] SIM metadata mean-ms=0.0006 peak-call-ms=0.0499 calls=60
[pipeline-stage] town canvas mean-ms=0.0000 peak-call-ms=0.0015 calls=60
[pipeline-stage] frame snapshot mean-ms=0.0006 peak-call-ms=0.0380 calls=60
[pipeline-stage] upload mean-ms=0.0067 peak-call-ms=0.4503 calls=60
[pipeline-stage] presentation mean-ms=0.0081 peak-call-ms=0.1108 calls=2918
[pipeline-stage] CRT/resolve mean-ms=0.0003 peak-call-ms=0.0316 calls=5836
[pipeline-stage] host UI mean-ms=0.0035 peak-call-ms=0.0983 calls=2918
[pipeline-stage] settings UI mean-ms=0.0001 peak-call-ms=0.0010 calls=2918
[pipeline-stage] present/wait mean-ms=0.1995 peak-call-ms=2.5210 calls=2918
[pipeline-stage] pacing/sleep mean-ms=0.0002 peak-call-ms=0.0008 calls=2918
[pipeline-stage] housekeeping mean-ms=0.0000 peak-call-ms=0.0019 calls=60
[pipeline-stage] PPU setup mean-ms=0.0001 peak-call-ms=0.0063 calls=60
[pipeline-stage] PPU scanout mean-ms=0.0203 peak-call-ms=1.3421 calls=60
[pipeline-stage] PPU finish mean-ms=0.0000 peak-call-ms=0.0014 calls=60
[pipeline-work] ticks=0.02 repre=0.98 draws=0.0 vertices=0 upload-MiB=0.013 depth-MiB=0.000 depth-copy-MiB=0.000 depth-copy-calls=0.00 jobs=0.00 helpers=0.00 fallback=0.00 failed=0.00 (per-present)
[pipeline-traffic] upload-calls=0.02 skipped=0.00 scan-MiB=0.002 upload-MiB=0.013 mirror-realloc=0.00 (per-present)
[pipeline-atlas] reuse=0.00 copy-MiB=0.000 copy-calls=0.00 (per-present; copies are GPU-only)
[pipeline-path] cpu-project=0.00 cpu-stage=0.00 gpu-reuse=0.00 publish=0.00 opt-out=0.00 limit=0.00 rejected=0.00 (events/present, not view fallbacks)
[widescreen] gf=690 $18=00 $19=07 -> WIDE clamp=00 mirror=00 repeat=00 bands=0/811c9dc5 normal=00 hud=32/168/168 left-only-y=32 bg-plan=0 source=none/none hle=00
[pipeline-perf] scene=Native/menu host=0 map=00/07 output=1280x800 frames=2099 fps=2097.4 cadence-ms=0.477 p95=0.713 max=12.123 refresh=3 vsync=0 cap=0 gpu-ms=unavailable
[pipeline-stage] events/input mean-ms=0.0546 peak-call-ms=8.2018 calls=2099
[pipeline-stage] emulation mean-ms=0.0075 peak-call-ms=3.8566 calls=61
[pipeline-stage] PPU + capture mean-ms=0.0539 peak-call-ms=2.4778 calls=61
[pipeline-stage] world map build mean-ms=0.0000 peak-call-ms=0.0009 calls=61
[pipeline-stage] SIM metadata mean-ms=0.0006 peak-call-ms=0.0229 calls=61
[pipeline-stage] town canvas mean-ms=0.0000 peak-call-ms=0.0014 calls=61
[pipeline-stage] frame snapshot mean-ms=0.0009 peak-call-ms=0.0351 calls=61
[pipeline-stage] upload mean-ms=0.0102 peak-call-ms=1.1460 calls=61
[pipeline-stage] presentation mean-ms=0.0444 peak-call-ms=0.1946 calls=2099
[pipeline-stage] CRT/resolve mean-ms=0.0003 peak-call-ms=0.0103 calls=4198
[pipeline-stage] host UI mean-ms=0.0040 peak-call-ms=0.1018 calls=2099
[pipeline-stage] settings UI mean-ms=0.0002 peak-call-ms=0.0066 calls=2099
[pipeline-stage] present/wait mean-ms=0.2444 peak-call-ms=2.6175 calls=2099
[pipeline-stage] pacing/sleep mean-ms=0.0002 peak-call-ms=0.0066 calls=2099
[pipeline-stage] housekeeping mean-ms=0.0000 peak-call-ms=0.0017 calls=61
[pipeline-stage] PPU setup mean-ms=0.0001 peak-call-ms=0.0102 calls=61
[pipeline-stage] PPU scanout mean-ms=0.0529 peak-call-ms=2.4406 calls=61
[pipeline-stage] PPU finish mean-ms=0.0001 peak-call-ms=0.0040 calls=61
[pipeline-work] ticks=0.03 repre=0.97 draws=0.0 vertices=0 upload-MiB=0.009 depth-MiB=0.000 depth-copy-MiB=0.000 depth-copy-calls=0.00 jobs=0.00 helpers=0.00 fallback=0.00 failed=0.00 (per-present)
[pipeline-traffic] upload-calls=0.04 skipped=0.00 scan-MiB=0.032 upload-MiB=0.009 mirror-realloc=0.00 (per-present)
[pipeline-atlas] reuse=0.00 copy-MiB=0.000 copy-calls=0.00 (per-present; copies are GPU-only)
[pipeline-path] cpu-project=0.00 cpu-stage=0.00 gpu-reuse=0.00 publish=0.00 opt-out=0.00 limit=0.00 rejected=0.00 (events/present, not view fallbacks)
[pipeline-perf] scene=Native/menu host=0 map=00/07 output=1280x800 frames=2112 fps=2110.8 cadence-ms=0.474 p95=0.481 max=11.544 refresh=3 vsync=0 cap=0 gpu-ms=unavailable
[pipeline-stage] events/input mean-ms=0.0508 peak-call-ms=8.2374 calls=2112
[pipeline-stage] emulation mean-ms=0.0063 peak-call-ms=1.3268 calls=60
[pipeline-stage] PPU + capture mean-ms=0.0523 peak-call-ms=2.4749 calls=60
[pipeline-stage] world map build mean-ms=0.0000 peak-call-ms=0.0008 calls=60
[pipeline-stage] SIM metadata mean-ms=0.0006 peak-call-ms=0.0279 calls=60
[pipeline-stage] town canvas mean-ms=0.0000 peak-call-ms=0.0016 calls=60
[pipeline-stage] frame snapshot mean-ms=0.0009 peak-call-ms=0.0455 calls=60
[pipeline-stage] upload mean-ms=0.0085 peak-call-ms=0.4694 calls=60
[pipeline-stage] presentation mean-ms=0.0449 peak-call-ms=0.1587 calls=2112
[pipeline-stage] CRT/resolve mean-ms=0.0003 peak-call-ms=0.0060 calls=4224
[pipeline-stage] host UI mean-ms=0.0040 peak-call-ms=0.0591 calls=2112
[pipeline-stage] settings UI mean-ms=0.0002 peak-call-ms=0.0011 calls=2112
[pipeline-stage] present/wait mean-ms=0.2444 peak-call-ms=2.6660 calls=2112
[pipeline-stage] pacing/sleep mean-ms=0.0002 peak-call-ms=0.0065 calls=2112
[pipeline-stage] housekeeping mean-ms=0.0000 peak-call-ms=0.0020 calls=60
[pipeline-stage] PPU setup mean-ms=0.0001 peak-call-ms=0.0125 calls=60
[pipeline-stage] PPU scanout mean-ms=0.0514 peak-call-ms=2.4402 calls=60
[pipeline-stage] PPU finish mean-ms=0.0001 peak-call-ms=0.0051 calls=60
[pipeline-work] ticks=0.03 repre=0.97 draws=0.0 vertices=0 upload-MiB=0.005 depth-MiB=0.000 depth-copy-MiB=0.000 depth-copy-calls=0.00 jobs=0.00 helpers=0.00 fallback=0.00 failed=0.00 (per-present)
[pipeline-traffic] upload-calls=0.03 skipped=0.00 scan-MiB=0.035 upload-MiB=0.005 mirror-realloc=0.00 (per-present)
[pipeline-atlas] reuse=0.00 copy-MiB=0.000 copy-calls=0.00 (per-present; copies are GPU-only)
[pipeline-path] cpu-project=0.00 cpu-stage=0.00 gpu-reuse=0.00 publish=0.00 opt-out=0.00 limit=0.00 rejected=0.00 (events/present, not view fallbacks)
[pipeline-perf] scene=Native/menu host=0 map=00/07 output=1280x800 frames=2197 fps=2195.7 cadence-ms=0.455 p95=0.483 max=11.984 refresh=3 vsync=0 cap=0 gpu-ms=unavailable
[pipeline-stage] events/input mean-ms=0.0516 peak-call-ms=8.2356 calls=2197
[pipeline-stage] emulation mean-ms=0.0056 peak-call-ms=1.7126 calls=60
[pipeline-stage] PPU + capture mean-ms=0.0509 peak-call-ms=2.5930 calls=60
[pipeline-stage] world map build mean-ms=0.0000 peak-call-ms=0.0103 calls=60
[pipeline-stage] SIM metadata mean-ms=0.0005 peak-call-ms=0.0237 calls=60
[pipeline-stage] town canvas mean-ms=0.0000 peak-call-ms=0.0016 calls=60
[pipeline-stage] frame snapshot mean-ms=0.0008 peak-call-ms=0.0418 calls=60
[pipeline-stage] upload mean-ms=0.0084 peak-call-ms=0.4252 calls=60
[pipeline-stage] presentation mean-ms=0.0419 peak-call-ms=0.1738 calls=2197
[pipeline-stage] CRT/resolve mean-ms=0.0003 peak-call-ms=0.0010 calls=4394
[pipeline-stage] host UI mean-ms=0.0038 peak-call-ms=0.0738 calls=2197
[pipeline-stage] settings UI mean-ms=0.0001 peak-call-ms=0.0009 calls=2197
[pipeline-stage] present/wait mean-ms=0.2368 peak-call-ms=2.6756 calls=2197
[pipeline-stage] pacing/sleep mean-ms=0.0002 peak-call-ms=0.0648 calls=2197
[pipeline-stage] housekeeping mean-ms=0.0000 peak-call-ms=0.0024 calls=60
[pipeline-stage] PPU setup mean-ms=0.0001 peak-call-ms=0.0076 calls=60
[pipeline-stage] PPU scanout mean-ms=0.0499 peak-call-ms=2.5557 calls=60
[pipeline-stage] PPU finish mean-ms=0.0001 peak-call-ms=0.0037 calls=60
[pipeline-work] ticks=0.03 repre=0.97 draws=0.0 vertices=0 upload-MiB=0.005 depth-MiB=0.000 depth-copy-MiB=0.000 depth-copy-calls=0.00 jobs=0.00 helpers=0.00 fallback=0.00 failed=0.00 (per-present)
[pipeline-traffic] upload-calls=0.03 skipped=0.00 scan-MiB=0.034 upload-MiB=0.005 mirror-realloc=0.00 (per-present)
[pipeline-atlas] reuse=0.00 copy-MiB=0.000 copy-calls=0.00 (per-present; copies are GPU-only)
[pipeline-path] cpu-project=0.00 cpu-stage=0.00 gpu-reuse=0.00 publish=0.00 opt-out=0.00 limit=0.00 rejected=0.00 (events/present, not view fallbacks)
[music] stop [music:song-01] (driver halt $F0)
[widescreen] gf=898 $18=00 $19=09 -> WIDE clamp=00 mirror=00 repeat=00 bands=0/811c9dc5 normal=00 hud=0/0/0 left-only-y=0 bg-plan=0 source=none/none hle=00
[sim-worldmap] HLE built from sim state at gf=898 after world-navigation entry (0 tiles changed)
[music] src=1C:A7CC song=01 -> [music:song-08] game-assets/audio/advent.ogg
[pipeline-perf] scene=Native/menu host=0 map=00/09 output=1280x800 frames=2930 fps=2928.9 cadence-ms=0.341 p95=0.358 max=10.313 refresh=3 vsync=0 cap=0 gpu-ms=unavailable
[pipeline-stage] events/input mean-ms=0.0509 peak-call-ms=8.2601 calls=2930
[pipeline-stage] emulation mean-ms=0.0040 peak-call-ms=2.7177 calls=61
[pipeline-stage] PPU + capture mean-ms=0.0169 peak-call-ms=1.0839 calls=61
[pipeline-stage] world map build mean-ms=0.0001 peak-call-ms=0.0520 calls=61
[pipeline-stage] SIM metadata mean-ms=0.0007 peak-call-ms=0.0403 calls=61
[pipeline-stage] town canvas mean-ms=0.0000 peak-call-ms=0.0015 calls=61
[pipeline-stage] frame snapshot mean-ms=0.0006 peak-call-ms=0.0744 calls=61
[pipeline-stage] upload mean-ms=0.0028 peak-call-ms=0.4376 calls=61
[pipeline-stage] presentation mean-ms=0.0085 peak-call-ms=0.1405 calls=2930
[pipeline-stage] CRT/resolve mean-ms=0.0002 peak-call-ms=0.0010 calls=5860
[pipeline-stage] host UI mean-ms=0.0037 peak-call-ms=0.1141 calls=2930
[pipeline-stage] settings UI mean-ms=0.0001 peak-call-ms=0.0107 calls=2930
[pipeline-stage] present/wait mean-ms=0.1999 peak-call-ms=2.4756 calls=2930
[pipeline-stage] pacing/sleep mean-ms=0.0002 peak-call-ms=0.0134 calls=2930
[pipeline-stage] housekeeping mean-ms=0.0000 peak-call-ms=0.0021 calls=61
[pipeline-stage] PPU setup mean-ms=0.0001 peak-call-ms=0.0155 calls=61
[pipeline-stage] PPU scanout mean-ms=0.0165 peak-call-ms=1.0640 calls=61
[pipeline-stage] PPU finish mean-ms=0.0000 peak-call-ms=0.0016 calls=61
[pipeline-work] ticks=0.02 repre=0.98 draws=0.0 vertices=0 upload-MiB=0.004 depth-MiB=0.000 depth-copy-MiB=0.000 depth-copy-calls=0.00 jobs=0.00 helpers=0.00 fallback=0.00 failed=0.00 (per-present)
[pipeline-traffic] upload-calls=0.01 skipped=0.00 scan-MiB=0.010 upload-MiB=0.004 mirror-realloc=0.00 (per-present)
[pipeline-atlas] reuse=0.00 copy-MiB=0.000 copy-calls=0.00 (per-present; copies are GPU-only)
[pipeline-path] cpu-project=0.00 cpu-stage=0.00 gpu-reuse=0.00 publish=0.00 opt-out=0.00 limit=0.00 rejected=0.00 (events/present, not view fallbacks)
[pipeline-perf] scene=Native/menu host=0 map=00/09 output=1280x800 frames=2954 fps=2952.8 cadence-ms=0.339 p95=0.354 max=10.390 refresh=3 vsync=0 cap=0 gpu-ms=unavailable
[pipeline-stage] events/input mean-ms=0.0489 peak-call-ms=8.2938 calls=2954
[pipeline-stage] emulation mean-ms=0.0017 peak-call-ms=0.5357 calls=60
[pipeline-stage] PPU + capture mean-ms=0.0189 peak-call-ms=1.1825 calls=60
[pipeline-stage] world map build mean-ms=0.0001 peak-call-ms=0.0636 calls=60
[pipeline-stage] SIM metadata mean-ms=0.0007 peak-call-ms=0.0440 calls=60
[pipeline-stage] town canvas mean-ms=0.0000 peak-call-ms=0.0015 calls=60
[pipeline-stage] frame snapshot mean-ms=0.0006 peak-call-ms=0.0939 calls=60
[pipeline-stage] upload mean-ms=0.0069 peak-call-ms=0.4634 calls=60
[pipeline-stage] presentation mean-ms=0.0079 peak-call-ms=0.1138 calls=2954
[pipeline-stage] CRT/resolve mean-ms=0.0002 peak-call-ms=0.0008 calls=5908
[pipeline-stage] host UI mean-ms=0.0034 peak-call-ms=0.0233 calls=2954
[pipeline-stage] settings UI mean-ms=0.0001 peak-call-ms=0.0048 calls=2954
[pipeline-stage] present/wait mean-ms=0.1981 peak-call-ms=2.5265 calls=2954
[pipeline-stage] pacing/sleep mean-ms=0.0002 peak-call-ms=0.0092 calls=2954
[pipeline-stage] housekeeping mean-ms=0.0000 peak-call-ms=0.0019 calls=60
[pipeline-stage] PPU setup mean-ms=0.0001 peak-call-ms=0.0059 calls=60
[pipeline-stage] PPU scanout mean-ms=0.0185 peak-call-ms=1.1623 calls=60
[pipeline-stage] PPU finish mean-ms=0.0000 peak-call-ms=0.0091 calls=60
[pipeline-work] ticks=0.02 repre=0.98 draws=0.0 vertices=0 upload-MiB=0.009 depth-MiB=0.000 depth-copy-MiB=0.000 depth-copy-calls=0.00 jobs=0.00 helpers=0.00 fallback=0.00 failed=0.00 (per-present)
[pipeline-traffic] upload-calls=0.02 skipped=0.00 scan-MiB=0.015 upload-MiB=0.009 mirror-realloc=0.00 (per-present)
[pipeline-atlas] reuse=0.00 copy-MiB=0.000 copy-calls=0.00 (per-present; copies are GPU-only)
[pipeline-path] cpu-project=0.00 cpu-stage=0.00 gpu-reuse=0.00 publish=0.00 opt-out=0.00 limit=0.00 rejected=0.00 (events/present, not view fallbacks)
[pipeline-perf] scene=Native/menu host=0 map=00/09 output=1280x800 frames=2999 fps=2997.7 cadence-ms=0.334 p95=0.333 max=10.250 refresh=3 vsync=0 cap=0 gpu-ms=unavailable
[pipeline-stage] events/input mean-ms=0.0489 peak-call-ms=8.2397 calls=2999
[pipeline-stage] emulation mean-ms=0.0025 peak-call-ms=0.9073 calls=60
[pipeline-stage] PPU + capture mean-ms=0.0185 peak-call-ms=1.0571 calls=60
[pipeline-stage] world map build mean-ms=0.0000 peak-call-ms=0.0030 calls=60
[pipeline-stage] SIM metadata mean-ms=0.0006 peak-call-ms=0.0947 calls=60
[pipeline-stage] town canvas mean-ms=0.0000 peak-call-ms=0.0015 calls=60
[pipeline-stage] frame snapshot mean-ms=0.0006 peak-call-ms=0.0402 calls=60
[pipeline-stage] upload mean-ms=0.0066 peak-call-ms=0.5155 calls=60
[pipeline-stage] presentation mean-ms=0.0077 peak-call-ms=0.1132 calls=2999
[pipeline-stage] CRT/resolve mean-ms=0.0003 peak-call-ms=0.1057 calls=5998
[pipeline-stage] host UI mean-ms=0.0033 peak-call-ms=0.1042 calls=2999
[pipeline-stage] settings UI mean-ms=0.0001 peak-call-ms=0.0018 calls=2999
[pipeline-stage] present/wait mean-ms=0.1944 peak-call-ms=2.5677 calls=2999
[pipeline-stage] pacing/sleep mean-ms=0.0002 peak-call-ms=0.0937 calls=2999
[pipeline-stage] housekeeping mean-ms=0.0000 peak-call-ms=0.0018 calls=60
[pipeline-stage] PPU setup mean-ms=0.0001 peak-call-ms=0.0066 calls=60
[pipeline-stage] PPU scanout mean-ms=0.0181 peak-call-ms=1.0370 calls=60
[pipeline-stage] PPU finish mean-ms=0.0000 peak-call-ms=0.0014 calls=60
[pipeline-work] ticks=0.02 repre=0.98 draws=0.0 vertices=0 upload-MiB=0.009 depth-MiB=0.000 depth-copy-MiB=0.000 depth-copy-calls=0.00 jobs=0.00 helpers=0.00 fallback=0.00 failed=0.00 (per-present)
[pipeline-traffic] upload-calls=0.02 skipped=0.00 scan-MiB=0.016 upload-MiB=0.009 mirror-realloc=0.00 (per-present)
[pipeline-atlas] reuse=0.00 copy-MiB=0.000 copy-calls=0.00 (per-present; copies are GPU-only)
[pipeline-path] cpu-project=0.00 cpu-stage=0.00 gpu-reuse=0.00 publish=0.00 opt-out=0.00 limit=0.00 rejected=0.00 (events/present, not view fallbacks)
[pipeline-perf] scene=Native/menu host=0 map=00/09 output=1280x800 frames=3045 fps=3043.3 cadence-ms=0.329 p95=0.366 max=8.925 refresh=3 vsync=0 cap=0 gpu-ms=unavailable
[pipeline-stage] events/input mean-ms=0.0484 peak-call-ms=8.2225 calls=3045
[pipeline-stage] emulation mean-ms=0.0026 peak-call-ms=1.0939 calls=60
[pipeline-stage] PPU + capture mean-ms=0.0180 peak-call-ms=1.0055 calls=60
[pipeline-stage] world map build mean-ms=0.0000 peak-call-ms=0.0028 calls=60
[pipeline-stage] SIM metadata mean-ms=0.0006 peak-call-ms=0.0975 calls=60
[pipeline-stage] town canvas mean-ms=0.0000 peak-call-ms=0.0014 calls=60
[pipeline-stage] frame snapshot mean-ms=0.0006 peak-call-ms=0.0594 calls=60
[pipeline-stage] upload mean-ms=0.0064 peak-call-ms=0.4340 calls=60
[pipeline-stage] presentation mean-ms=0.0077 peak-call-ms=0.1121 calls=3045
[pipeline-stage] CRT/resolve mean-ms=0.0002 peak-call-ms=0.0008 calls=6090
[pipeline-stage] host UI mean-ms=0.0033 peak-call-ms=0.1077 calls=3045
[pipeline-stage] settings UI mean-ms=0.0001 peak-call-ms=0.0086 calls=3045
[pipeline-stage] present/wait mean-ms=0.1906 peak-call-ms=2.4367 calls=3045
[pipeline-stage] pacing/sleep mean-ms=0.0002 peak-call-ms=0.0095 calls=3045
[pipeline-stage] housekeeping mean-ms=0.0000 peak-call-ms=0.0020 calls=60
[pipeline-stage] PPU setup mean-ms=0.0001 peak-call-ms=0.0164 calls=60
[pipeline-stage] PPU scanout mean-ms=0.0177 peak-call-ms=0.9887 calls=60
[pipeline-stage] PPU finish mean-ms=0.0000 peak-call-ms=0.0016 calls=60
[pipeline-work] ticks=0.02 repre=0.98 draws=0.0 vertices=0 upload-MiB=0.011 depth-MiB=0.000 depth-copy-MiB=0.000 depth-copy-calls=0.00 jobs=0.00 helpers=0.00 fallback=0.00 failed=0.00 (per-present)
[pipeline-traffic] upload-calls=0.02 skipped=0.00 scan-MiB=0.009 upload-MiB=0.011 mirror-realloc=0.00 (per-present)
[pipeline-atlas] reuse=0.00 copy-MiB=0.000 copy-calls=0.00 (per-present; copies are GPU-only)
[pipeline-path] cpu-project=0.00 cpu-stage=0.00 gpu-reuse=0.00 publish=0.00 opt-out=0.00 limit=0.00 rejected=0.00 (events/present, not view fallbacks)
[pipeline-perf] scene=Native/menu host=0 map=00/09 output=1280x800 frames=2961 fps=2959.8 cadence-ms=0.338 p95=0.369 max=9.756 refresh=3 vsync=0 cap=0 gpu-ms=unavailable
[pipeline-stage] events/input mean-ms=0.0499 peak-call-ms=8.1341 calls=2961
[pipeline-stage] emulation mean-ms=0.0021 peak-call-ms=0.9396 calls=60
[pipeline-stage] PPU + capture mean-ms=0.0189 peak-call-ms=1.1454 calls=60
[pipeline-stage] world map build mean-ms=0.0000 peak-call-ms=0.0027 calls=60
[pipeline-stage] SIM metadata mean-ms=0.0006 peak-call-ms=0.0555 calls=60
[pipeline-stage] town canvas mean-ms=0.0000 peak-call-ms=0.0015 calls=60
[pipeline-stage] frame snapshot mean-ms=0.0006 peak-call-ms=0.0426 calls=60
[pipeline-stage] upload mean-ms=0.0067 peak-call-ms=0.4110 calls=60
[pipeline-stage] presentation mean-ms=0.0082 peak-call-ms=0.1238 calls=2961
[pipeline-stage] CRT/resolve mean-ms=0.0002 peak-call-ms=0.0078 calls=5922
[pipeline-stage] host UI mean-ms=0.0035 peak-call-ms=0.1149 calls=2961
[pipeline-stage] settings UI mean-ms=0.0001 peak-call-ms=0.0131 calls=2961
[pipeline-stage] present/wait mean-ms=0.1955 peak-call-ms=2.4063 calls=2961
[pipeline-stage] pacing/sleep mean-ms=0.0002 peak-call-ms=0.0087 calls=2961
[pipeline-stage] housekeeping mean-ms=0.0000 peak-call-ms=0.0145 calls=60
[pipeline-stage] PPU setup mean-ms=0.0001 peak-call-ms=0.0054 calls=60
[pipeline-stage] PPU scanout mean-ms=0.0185 peak-call-ms=1.1248 calls=60
[pipeline-stage] PPU finish mean-ms=0.0000 peak-call-ms=0.0013 calls=60
[pipeline-work] ticks=0.02 repre=0.98 draws=0.0 vertices=0 upload-MiB=0.012 depth-MiB=0.000 depth-copy-MiB=0.000 depth-copy-calls=0.00 jobs=0.00 helpers=0.00 fallback=0.00 failed=0.00 (per-present)
[pipeline-traffic] upload-calls=0.02 skipped=0.00 scan-MiB=0.008 upload-MiB=0.012 mirror-realloc=0.00 (per-present)
[pipeline-atlas] reuse=0.00 copy-MiB=0.000 copy-calls=0.00 (per-present; copies are GPU-only)
[pipeline-path] cpu-project=0.00 cpu-stage=0.00 gpu-reuse=0.00 publish=0.00 opt-out=0.00 limit=0.00 rejected=0.00 (events/present, not view fallbacks)
[pipeline-perf] scene=Native/menu host=0 map=00/09 output=1280x800 frames=2939 fps=2938.0 cadence-ms=0.340 p95=0.400 max=10.572 refresh=3 vsync=0 cap=0 gpu-ms=unavailable
[pipeline-stage] events/input mean-ms=0.0504 peak-call-ms=8.2837 calls=2939
[pipeline-stage] emulation mean-ms=0.0035 peak-call-ms=1.3046 calls=60
[pipeline-stage] PPU + capture mean-ms=0.0194 peak-call-ms=1.6347 calls=60
[pipeline-stage] world map build mean-ms=0.0000 peak-call-ms=0.0026 calls=60
[pipeline-stage] SIM metadata mean-ms=0.0007 peak-call-ms=0.0429 calls=60
[pipeline-stage] town canvas mean-ms=0.0000 peak-call-ms=0.0015 calls=60
[pipeline-stage] frame snapshot mean-ms=0.0006 peak-call-ms=0.0983 calls=60
[pipeline-stage] upload mean-ms=0.0069 peak-call-ms=1.0479 calls=60
[pipeline-stage] presentation mean-ms=0.0080 peak-call-ms=0.1267 calls=2939
[pipeline-stage] CRT/resolve mean-ms=0.0002 peak-call-ms=0.0080 calls=5878
[pipeline-stage] host UI mean-ms=0.0034 peak-call-ms=0.0716 calls=2939
[pipeline-stage] settings UI mean-ms=0.0001 peak-call-ms=0.0077 calls=2939
[pipeline-stage] present/wait mean-ms=0.1963 peak-call-ms=2.5861 calls=2939
[pipeline-stage] pacing/sleep mean-ms=0.0002 peak-call-ms=0.0009 calls=2939
[pipeline-stage] housekeeping mean-ms=0.0000 peak-call-ms=0.0019 calls=60
[pipeline-stage] PPU setup mean-ms=0.0001 peak-call-ms=0.0051 calls=60
[pipeline-stage] PPU scanout mean-ms=0.0190 peak-call-ms=1.6136 calls=60
[pipeline-stage] PPU finish mean-ms=0.0000 peak-call-ms=0.0021 calls=60
[pipeline-work] ticks=0.02 repre=0.98 draws=0.0 vertices=0 upload-MiB=0.013 depth-MiB=0.000 depth-copy-MiB=0.000 depth-copy-calls=0.00 jobs=0.00 helpers=0.00 fallback=0.00 failed=0.00 (per-present)
[pipeline-traffic] upload-calls=0.02 skipped=0.00 scan-MiB=0.004 upload-MiB=0.013 mirror-realloc=0.00 (per-present)
[pipeline-atlas] reuse=0.00 copy-MiB=0.000 copy-calls=0.00 (per-present; copies are GPU-only)
[pipeline-path] cpu-project=0.00 cpu-stage=0.00 gpu-reuse=0.00 publish=0.00 opt-out=0.00 limit=0.00 rejected=0.00 (events/present, not view fallbacks)
[pipeline-perf] scene=Native/menu host=0 map=00/09 output=1280x800 frames=2898 fps=2895.2 cadence-ms=0.345 p95=0.367 max=10.134 refresh=3 vsync=0 cap=0 gpu-ms=unavailable
[pipeline-stage] events/input mean-ms=0.0482 peak-call-ms=8.2669 calls=2898
[pipeline-stage] emulation mean-ms=0.0029 peak-call-ms=1.3431 calls=61
[pipeline-stage] PPU + capture mean-ms=0.0197 peak-call-ms=1.3285 calls=61
[pipeline-stage] world map build mean-ms=0.0000 peak-call-ms=0.0024 calls=61
[pipeline-stage] SIM metadata mean-ms=0.0007 peak-call-ms=0.0413 calls=61
[pipeline-stage] town canvas mean-ms=0.0000 peak-call-ms=0.0016 calls=61
[pipeline-stage] frame snapshot mean-ms=0.0006 peak-call-ms=0.0395 calls=61
[pipeline-stage] upload mean-ms=0.0071 peak-call-ms=0.4926 calls=61
[pipeline-stage] presentation mean-ms=0.0089 peak-call-ms=0.0937 calls=2898
[pipeline-stage] CRT/resolve mean-ms=0.0003 peak-call-ms=0.0126 calls=5796
[pipeline-stage] host UI mean-ms=0.0035 peak-call-ms=0.0898 calls=2898
[pipeline-stage] settings UI mean-ms=0.0001 peak-call-ms=0.0115 calls=2898
[pipeline-stage] present/wait mean-ms=0.2007 peak-call-ms=2.5116 calls=2898
[pipeline-stage] pacing/sleep mean-ms=0.0002 peak-call-ms=0.0072 calls=2898
[pipeline-stage] housekeeping mean-ms=0.0000 peak-call-ms=0.0021 calls=61
[pipeline-stage] PPU setup mean-ms=0.0001 peak-call-ms=0.0058 calls=61
[pipeline-stage] PPU scanout mean-ms=0.0193 peak-call-ms=1.3102 calls=61
[pipeline-stage] PPU finish mean-ms=0.0000 peak-call-ms=0.0014 calls=61
[pipeline-work] ticks=0.02 repre=0.98 draws=0.0 vertices=0 upload-MiB=0.013 depth-MiB=0.000 depth-copy-MiB=0.000 depth-copy-calls=0.00 jobs=0.00 helpers=0.00 fallback=0.00 failed=0.00 (per-present)
[pipeline-traffic] upload-calls=0.02 skipped=0.00 scan-MiB=0.001 upload-MiB=0.013 mirror-realloc=0.00 (per-present)
[pipeline-atlas] reuse=0.00 copy-MiB=0.000 copy-calls=0.00 (per-present; copies are GPU-only)
[pipeline-path] cpu-project=0.00 cpu-stage=0.00 gpu-reuse=0.00 publish=0.00 opt-out=0.00 limit=0.00 rejected=0.00 (events/present, not view fallbacks)
[pipeline-perf] scene=Native/menu host=0 map=00/09 output=1280x800 frames=3149 fps=3135.1 cadence-ms=0.319 p95=0.350 max=10.032 refresh=3 vsync=0 cap=0 gpu-ms=unavailable
[pipeline-stage] events/input mean-ms=0.0505 peak-call-ms=8.2334 calls=3149
[pipeline-stage] emulation mean-ms=0.0023 peak-call-ms=1.0698 calls=60
[pipeline-stage] PPU + capture mean-ms=0.0039 peak-call-ms=0.8938 calls=60
[pipeline-stage] world map build mean-ms=0.0000 peak-call-ms=0.0129 calls=60
[pipeline-stage] SIM metadata mean-ms=0.0007 peak-call-ms=0.0568 calls=60
[pipeline-stage] town canvas mean-ms=0.0000 peak-call-ms=0.0020 calls=60
[pipeline-stage] frame snapshot mean-ms=0.0007 peak-call-ms=0.1218 calls=60
[pipeline-stage] upload mean-ms=0.0015 peak-call-ms=0.3651 calls=60
[pipeline-stage] presentation mean-ms=0.0082 peak-call-ms=0.1391 calls=3149
[pipeline-stage] CRT/resolve mean-ms=0.0003 peak-call-ms=0.1313 calls=6298
[pipeline-stage] host UI mean-ms=0.0034 peak-call-ms=0.0547 calls=3149
[pipeline-stage] settings UI mean-ms=0.0001 peak-call-ms=0.0008 calls=3149
[pipeline-stage] present/wait mean-ms=0.1961 peak-call-ms=2.3900 calls=3149
[pipeline-stage] pacing/sleep mean-ms=0.0002 peak-call-ms=0.0327 calls=3149
[pipeline-stage] housekeeping mean-ms=0.0000 peak-call-ms=0.0020 calls=60
[pipeline-stage] PPU setup mean-ms=0.0001 peak-call-ms=0.0065 calls=60
[pipeline-stage] PPU scanout mean-ms=0.0035 peak-call-ms=0.8728 calls=60
[pipeline-stage] PPU finish mean-ms=0.0000 peak-call-ms=0.0016 calls=60
[pipeline-work] ticks=0.02 repre=0.98 draws=0.0 vertices=0 upload-MiB=0.002 depth-MiB=0.000 depth-copy-MiB=0.000 depth-copy-calls=0.00 jobs=0.00 helpers=0.00 fallback=0.00 failed=0.00 (per-present)
[pipeline-traffic] upload-calls=0.00 skipped=0.00 scan-MiB=0.010 upload-MiB=0.002 mirror-realloc=0.00 (per-present)
[pipeline-atlas] reuse=0.00 copy-MiB=0.000 copy-calls=0.00 (per-present; copies are GPU-only)
[pipeline-path] cpu-project=0.00 cpu-stage=0.00 gpu-reuse=0.00 publish=0.00 opt-out=0.00 limit=0.00 rejected=0.00 (events/present, not view fallbacks)
[pipeline-perf] scene=Native/menu host=0 map=00/09 output=1280x800 frames=3138 fps=3136.3 cadence-ms=0.319 p95=0.336 max=8.977 refresh=3 vsync=0 cap=0 gpu-ms=unavailable
[pipeline-stage] events/input mean-ms=0.0469 peak-call-ms=8.1124 calls=3138
[pipeline-stage] emulation mean-ms=0.0015 peak-call-ms=1.1840 calls=60
[pipeline-stage] PPU + capture mean-ms=0.0017 peak-call-ms=0.1032 calls=60
[pipeline-stage] world map build mean-ms=0.0000 peak-call-ms=0.0033 calls=60
[pipeline-stage] SIM metadata mean-ms=0.0009 peak-call-ms=0.1000 calls=60
[pipeline-stage] town canvas mean-ms=0.0000 peak-call-ms=0.0018 calls=60
[pipeline-stage] frame snapshot mean-ms=0.0008 peak-call-ms=0.0643 calls=60
[pipeline-stage] upload mean-ms=0.0010 peak-call-ms=0.1903 calls=60
[pipeline-stage] presentation mean-ms=0.0095 peak-call-ms=0.1253 calls=3138
[pipeline-stage] CRT/resolve mean-ms=0.0003 peak-call-ms=0.1019 calls=6276
[pipeline-stage] host UI mean-ms=0.0041 peak-call-ms=0.0803 calls=3138
[pipeline-stage] settings UI mean-ms=0.0001 peak-call-ms=0.0120 calls=3138
[pipeline-stage] present/wait mean-ms=0.2015 peak-call-ms=1.4395 calls=3138
[pipeline-stage] pacing/sleep mean-ms=0.0002 peak-call-ms=0.0085 calls=3138
[pipeline-stage] housekeeping mean-ms=0.0000 peak-call-ms=0.0015 calls=60
[pipeline-stage] PPU setup mean-ms=0.0001 peak-call-ms=0.0081 calls=60
[pipeline-stage] PPU scanout mean-ms=0.0012 peak-call-ms=0.0756 calls=60
[pipeline-stage] PPU finish mean-ms=0.0000 peak-call-ms=0.0018 calls=60
[pipeline-work] ticks=0.02 repre=0.98 draws=0.0 vertices=0 upload-MiB=0.000 depth-MiB=0.000 depth-copy-MiB=0.000 depth-copy-calls=0.00 jobs=0.00 helpers=0.00 fallback=0.00 failed=0.00 (per-present)
[pipeline-traffic] upload-calls=0.00 skipped=0.00 scan-MiB=0.012 upload-MiB=0.000 mirror-realloc=0.00 (per-present)
[pipeline-atlas] reuse=0.00 copy-MiB=0.000 copy-calls=0.00 (per-present; copies are GPU-only)
[pipeline-path] cpu-project=0.00 cpu-stage=0.00 gpu-reuse=0.00 publish=0.00 opt-out=0.00 limit=0.00 rejected=0.00 (events/present, not view fallbacks)
[pipeline-perf] scene=Native/menu host=0 map=00/09 output=1280x800 frames=3166 fps=3164.4 cadence-ms=0.316 p95=0.387 max=9.146 refresh=3 vsync=0 cap=0 gpu-ms=unavailable
[pipeline-stage] events/input mean-ms=0.0496 peak-call-ms=8.2791 calls=3166
[pipeline-stage] emulation mean-ms=0.0015 peak-call-ms=1.1906 calls=60
[pipeline-stage] PPU + capture mean-ms=0.0016 peak-call-ms=0.1194 calls=60
[pipeline-stage] world map build mean-ms=0.0000 peak-call-ms=0.0031 calls=60
[pipeline-stage] SIM metadata mean-ms=0.0008 peak-call-ms=0.0588 calls=60
[pipeline-stage] town canvas mean-ms=0.0000 peak-call-ms=0.0019 calls=60
[pipeline-stage] frame snapshot mean-ms=0.0008 peak-call-ms=0.1615 calls=60
[pipeline-stage] upload mean-ms=0.0009 peak-call-ms=0.0646 calls=60
[pipeline-stage] presentation mean-ms=0.0088 peak-call-ms=0.1469 calls=3166
[pipeline-stage] CRT/resolve mean-ms=0.0003 peak-call-ms=0.0226 calls=6332
[pipeline-stage] host UI mean-ms=0.0038 peak-call-ms=0.1358 calls=3166
[pipeline-stage] settings UI mean-ms=0.0001 peak-call-ms=0.0084 calls=3166
[pipeline-stage] present/wait mean-ms=0.1963 peak-call-ms=1.5475 calls=3166
[pipeline-stage] pacing/sleep mean-ms=0.0002 peak-call-ms=0.1204 calls=3166
[pipeline-stage] housekeeping mean-ms=0.0000 peak-call-ms=0.0016 calls=60
[pipeline-stage] PPU setup mean-ms=0.0001 peak-call-ms=0.0077 calls=60
[pipeline-stage] PPU scanout mean-ms=0.0012 peak-call-ms=0.0770 calls=60
[pipeline-stage] PPU finish mean-ms=0.0000 peak-call-ms=0.0016 calls=60
[pipeline-work] ticks=0.02 repre=0.98 draws=0.0 vertices=0 upload-MiB=0.000 depth-MiB=0.000 depth-copy-MiB=0.000 depth-copy-calls=0.00 jobs=0.00 helpers=0.00 fallback=0.00 failed=0.00 (per-present)
[pipeline-traffic] upload-calls=0.00 skipped=0.00 scan-MiB=0.012 upload-MiB=0.000 mirror-realloc=0.00 (per-present)
[pipeline-atlas] reuse=0.00 copy-MiB=0.000 copy-calls=0.00 (per-present; copies are GPU-only)
[pipeline-path] cpu-project=0.00 cpu-stage=0.00 gpu-reuse=0.00 publish=0.00 opt-out=0.00 limit=0.00 rejected=0.00 (events/present, not view fallbacks)
[pipeline-perf] scene=Native/menu host=0 map=00/09 output=1280x800 frames=3258 fps=3256.8 cadence-ms=0.307 p95=0.344 max=9.789 refresh=3 vsync=0 cap=0 gpu-ms=unavailable
[pipeline-stage] events/input mean-ms=0.0487 peak-call-ms=8.2755 calls=3258
[pipeline-stage] emulation mean-ms=0.0014 peak-call-ms=0.8966 calls=60
[pipeline-stage] PPU + capture mean-ms=0.0016 peak-call-ms=0.1610 calls=60
[pipeline-stage] world map build mean-ms=0.0000 peak-call-ms=0.0149 calls=60
[pipeline-stage] SIM metadata mean-ms=0.0008 peak-call-ms=0.0710 calls=60
[pipeline-stage] town canvas mean-ms=0.0000 peak-call-ms=0.0018 calls=60
[pipeline-stage] frame snapshot mean-ms=0.0008 peak-call-ms=0.1282 calls=60
[pipeline-stage] upload mean-ms=0.0008 peak-call-ms=0.0640 calls=60
[pipeline-stage] presentation mean-ms=0.0078 peak-call-ms=0.1433 calls=3258
[pipeline-stage] CRT/resolve mean-ms=0.0002 peak-call-ms=0.0013 calls=6516
[pipeline-stage] host UI mean-ms=0.0034 peak-call-ms=0.0945 calls=3258
[pipeline-stage] settings UI mean-ms=0.0001 peak-call-ms=0.0011 calls=3258
[pipeline-stage] present/wait mean-ms=0.1911 peak-call-ms=1.3734 calls=3258
[pipeline-stage] pacing/sleep mean-ms=0.0002 peak-call-ms=0.0007 calls=3258
[pipeline-stage] housekeeping mean-ms=0.0000 peak-call-ms=0.0027 calls=60
[pipeline-stage] PPU setup mean-ms=0.0001 peak-call-ms=0.0086 calls=60
[pipeline-stage] PPU scanout mean-ms=0.0012 peak-call-ms=0.1375 calls=60
[pipeline-stage] PPU finish mean-ms=0.0000 peak-call-ms=0.0015 calls=60
[pipeline-work] ticks=0.02 repre=0.98 draws=0.0 vertices=0 upload-MiB=0.000 depth-MiB=0.000 depth-copy-MiB=0.000 depth-copy-calls=0.00 jobs=0.00 helpers=0.00 fallback=0.00 failed=0.00 (per-present)
[pipeline-traffic] upload-calls=0.00 skipped=0.00 scan-MiB=0.011 upload-MiB=0.000 mirror-realloc=0.00 (per-present)
[pipeline-atlas] reuse=0.00 copy-MiB=0.000 copy-calls=0.00 (per-present; copies are GPU-only)
[pipeline-path] cpu-project=0.00 cpu-stage=0.00 gpu-reuse=0.00 publish=0.00 opt-out=0.00 limit=0.00 rejected=0.00 (events/present, not view fallbacks)
[pipeline-perf] scene=Native/menu host=0 map=00/09 output=1280x800 frames=3251 fps=3247.1 cadence-ms=0.308 p95=0.348 max=9.746 refresh=3 vsync=0 cap=0 gpu-ms=unavailable
[pipeline-stage] events/input mean-ms=0.0484 peak-call-ms=8.2584 calls=3251
[pipeline-stage] emulation mean-ms=0.0019 peak-call-ms=1.1654 calls=61
[pipeline-stage] PPU + capture mean-ms=0.0016 peak-call-ms=0.1077 calls=61
[pipeline-stage] world map build mean-ms=0.0000 peak-call-ms=0.0029 calls=61
[pipeline-stage] SIM metadata mean-ms=0.0008 peak-call-ms=0.0674 calls=61
[pipeline-stage] town canvas mean-ms=0.0000 peak-call-ms=0.0019 calls=61
[pipeline-stage] frame snapshot mean-ms=0.0007 peak-call-ms=0.1467 calls=61
[pipeline-stage] upload mean-ms=0.0009 peak-call-ms=0.1935 calls=61
[pipeline-stage] presentation mean-ms=0.0078 peak-call-ms=0.1441 calls=3251
[pipeline-stage] CRT/resolve mean-ms=0.0002 peak-call-ms=0.0167 calls=6502
[pipeline-stage] host UI mean-ms=0.0033 peak-call-ms=0.0213 calls=3251
[pipeline-stage] settings UI mean-ms=0.0001 peak-call-ms=0.0009 calls=3251
[pipeline-stage] present/wait mean-ms=0.1906 peak-call-ms=1.3333 calls=3251
[pipeline-stage] pacing/sleep mean-ms=0.0002 peak-call-ms=0.0005 calls=3251
[pipeline-stage] housekeeping mean-ms=0.0000 peak-call-ms=0.0019 calls=61
[pipeline-stage] PPU setup mean-ms=0.0001 peak-call-ms=0.0067 calls=61
[pipeline-stage] PPU scanout mean-ms=0.0012 peak-call-ms=0.0816 calls=61
[pipeline-stage] PPU finish mean-ms=0.0000 peak-call-ms=0.0015 calls=61
[pipeline-work] ticks=0.02 repre=0.98 draws=0.0 vertices=0 upload-MiB=0.000 depth-MiB=0.000 depth-copy-MiB=0.000 depth-copy-calls=0.00 jobs=0.00 helpers=0.00 fallback=0.00 failed=0.00 (per-present)
[pipeline-traffic] upload-calls=0.00 skipped=0.00 scan-MiB=0.012 upload-MiB=0.000 mirror-realloc=0.00 (per-present)
[pipeline-atlas] reuse=0.00 copy-MiB=0.000 copy-calls=0.00 (per-present; copies are GPU-only)
[pipeline-path] cpu-project=0.00 cpu-stage=0.00 gpu-reuse=0.00 publish=0.00 opt-out=0.00 limit=0.00 rejected=0.00 (events/present, not view fallbacks)
[music] stop [music:song-08] (driver halt $F0)
[action-bg-hle] full world-layer provider enabled
[action-bg-hle] fallback=forced-blank map=04/04 BG1
[widescreen] gf=1323 $18=04 $19=04 -> WIDE clamp=00 mirror=00 repeat=00 bands=0/811c9dc5 normal=00 hud=40/88/168 left-only-y=28 bg-plan=1 source=world/world hle=00
[action-fx] first scene accents captured: actors=0/0 decorations=1/1 (lighting=1 particles=1)
[act-enter] $18=04 $19=04 at game-frame 1323
[music] src=1B:8554 song=01 authentic — drop game-assets/audio/song-05.ogg to replace ([music:song-05])
[action-room-scene] ROM-derived world source enabled
[widescreen] gf=1324 $18=04 $19=04 -> WIDE clamp=00 mirror=00 repeat=00 bands=0/811c9dc5 normal=00 hud=40/88/168 left-only-y=28 bg-plan=1 source=world/world hle=03
[video-geometry] 16:10 square-PAR -> 120 extra columns/side (render width 496)
[diorama] ON via AR_DIORAMA_AT at gf=1330
[gpu-fx] DOF shader ready
[gpu-fx] rim light shader ready
[pipeline-perf] scene=Action 3D host=0 map=04/04 output=1280x800 frames=508 fps=502.8 cadence-ms=1.989 p95=9.080 max=17.013 refresh=3 vsync=0 cap=0 gpu-ms=unavailable
[pipeline-stage] events/input mean-ms=0.0533 peak-call-ms=7.8618 calls=508
[pipeline-stage] emulation mean-ms=0.0249 peak-call-ms=0.9922 calls=62
[pipeline-stage] PPU + capture mean-ms=0.6524 peak-call-ms=7.7350 calls=62
[pipeline-stage] world map build mean-ms=0.0001 peak-call-ms=0.0007 calls=62
[pipeline-stage] SIM metadata mean-ms=0.0031 peak-call-ms=0.0437 calls=62
[pipeline-stage] town canvas mean-ms=0.0001 peak-call-ms=0.0015 calls=62
[pipeline-stage] frame snapshot mean-ms=0.0066 peak-call-ms=0.0734 calls=62
[pipeline-stage] upload mean-ms=0.3227 peak-call-ms=5.4520 calls=62
[pipeline-stage] presentation mean-ms=0.1945 peak-call-ms=1.3152 calls=508
[pipeline-stage] CRT/resolve mean-ms=0.0007 peak-call-ms=0.0145 calls=1016
[pipeline-stage] host UI mean-ms=0.0049 peak-call-ms=0.0247 calls=508
[pipeline-stage] settings UI mean-ms=0.0004 peak-call-ms=0.0012 calls=508
[pipeline-stage] present/wait mean-ms=0.6920 peak-call-ms=2.7116 calls=508
[pipeline-stage] pacing/sleep mean-ms=0.0003 peak-call-ms=0.0014 calls=508
[pipeline-stage] housekeeping mean-ms=0.0022 peak-call-ms=1.0764 calls=62
[pipeline-stage] PPU setup mean-ms=0.0063 peak-call-ms=0.9081 calls=62
[pipeline-stage] PPU scanout mean-ms=0.6417 peak-call-ms=6.7845 calls=62
[pipeline-stage] PPU finish mean-ms=0.0005 peak-call-ms=0.0059 calls=62
[pipeline-stage] action total mean-ms=0.1868 peak-call-ms=1.2960 calls=508
[pipeline-stage] action upload mean-ms=0.1196 peak-call-ms=2.7756 calls=62
[pipeline-stage] action analysis mean-ms=0.1862 peak-call-ms=3.9489 calls=62
[pipeline-stage] action setup mean-ms=0.0063 peak-call-ms=0.9059 calls=62
[pipeline-stage] action scanout mean-ms=0.6416 peak-call-ms=6.7837 calls=62
[pipeline-stage] action finish mean-ms=0.0004 peak-call-ms=0.0056 calls=62
[pipeline-stage] action host-post mean-ms=0.0061 peak-call-ms=0.0680 calls=62
[pipeline-stage] action synthesis mean-ms=0.0557 peak-call-ms=0.2414 calls=508
[pipeline-stage] action mesh mean-ms=0.0036 peak-call-ms=0.0174 calls=1524
[pipeline-stage] action supersample mean-ms=0.0305 peak-call-ms=0.4067 calls=508
[pipeline-stage] action DOF mean-ms=0.0311 peak-call-ms=0.7244 calls=508
[pipeline-stage] action submit mean-ms=0.0104 peak-call-ms=0.0235 calls=2032
[pipeline-stage] action callback mean-ms=0.0037 peak-call-ms=0.0412 calls=2032
[pipeline-work] ticks=0.12 repre=0.88 draws=4.0 vertices=364 upload-MiB=0.071 depth-MiB=0.000 depth-copy-MiB=0.000 depth-copy-calls=0.00 jobs=0.00 helpers=0.00 fallback=0.00 failed=0.00 (per-present)
[pipeline-traffic] upload-calls=0.32 skipped=0.07 scan-MiB=0.510 upload-MiB=0.071 mirror-realloc=0.01 (per-present)
[pipeline-atlas] reuse=0.00 copy-MiB=0.000 copy-calls=0.00 (per-present; copies are GPU-only)
[pipeline-path] cpu-project=0.00 cpu-stage=0.00 gpu-reuse=0.00 publish=0.00 opt-out=0.00 limit=0.00 rejected=0.00 (events/present, not view fallbacks)
[action-fx] first BG1-high lava geometry submitted (Diorama, depth-ordered)
[pipeline-perf] scene=Action 3D host=0 map=04/04 output=1280x800 frames=548 fps=546.5 cadence-ms=1.830 p95=8.381 max=17.227 refresh=3 vsync=0 cap=0 gpu-ms=unavailable
[pipeline-stage] events/input mean-ms=0.0649 peak-call-ms=7.9899 calls=548
[pipeline-stage] emulation mean-ms=0.0221 peak-call-ms=1.0829 calls=60
[pipeline-stage] PPU + capture mean-ms=0.5309 peak-call-ms=5.2555 calls=60
[pipeline-stage] world map build mean-ms=0.0001 peak-call-ms=0.0009 calls=60
[pipeline-stage] SIM metadata mean-ms=0.0028 peak-call-ms=0.0975 calls=60
[pipeline-stage] town canvas mean-ms=0.0001 peak-call-ms=0.0015 calls=60
[pipeline-stage] frame snapshot mean-ms=0.0062 peak-call-ms=0.0779 calls=60
[pipeline-stage] upload mean-ms=0.2168 peak-call-ms=3.1608 calls=60
[pipeline-stage] presentation mean-ms=0.2181 peak-call-ms=0.4012 calls=548
[pipeline-stage] CRT/resolve mean-ms=0.0007 peak-call-ms=0.0233 calls=1096
[pipeline-stage] host UI mean-ms=0.0049 peak-call-ms=0.0225 calls=548
[pipeline-stage] settings UI mean-ms=0.0004 peak-call-ms=0.0133 calls=548
[pipeline-stage] present/wait mean-ms=0.7009 peak-call-ms=2.4359 calls=548
[pipeline-stage] pacing/sleep mean-ms=0.0003 peak-call-ms=0.0011 calls=548
[pipeline-stage] housekeeping mean-ms=0.0001 peak-call-ms=0.0018 calls=60
[pipeline-stage] PPU setup mean-ms=0.0041 peak-call-ms=0.0513 calls=60
[pipeline-stage] PPU scanout mean-ms=0.5215 peak-call-ms=5.1631 calls=60
[pipeline-stage] PPU finish mean-ms=0.0021 peak-call-ms=0.0299 calls=60
[pipeline-stage] action total mean-ms=0.2104 peak-call-ms=0.3910 calls=548
[pipeline-stage] action upload mean-ms=0.0918 peak-call-ms=1.2848 calls=60
[pipeline-stage] action analysis mean-ms=0.1164 peak-call-ms=1.8517 calls=60
[pipeline-stage] action setup mean-ms=0.0040 peak-call-ms=0.0510 calls=60
[pipeline-stage] action scanout mean-ms=0.5214 peak-call-ms=5.1623 calls=60
[pipeline-stage] action finish mean-ms=0.0020 peak-call-ms=0.0296 calls=60
[pipeline-stage] action host-post mean-ms=0.0054 peak-call-ms=0.1201 calls=60
[pipeline-stage] action synthesis mean-ms=0.0544 peak-call-ms=0.1961 calls=548
[pipeline-stage] action mesh mean-ms=0.0036 peak-call-ms=0.0175 calls=1644
[pipeline-stage] action supersample mean-ms=0.0281 peak-call-ms=0.0644 calls=548
[pipeline-stage] action DOF mean-ms=0.0338 peak-call-ms=0.1067 calls=548
[pipeline-stage] action submit mean-ms=0.0105 peak-call-ms=0.0852 calls=2192
[pipeline-stage] action callback mean-ms=0.0245 peak-call-ms=0.0669 calls=2192
[pipeline-work] ticks=0.11 repre=0.89 draws=4.0 vertices=364 upload-MiB=0.048 depth-MiB=0.000 depth-copy-MiB=0.000 depth-copy-calls=0.00 jobs=0.00 helpers=0.00 fallback=0.00 failed=0.00 (per-present)
[pipeline-traffic] upload-calls=0.21 skipped=0.12 scan-MiB=0.458 upload-MiB=0.048 mirror-realloc=0.00 (per-present)
[pipeline-atlas] reuse=0.00 copy-MiB=0.000 copy-calls=0.00 (per-present; copies are GPU-only)
[pipeline-path] cpu-project=0.00 cpu-stage=0.00 gpu-reuse=0.00 publish=0.00 opt-out=0.00 limit=0.00 rejected=0.00 (events/present, not view fallbacks)
[pipeline-perf] scene=Action 3D host=0 map=04/04 output=1280x800 frames=611 fps=609.6 cadence-ms=1.640 p95=6.768 max=14.560 refresh=3 vsync=0 cap=0 gpu-ms=unavailable
[pipeline-stage] events/input mean-ms=0.0598 peak-call-ms=7.9169 calls=611
[pipeline-stage] emulation mean-ms=0.0182 peak-call-ms=0.9730 calls=60
[pipeline-stage] PPU + capture mean-ms=0.4749 peak-call-ms=5.2716 calls=60
[pipeline-stage] world map build mean-ms=0.0000 peak-call-ms=0.0008 calls=60
[pipeline-stage] SIM metadata mean-ms=0.0024 peak-call-ms=0.0286 calls=60
[pipeline-stage] town canvas mean-ms=0.0001 peak-call-ms=0.0015 calls=60
[pipeline-stage] frame snapshot mean-ms=0.0054 peak-call-ms=0.0674 calls=60
[pipeline-stage] upload mean-ms=0.0802 peak-call-ms=2.0816 calls=60
[pipeline-stage] presentation mean-ms=0.1849 peak-call-ms=0.3568 calls=611
[pipeline-stage] CRT/resolve mean-ms=0.0006 peak-call-ms=0.0011 calls=1222
[pipeline-stage] host UI mean-ms=0.0048 peak-call-ms=0.0208 calls=611
[pipeline-stage] settings UI mean-ms=0.0003 peak-call-ms=0.0010 calls=611
[pipeline-stage] present/wait mean-ms=0.7488 peak-call-ms=2.4146 calls=611
[pipeline-stage] pacing/sleep mean-ms=0.0003 peak-call-ms=0.0012 calls=611
[pipeline-stage] housekeeping mean-ms=0.0001 peak-call-ms=0.0020 calls=60
[pipeline-stage] PPU setup mean-ms=0.0037 peak-call-ms=0.0515 calls=60
[pipeline-stage] PPU scanout mean-ms=0.4662 peak-call-ms=5.1865 calls=60
[pipeline-stage] PPU finish mean-ms=0.0021 peak-call-ms=0.0304 calls=60
[pipeline-stage] action total mean-ms=0.1775 peak-call-ms=0.3472 calls=611
[pipeline-stage] action upload mean-ms=0.0404 peak-call-ms=0.7868 calls=60
[pipeline-stage] action analysis mean-ms=0.0320 peak-call-ms=1.2244 calls=60
[pipeline-stage] action setup mean-ms=0.0036 peak-call-ms=0.0507 calls=60
[pipeline-stage] action scanout mean-ms=0.4662 peak-call-ms=5.1858 calls=60
[pipeline-stage] action finish mean-ms=0.0020 peak-call-ms=0.0300 calls=60
[pipeline-stage] action host-post mean-ms=0.0047 peak-call-ms=0.0567 calls=60
[pipeline-stage] action synthesis mean-ms=0.0005 peak-call-ms=0.0086 calls=611
[pipeline-stage] action mesh mean-ms=0.0037 peak-call-ms=0.0158 calls=1833
[pipeline-stage] action supersample mean-ms=0.0298 peak-call-ms=0.0753 calls=611
[pipeline-stage] action DOF mean-ms=0.0446 peak-call-ms=0.1316 calls=611
[pipeline-stage] action submit mean-ms=0.0109 peak-call-ms=0.0442 calls=2444
[pipeline-stage] action callback mean-ms=0.0295 peak-call-ms=0.0974 calls=2444
[pipeline-work] ticks=0.10 repre=0.90 draws=4.0 vertices=364 upload-MiB=0.000 depth-MiB=0.000 depth-copy-MiB=0.000 depth-copy-calls=0.00 jobs=0.00 helpers=0.00 fallback=0.00 failed=0.00 (per-present)
[pipeline-traffic] upload-calls=0.07 skipped=0.23 scan-MiB=0.390 upload-MiB=0.000 mirror-realloc=0.00 (per-present)
[pipeline-atlas] reuse=0.00 copy-MiB=0.000 copy-calls=0.00 (per-present; copies are GPU-only)
[pipeline-path] cpu-project=0.00 cpu-stage=0.00 gpu-reuse=0.00 publish=0.00 opt-out=0.00 limit=0.00 rejected=0.00 (events/present, not view fallbacks)
[action-fx] first scene accent geometry submitted: 1 effect(s), 586 vertices / 1548 indices (lighting=1 particles=1)
[pipeline-perf] scene=Action 3D host=0 map=04/04 output=1280x800 frames=577 fps=575.7 cadence-ms=1.737 p95=6.979 max=15.395 refresh=3 vsync=0 cap=0 gpu-ms=unavailable
[pipeline-stage] events/input mean-ms=0.0634 peak-call-ms=8.2025 calls=577
[pipeline-stage] emulation mean-ms=0.0199 peak-call-ms=0.9994 calls=61
[pipeline-stage] PPU + capture mean-ms=0.5143 peak-call-ms=6.0213 calls=61
[pipeline-stage] world map build mean-ms=0.0001 peak-call-ms=0.0009 calls=61
[pipeline-stage] SIM metadata mean-ms=0.0027 peak-call-ms=0.0546 calls=61
[pipeline-stage] town canvas mean-ms=0.0001 peak-call-ms=0.0018 calls=61
[pipeline-stage] frame snapshot mean-ms=0.0059 peak-call-ms=0.0814 calls=61
[pipeline-stage] upload mean-ms=0.1103 peak-call-ms=1.7703 calls=61
[pipeline-stage] presentation mean-ms=0.2209 peak-call-ms=1.0176 calls=577
[pipeline-stage] CRT/resolve mean-ms=0.0007 peak-call-ms=0.0218 calls=1154
[pipeline-stage] host UI mean-ms=0.0049 peak-call-ms=0.0390 calls=577
[pipeline-stage] settings UI mean-ms=0.0004 peak-call-ms=0.0109 calls=577
[pipeline-stage] present/wait mean-ms=0.7422 peak-call-ms=2.9596 calls=577
[pipeline-stage] pacing/sleep mean-ms=0.0003 peak-call-ms=0.0012 calls=577
[pipeline-stage] housekeeping mean-ms=0.0001 peak-call-ms=0.0018 calls=61
[pipeline-stage] PPU setup mean-ms=0.0040 peak-call-ms=0.0531 calls=61
[pipeline-stage] PPU scanout mean-ms=0.5048 peak-call-ms=5.9086 calls=61
[pipeline-stage] PPU finish mean-ms=0.0022 peak-call-ms=0.0315 calls=61
[pipeline-stage] action total mean-ms=0.2133 peak-call-ms=1.0037 calls=577
[pipeline-stage] action upload mean-ms=0.0557 peak-call-ms=0.7448 calls=61
[pipeline-stage] action analysis mean-ms=0.0464 peak-call-ms=0.9789 calls=61
[pipeline-stage] action setup mean-ms=0.0039 peak-call-ms=0.0525 calls=61
[pipeline-stage] action scanout mean-ms=0.5047 peak-call-ms=5.9081 calls=61
[pipeline-stage] action finish mean-ms=0.0022 peak-call-ms=0.0311 calls=61
[pipeline-stage] action host-post mean-ms=0.0053 peak-call-ms=0.0771 calls=61
[pipeline-stage] action synthesis mean-ms=0.0439 peak-call-ms=0.1784 calls=577
[pipeline-stage] action mesh mean-ms=0.0037 peak-call-ms=0.0341 calls=1731
[pipeline-stage] action supersample mean-ms=0.0293 peak-call-ms=0.1313 calls=577
[pipeline-stage] action DOF mean-ms=0.0354 peak-call-ms=0.1212 calls=577
[pipeline-stage] action submit mean-ms=0.0105 peak-call-ms=0.0237 calls=2308
[pipeline-stage] action callback mean-ms=0.0318 peak-call-ms=0.5254 calls=2328
[pipeline-work] ticks=0.11 repre=0.89 draws=4.0 vertices=364 upload-MiB=0.004 depth-MiB=0.000 depth-copy-MiB=0.000 depth-copy-calls=0.00 jobs=0.00 helpers=0.00 fallback=0.00 failed=0.00 (per-present)
[pipeline-traffic] upload-calls=0.10 skipped=0.22 scan-MiB=0.428 upload-MiB=0.004 mirror-realloc=0.00 (per-present)
[pipeline-atlas] reuse=0.00 copy-MiB=0.000 copy-calls=0.00 (per-present; copies are GPU-only)
[pipeline-path] cpu-project=0.00 cpu-stage=0.00 gpu-reuse=0.00 publish=0.00 opt-out=0.00 limit=0.00 rejected=0.00 (events/present, not view fallbacks)
[pipeline-perf] scene=Action 3D host=0 map=04/04 output=1280x800 frames=529 fps=527.5 cadence-ms=1.896 p95=8.830 max=17.171 refresh=3 vsync=0 cap=0 gpu-ms=unavailable
[pipeline-stage] events/input mean-ms=0.0528 peak-call-ms=7.7221 calls=529
[pipeline-stage] emulation mean-ms=0.0242 peak-call-ms=0.9553 calls=60
[pipeline-stage] PPU + capture mean-ms=0.5430 peak-call-ms=5.1983 calls=60
[pipeline-stage] world map build mean-ms=0.0001 peak-call-ms=0.0008 calls=60
[pipeline-stage] SIM metadata mean-ms=0.0028 peak-call-ms=0.0279 calls=60
[pipeline-stage] town canvas mean-ms=0.0001 peak-call-ms=0.0016 calls=60
[pipeline-stage] frame snapshot mean-ms=0.0064 peak-call-ms=0.0647 calls=60
[pipeline-stage] upload mean-ms=0.2745 peak-call-ms=3.1524 calls=60
[pipeline-stage] presentation mean-ms=0.2728 peak-call-ms=0.5106 calls=529
[pipeline-stage] CRT/resolve mean-ms=0.0007 peak-call-ms=0.0011 calls=1058
[pipeline-stage] host UI mean-ms=0.0049 peak-call-ms=0.0149 calls=529
[pipeline-stage] settings UI mean-ms=0.0004 peak-call-ms=0.0011 calls=529
[pipeline-stage] present/wait mean-ms=0.6517 peak-call-ms=2.0714 calls=529
[pipeline-stage] pacing/sleep mean-ms=0.0003 peak-call-ms=0.0012 calls=529
[pipeline-stage] housekeeping mean-ms=0.0001 peak-call-ms=0.0020 calls=60
[pipeline-stage] PPU setup mean-ms=0.0043 peak-call-ms=0.0857 calls=60
[pipeline-stage] PPU scanout mean-ms=0.5329 peak-call-ms=5.1074 calls=60
[pipeline-stage] PPU finish mean-ms=0.0023 peak-call-ms=0.0430 calls=60
[pipeline-stage] action total mean-ms=0.2650 peak-call-ms=0.5033 calls=529
[pipeline-stage] action upload mean-ms=0.1117 peak-call-ms=1.2907 calls=60
[pipeline-stage] action analysis mean-ms=0.1537 peak-call-ms=1.8219 calls=60
[pipeline-stage] action setup mean-ms=0.0043 peak-call-ms=0.0846 calls=60
[pipeline-stage] action scanout mean-ms=0.5328 peak-call-ms=5.1067 calls=60
[pipeline-stage] action finish mean-ms=0.0022 peak-call-ms=0.0428 calls=60
[pipeline-stage] action host-post mean-ms=0.0055 peak-call-ms=0.0554 calls=60
[pipeline-stage] action synthesis mean-ms=0.0963 peak-call-ms=0.3157 calls=529
[pipeline-stage] action mesh mean-ms=0.0036 peak-call-ms=0.0205 calls=1587
[pipeline-stage] action supersample mean-ms=0.0282 peak-call-ms=0.1354 calls=529
[pipeline-stage] action DOF mean-ms=0.0264 peak-call-ms=0.2196 calls=529
[pipeline-stage] action submit mean-ms=0.0097 peak-call-ms=0.0154 calls=2116
[pipeline-stage] action callback mean-ms=0.0418 peak-call-ms=0.0708 calls=2376
[pipeline-work] ticks=0.11 repre=0.89 draws=4.0 vertices=364 upload-MiB=0.071 depth-MiB=0.000 depth-copy-MiB=0.000 depth-copy-calls=0.00 jobs=0.00 helpers=0.00 fallback=0.00 failed=0.00 (per-present)
[pipeline-traffic] upload-calls=0.27 skipped=0.07 scan-MiB=0.435 upload-MiB=0.071 mirror-realloc=0.00 (per-present)
[pipeline-atlas] reuse=0.00 copy-MiB=0.000 copy-calls=0.00 (per-present; copies are GPU-only)
[pipeline-path] cpu-project=0.00 cpu-stage=0.00 gpu-reuse=0.00 publish=0.00 opt-out=0.00 limit=0.00 rejected=0.00 (events/present, not view fallbacks)
[pipeline-perf] scene=Action 3D host=0 map=04/04 output=1280x800 frames=487 fps=485.4 cadence-ms=2.060 p95=8.913 max=17.195 refresh=3 vsync=0 cap=0 gpu-ms=unavailable
[pipeline-stage] events/input mean-ms=0.0754 peak-call-ms=8.1652 calls=487
[pipeline-stage] emulation mean-ms=0.0273 peak-call-ms=1.1888 calls=60
[pipeline-stage] PPU + capture mean-ms=0.5977 peak-call-ms=5.3538 calls=60
[pipeline-stage] world map build mean-ms=0.0001 peak-call-ms=0.0009 calls=60
[pipeline-stage] SIM metadata mean-ms=0.0031 peak-call-ms=0.0381 calls=60
[pipeline-stage] town canvas mean-ms=0.0001 peak-call-ms=0.0015 calls=60
[pipeline-stage] frame snapshot mean-ms=0.0072 peak-call-ms=0.1004 calls=60
[pipeline-stage] upload mean-ms=0.2546 peak-call-ms=4.6238 calls=60
[pipeline-stage] presentation mean-ms=0.2579 peak-call-ms=0.6226 calls=487
[pipeline-stage] CRT/resolve mean-ms=0.0007 peak-call-ms=0.0013 calls=974
[pipeline-stage] host UI mean-ms=0.0051 peak-call-ms=0.0264 calls=487
[pipeline-stage] settings UI mean-ms=0.0004 peak-call-ms=0.0014 calls=487
[pipeline-stage] present/wait mean-ms=0.7632 peak-call-ms=2.4140 calls=487
[pipeline-stage] pacing/sleep mean-ms=0.0003 peak-call-ms=0.0013 calls=487
[pipeline-stage] housekeeping mean-ms=0.0001 peak-call-ms=0.0037 calls=60
[pipeline-stage] PPU setup mean-ms=0.0047 peak-call-ms=0.0533 calls=60
[pipeline-stage] PPU scanout mean-ms=0.5870 peak-call-ms=5.2476 calls=60
[pipeline-stage] PPU finish mean-ms=0.0020 peak-call-ms=0.0340 calls=60
[pipeline-stage] action total mean-ms=0.2497 peak-call-ms=0.6154 calls=487
[pipeline-stage] action upload mean-ms=0.1114 peak-call-ms=1.7578 calls=60
[pipeline-stage] action analysis mean-ms=0.1334 peak-call-ms=2.7924 calls=60
[pipeline-stage] action setup mean-ms=0.0047 peak-call-ms=0.0530 calls=60
[pipeline-stage] action scanout mean-ms=0.5869 peak-call-ms=5.2468 calls=60
[pipeline-stage] action finish mean-ms=0.0020 peak-call-ms=0.0337 calls=60
[pipeline-stage] action host-post mean-ms=0.0061 peak-call-ms=0.0756 calls=60
[pipeline-stage] action synthesis mean-ms=0.0947 peak-call-ms=0.2381 calls=487
[pipeline-stage] action mesh mean-ms=0.0051 peak-call-ms=0.0178 calls=2023
[pipeline-stage] action supersample mean-ms=0.0399 peak-call-ms=0.1930 calls=768
[pipeline-stage] action DOF mean-ms=0.0273 peak-call-ms=0.0620 calls=487
[pipeline-stage] action submit mean-ms=0.0112 peak-call-ms=0.0279 calls=2229
[pipeline-stage] action callback mean-ms=0.0155 peak-call-ms=0.0473 calls=2312
[pipeline-work] ticks=0.12 repre=0.88 draws=4.6 vertices=400 upload-MiB=0.057 depth-MiB=0.000 depth-copy-MiB=0.000 depth-copy-calls=0.00 jobs=0.00 helpers=0.00 fallback=0.00 failed=0.00 (per-present)
[pipeline-traffic] upload-calls=0.23 skipped=0.22 scan-MiB=0.532 upload-MiB=0.057 mirror-realloc=0.00 (per-present)
[pipeline-atlas] reuse=0.00 copy-MiB=0.000 copy-calls=0.00 (per-present; copies are GPU-only)
[pipeline-path] cpu-project=0.00 cpu-stage=0.00 gpu-reuse=0.00 publish=0.00 opt-out=0.00 limit=0.00 rejected=0.00 (events/present, not view fallbacks)
[pipeline-perf] scene=Action 3D host=0 map=04/04 output=1280x800 frames=404 fps=399.3 cadence-ms=2.504 p95=9.899 max=17.871 refresh=3 vsync=0 cap=0 gpu-ms=unavailable
[pipeline-stage] events/input mean-ms=0.0660 peak-call-ms=7.9693 calls=404
[pipeline-stage] emulation mean-ms=0.0344 peak-call-ms=1.1732 calls=61
[pipeline-stage] PPU + capture mean-ms=0.7430 peak-call-ms=5.1990 calls=61
[pipeline-stage] world map build mean-ms=0.0001 peak-call-ms=0.0009 calls=61
[pipeline-stage] SIM metadata mean-ms=0.0038 peak-call-ms=0.0345 calls=61
[pipeline-stage] town canvas mean-ms=0.0002 peak-call-ms=0.0014 calls=61
[pipeline-stage] frame snapshot mean-ms=0.0088 peak-call-ms=0.0819 calls=61
[pipeline-stage] upload mean-ms=0.5346 peak-call-ms=5.9659 calls=61
[pipeline-stage] presentation mean-ms=0.3138 peak-call-ms=0.4425 calls=404
[pipeline-stage] CRT/resolve mean-ms=0.0007 peak-call-ms=0.0009 calls=808
[pipeline-stage] host UI mean-ms=0.0051 peak-call-ms=0.0192 calls=404
[pipeline-stage] settings UI mean-ms=0.0004 peak-call-ms=0.0014 calls=404
[pipeline-stage] present/wait mean-ms=0.7284 peak-call-ms=2.6217 calls=404
[pipeline-stage] pacing/sleep mean-ms=0.0004 peak-call-ms=0.0012 calls=404
[pipeline-stage] housekeeping mean-ms=0.0002 peak-call-ms=0.0183 calls=61
[pipeline-stage] PPU setup mean-ms=0.0059 peak-call-ms=0.0668 calls=61
[pipeline-stage] PPU scanout mean-ms=0.7287 peak-call-ms=5.1275 calls=61
[pipeline-stage] PPU finish mean-ms=0.0035 peak-call-ms=0.0518 calls=61
[pipeline-stage] action total mean-ms=0.3057 peak-call-ms=0.4323 calls=404
[pipeline-stage] action upload mean-ms=0.2042 peak-call-ms=3.4692 calls=61
[pipeline-stage] action analysis mean-ms=0.3185 peak-call-ms=2.6433 calls=61
[pipeline-stage] action setup mean-ms=0.0058 peak-call-ms=0.0664 calls=61
[pipeline-stage] action scanout mean-ms=0.7285 peak-call-ms=5.1267 calls=61
[pipeline-stage] action finish mean-ms=0.0035 peak-call-ms=0.0515 calls=61
[pipeline-stage] action host-post mean-ms=0.0074 peak-call-ms=0.0685 calls=61
[pipeline-stage] action synthesis mean-ms=0.1043 peak-call-ms=0.1698 calls=404
[pipeline-stage] action mesh mean-ms=0.0057 peak-call-ms=0.0027 calls=2020
[pipeline-stage] action supersample mean-ms=0.0462 peak-call-ms=0.0557 calls=808
[pipeline-stage] action DOF mean-ms=0.0271 peak-call-ms=0.1022 calls=404
[pipeline-stage] action submit mean-ms=0.0118 peak-call-ms=0.0409 calls=2020
[pipeline-stage] action callback mean-ms=0.0471 peak-call-ms=0.0881 calls=2150
[pipeline-work] ticks=0.15 repre=0.85 draws=5.0 vertices=427 upload-MiB=0.147 depth-MiB=0.000 depth-copy-MiB=0.000 depth-copy-calls=0.00 jobs=0.00 helpers=0.00 fallback=0.00 failed=0.00 (per-present)
[pipeline-traffic] upload-calls=0.56 skipped=0.05 scan-MiB=0.571 upload-MiB=0.147 mirror-realloc=0.00 (per-present)
[pipeline-atlas] reuse=0.00 copy-MiB=0.000 copy-calls=0.00 (per-present; copies are GPU-only)
[pipeline-path] cpu-project=0.00 cpu-stage=0.00 gpu-reuse=0.00 publish=0.00 opt-out=0.00 limit=0.00 rejected=0.00 (events/present, not view fallbacks)
[pipeline-perf] scene=Action 3D host=0 map=04/04 output=1280x800 frames=408 fps=406.8 cadence-ms=2.458 p95=9.764 max=18.164 refresh=3 vsync=0 cap=0 gpu-ms=unavailable
[pipeline-stage] events/input mean-ms=0.0682 peak-call-ms=8.1969 calls=408
[pipeline-stage] emulation mean-ms=0.0324 peak-call-ms=1.0451 calls=60
[pipeline-stage] PPU + capture mean-ms=0.7130 peak-call-ms=5.0101 calls=60
[pipeline-stage] world map build mean-ms=0.0001 peak-call-ms=0.0009 calls=60
[pipeline-stage] SIM metadata mean-ms=0.0037 peak-call-ms=0.0321 calls=60
[pipeline-stage] town canvas mean-ms=0.0002 peak-call-ms=0.0016 calls=60
[pipeline-stage] frame snapshot mean-ms=0.0085 peak-call-ms=0.0894 calls=60
[pipeline-stage] upload mean-ms=0.4467 peak-call-ms=4.7387 calls=60
[pipeline-stage] presentation mean-ms=0.3657 peak-call-ms=1.3247 calls=408
[pipeline-stage] CRT/resolve mean-ms=0.0007 peak-call-ms=0.0015 calls=816
[pipeline-stage] host UI mean-ms=0.0053 peak-call-ms=0.0276 calls=408
[pipeline-stage] settings UI mean-ms=0.0005 peak-call-ms=0.0162 calls=408
[pipeline-stage] present/wait mean-ms=0.7469 peak-call-ms=2.5240 calls=408
[pipeline-stage] pacing/sleep mean-ms=0.0004 peak-call-ms=0.0016 calls=408
[pipeline-stage] housekeeping mean-ms=0.0002 peak-call-ms=0.0035 calls=60
[pipeline-stage] PPU setup mean-ms=0.0056 peak-call-ms=0.0587 calls=60
[pipeline-stage] PPU scanout mean-ms=0.7020 peak-call-ms=4.9404 calls=60
[pipeline-stage] PPU finish mean-ms=0.0006 peak-call-ms=0.0064 calls=60
[pipeline-stage] action total mean-ms=0.3572 peak-call-ms=1.3146 calls=408
[pipeline-stage] action upload mean-ms=0.1730 peak-call-ms=2.7343 calls=60
[pipeline-stage] action analysis mean-ms=0.2618 peak-call-ms=3.1019 calls=60
[pipeline-stage] action setup mean-ms=0.0056 peak-call-ms=0.0582 calls=60
[pipeline-stage] action scanout mean-ms=0.7019 peak-call-ms=4.9401 calls=60
[pipeline-stage] action finish mean-ms=0.0005 peak-call-ms=0.0061 calls=60
[pipeline-stage] action host-post mean-ms=0.0071 peak-call-ms=0.0573 calls=60
[pipeline-stage] action synthesis mean-ms=0.1189 peak-call-ms=0.4749 calls=408
[pipeline-stage] action mesh mean-ms=0.0059 peak-call-ms=0.0180 calls=2040
[pipeline-stage] action supersample mean-ms=0.0589 peak-call-ms=0.2419 calls=816
[pipeline-stage] action DOF mean-ms=0.0325 peak-call-ms=0.2101 calls=408
[pipeline-stage] action submit mean-ms=0.0119 peak-call-ms=0.0182 calls=2040
[pipeline-stage] action callback mean-ms=0.0513 peak-call-ms=0.1142 calls=2040
[pipeline-work] ticks=0.15 repre=0.85 draws=5.0 vertices=427 upload-MiB=0.111 depth-MiB=0.000 depth-copy-MiB=0.000 depth-copy-calls=0.00 jobs=0.00 helpers=0.00 fallback=0.00 failed=0.00 (per-present)
[pipeline-traffic] upload-calls=0.47 skipped=0.12 scan-MiB=0.602 upload-MiB=0.111 mirror-realloc=0.00 (per-present)
[pipeline-atlas] reuse=0.00 copy-MiB=0.000 copy-calls=0.00 (per-present; copies are GPU-only)
[pipeline-path] cpu-project=0.00 cpu-stage=0.00 gpu-reuse=0.00 publish=0.00 opt-out=0.00 limit=0.00 rejected=0.00 (events/present, not view fallbacks)
[pipeline-perf] scene=Action 3D host=0 map=04/04 output=1280x800 frames=421 fps=420.0 cadence-ms=2.381 p95=9.796 max=17.371 refresh=3 vsync=0 cap=0 gpu-ms=unavailable
[pipeline-stage] events/input mean-ms=0.0646 peak-call-ms=8.0129 calls=421
[pipeline-stage] emulation mean-ms=0.0321 peak-call-ms=1.2383 calls=60
[pipeline-stage] PPU + capture mean-ms=0.6897 peak-call-ms=5.2677 calls=60
[pipeline-stage] world map build mean-ms=0.0001 peak-call-ms=0.0011 calls=60
[pipeline-stage] SIM metadata mean-ms=0.0037 peak-call-ms=0.0558 calls=60
[pipeline-stage] town canvas mean-ms=0.0002 peak-call-ms=0.0016 calls=60
[pipeline-stage] frame snapshot mean-ms=0.0082 peak-call-ms=0.0859 calls=60
[pipeline-stage] upload mean-ms=0.4127 peak-call-ms=4.5805 calls=60
[pipeline-stage] presentation mean-ms=0.3297 peak-call-ms=1.1124 calls=421
[pipeline-stage] CRT/resolve mean-ms=0.0008 peak-call-ms=0.0139 calls=842
[pipeline-stage] host UI mean-ms=0.0052 peak-call-ms=0.0157 calls=421
[pipeline-stage] settings UI mean-ms=0.0004 peak-call-ms=0.0012 calls=421
[pipeline-stage] present/wait mean-ms=0.7693 peak-call-ms=2.2882 calls=421
[pipeline-stage] pacing/sleep mean-ms=0.0004 peak-call-ms=0.0012 calls=421
[pipeline-stage] housekeeping mean-ms=0.0002 peak-call-ms=0.0019 calls=60
[pipeline-stage] PPU setup mean-ms=0.0055 peak-call-ms=0.0533 calls=60
[pipeline-stage] PPU scanout mean-ms=0.6790 peak-call-ms=5.1973 calls=60
[pipeline-stage] PPU finish mean-ms=0.0005 peak-call-ms=0.0052 calls=60
[pipeline-stage] action total mean-ms=0.3214 peak-call-ms=1.1018 calls=421
[pipeline-stage] action upload mean-ms=0.1594 peak-call-ms=2.0394 calls=60
[pipeline-stage] action analysis mean-ms=0.2421 peak-call-ms=2.4999 calls=60
[pipeline-stage] action setup mean-ms=0.0055 peak-call-ms=0.0527 calls=60
[pipeline-stage] action scanout mean-ms=0.6789 peak-call-ms=5.1967 calls=60
[pipeline-stage] action finish mean-ms=0.0005 peak-call-ms=0.0049 calls=60
[pipeline-stage] action host-post mean-ms=0.0071 peak-call-ms=0.0801 calls=60
[pipeline-stage] action synthesis mean-ms=0.1019 peak-call-ms=0.3705 calls=421
[pipeline-stage] action mesh mean-ms=0.0058 peak-call-ms=0.0123 calls=2105
[pipeline-stage] action supersample mean-ms=0.0500 peak-call-ms=0.1766 calls=842
[pipeline-stage] action DOF mean-ms=0.0277 peak-call-ms=0.1839 calls=421
[pipeline-stage] action submit mean-ms=0.0120 peak-call-ms=0.0239 calls=2105
[pipeline-stage] action callback mean-ms=0.0556 peak-call-ms=0.1155 calls=2105
[pipeline-work] ticks=0.14 repre=0.86 draws=5.0 vertices=427 upload-MiB=0.102 depth-MiB=0.000 depth-copy-MiB=0.000 depth-copy-calls=0.00 jobs=0.00 helpers=0.00 fallback=0.00 failed=0.00 (per-present)
[pipeline-traffic] upload-calls=0.42 skipped=0.15 scan-MiB=0.596 upload-MiB=0.102 mirror-realloc=0.00 (per-present)
[pipeline-atlas] reuse=0.00 copy-MiB=0.000 copy-calls=0.00 (per-present; copies are GPU-only)
[pipeline-path] cpu-project=0.00 cpu-stage=0.00 gpu-reuse=0.00 publish=0.00 opt-out=0.00 limit=0.00 rejected=0.00 (events/present, not view fallbacks)
[pipeline-perf] scene=Action 3D host=0 map=04/04 output=1280x800 frames=395 fps=393.6 cadence-ms=2.540 p95=10.059 max=17.801 refresh=3 vsync=0 cap=0 gpu-ms=unavailable
[pipeline-stage] events/input mean-ms=0.0671 peak-call-ms=7.6336 calls=395
[pipeline-stage] emulation mean-ms=0.0332 peak-call-ms=1.1119 calls=61
[pipeline-stage] PPU + capture mean-ms=0.7542 peak-call-ms=5.1133 calls=61
[pipeline-stage] world map build mean-ms=0.0001 peak-call-ms=0.0008 calls=61
[pipeline-stage] SIM metadata mean-ms=0.0038 peak-call-ms=0.0263 calls=61
[pipeline-stage] town canvas mean-ms=0.0002 peak-call-ms=0.0014 calls=61
[pipeline-stage] frame snapshot mean-ms=0.0088 peak-call-ms=0.0671 calls=61
[pipeline-stage] upload mean-ms=0.5520 peak-call-ms=4.3923 calls=61
[pipeline-stage] presentation mean-ms=0.3213 peak-call-ms=0.4503 calls=395
[pipeline-stage] CRT/resolve mean-ms=0.0007 peak-call-ms=0.0011 calls=790
[pipeline-stage] host UI mean-ms=0.0052 peak-call-ms=0.0332 calls=395
[pipeline-stage] settings UI mean-ms=0.0004 peak-call-ms=0.0011 calls=395
[pipeline-stage] present/wait mean-ms=0.7505 peak-call-ms=2.0524 calls=395
[pipeline-stage] pacing/sleep mean-ms=0.0004 peak-call-ms=0.0011 calls=395
[pipeline-stage] housekeeping mean-ms=0.0002 peak-call-ms=0.0021 calls=61
[pipeline-stage] PPU setup mean-ms=0.0061 peak-call-ms=0.0573 calls=61
[pipeline-stage] PPU scanout mean-ms=0.7382 peak-call-ms=4.9595 calls=61
[pipeline-stage] PPU finish mean-ms=0.0050 peak-call-ms=0.0663 calls=61
[pipeline-stage] action total mean-ms=0.3130 peak-call-ms=0.4386 calls=395
[pipeline-stage] action upload mean-ms=0.2074 peak-call-ms=2.8037 calls=61
[pipeline-stage] action analysis mean-ms=0.3325 peak-call-ms=2.6460 calls=61
[pipeline-stage] action setup mean-ms=0.0060 peak-call-ms=0.0566 calls=61
[pipeline-stage] action scanout mean-ms=0.7381 peak-call-ms=4.9588 calls=61
[pipeline-stage] action finish mean-ms=0.0050 peak-call-ms=0.0660 calls=61
[pipeline-stage] action host-post mean-ms=0.0075 peak-call-ms=0.0538 calls=61
[pipeline-stage] action synthesis mean-ms=0.1101 peak-call-ms=0.1685 calls=395
[pipeline-stage] action mesh mean-ms=0.0058 peak-call-ms=0.0171 calls=1975
[pipeline-stage] action supersample mean-ms=0.0469 peak-call-ms=0.0633 calls=790
[pipeline-stage] action DOF mean-ms=0.0266 peak-call-ms=0.0549 calls=395
[pipeline-stage] action submit mean-ms=0.0117 peak-call-ms=0.0375 calls=1975
[pipeline-stage] action callback mean-ms=0.0489 peak-call-ms=0.0839 calls=1975
[pipeline-work] ticks=0.15 repre=0.85 draws=5.0 vertices=427 upload-MiB=0.165 depth-MiB=0.000 depth-copy-MiB=0.000 depth-copy-calls=0.00 jobs=0.00 helpers=0.00 fallback=0.00 failed=0.00 (per-present)
[pipeline-traffic] upload-calls=0.56 skipped=0.06 scan-MiB=0.603 upload-MiB=0.165 mirror-realloc=0.00 (per-present)
[pipeline-atlas] reuse=0.00 copy-MiB=0.000 copy-calls=0.00 (per-present; copies are GPU-only)
[pipeline-path] cpu-project=0.00 cpu-stage=0.00 gpu-reuse=0.00 publish=0.00 opt-out=0.00 limit=0.00 rejected=0.00 (events/present, not view fallbacks)
[pipeline-perf] scene=Action 3D host=0 map=04/04 output=1280x800 frames=404 fps=402.9 cadence-ms=2.482 p95=10.087 max=18.416 refresh=3 vsync=0 cap=0 gpu-ms=unavailable
[pipeline-stage] events/input mean-ms=0.0670 peak-call-ms=8.1391 calls=404
[pipeline-stage] emulation mean-ms=0.0343 peak-call-ms=0.9582 calls=60
[pipeline-stage] PPU + capture mean-ms=0.7405 peak-call-ms=5.9868 calls=60
[pipeline-stage] world map build mean-ms=0.0001 peak-call-ms=0.0009 calls=60
[pipeline-stage] SIM metadata mean-ms=0.0038 peak-call-ms=0.0322 calls=60
[pipeline-stage] town canvas mean-ms=0.0002 peak-call-ms=0.0017 calls=60
[pipeline-stage] frame snapshot mean-ms=0.0087 peak-call-ms=0.0895 calls=60
[pipeline-stage] upload mean-ms=0.4583 peak-call-ms=5.6637 calls=60
[pipeline-stage] presentation mean-ms=0.3009 peak-call-ms=0.4905 calls=404
[pipeline-stage] CRT/resolve mean-ms=0.0007 peak-call-ms=0.0013 calls=808
[pipeline-stage] host UI mean-ms=0.0052 peak-call-ms=0.0334 calls=404
[pipeline-stage] settings UI mean-ms=0.0004 peak-call-ms=0.0009 calls=404
[pipeline-stage] present/wait mean-ms=0.7960 peak-call-ms=2.6204 calls=404
[pipeline-stage] pacing/sleep mean-ms=0.0004 peak-call-ms=0.0011 calls=404
[pipeline-stage] housekeeping mean-ms=0.0002 peak-call-ms=0.0044 calls=60
[pipeline-stage] PPU setup mean-ms=0.0060 peak-call-ms=0.0584 calls=60
[pipeline-stage] PPU scanout mean-ms=0.7285 peak-call-ms=5.9025 calls=60
[pipeline-stage] PPU finish mean-ms=0.0012 peak-call-ms=0.0203 calls=60
[pipeline-stage] action total mean-ms=0.2927 peak-call-ms=0.4778 calls=404
[pipeline-stage] action upload mean-ms=0.1755 peak-call-ms=3.1722 calls=60
[pipeline-stage] action analysis mean-ms=0.2712 peak-call-ms=3.5683 calls=60
[pipeline-stage] action setup mean-ms=0.0059 peak-call-ms=0.0578 calls=60
[pipeline-stage] action scanout mean-ms=0.7284 peak-call-ms=5.9019 calls=60
[pipeline-stage] action finish mean-ms=0.0011 peak-call-ms=0.0200 calls=60
[pipeline-stage] action host-post mean-ms=0.0073 peak-call-ms=0.0589 calls=60
[pipeline-stage] action synthesis mean-ms=0.1047 peak-call-ms=0.2686 calls=404
[pipeline-stage] action mesh mean-ms=0.0061 peak-call-ms=0.0443 calls=2020
[pipeline-stage] action supersample mean-ms=0.0475 peak-call-ms=0.0585 calls=808
[pipeline-stage] action DOF mean-ms=0.0273 peak-call-ms=0.0594 calls=404
[pipeline-stage] action submit mean-ms=0.0120 peak-call-ms=0.0321 calls=2020
[pipeline-stage] action callback mean-ms=0.0343 peak-call-ms=0.0831 calls=2020
[pipeline-work] ticks=0.15 repre=0.85 draws=5.0 vertices=427 upload-MiB=0.119 depth-MiB=0.000 depth-copy-MiB=0.000 depth-copy-calls=0.00 jobs=0.00 helpers=0.00 fallback=0.00 failed=0.00 (per-present)
[pipeline-traffic] upload-calls=0.44 skipped=0.16 scan-MiB=0.612 upload-MiB=0.119 mirror-realloc=0.00 (per-present)
[pipeline-atlas] reuse=0.00 copy-MiB=0.000 copy-calls=0.00 (per-present; copies are GPU-only)
[pipeline-path] cpu-project=0.00 cpu-stage=0.00 gpu-reuse=0.00 publish=0.00 opt-out=0.00 limit=0.00 rejected=0.00 (events/present, not view fallbacks)
[pipeline-perf] scene=Action 3D host=0 map=04/04 output=1280x800 frames=396 fps=391.5 cadence-ms=2.554 p95=10.263 max=18.591 refresh=3 vsync=0 cap=0 gpu-ms=unavailable
[pipeline-stage] events/input mean-ms=0.0663 peak-call-ms=7.8610 calls=396
[pipeline-stage] emulation mean-ms=0.0351 peak-call-ms=1.0049 calls=61
[pipeline-stage] PPU + capture mean-ms=0.7787 peak-call-ms=5.5289 calls=61
[pipeline-stage] world map build mean-ms=0.0001 peak-call-ms=0.0009 calls=61
[pipeline-stage] SIM metadata mean-ms=0.0040 peak-call-ms=0.0658 calls=61
[pipeline-stage] town canvas mean-ms=0.0002 peak-call-ms=0.0014 calls=61
[pipeline-stage] frame snapshot mean-ms=0.0090 peak-call-ms=0.0998 calls=61
[pipeline-stage] upload mean-ms=0.4871 peak-call-ms=5.8801 calls=61
[pipeline-stage] presentation mean-ms=0.3158 peak-call-ms=0.6666 calls=396
[pipeline-stage] CRT/resolve mean-ms=0.0007 peak-call-ms=0.0011 calls=792
[pipeline-stage] host UI mean-ms=0.0052 peak-call-ms=0.0216 calls=396
[pipeline-stage] settings UI mean-ms=0.0004 peak-call-ms=0.0009 calls=396
[pipeline-stage] present/wait mean-ms=0.7839 peak-call-ms=2.4662 calls=396
[pipeline-stage] pacing/sleep mean-ms=0.0004 peak-call-ms=0.0013 calls=396
[pipeline-stage] housekeeping mean-ms=0.0002 peak-call-ms=0.0023 calls=61
[pipeline-stage] PPU setup mean-ms=0.0060 peak-call-ms=0.0678 calls=61
[pipeline-stage] PPU scanout mean-ms=0.7652 peak-call-ms=5.4292 calls=61
[pipeline-stage] PPU finish mean-ms=0.0024 peak-call-ms=0.0269 calls=61
[pipeline-stage] action total mean-ms=0.3074 peak-call-ms=0.6522 calls=396
[pipeline-stage] action upload mean-ms=0.1900 peak-call-ms=3.2732 calls=61
[pipeline-stage] action analysis mean-ms=0.2850 peak-call-ms=3.4361 calls=61
[pipeline-stage] action setup mean-ms=0.0060 peak-call-ms=0.0673 calls=61
[pipeline-stage] action scanout mean-ms=0.7651 peak-call-ms=5.4283 calls=61
[pipeline-stage] action finish mean-ms=0.0023 peak-call-ms=0.0266 calls=61
[pipeline-stage] action host-post mean-ms=0.0076 peak-call-ms=0.0920 calls=61
[pipeline-stage] action synthesis mean-ms=0.1023 peak-call-ms=0.1694 calls=396
[pipeline-stage] action mesh mean-ms=0.0059 peak-call-ms=0.0123 calls=1980
[pipeline-stage] action supersample mean-ms=0.0481 peak-call-ms=0.2037 calls=792
[pipeline-stage] action DOF mean-ms=0.0273 peak-call-ms=0.0677 calls=396
[pipeline-stage] action submit mean-ms=0.0120 peak-call-ms=0.0273 calls=1980
[pipeline-stage] action callback mean-ms=0.0482 peak-call-ms=0.0667 calls=2102
[pipeline-work] ticks=0.15 repre=0.85 draws=5.0 vertices=427 upload-MiB=0.122 depth-MiB=0.000 depth-copy-MiB=0.000 depth-copy-calls=0.00 jobs=0.00 helpers=0.00 fallback=0.00 failed=0.00 (per-present)
[pipeline-traffic] upload-calls=0.45 skipped=0.17 scan-MiB=0.602 upload-MiB=0.122 mirror-realloc=0.00 (per-present)
[pipeline-atlas] reuse=0.00 copy-MiB=0.000 copy-calls=0.00 (per-present; copies are GPU-only)
[pipeline-path] cpu-project=0.00 cpu-stage=0.00 gpu-reuse=0.00 publish=0.00 opt-out=0.00 limit=0.00 rejected=0.00 (events/present, not view fallbacks)
[pipeline-perf] scene=Action 3D host=0 map=04/04 output=1280x800 frames=402 fps=400.9 cadence-ms=2.494 p95=9.951 max=18.136 refresh=3 vsync=0 cap=0 gpu-ms=unavailable
[pipeline-stage] events/input mean-ms=0.0684 peak-call-ms=8.1979 calls=402
[pipeline-stage] emulation mean-ms=0.0334 peak-call-ms=1.0541 calls=60
[pipeline-stage] PPU + capture mean-ms=0.7432 peak-call-ms=5.2552 calls=60
[pipeline-stage] world map build mean-ms=0.0001 peak-call-ms=0.0008 calls=60
[pipeline-stage] SIM metadata mean-ms=0.0038 peak-call-ms=0.0410 calls=60
[pipeline-stage] town canvas mean-ms=0.0002 peak-call-ms=0.0016 calls=60
[pipeline-stage] frame snapshot mean-ms=0.0085 peak-call-ms=0.0686 calls=60
[pipeline-stage] upload mean-ms=0.5357 peak-call-ms=4.9651 calls=60
[pipeline-stage] presentation mean-ms=0.3023 peak-call-ms=0.5771 calls=402
[pipeline-stage] CRT/resolve mean-ms=0.0007 peak-call-ms=0.0010 calls=804
[pipeline-stage] host UI mean-ms=0.0050 peak-call-ms=0.0112 calls=402
[pipeline-stage] settings UI mean-ms=0.0004 peak-call-ms=0.0012 calls=402
[pipeline-stage] present/wait mean-ms=0.7261 peak-call-ms=2.2156 calls=402
[pipeline-stage] pacing/sleep mean-ms=0.0003 peak-call-ms=0.0012 calls=402
[pipeline-stage] housekeeping mean-ms=0.0002 peak-call-ms=0.0025 calls=60
[pipeline-stage] PPU setup mean-ms=0.0057 peak-call-ms=0.0647 calls=60
[pipeline-stage] PPU scanout mean-ms=0.7294 peak-call-ms=5.1322 calls=60
[pipeline-stage] PPU finish mean-ms=0.0034 peak-call-ms=0.0544 calls=60
[pipeline-stage] action total mean-ms=0.2942 peak-call-ms=0.5647 calls=402
[pipeline-stage] action upload mean-ms=0.1808 peak-call-ms=1.4001 calls=60
[pipeline-stage] action analysis mean-ms=0.3434 peak-call-ms=3.6700 calls=60
[pipeline-stage] action setup mean-ms=0.0057 peak-call-ms=0.0643 calls=60
[pipeline-stage] action scanout mean-ms=0.7293 peak-call-ms=5.1317 calls=60
[pipeline-stage] action finish mean-ms=0.0034 peak-call-ms=0.0541 calls=60
[pipeline-stage] action host-post mean-ms=0.0073 peak-call-ms=0.0649 calls=60
[pipeline-stage] action synthesis mean-ms=0.1110 peak-call-ms=0.2245 calls=402
[pipeline-stage] action mesh mean-ms=0.0057 peak-call-ms=0.0028 calls=2010
[pipeline-stage] action supersample mean-ms=0.0468 peak-call-ms=0.0767 calls=804
[pipeline-stage] action DOF mean-ms=0.0261 peak-call-ms=0.0639 calls=402
[pipeline-stage] action submit mean-ms=0.0116 peak-call-ms=0.0210 calls=2010
[pipeline-stage] action callback mean-ms=0.0336 peak-call-ms=0.0570 calls=2099
[pipeline-work] ticks=0.15 repre=0.85 draws=5.0 vertices=427 upload-MiB=0.137 depth-MiB=0.000 depth-copy-MiB=0.000 depth-copy-calls=0.00 jobs=0.00 helpers=0.00 fallback=0.00 failed=0.00 (per-present)
[pipeline-traffic] upload-calls=0.56 skipped=0.03 scan-MiB=0.594 upload-MiB=0.137 mirror-realloc=0.00 (per-present)
[pipeline-atlas] reuse=0.00 copy-MiB=0.000 copy-calls=0.00 (per-present; copies are GPU-only)
[pipeline-path] cpu-project=0.00 cpu-stage=0.00 gpu-reuse=0.00 publish=0.00 opt-out=0.00 limit=0.00 rejected=0.00 (events/present, not view fallbacks)
[pipeline-perf] scene=Action 3D host=0 map=04/04 output=1280x800 frames=485 fps=483.9 cadence-ms=2.066 p95=9.281 max=17.964 refresh=3 vsync=0 cap=0 gpu-ms=unavailable
[pipeline-stage] events/input mean-ms=0.0578 peak-call-ms=8.0410 calls=485
[pipeline-stage] emulation mean-ms=0.0242 peak-call-ms=0.7781 calls=60
[pipeline-stage] PPU + capture mean-ms=0.6198 peak-call-ms=5.6003 calls=60
[pipeline-stage] world map build mean-ms=0.0001 peak-call-ms=0.0008 calls=60
[pipeline-stage] SIM metadata mean-ms=0.0032 peak-call-ms=0.0555 calls=60
[pipeline-stage] town canvas mean-ms=0.0001 peak-call-ms=0.0014 calls=60
[pipeline-stage] frame snapshot mean-ms=0.0069 peak-call-ms=0.0741 calls=60
[pipeline-stage] upload mean-ms=0.3138 peak-call-ms=4.1140 calls=60
[pipeline-stage] presentation mean-ms=0.2653 peak-call-ms=0.4343 calls=485
[pipeline-stage] CRT/resolve mean-ms=0.0008 peak-call-ms=0.0309 calls=970
[pipeline-stage] host UI mean-ms=0.0050 peak-call-ms=0.0234 calls=485
[pipeline-stage] settings UI mean-ms=0.0004 peak-call-ms=0.0010 calls=485
[pipeline-stage] present/wait mean-ms=0.7037 peak-call-ms=2.1593 calls=485
[pipeline-stage] pacing/sleep mean-ms=0.0003 peak-call-ms=0.0012 calls=485
[pipeline-stage] housekeeping mean-ms=0.0001 peak-call-ms=0.0020 calls=60
[pipeline-stage] PPU setup mean-ms=0.0047 peak-call-ms=0.0544 calls=60
[pipeline-stage] PPU scanout mean-ms=0.6094 peak-call-ms=5.5213 calls=60
[pipeline-stage] PPU finish mean-ms=0.0018 peak-call-ms=0.0400 calls=60
[pipeline-stage] action total mean-ms=0.2573 peak-call-ms=0.4245 calls=485
[pipeline-stage] action upload mean-ms=0.1226 peak-call-ms=1.2942 calls=60
[pipeline-stage] action analysis mean-ms=0.1817 peak-call-ms=2.8188 calls=60
[pipeline-stage] action setup mean-ms=0.0046 peak-call-ms=0.0541 calls=60
[pipeline-stage] action scanout mean-ms=0.6093 peak-call-ms=5.5207 calls=60
[pipeline-stage] action finish mean-ms=0.0018 peak-call-ms=0.0397 calls=60
[pipeline-stage] action host-post mean-ms=0.0063 peak-call-ms=0.0890 calls=60
[pipeline-stage] action synthesis mean-ms=0.0962 peak-call-ms=0.1741 calls=485
[pipeline-stage] action mesh mean-ms=0.0043 peak-call-ms=0.0137 calls=1803
[pipeline-stage] action supersample mean-ms=0.0350 peak-call-ms=0.0776 calls=659
[pipeline-stage] action DOF mean-ms=0.0263 peak-call-ms=0.0510 calls=485
[pipeline-stage] action submit mean-ms=0.0103 peak-call-ms=0.0182 calls=2114
[pipeline-stage] action callback mean-ms=0.0293 peak-call-ms=0.0774 calls=2351
[pipeline-work] ticks=0.12 repre=0.88 draws=4.4 vertices=387 upload-MiB=0.076 depth-MiB=0.000 depth-copy-MiB=0.000 depth-copy-calls=0.00 jobs=0.00 helpers=0.00 fallback=0.00 failed=0.00 (per-present)
[pipeline-traffic] upload-calls=0.29 skipped=0.13 scan-MiB=0.537 upload-MiB=0.076 mirror-realloc=0.00 (per-present)
[pipeline-atlas] reuse=0.00 copy-MiB=0.000 copy-calls=0.00 (per-present; copies are GPU-only)
[pipeline-path] cpu-project=0.00 cpu-stage=0.00 gpu-reuse=0.00 publish=0.00 opt-out=0.00 limit=0.00 rejected=0.00 (events/present, not view fallbacks)
[pipeline-perf] scene=Action 3D host=0 map=04/04 output=1280x800 frames=517 fps=515.4 cadence-ms=1.940 p95=9.059 max=16.812 refresh=3 vsync=0 cap=0 gpu-ms=unavailable
[pipeline-stage] events/input mean-ms=0.0693 peak-call-ms=8.2910 calls=517
[pipeline-stage] emulation mean-ms=0.0254 peak-call-ms=1.3300 calls=61
[pipeline-stage] PPU + capture mean-ms=0.5911 peak-call-ms=5.6971 calls=61
[pipeline-stage] world map build mean-ms=0.0001 peak-call-ms=0.0010 calls=61
[pipeline-stage] SIM metadata mean-ms=0.0030 peak-call-ms=0.0361 calls=61
[pipeline-stage] town canvas mean-ms=0.0002 peak-call-ms=0.0160 calls=61
[pipeline-stage] frame snapshot mean-ms=0.0066 peak-call-ms=0.0860 calls=61
[pipeline-stage] upload mean-ms=0.2586 peak-call-ms=3.4172 calls=61
[pipeline-stage] presentation mean-ms=0.2318 peak-call-ms=0.4451 calls=517
[pipeline-stage] CRT/resolve mean-ms=0.0006 peak-call-ms=0.0013 calls=1034
[pipeline-stage] host UI mean-ms=0.0051 peak-call-ms=0.0276 calls=517
[pipeline-stage] settings UI mean-ms=0.0004 peak-call-ms=0.0216 calls=517
[pipeline-stage] present/wait mean-ms=0.6967 peak-call-ms=2.2608 calls=517
[pipeline-stage] pacing/sleep mean-ms=0.0003 peak-call-ms=0.0013 calls=517
[pipeline-stage] housekeeping mean-ms=0.0001 peak-call-ms=0.0036 calls=61
[pipeline-stage] PPU setup mean-ms=0.0046 peak-call-ms=0.0640 calls=61
[pipeline-stage] PPU scanout mean-ms=0.5824 peak-call-ms=5.6271 calls=61
[pipeline-stage] PPU finish mean-ms=0.0005 peak-call-ms=0.0103 calls=61
[pipeline-stage] action total mean-ms=0.2238 peak-call-ms=0.4300 calls=517
[pipeline-stage] action upload mean-ms=0.1069 peak-call-ms=1.2659 calls=61
[pipeline-stage] action analysis mean-ms=0.1425 peak-call-ms=2.1144 calls=61
[pipeline-stage] action setup mean-ms=0.0045 peak-call-ms=0.0636 calls=61
[pipeline-stage] action scanout mean-ms=0.5823 peak-call-ms=5.6261 calls=61
[pipeline-stage] action finish mean-ms=0.0004 peak-call-ms=0.0100 calls=61
[pipeline-stage] action host-post mean-ms=0.0058 peak-call-ms=0.0650 calls=61
[pipeline-stage] action synthesis mean-ms=0.0951 peak-call-ms=0.2007 calls=517
[pipeline-stage] action mesh mean-ms=0.0035 peak-call-ms=0.0192 calls=1551
[pipeline-stage] action supersample mean-ms=0.0290 peak-call-ms=0.1062 calls=517
[pipeline-stage] action DOF mean-ms=0.0271 peak-call-ms=0.0887 calls=517
[pipeline-stage] action submit mean-ms=0.0099 peak-call-ms=0.0222 calls=2068
[pipeline-stage] action callback mean-ms=0.0085 peak-call-ms=0.0285 calls=2068
[pipeline-work] ticks=0.12 repre=0.88 draws=4.0 vertices=364 upload-MiB=0.061 depth-MiB=0.000 depth-copy-MiB=0.000 depth-copy-calls=0.00 jobs=0.00 helpers=0.00 fallback=0.00 failed=0.00 (per-present)
[pipeline-traffic] upload-calls=0.24 skipped=0.11 scan-MiB=0.487 upload-MiB=0.061 mirror-realloc=0.00 (per-present)
[pipeline-atlas] reuse=0.00 copy-MiB=0.000 copy-calls=0.00 (per-present; copies are GPU-only)
[pipeline-path] cpu-project=0.00 cpu-stage=0.00 gpu-reuse=0.00 publish=0.00 opt-out=0.00 limit=0.00 rejected=0.00 (events/present, not view fallbacks)
[pipeline-perf] scene=Action 3D host=0 map=04/04 output=1280x800 frames=488 fps=486.7 cadence-ms=2.055 p95=9.569 max=17.539 refresh=3 vsync=0 cap=0 gpu-ms=unavailable
[pipeline-stage] events/input mean-ms=0.0572 peak-call-ms=8.1697 calls=488
[pipeline-stage] emulation mean-ms=0.0251 peak-call-ms=0.9519 calls=60
[pipeline-stage] PPU + capture mean-ms=0.6372 peak-call-ms=5.9092 calls=60
[pipeline-stage] world map build mean-ms=0.0001 peak-call-ms=0.0010 calls=60
[pipeline-stage] SIM metadata mean-ms=0.0031 peak-call-ms=0.0319 calls=60
[pipeline-stage] town canvas mean-ms=0.0001 peak-call-ms=0.0019 calls=60
[pipeline-stage] frame snapshot mean-ms=0.0067 peak-call-ms=0.0675 calls=60
[pipeline-stage] upload mean-ms=0.3488 peak-call-ms=4.5345 calls=60
[pipeline-stage] presentation mean-ms=0.2620 peak-call-ms=0.6125 calls=488
[pipeline-stage] CRT/resolve mean-ms=0.0007 peak-call-ms=0.0015 calls=976
[pipeline-stage] host UI mean-ms=0.0051 peak-call-ms=0.0221 calls=488
[pipeline-stage] settings UI mean-ms=0.0004 peak-call-ms=0.0015 calls=488
[pipeline-stage] present/wait mean-ms=0.6435 peak-call-ms=2.1655 calls=488
[pipeline-stage] pacing/sleep mean-ms=0.0004 peak-call-ms=0.0050 calls=488
[pipeline-stage] housekeeping mean-ms=0.0001 peak-call-ms=0.0030 calls=60
[pipeline-stage] PPU setup mean-ms=0.0048 peak-call-ms=0.0684 calls=60
[pipeline-stage] PPU scanout mean-ms=0.6278 peak-call-ms=5.8293 calls=60
[pipeline-stage] PPU finish mean-ms=0.0008 peak-call-ms=0.0108 calls=60
[pipeline-stage] action total mean-ms=0.2540 peak-call-ms=0.5942 calls=488
[pipeline-stage] action upload mean-ms=0.1385 peak-call-ms=2.6730 calls=60
[pipeline-stage] action analysis mean-ms=0.2007 peak-call-ms=2.8942 calls=60
[pipeline-stage] action setup mean-ms=0.0048 peak-call-ms=0.0682 calls=60
[pipeline-stage] action scanout mean-ms=0.6277 peak-call-ms=5.8286 calls=60
[pipeline-stage] action finish mean-ms=0.0008 peak-call-ms=0.0105 calls=60
[pipeline-stage] action host-post mean-ms=0.0060 peak-call-ms=0.0559 calls=60
[pipeline-stage] action synthesis mean-ms=0.1017 peak-call-ms=0.1830 calls=488
[pipeline-stage] action mesh mean-ms=0.0036 peak-call-ms=0.0348 calls=1464
[pipeline-stage] action supersample mean-ms=0.0289 peak-call-ms=0.1139 calls=488
[pipeline-stage] action DOF mean-ms=0.0265 peak-call-ms=0.0655 calls=488
[pipeline-stage] action submit mean-ms=0.0101 peak-call-ms=0.0388 calls=1952
[pipeline-stage] action callback mean-ms=0.0280 peak-call-ms=0.1091 calls=1952
[pipeline-work] ticks=0.12 repre=0.88 draws=4.0 vertices=364 upload-MiB=0.097 depth-MiB=0.000 depth-copy-MiB=0.000 depth-copy-calls=0.00 jobs=0.00 helpers=0.00 fallback=0.00 failed=0.00 (per-present)
[pipeline-traffic] upload-calls=0.32 skipped=0.06 scan-MiB=0.528 upload-MiB=0.097 mirror-realloc=0.00 (per-present)
[pipeline-atlas] reuse=0.00 copy-MiB=0.000 copy-calls=0.00 (per-present; copies are GPU-only)
[pipeline-path] cpu-project=0.00 cpu-stage=0.00 gpu-reuse=0.00 publish=0.00 opt-out=0.00 limit=0.00 rejected=0.00 (events/present, not view fallbacks)
[pipeline-perf] scene=Action 3D host=0 map=04/04 output=1280x800 frames=478 fps=476.6 cadence-ms=2.098 p95=9.451 max=18.421 refresh=3 vsync=0 cap=0 gpu-ms=unavailable
[pipeline-stage] events/input mean-ms=0.0752 peak-call-ms=8.1606 calls=478
[pipeline-stage] emulation mean-ms=0.0267 peak-call-ms=1.1136 calls=60
[pipeline-stage] PPU + capture mean-ms=0.6328 peak-call-ms=5.4384 calls=60
[pipeline-stage] world map build mean-ms=0.0001 peak-call-ms=0.0007 calls=60
[pipeline-stage] SIM metadata mean-ms=0.0032 peak-call-ms=0.0392 calls=60
[pipeline-stage] town canvas mean-ms=0.0001 peak-call-ms=0.0018 calls=60
[pipeline-stage] frame snapshot mean-ms=0.0067 peak-call-ms=0.0798 calls=60
[pipeline-stage] upload mean-ms=0.3586 peak-call-ms=5.0213 calls=60
[pipeline-stage] presentation mean-ms=0.3005 peak-call-ms=0.4809 calls=478
[pipeline-stage] CRT/resolve mean-ms=0.0007 peak-call-ms=0.0012 calls=956
[pipeline-stage] host UI mean-ms=0.0052 peak-call-ms=0.0223 calls=478
[pipeline-stage] settings UI mean-ms=0.0005 peak-call-ms=0.0167 calls=478
[pipeline-stage] present/wait mean-ms=0.6258 peak-call-ms=2.3981 calls=478
[pipeline-stage] pacing/sleep mean-ms=0.0004 peak-call-ms=0.0012 calls=478
[pipeline-stage] housekeeping mean-ms=0.0001 peak-call-ms=0.0019 calls=60
[pipeline-stage] PPU setup mean-ms=0.0047 peak-call-ms=0.0671 calls=60
[pipeline-stage] PPU scanout mean-ms=0.6218 peak-call-ms=5.3410 calls=60
[pipeline-stage] PPU finish mean-ms=0.0024 peak-call-ms=0.0396 calls=60
[pipeline-stage] action total mean-ms=0.2924 peak-call-ms=0.4666 calls=478
[pipeline-stage] action upload mean-ms=0.1450 peak-call-ms=2.9289 calls=60
[pipeline-stage] action analysis mean-ms=0.2039 peak-call-ms=2.7637 calls=60
[pipeline-stage] action setup mean-ms=0.0047 peak-call-ms=0.0667 calls=60
[pipeline-stage] action scanout mean-ms=0.6217 peak-call-ms=5.3404 calls=60
[pipeline-stage] action finish mean-ms=0.0024 peak-call-ms=0.0394 calls=60
[pipeline-stage] action host-post mean-ms=0.0061 peak-call-ms=0.0640 calls=60
[pipeline-stage] action synthesis mean-ms=0.0994 peak-call-ms=0.1829 calls=478
[pipeline-stage] action mesh mean-ms=0.0035 peak-call-ms=0.0354 calls=1434
[pipeline-stage] action supersample mean-ms=0.0279 peak-call-ms=0.0650 calls=478
[pipeline-stage] action DOF mean-ms=0.0260 peak-call-ms=0.0597 calls=478
[pipeline-stage] action submit mean-ms=0.0099 peak-call-ms=0.0261 calls=1912
[pipeline-stage] action callback mean-ms=0.0633 peak-call-ms=0.1174 calls=1912
[pipeline-work] ticks=0.13 repre=0.87 draws=4.0 vertices=364 upload-MiB=0.097 depth-MiB=0.000 depth-copy-MiB=0.000 depth-copy-calls=0.00 jobs=0.00 helpers=0.00 fallback=0.00 failed=0.00 (per-present)
[pipeline-traffic] upload-calls=0.32 skipped=0.06 scan-MiB=0.545 upload-MiB=0.097 mirror-realloc=0.00 (per-present)
[pipeline-atlas] reuse=0.00 copy-MiB=0.000 copy-calls=0.00 (per-present; copies are GPU-only)
[pipeline-path] cpu-project=0.00 cpu-stage=0.00 gpu-reuse=0.00 publish=0.00 opt-out=0.00 limit=0.00 rejected=0.00 (events/present, not view fallbacks)
[pipeline-perf] scene=Action 3D host=0 map=04/04 output=1280x800 frames=437 fps=436.0 cadence-ms=2.294 p95=9.973 max=19.178 refresh=3 vsync=0 cap=0 gpu-ms=unavailable
[pipeline-stage] events/input mean-ms=0.0633 peak-call-ms=8.2509 calls=437
[pipeline-stage] emulation mean-ms=0.0343 peak-call-ms=1.3927 calls=61
[pipeline-stage] PPU + capture mean-ms=0.7130 peak-call-ms=5.7065 calls=61
[pipeline-stage] world map build mean-ms=0.0001 peak-call-ms=0.0010 calls=61
[pipeline-stage] SIM metadata mean-ms=0.0036 peak-call-ms=0.0347 calls=61
[pipeline-stage] town canvas mean-ms=0.0002 peak-call-ms=0.0110 calls=61
[pipeline-stage] frame snapshot mean-ms=0.0075 peak-call-ms=0.0685 calls=61
[pipeline-stage] upload mean-ms=0.5046 peak-call-ms=4.3802 calls=61
[pipeline-stage] presentation mean-ms=0.3207 peak-call-ms=0.5084 calls=437
[pipeline-stage] CRT/resolve mean-ms=0.0007 peak-call-ms=0.0015 calls=874
[pipeline-stage] host UI mean-ms=0.0052 peak-call-ms=0.0244 calls=437
[pipeline-stage] settings UI mean-ms=0.0004 peak-call-ms=0.0012 calls=437
[pipeline-stage] present/wait mean-ms=0.5966 peak-call-ms=2.0952 calls=437
[pipeline-stage] pacing/sleep mean-ms=0.0004 peak-call-ms=0.0162 calls=437
[pipeline-stage] housekeeping mean-ms=0.0002 peak-call-ms=0.0022 calls=61
[pipeline-stage] PPU setup mean-ms=0.0052 peak-call-ms=0.0657 calls=61
[pipeline-stage] PPU scanout mean-ms=0.7025 peak-call-ms=5.6353 calls=61
[pipeline-stage] PPU finish mean-ms=0.0009 peak-call-ms=0.0420 calls=61
[pipeline-stage] action total mean-ms=0.3125 peak-call-ms=0.4925 calls=437
[pipeline-stage] action upload mean-ms=0.1856 peak-call-ms=2.0123 calls=61
[pipeline-stage] action analysis mean-ms=0.3081 peak-call-ms=2.8388 calls=61
[pipeline-stage] action setup mean-ms=0.0052 peak-call-ms=0.0654 calls=61
[pipeline-stage] action scanout mean-ms=0.7024 peak-call-ms=5.6346 calls=61
[pipeline-stage] action finish mean-ms=0.0009 peak-call-ms=0.0415 calls=61
[pipeline-stage] action host-post mean-ms=0.0070 peak-call-ms=0.0648 calls=61
[pipeline-stage] action synthesis mean-ms=0.1073 peak-call-ms=0.1779 calls=437
[pipeline-stage] action mesh mean-ms=0.0037 peak-call-ms=0.0308 calls=1383
[pipeline-stage] action supersample mean-ms=0.0299 peak-call-ms=0.0766 calls=473
[pipeline-stage] action DOF mean-ms=0.0256 peak-call-ms=0.0569 calls=437
[pipeline-stage] action submit mean-ms=0.0100 peak-call-ms=0.0283 calls=1784
[pipeline-stage] action callback mean-ms=0.0718 peak-call-ms=0.1117 calls=1784
[pipeline-work] ticks=0.14 repre=0.86 draws=4.1 vertices=369 upload-MiB=0.161 depth-MiB=0.000 depth-copy-MiB=0.000 depth-copy-calls=0.00 jobs=0.00 helpers=0.00 fallback=0.00 failed=0.00 (per-present)
[pipeline-traffic] upload-calls=0.44 skipped=0.00 scan-MiB=0.511 upload-MiB=0.161 mirror-realloc=0.00 (per-present)
[pipeline-atlas] reuse=0.00 copy-MiB=0.000 copy-calls=0.00 (per-present; copies are GPU-only)
[pipeline-path] cpu-project=0.00 cpu-stage=0.00 gpu-reuse=0.00 publish=0.00 opt-out=0.00 limit=0.00 rejected=0.00 (events/present, not view fallbacks)
[pipeline-perf] scene=Action 3D host=0 map=04/04 output=1280x800 frames=382 fps=380.8 cadence-ms=2.626 p95=10.267 max=18.381 refresh=3 vsync=0 cap=0 gpu-ms=unavailable
[pipeline-stage] events/input mean-ms=0.0686 peak-call-ms=7.6259 calls=382
[pipeline-stage] emulation mean-ms=0.0347 peak-call-ms=0.9899 calls=60
[pipeline-stage] PPU + capture mean-ms=0.8049 peak-call-ms=5.6990 calls=60
[pipeline-stage] world map build mean-ms=0.0001 peak-call-ms=0.0008 calls=60
[pipeline-stage] SIM metadata mean-ms=0.0040 peak-call-ms=0.0325 calls=60
[pipeline-stage] town canvas mean-ms=0.0002 peak-call-ms=0.0014 calls=60
[pipeline-stage] frame snapshot mean-ms=0.0085 peak-call-ms=0.0678 calls=60
[pipeline-stage] upload mean-ms=0.5888 peak-call-ms=4.2998 calls=60
[pipeline-stage] presentation mean-ms=0.3380 peak-call-ms=0.4929 calls=382
[pipeline-stage] CRT/resolve mean-ms=0.0007 peak-call-ms=0.0010 calls=764
[pipeline-stage] host UI mean-ms=0.0052 peak-call-ms=0.0176 calls=382
[pipeline-stage] settings UI mean-ms=0.0004 peak-call-ms=0.0009 calls=382
[pipeline-stage] present/wait mean-ms=0.7079 peak-call-ms=1.8395 calls=382
[pipeline-stage] pacing/sleep mean-ms=0.0004 peak-call-ms=0.0012 calls=382
[pipeline-stage] housekeeping mean-ms=0.0002 peak-call-ms=0.0020 calls=60
[pipeline-stage] PPU setup mean-ms=0.0059 peak-call-ms=0.0511 calls=60
[pipeline-stage] PPU scanout mean-ms=0.7928 peak-call-ms=5.6152 calls=60
[pipeline-stage] PPU finish mean-ms=0.0015 peak-call-ms=0.0430 calls=60
[pipeline-stage] action total mean-ms=0.3297 peak-call-ms=0.4785 calls=382
[pipeline-stage] action upload mean-ms=0.2058 peak-call-ms=1.5545 calls=60
[pipeline-stage] action analysis mean-ms=0.3706 peak-call-ms=2.6634 calls=60
[pipeline-stage] action setup mean-ms=0.0058 peak-call-ms=0.0505 calls=60
[pipeline-stage] action scanout mean-ms=0.7927 peak-call-ms=5.6144 calls=60
[pipeline-stage] action finish mean-ms=0.0014 peak-call-ms=0.0427 calls=60
[pipeline-stage] action host-post mean-ms=0.0077 peak-call-ms=0.0623 calls=60
[pipeline-stage] action synthesis mean-ms=0.1099 peak-call-ms=0.1640 calls=382
[pipeline-stage] action mesh mean-ms=0.0059 peak-call-ms=0.0372 calls=1910
[pipeline-stage] action supersample mean-ms=0.0470 peak-call-ms=0.0621 calls=764
[pipeline-stage] action DOF mean-ms=0.0268 peak-call-ms=0.0566 calls=382
[pipeline-stage] action submit mean-ms=0.0116 peak-call-ms=0.0129 calls=1910
[pipeline-stage] action callback mean-ms=0.0651 peak-call-ms=0.1006 calls=1910
[pipeline-work] ticks=0.16 repre=0.84 draws=5.0 vertices=427 upload-MiB=0.149 depth-MiB=0.000 depth-copy-MiB=0.000 depth-copy-calls=0.00 jobs=0.00 helpers=0.00 fallback=0.00 failed=0.00 (per-present)
[pipeline-traffic] upload-calls=0.60 skipped=0.03 scan-MiB=0.732 upload-MiB=0.149 mirror-realloc=0.00 (per-present)
[pipeline-atlas] reuse=0.00 copy-MiB=0.000 copy-calls=0.00 (per-present; copies are GPU-only)
[pipeline-path] cpu-project=0.00 cpu-stage=0.00 gpu-reuse=0.00 publish=0.00 opt-out=0.00 limit=0.00 rejected=0.00 (events/present, not view fallbacks)
[pipeline-perf] scene=Action 3D host=0 map=04/04 output=1280x800 frames=373 fps=368.8 cadence-ms=2.712 p95=10.556 max=19.562 refresh=3 vsync=0 cap=0 gpu-ms=unavailable
[pipeline-stage] events/input mean-ms=0.0495 peak-call-ms=7.8124 calls=373
[pipeline-stage] emulation mean-ms=0.0362 peak-call-ms=1.3274 calls=61
[pipeline-stage] PPU + capture mean-ms=0.8753 peak-call-ms=5.7209 calls=61
[pipeline-stage] world map build mean-ms=0.0001 peak-call-ms=0.0008 calls=61
[pipeline-stage] SIM metadata mean-ms=0.0042 peak-call-ms=0.0476 calls=61
[pipeline-stage] town canvas mean-ms=0.0002 peak-call-ms=0.0016 calls=61
[pipeline-stage] frame snapshot mean-ms=0.0088 peak-call-ms=0.0701 calls=61
[pipeline-stage] upload mean-ms=0.6252 peak-call-ms=5.1938 calls=61
[pipeline-stage] presentation mean-ms=0.3206 peak-call-ms=0.4704 calls=373
[pipeline-stage] CRT/resolve mean-ms=0.0007 peak-call-ms=0.0012 calls=746
[pipeline-stage] host UI mean-ms=0.0052 peak-call-ms=0.0180 calls=373
[pipeline-stage] settings UI mean-ms=0.0004 peak-call-ms=0.0012 calls=373
[pipeline-stage] present/wait mean-ms=0.7188 peak-call-ms=2.4832 calls=373
[pipeline-stage] pacing/sleep mean-ms=0.0004 peak-call-ms=0.0015 calls=373
[pipeline-stage] housekeeping mean-ms=0.0002 peak-call-ms=0.0034 calls=61
[pipeline-stage] PPU setup mean-ms=0.0062 peak-call-ms=0.0571 calls=61
[pipeline-stage] PPU scanout mean-ms=0.8598 peak-call-ms=5.6538 calls=61
[pipeline-stage] PPU finish mean-ms=0.0040 peak-call-ms=0.0513 calls=61
[pipeline-stage] action total mean-ms=0.3120 peak-call-ms=0.4595 calls=373
[pipeline-stage] action upload mean-ms=0.2206 peak-call-ms=2.6164 calls=61
[pipeline-stage] action analysis mean-ms=0.3914 peak-call-ms=3.6181 calls=61
[pipeline-stage] action setup mean-ms=0.0062 peak-call-ms=0.0566 calls=61
[pipeline-stage] action scanout mean-ms=0.8597 peak-call-ms=5.6531 calls=61
[pipeline-stage] action finish mean-ms=0.0040 peak-call-ms=0.0508 calls=61
[pipeline-stage] action host-post mean-ms=0.0081 peak-call-ms=0.0719 calls=61
[pipeline-stage] action synthesis mean-ms=0.1109 peak-call-ms=0.1786 calls=373
[pipeline-stage] action mesh mean-ms=0.0060 peak-call-ms=0.0408 calls=1865
[pipeline-stage] action supersample mean-ms=0.0476 peak-call-ms=0.0822 calls=746
[pipeline-stage] action DOF mean-ms=0.0264 peak-call-ms=0.0639 calls=373
[pipeline-stage] action submit mean-ms=0.0120 peak-call-ms=0.0418 calls=1865
[pipeline-stage] action callback mean-ms=0.0475 peak-call-ms=0.1250 calls=1865
[pipeline-work] ticks=0.16 repre=0.84 draws=5.0 vertices=427 upload-MiB=0.136 depth-MiB=0.000 depth-copy-MiB=0.000 depth-copy-calls=0.00 jobs=0.00 helpers=0.00 fallback=0.00 failed=0.00 (per-present)
[pipeline-traffic] upload-calls=0.63 skipped=0.02 scan-MiB=0.765 upload-MiB=0.136 mirror-realloc=0.00 (per-present)
[pipeline-atlas] reuse=0.00 copy-MiB=0.000 copy-calls=0.00 (per-present; copies are GPU-only)
[pipeline-path] cpu-project=0.00 cpu-stage=0.00 gpu-reuse=0.00 publish=0.00 opt-out=0.00 limit=0.00 rejected=0.00 (events/present, not view fallbacks)
[widescreen] gf=2573 $18=04 $19=05 -> WIDE clamp=00 mirror=00 repeat=02 bands=0/811c9dc5 normal=00 hud=40/88/168 left-only-y=28 bg-plan=1 source=world/viewport hle=00
[widescreen] gf=2574 $18=04 $19=05 -> WIDE clamp=00 mirror=00 repeat=02 bands=0/811c9dc5 normal=00 hud=40/88/168 left-only-y=28 bg-plan=1 source=world/viewport hle=01
[pipeline-perf] scene=Action 3D host=0 map=04/05 output=1280x800 frames=454 fps=450.8 cadence-ms=2.218 p95=9.742 max=18.105 refresh=3 vsync=0 cap=0 gpu-ms=unavailable
[pipeline-stage] events/input mean-ms=0.0587 peak-call-ms=8.1213 calls=454
[pipeline-stage] emulation mean-ms=0.0295 peak-call-ms=1.3884 calls=61
[pipeline-stage] PPU + capture mean-ms=0.8180 peak-call-ms=7.2839 calls=61
[pipeline-stage] world map build mean-ms=0.0001 peak-call-ms=0.0007 calls=61
[pipeline-stage] SIM metadata mean-ms=0.0034 peak-call-ms=0.0337 calls=61
[pipeline-stage] town canvas mean-ms=0.0002 peak-call-ms=0.0014 calls=61
[pipeline-stage] frame snapshot mean-ms=0.0068 peak-call-ms=0.0666 calls=61
[pipeline-stage] upload mean-ms=0.2975 peak-call-ms=5.2303 calls=61
[pipeline-stage] presentation mean-ms=0.2148 peak-call-ms=0.4096 calls=454
[pipeline-stage] CRT/resolve mean-ms=0.0006 peak-call-ms=0.0012 calls=908
[pipeline-stage] host UI mean-ms=0.0048 peak-call-ms=0.0164 calls=454
[pipeline-stage] settings UI mean-ms=0.0004 peak-call-ms=0.0012 calls=454
[pipeline-stage] present/wait mean-ms=0.7247 peak-call-ms=2.3838 calls=454
[pipeline-stage] pacing/sleep mean-ms=0.0004 peak-call-ms=0.0162 calls=454
[pipeline-stage] housekeeping mean-ms=0.0002 peak-call-ms=0.0118 calls=61
[pipeline-stage] PPU setup mean-ms=0.0050 peak-call-ms=0.0563 calls=61
[pipeline-stage] PPU scanout mean-ms=0.8037 peak-call-ms=6.5199 calls=61
[pipeline-stage] PPU finish mean-ms=0.0005 peak-call-ms=0.0056 calls=61
[pipeline-stage] action total mean-ms=0.2070 peak-call-ms=0.3957 calls=399
[pipeline-stage] action upload mean-ms=0.1338 peak-call-ms=2.8152 calls=61
[pipeline-stage] action analysis mean-ms=0.1465 peak-call-ms=2.8143 calls=61
[pipeline-stage] action setup mean-ms=0.0050 peak-call-ms=0.0556 calls=61
[pipeline-stage] action scanout mean-ms=0.8036 peak-call-ms=6.5191 calls=61
[pipeline-stage] action finish mean-ms=0.0005 peak-call-ms=0.0053 calls=61
[pipeline-stage] action host-post mean-ms=0.0065 peak-call-ms=0.0603 calls=61
[pipeline-stage] action synthesis mean-ms=0.0693 peak-call-ms=0.1512 calls=399
[pipeline-stage] action mesh mean-ms=0.0054 peak-call-ms=0.0257 calls=1995
[pipeline-stage] action supersample mean-ms=0.0427 peak-call-ms=0.0970 calls=798
[pipeline-stage] action DOF mean-ms=0.0250 peak-call-ms=0.1033 calls=399
[pipeline-stage] action submit mean-ms=0.0108 peak-call-ms=0.0305 calls=1995
[pipeline-stage] action callback mean-ms=0.0065 peak-call-ms=0.0218 calls=1995
[pipeline-work] ticks=0.13 repre=0.87 draws=4.4 vertices=375 upload-MiB=0.070 depth-MiB=0.000 depth-copy-MiB=0.000 depth-copy-calls=0.00 jobs=0.00 helpers=0.00 fallback=0.00 failed=0.00 (per-present)
[pipeline-traffic] upload-calls=0.31 skipped=0.26 scan-MiB=0.606 upload-MiB=0.070 mirror-realloc=0.00 (per-present)
[pipeline-atlas] reuse=0.00 copy-MiB=0.000 copy-calls=0.00 (per-present; copies are GPU-only)
[pipeline-path] cpu-project=0.00 cpu-stage=0.00 gpu-reuse=0.00 publish=0.00 opt-out=0.00 limit=0.00 rejected=0.00 (events/present, not view fallbacks)
[present-cadence] tick-presents=3000 re-presents=83189 max-represent-alpha=1.000 no-present-no-sleep=0
[dump] wrote runs/20260912-171908/dump_state.txt + wram/sram/dispatch_log (exit)
[action-bg-hle] provider-summary frames=1363 preflight={layers:2604,tiles:2458419,mismatches:0,outside:0} eligible=2604 layers=2604 lookups=37327808 batches=1821120 tiles=36882048 outside=445760 band-cache={builds:0,hits:0}
[action-room-scene] provider-summary layers=2604 live-fallbacks=0
[action-room-load-hle] summary command5=2 command4=4 bytes=14592
[action-room-gfx-hle] summary command7=3 command6=3 bytes=24960
[action-room-video-hle] summary command3=2 bytes=56
[run-dir] all diagnostics from this run: runs/20260912-171908/  (share with: zip -r report.zip runs/20260912-171908)
