[Launcher] Config/saves anchored to '/home/deck/argame/capture-fast-path-20260912.XW1iYR/'.
[run-dir] runs/20260912-171959 (console.log + dumps ringfenced here; AR_NO_RUN_DIR=1 disables)
[runner-trace] recorder=excluded deep_instrumentation=excluded mode=off
Loaded ROM: /home/deck/argame/capture-fast-path-20260912.XW1iYR/ar.sfc (1048576 bytes)
[video-geometry] 16:10 square-PAR -> 52 extra columns/side (render width 360)
[display] AR_DISPLAY_MODE=2 -> widescreen FULL (all corrections)
[video] driver: wayland (available: x11 wayland offscreen dummy evdev)
[render] ordered GPU interop enabled (offscreen SDL + one swapchain present)
[display] GPU frames in flight: 2
[hd-manifest] [replace:title-logo] game-assets/hd/title-logo.png (2087x754)
[hd-manifest] [replace:title-swirl] game-assets/hd/title-logo.png (2087x754, mode7)
[hd-manifest] 2 entries, 2 with art
[settings-menu] decoded ActRaiser font: $1000 bytes from ROM offset $0BECFB (2725 compressed bytes consumed)
[settings-menu] decoded native dialog frame: chars ROM $06C000, palette ROM $0E3F73
[diorama-layers] loaded diorama-layers.ini: 24 room(s), 34 plane override(s)
[input] gamepad 1 connected: Steam Deck Controller
[music-manifest] [music:title-theme] game-assets/audio/title.ogg (48000 Hz, 8845689 frames, loop 0..8845689)
[music-manifest] [music:song-00] game-assets/audio/fillmore.ogg (44100 Hz, 7050707 frames, loop 0..7050707)
[music-manifest] [music:song-01] game-assets/audio/sky-palace.ogg (48000 Hz, 6389760 frames, loop 0..6389760)
[music-manifest] [music:song-02] game-assets/audio/bp.ogg (44100 Hz, 5369615 frames, loop 0..5369615)
[music-manifest] [music:song-08] game-assets/audio/advent.ogg (48000 Hz, 735609 frames, loop 0..735609)
[music-manifest] [music:song-09] game-assets/audio/act2.ogg (44100 Hz, 6182827 frames, loop 0..6182827)
[music-manifest] [music:song-10] game-assets/audio/birth-of-the-people.ogg (48000 Hz, 16201213 frames, loop 0..16201213)
[music-manifest] [music:song-11] game-assets/audio/level-up.ogg (48000 Hz, 451396 frames, loop 0..451396)
[music-manifest] 17 entries, 8 with audio
[audio-ext] extended sound channels disabled (authentic 8 voices)
[saves] loaded native-srm backend from /home/deck/argame/capture-fast-path-20260912.XW1iYR/visible-interp-unlimited/seed.srm
[input-replay] 5009 legacy records, max gf=21845 last gf=4676 from /home/deck/argame/capture-fast-path-20260912.XW1iYR/saves/aitos-r4-natural.rec
[audio] requested 32040 Hz is below SDL's 44100 device minimum; using 44100 (the setting cannot lower it)
[audio] stream input 44100 Hz, device 44100 Hz 512-frame buffer (requested 512 frames)
[widescreen] gf=0 $18=00 $19=00 -> pillarbox clamp=00 mirror=00 repeat=00 bands=0/811c9dc5 normal=00 hud=0/0/0 left-only-y=0 bg-plan=0 source=none/none hle=00
[music] src=1A:94B8 song=01 -> [music:title-theme] game-assets/audio/title.ogg
[pipeline-perf] scene=Native/menu host=0 map=00/00 output=1280x800 frames=3187 fps=3185.9 cadence-ms=0.314 p95=0.355 max=9.440 refresh=3 vsync=0 cap=0 gpu-ms=unavailable
[pipeline-stage] events/input mean-ms=0.0478 peak-call-ms=8.4368 calls=3208
[pipeline-stage] emulation mean-ms=0.0034 peak-call-ms=4.7126 calls=61
[pipeline-stage] PPU + capture mean-ms=0.0021 peak-call-ms=0.6637 calls=61
[pipeline-stage] world map build mean-ms=0.0000 peak-call-ms=0.0009 calls=61
[pipeline-stage] SIM metadata mean-ms=0.0005 peak-call-ms=0.2002 calls=61
[pipeline-stage] town canvas mean-ms=0.0000 peak-call-ms=0.0086 calls=61
[pipeline-stage] frame snapshot mean-ms=0.0007 peak-call-ms=0.1461 calls=61
[pipeline-stage] upload mean-ms=0.0010 peak-call-ms=0.7668 calls=61
[pipeline-stage] presentation mean-ms=0.0087 peak-call-ms=0.1320 calls=3187
[pipeline-stage] CRT/resolve mean-ms=0.0003 peak-call-ms=0.0105 calls=6374
[pipeline-stage] host UI mean-ms=0.0033 peak-call-ms=0.0554 calls=3187
[pipeline-stage] settings UI mean-ms=0.0001 peak-call-ms=0.0523 calls=3187
[pipeline-stage] present/wait mean-ms=0.1957 peak-call-ms=2.1032 calls=3187
[pipeline-stage] pacing/sleep mean-ms=0.0073 peak-call-ms=1.1062 calls=3208
[pipeline-stage] housekeeping mean-ms=0.0000 peak-call-ms=0.0030 calls=61
[pipeline-stage] PPU setup mean-ms=0.0001 peak-call-ms=0.0497 calls=61
[pipeline-stage] PPU scanout mean-ms=0.0016 peak-call-ms=0.3809 calls=61
[pipeline-stage] PPU finish mean-ms=0.0000 peak-call-ms=0.0015 calls=61
[pipeline-work] ticks=0.02 repre=0.98 draws=0.0 vertices=0 upload-MiB=0.000 depth-MiB=0.000 depth-copy-MiB=0.000 depth-copy-calls=0.00 jobs=0.00 helpers=0.00 fallback=0.00 failed=0.00 (per-present)
[pipeline-traffic] upload-calls=0.00 skipped=0.00 scan-MiB=0.012 upload-MiB=0.000 mirror-realloc=0.00 (per-present)
[pipeline-atlas] reuse=0.00 copy-MiB=0.000 copy-calls=0.00 (per-present; copies are GPU-only)
[pipeline-path] cpu-project=0.00 cpu-stage=0.00 gpu-reuse=0.00 publish=0.00 opt-out=0.00 limit=0.00 rejected=0.00 (events/present, not view fallbacks)
[pipeline-perf] scene=Native/menu host=0 map=00/00 output=1280x800 frames=2743 fps=2741.6 cadence-ms=0.365 p95=1.310 max=9.182 refresh=3 vsync=0 cap=0 gpu-ms=unavailable
[pipeline-stage] events/input mean-ms=0.0503 peak-call-ms=8.1961 calls=2743
[pipeline-stage] emulation mean-ms=0.0024 peak-call-ms=1.4492 calls=60
[pipeline-stage] PPU + capture mean-ms=0.0193 peak-call-ms=4.0990 calls=60
[pipeline-stage] world map build mean-ms=0.0000 peak-call-ms=0.0010 calls=60
[pipeline-stage] SIM metadata mean-ms=0.0006 peak-call-ms=0.0927 calls=60
[pipeline-stage] town canvas mean-ms=0.0000 peak-call-ms=0.0161 calls=60
[pipeline-stage] frame snapshot mean-ms=0.0009 peak-call-ms=0.0927 calls=60
[pipeline-stage] upload mean-ms=0.0111 peak-call-ms=2.8165 calls=60
[pipeline-stage] presentation mean-ms=0.0100 peak-call-ms=0.1114 calls=2743
[pipeline-stage] CRT/resolve mean-ms=0.0003 peak-call-ms=0.0794 calls=5486
[pipeline-stage] host UI mean-ms=0.0046 peak-call-ms=0.1074 calls=2743
[pipeline-stage] settings UI mean-ms=0.0002 peak-call-ms=0.0086 calls=2743
[pipeline-stage] present/wait mean-ms=0.2143 peak-call-ms=1.4965 calls=2743
[pipeline-stage] pacing/sleep mean-ms=0.0002 peak-call-ms=0.0187 calls=2743
[pipeline-stage] housekeeping mean-ms=0.0000 peak-call-ms=0.0107 calls=60
[pipeline-stage] PPU setup mean-ms=0.0001 peak-call-ms=0.0429 calls=60
[pipeline-stage] PPU scanout mean-ms=0.0187 peak-call-ms=3.9673 calls=60
[pipeline-stage] PPU finish mean-ms=0.0000 peak-call-ms=0.0017 calls=60
[pipeline-work] ticks=0.02 repre=0.98 draws=0.0 vertices=0 upload-MiB=0.043 depth-MiB=0.000 depth-copy-MiB=0.000 depth-copy-calls=0.00 jobs=0.00 helpers=0.00 fallback=0.00 failed=0.00 (per-present)
[pipeline-traffic] upload-calls=0.00 skipped=0.00 scan-MiB=0.013 upload-MiB=0.043 mirror-realloc=0.00 (per-present)
[pipeline-atlas] reuse=0.00 copy-MiB=0.000 copy-calls=0.00 (per-present; copies are GPU-only)
[pipeline-path] cpu-project=0.00 cpu-stage=0.00 gpu-reuse=0.00 publish=0.00 opt-out=0.00 limit=0.00 rejected=0.00 (events/present, not view fallbacks)
[pipeline-perf] scene=Native/menu host=0 map=00/00 output=1280x800 frames=1712 fps=1710.7 cadence-ms=0.585 p95=1.375 max=14.862 refresh=3 vsync=0 cap=0 gpu-ms=unavailable
[pipeline-stage] events/input mean-ms=0.0486 peak-call-ms=8.0689 calls=1712
[pipeline-stage] emulation mean-ms=0.0052 peak-call-ms=1.0101 calls=60
[pipeline-stage] PPU + capture mean-ms=0.1365 peak-call-ms=4.5313 calls=60
[pipeline-stage] world map build mean-ms=0.0000 peak-call-ms=0.0008 calls=60
[pipeline-stage] SIM metadata mean-ms=0.0007 peak-call-ms=0.0283 calls=60
[pipeline-stage] town canvas mean-ms=0.0000 peak-call-ms=0.0015 calls=60
[pipeline-stage] frame snapshot mean-ms=0.0011 peak-call-ms=0.0591 calls=60
[pipeline-stage] upload mean-ms=0.0738 peak-call-ms=2.2853 calls=60
[pipeline-stage] presentation mean-ms=0.0096 peak-call-ms=0.0963 calls=1712
[pipeline-stage] CRT/resolve mean-ms=0.0003 peak-call-ms=0.0141 calls=3424
[pipeline-stage] host UI mean-ms=0.0037 peak-call-ms=0.0169 calls=1712
[pipeline-stage] settings UI mean-ms=0.0002 peak-call-ms=0.0009 calls=1712
[pipeline-stage] present/wait mean-ms=0.2498 peak-call-ms=1.5165 calls=1712
[pipeline-stage] pacing/sleep mean-ms=0.0002 peak-call-ms=0.0011 calls=1712
[pipeline-stage] housekeeping mean-ms=0.0000 peak-call-ms=0.0018 calls=60
[pipeline-stage] PPU setup mean-ms=0.0002 peak-call-ms=0.0056 calls=60
[pipeline-stage] PPU scanout mean-ms=0.1357 peak-call-ms=4.5134 calls=60
[pipeline-stage] PPU finish mean-ms=0.0000 peak-call-ms=0.0019 calls=60
[pipeline-work] ticks=0.04 repre=0.96 draws=0.0 vertices=0 upload-MiB=0.345 depth-MiB=0.000 depth-copy-MiB=0.000 depth-copy-calls=0.00 jobs=0.00 helpers=0.00 fallback=0.00 failed=0.00 (per-present)
[pipeline-traffic] upload-calls=0.04 skipped=0.00 scan-MiB=0.022 upload-MiB=0.345 mirror-realloc=0.00 (per-present)
[pipeline-atlas] reuse=0.00 copy-MiB=0.000 copy-calls=0.00 (per-present; copies are GPU-only)
[pipeline-path] cpu-project=0.00 cpu-stage=0.00 gpu-reuse=0.00 publish=0.00 opt-out=0.00 limit=0.00 rejected=0.00 (events/present, not view fallbacks)
[pipeline-perf] scene=Native/menu host=0 map=00/00 output=1280x800 frames=2437 fps=2415.4 cadence-ms=0.414 p95=0.345 max=14.893 refresh=3 vsync=0 cap=0 gpu-ms=unavailable
[pipeline-stage] events/input mean-ms=0.0519 peak-call-ms=8.2554 calls=2437
[pipeline-stage] emulation mean-ms=0.0031 peak-call-ms=0.8299 calls=61
[pipeline-stage] PPU + capture mean-ms=0.0589 peak-call-ms=4.0654 calls=61
[pipeline-stage] world map build mean-ms=0.0000 peak-call-ms=0.0008 calls=61
[pipeline-stage] SIM metadata mean-ms=0.0005 peak-call-ms=0.0290 calls=61
[pipeline-stage] town canvas mean-ms=0.0000 peak-call-ms=0.0014 calls=61
[pipeline-stage] frame snapshot mean-ms=0.0007 peak-call-ms=0.0403 calls=61
[pipeline-stage] upload mean-ms=0.0292 peak-call-ms=2.4824 calls=61
[pipeline-stage] presentation mean-ms=0.0087 peak-call-ms=0.1316 calls=2437
[pipeline-stage] CRT/resolve mean-ms=0.0002 peak-call-ms=0.0011 calls=4874
[pipeline-stage] host UI mean-ms=0.0033 peak-call-ms=0.0697 calls=2437
[pipeline-stage] settings UI mean-ms=0.0001 peak-call-ms=0.0109 calls=2437
[pipeline-stage] present/wait mean-ms=0.2073 peak-call-ms=1.2426 calls=2437
[pipeline-stage] pacing/sleep mean-ms=0.0002 peak-call-ms=0.0011 calls=2437
[pipeline-stage] housekeeping mean-ms=0.0000 peak-call-ms=0.0018 calls=61
[pipeline-stage] PPU setup mean-ms=0.0001 peak-call-ms=0.0071 calls=61
[pipeline-stage] PPU scanout mean-ms=0.0585 peak-call-ms=4.0426 calls=61
[pipeline-stage] PPU finish mean-ms=0.0000 peak-call-ms=0.0020 calls=61
[pipeline-work] ticks=0.03 repre=0.97 draws=0.0 vertices=0 upload-MiB=0.129 depth-MiB=0.000 depth-copy-MiB=0.000 depth-copy-calls=0.00 jobs=0.00 helpers=0.00 fallback=0.00 failed=0.00 (per-present)
[pipeline-traffic] upload-calls=0.03 skipped=0.00 scan-MiB=0.016 upload-MiB=0.129 mirror-realloc=0.00 (per-present)
[pipeline-atlas] reuse=0.00 copy-MiB=0.000 copy-calls=0.00 (per-present; copies are GPU-only)
[pipeline-path] cpu-project=0.00 cpu-stage=0.00 gpu-reuse=0.00 publish=0.00 opt-out=0.00 limit=0.00 rejected=0.00 (events/present, not view fallbacks)
[pipeline-perf] scene=Native/menu host=0 map=00/00 output=1280x800 frames=2644 fps=2642.7 cadence-ms=0.378 p95=0.912 max=15.432 refresh=3 vsync=0 cap=0 gpu-ms=unavailable
[pipeline-stage] events/input mean-ms=0.0504 peak-call-ms=8.2943 calls=2644
[pipeline-stage] emulation mean-ms=0.0037 peak-call-ms=1.4067 calls=60
[pipeline-stage] PPU + capture mean-ms=0.0310 peak-call-ms=4.0523 calls=60
[pipeline-stage] world map build mean-ms=0.0000 peak-call-ms=0.0010 calls=60
[pipeline-stage] SIM metadata mean-ms=0.0004 peak-call-ms=0.0314 calls=60
[pipeline-stage] town canvas mean-ms=0.0000 peak-call-ms=0.0015 calls=60
[pipeline-stage] frame snapshot mean-ms=0.0006 peak-call-ms=0.0462 calls=60
[pipeline-stage] upload mean-ms=0.0115 peak-call-ms=2.9751 calls=60
[pipeline-stage] presentation mean-ms=0.0092 peak-call-ms=0.1116 calls=2644
[pipeline-stage] CRT/resolve mean-ms=0.0003 peak-call-ms=0.0133 calls=5288
[pipeline-stage] host UI mean-ms=0.0036 peak-call-ms=0.1060 calls=2644
[pipeline-stage] settings UI mean-ms=0.0001 peak-call-ms=0.0125 calls=2644
[pipeline-stage] present/wait mean-ms=0.2136 peak-call-ms=1.3832 calls=2644
[pipeline-stage] pacing/sleep mean-ms=0.0002 peak-call-ms=0.0074 calls=2644
[pipeline-stage] housekeeping mean-ms=0.0000 peak-call-ms=0.0075 calls=60
[pipeline-stage] PPU setup mean-ms=0.0001 peak-call-ms=0.0104 calls=60
[pipeline-stage] PPU scanout mean-ms=0.0307 peak-call-ms=4.0338 calls=60
[pipeline-stage] PPU finish mean-ms=0.0000 peak-call-ms=0.0014 calls=60
[pipeline-work] ticks=0.02 repre=0.98 draws=0.0 vertices=0 upload-MiB=0.049 depth-MiB=0.000 depth-copy-MiB=0.000 depth-copy-calls=0.00 jobs=0.00 helpers=0.00 fallback=0.00 failed=0.00 (per-present)
[pipeline-traffic] upload-calls=0.01 skipped=0.00 scan-MiB=0.015 upload-MiB=0.049 mirror-realloc=0.00 (per-present)
[pipeline-atlas] reuse=0.00 copy-MiB=0.000 copy-calls=0.00 (per-present; copies are GPU-only)
[pipeline-path] cpu-project=0.00 cpu-stage=0.00 gpu-reuse=0.00 publish=0.00 opt-out=0.00 limit=0.00 rejected=0.00 (events/present, not view fallbacks)
[music] stop [music:title-theme] (driver halt $F0)
[widescreen] gf=373 $18=00 $19=07 -> WIDE clamp=00 mirror=00 repeat=00 bands=0/811c9dc5 normal=00 hud=32/168/168 left-only-y=32 bg-plan=0 source=none/none hle=00
[music] src=1C:A988 song=01 -> [music:song-01] game-assets/audio/sky-palace.ogg
[pipeline-perf] scene=Native/menu host=0 map=00/07 output=1280x800 frames=2335 fps=2334.0 cadence-ms=0.428 p95=0.469 max=11.329 refresh=3 vsync=0 cap=0 gpu-ms=unavailable
[pipeline-stage] events/input mean-ms=0.0479 peak-call-ms=8.0870 calls=2335
[pipeline-stage] emulation mean-ms=0.0061 peak-call-ms=3.0302 calls=61
[pipeline-stage] PPU + capture mean-ms=0.0424 peak-call-ms=2.1225 calls=61
[pipeline-stage] world map build mean-ms=0.0000 peak-call-ms=0.0009 calls=61
[pipeline-stage] SIM metadata mean-ms=0.0005 peak-call-ms=0.0263 calls=61
[pipeline-stage] town canvas mean-ms=0.0000 peak-call-ms=0.0014 calls=61
[pipeline-stage] frame snapshot mean-ms=0.0008 peak-call-ms=0.0415 calls=61
[pipeline-stage] upload mean-ms=0.0093 peak-call-ms=0.6734 calls=61
[pipeline-stage] presentation mean-ms=0.0429 peak-call-ms=0.3121 calls=2335
[pipeline-stage] CRT/resolve mean-ms=0.0003 peak-call-ms=0.0062 calls=4670
[pipeline-stage] host UI mean-ms=0.0039 peak-call-ms=0.0240 calls=2335
[pipeline-stage] settings UI mean-ms=0.0002 peak-call-ms=0.0010 calls=2335
[pipeline-stage] present/wait mean-ms=0.2258 peak-call-ms=2.5536 calls=2335
[pipeline-stage] pacing/sleep mean-ms=0.0002 peak-call-ms=0.0096 calls=2335
[pipeline-stage] housekeeping mean-ms=0.0000 peak-call-ms=0.0027 calls=61
[pipeline-stage] PPU setup mean-ms=0.0002 peak-call-ms=0.0329 calls=61
[pipeline-stage] PPU scanout mean-ms=0.0415 peak-call-ms=2.0849 calls=61
[pipeline-stage] PPU finish mean-ms=0.0001 peak-call-ms=0.0089 calls=61
[pipeline-work] ticks=0.03 repre=0.97 draws=0.0 vertices=0 upload-MiB=0.011 depth-MiB=0.000 depth-copy-MiB=0.000 depth-copy-calls=0.00 jobs=0.00 helpers=0.00 fallback=0.00 failed=0.00 (per-present)
[pipeline-traffic] upload-calls=0.04 skipped=0.00 scan-MiB=0.027 upload-MiB=0.011 mirror-realloc=0.00 (per-present)
[pipeline-atlas] reuse=0.00 copy-MiB=0.000 copy-calls=0.00 (per-present; copies are GPU-only)
[pipeline-path] cpu-project=0.00 cpu-stage=0.00 gpu-reuse=0.00 publish=0.00 opt-out=0.00 limit=0.00 rejected=0.00 (events/present, not view fallbacks)
[widescreen] gf=431 $18=00 $19=09 -> WIDE clamp=00 mirror=00 repeat=00 bands=0/811c9dc5 normal=00 hud=0/0/0 left-only-y=0 bg-plan=0 source=none/none hle=00
[sim-worldmap] HLE built from sim state at gf=431 after world-navigation entry (841 tiles changed)
[pipeline-perf] scene=Native/menu host=0 map=00/09 output=1280x800 frames=2819 fps=2817.5 cadence-ms=0.355 p95=0.369 max=10.612 refresh=3 vsync=0 cap=0 gpu-ms=unavailable
[pipeline-stage] events/input mean-ms=0.0504 peak-call-ms=8.2781 calls=2819
[pipeline-stage] emulation mean-ms=0.0050 peak-call-ms=2.9720 calls=61
[pipeline-stage] PPU + capture mean-ms=0.0213 peak-call-ms=1.4907 calls=61
[pipeline-stage] world map build mean-ms=0.0001 peak-call-ms=0.0606 calls=61
[pipeline-stage] SIM metadata mean-ms=0.0008 peak-call-ms=0.2265 calls=61
[pipeline-stage] town canvas mean-ms=0.0000 peak-call-ms=0.0015 calls=61
[pipeline-stage] frame snapshot mean-ms=0.0007 peak-call-ms=0.0385 calls=61
[pipeline-stage] upload mean-ms=0.0058 peak-call-ms=0.4416 calls=61
[pipeline-stage] presentation mean-ms=0.0105 peak-call-ms=0.0989 calls=2819
[pipeline-stage] CRT/resolve mean-ms=0.0003 peak-call-ms=0.0343 calls=5638
[pipeline-stage] host UI mean-ms=0.0041 peak-call-ms=0.0949 calls=2819
[pipeline-stage] settings UI mean-ms=0.0002 peak-call-ms=0.0450 calls=2819
[pipeline-stage] present/wait mean-ms=0.2065 peak-call-ms=2.5083 calls=2819
[pipeline-stage] pacing/sleep mean-ms=0.0002 peak-call-ms=0.0086 calls=2819
[pipeline-stage] housekeeping mean-ms=0.0000 peak-call-ms=0.0020 calls=61
[pipeline-stage] PPU setup mean-ms=0.0001 peak-call-ms=0.0053 calls=61
[pipeline-stage] PPU scanout mean-ms=0.0210 peak-call-ms=1.4741 calls=61
[pipeline-stage] PPU finish mean-ms=0.0000 peak-call-ms=0.0014 calls=61
[pipeline-work] ticks=0.02 repre=0.98 draws=0.0 vertices=0 upload-MiB=0.010 depth-MiB=0.000 depth-copy-MiB=0.000 depth-copy-calls=0.00 jobs=0.00 helpers=0.00 fallback=0.00 failed=0.00 (per-present)
[pipeline-traffic] upload-calls=0.02 skipped=0.00 scan-MiB=0.005 upload-MiB=0.010 mirror-realloc=0.00 (per-present)
[pipeline-atlas] reuse=0.00 copy-MiB=0.000 copy-calls=0.00 (per-present; copies are GPU-only)
[pipeline-path] cpu-project=0.00 cpu-stage=0.00 gpu-reuse=0.00 publish=0.00 opt-out=0.00 limit=0.00 rejected=0.00 (events/present, not view fallbacks)
[pipeline-perf] scene=Native/menu host=0 map=00/09 output=1280x800 frames=2914 fps=2890.7 cadence-ms=0.346 p95=0.385 max=10.569 refresh=3 vsync=0 cap=0 gpu-ms=unavailable
[pipeline-stage] events/input mean-ms=0.0506 peak-call-ms=8.2832 calls=2914
[pipeline-stage] emulation mean-ms=0.0041 peak-call-ms=1.1696 calls=60
[pipeline-stage] PPU + capture mean-ms=0.0207 peak-call-ms=1.2602 calls=60
[pipeline-stage] world map build mean-ms=0.0001 peak-call-ms=0.0296 calls=60
[pipeline-stage] SIM metadata mean-ms=0.0007 peak-call-ms=0.0427 calls=60
[pipeline-stage] town canvas mean-ms=0.0000 peak-call-ms=0.0015 calls=60
[pipeline-stage] frame snapshot mean-ms=0.0006 peak-call-ms=0.0383 calls=60
[pipeline-stage] upload mean-ms=0.0068 peak-call-ms=0.4130 calls=60
[pipeline-stage] presentation mean-ms=0.0079 peak-call-ms=0.1232 calls=2914
[pipeline-stage] CRT/resolve mean-ms=0.0002 peak-call-ms=0.0009 calls=5828
[pipeline-stage] host UI mean-ms=0.0034 peak-call-ms=0.1192 calls=2914
[pipeline-stage] settings UI mean-ms=0.0001 peak-call-ms=0.0007 calls=2914
[pipeline-stage] present/wait mean-ms=0.2011 peak-call-ms=2.5330 calls=2914
[pipeline-stage] pacing/sleep mean-ms=0.0002 peak-call-ms=0.0008 calls=2914
[pipeline-stage] housekeeping mean-ms=0.0000 peak-call-ms=0.0018 calls=60
[pipeline-stage] PPU setup mean-ms=0.0001 peak-call-ms=0.0061 calls=60
[pipeline-stage] PPU scanout mean-ms=0.0204 peak-call-ms=1.2421 calls=60
[pipeline-stage] PPU finish mean-ms=0.0000 peak-call-ms=0.0015 calls=60
[pipeline-work] ticks=0.02 repre=0.98 draws=0.0 vertices=0 upload-MiB=0.013 depth-MiB=0.000 depth-copy-MiB=0.000 depth-copy-calls=0.00 jobs=0.00 helpers=0.00 fallback=0.00 failed=0.00 (per-present)
[pipeline-traffic] upload-calls=0.02 skipped=0.00 scan-MiB=0.002 upload-MiB=0.013 mirror-realloc=0.00 (per-present)
[pipeline-atlas] reuse=0.00 copy-MiB=0.000 copy-calls=0.00 (per-present; copies are GPU-only)
[pipeline-path] cpu-project=0.00 cpu-stage=0.00 gpu-reuse=0.00 publish=0.00 opt-out=0.00 limit=0.00 rejected=0.00 (events/present, not view fallbacks)
[pipeline-perf] scene=Native/menu host=0 map=00/09 output=1280x800 frames=2768 fps=2765.2 cadence-ms=0.362 p95=0.412 max=10.418 refresh=3 vsync=0 cap=0 gpu-ms=unavailable
[pipeline-stage] events/input mean-ms=0.0476 peak-call-ms=8.1231 calls=2768
[pipeline-stage] emulation mean-ms=0.0043 peak-call-ms=1.3421 calls=61
[pipeline-stage] PPU + capture mean-ms=0.0222 peak-call-ms=1.4808 calls=61
[pipeline-stage] world map build mean-ms=0.0001 peak-call-ms=0.0296 calls=61
[pipeline-stage] SIM metadata mean-ms=0.0007 peak-call-ms=0.1540 calls=61
[pipeline-stage] town canvas mean-ms=0.0000 peak-call-ms=0.0015 calls=61
[pipeline-stage] frame snapshot mean-ms=0.0007 peak-call-ms=0.0683 calls=61
[pipeline-stage] upload mean-ms=0.0075 peak-call-ms=0.5470 calls=61
[pipeline-stage] presentation mean-ms=0.0115 peak-call-ms=0.2510 calls=2768
[pipeline-stage] CRT/resolve mean-ms=0.0003 peak-call-ms=0.0303 calls=5536
[pipeline-stage] host UI mean-ms=0.0045 peak-call-ms=0.2469 calls=2768
[pipeline-stage] settings UI mean-ms=0.0001 peak-call-ms=0.0073 calls=2768
[pipeline-stage] present/wait mean-ms=0.2110 peak-call-ms=2.5029 calls=2768
[pipeline-stage] pacing/sleep mean-ms=0.0002 peak-call-ms=0.0008 calls=2768
[pipeline-stage] housekeeping mean-ms=0.0000 peak-call-ms=0.0019 calls=61
[pipeline-stage] PPU setup mean-ms=0.0001 peak-call-ms=0.0158 calls=61
[pipeline-stage] PPU scanout mean-ms=0.0219 peak-call-ms=1.4631 calls=61
[pipeline-stage] PPU finish mean-ms=0.0000 peak-call-ms=0.0023 calls=61
[pipeline-work] ticks=0.02 repre=0.98 draws=0.0 vertices=0 upload-MiB=0.014 depth-MiB=0.000 depth-copy-MiB=0.000 depth-copy-calls=0.00 jobs=0.00 helpers=0.00 fallback=0.00 failed=0.00 (per-present)
[pipeline-traffic] upload-calls=0.02 skipped=0.00 scan-MiB=0.000 upload-MiB=0.014 mirror-realloc=0.00 (per-present)
[pipeline-atlas] reuse=0.00 copy-MiB=0.000 copy-calls=0.00 (per-present; copies are GPU-only)
[pipeline-path] cpu-project=0.00 cpu-stage=0.00 gpu-reuse=0.00 publish=0.00 opt-out=0.00 limit=0.00 rejected=0.00 (events/present, not view fallbacks)
[pipeline-perf] scene=Native/menu host=0 map=00/09 output=1280x800 frames=2943 fps=2941.9 cadence-ms=0.340 p95=0.390 max=10.668 refresh=3 vsync=0 cap=0 gpu-ms=unavailable
[pipeline-stage] events/input mean-ms=0.0496 peak-call-ms=8.2395 calls=2943
[pipeline-stage] emulation mean-ms=0.0033 peak-call-ms=1.1241 calls=60
[pipeline-stage] PPU + capture mean-ms=0.0206 peak-call-ms=1.3322 calls=60
[pipeline-stage] world map build mean-ms=0.0001 peak-call-ms=0.0363 calls=60
[pipeline-stage] SIM metadata mean-ms=0.0006 peak-call-ms=0.0467 calls=60
[pipeline-stage] town canvas mean-ms=0.0000 peak-call-ms=0.0015 calls=60
[pipeline-stage] frame snapshot mean-ms=0.0006 peak-call-ms=0.1284 calls=60
[pipeline-stage] upload mean-ms=0.0066 peak-call-ms=0.4223 calls=60
[pipeline-stage] presentation mean-ms=0.0086 peak-call-ms=0.1320 calls=2943
[pipeline-stage] CRT/resolve mean-ms=0.0003 peak-call-ms=0.0121 calls=5886
[pipeline-stage] host UI mean-ms=0.0034 peak-call-ms=0.0649 calls=2943
[pipeline-stage] settings UI mean-ms=0.0001 peak-call-ms=0.0074 calls=2943
[pipeline-stage] present/wait mean-ms=0.1971 peak-call-ms=2.4972 calls=2943
[pipeline-stage] pacing/sleep mean-ms=0.0002 peak-call-ms=0.0080 calls=2943
[pipeline-stage] housekeeping mean-ms=0.0000 peak-call-ms=0.0020 calls=60
[pipeline-stage] PPU setup mean-ms=0.0001 peak-call-ms=0.0053 calls=60
[pipeline-stage] PPU scanout mean-ms=0.0202 peak-call-ms=1.3142 calls=60
[pipeline-stage] PPU finish mean-ms=0.0000 peak-call-ms=0.0019 calls=60
[pipeline-work] ticks=0.02 repre=0.98 draws=0.0 vertices=0 upload-MiB=0.012 depth-MiB=0.000 depth-copy-MiB=0.000 depth-copy-calls=0.00 jobs=0.00 helpers=0.00 fallback=0.00 failed=0.00 (per-present)
[pipeline-traffic] upload-calls=0.02 skipped=0.00 scan-MiB=0.002 upload-MiB=0.012 mirror-realloc=0.00 (per-present)
[pipeline-atlas] reuse=0.00 copy-MiB=0.000 copy-calls=0.00 (per-present; copies are GPU-only)
[pipeline-path] cpu-project=0.00 cpu-stage=0.00 gpu-reuse=0.00 publish=0.00 opt-out=0.00 limit=0.00 rejected=0.00 (events/present, not view fallbacks)
[widescreen] gf=690 $18=00 $19=07 -> WIDE clamp=00 mirror=00 repeat=00 bands=0/811c9dc5 normal=00 hud=32/168/168 left-only-y=32 bg-plan=0 source=none/none hle=00
[pipeline-perf] scene=Native/menu host=0 map=00/07 output=1280x800 frames=2265 fps=2260.9 cadence-ms=0.442 p95=0.555 max=12.037 refresh=3 vsync=0 cap=0 gpu-ms=unavailable
[pipeline-stage] events/input mean-ms=0.0527 peak-call-ms=8.2705 calls=2265
[pipeline-stage] emulation mean-ms=0.0069 peak-call-ms=2.6616 calls=61
[pipeline-stage] PPU + capture mean-ms=0.0491 peak-call-ms=2.0689 calls=61
[pipeline-stage] world map build mean-ms=0.0000 peak-call-ms=0.0008 calls=61
[pipeline-stage] SIM metadata mean-ms=0.0005 peak-call-ms=0.0219 calls=61
[pipeline-stage] town canvas mean-ms=0.0000 peak-call-ms=0.0015 calls=61
[pipeline-stage] frame snapshot mean-ms=0.0008 peak-call-ms=0.0367 calls=61
[pipeline-stage] upload mean-ms=0.0091 peak-call-ms=0.5756 calls=61
[pipeline-stage] presentation mean-ms=0.0410 peak-call-ms=0.1960 calls=2265
[pipeline-stage] CRT/resolve mean-ms=0.0003 peak-call-ms=0.0129 calls=4530
[pipeline-stage] host UI mean-ms=0.0039 peak-call-ms=0.1204 calls=2265
[pipeline-stage] settings UI mean-ms=0.0002 peak-call-ms=0.0169 calls=2265
[pipeline-stage] present/wait mean-ms=0.2298 peak-call-ms=2.6385 calls=2265
[pipeline-stage] pacing/sleep mean-ms=0.0002 peak-call-ms=0.0130 calls=2265
[pipeline-stage] housekeeping mean-ms=0.0000 peak-call-ms=0.0023 calls=61
[pipeline-stage] PPU setup mean-ms=0.0001 peak-call-ms=0.0082 calls=61
[pipeline-stage] PPU scanout mean-ms=0.0482 peak-call-ms=2.0306 calls=61
[pipeline-stage] PPU finish mean-ms=0.0001 peak-call-ms=0.0034 calls=61
[pipeline-work] ticks=0.03 repre=0.97 draws=0.0 vertices=0 upload-MiB=0.008 depth-MiB=0.000 depth-copy-MiB=0.000 depth-copy-calls=0.00 jobs=0.00 helpers=0.00 fallback=0.00 failed=0.00 (per-present)
[pipeline-traffic] upload-calls=0.03 skipped=0.00 scan-MiB=0.030 upload-MiB=0.008 mirror-realloc=0.00 (per-present)
[pipeline-atlas] reuse=0.00 copy-MiB=0.000 copy-calls=0.00 (per-present; copies are GPU-only)
[pipeline-path] cpu-project=0.00 cpu-stage=0.00 gpu-reuse=0.00 publish=0.00 opt-out=0.00 limit=0.00 rejected=0.00 (events/present, not view fallbacks)
[pipeline-perf] scene=Native/menu host=0 map=00/07 output=1280x800 frames=2293 fps=2291.7 cadence-ms=0.436 p95=0.511 max=11.356 refresh=3 vsync=0 cap=0 gpu-ms=unavailable
[pipeline-stage] events/input mean-ms=0.0495 peak-call-ms=8.2598 calls=2293
[pipeline-stage] emulation mean-ms=0.0045 peak-call-ms=1.2002 calls=60
[pipeline-stage] PPU + capture mean-ms=0.0484 peak-call-ms=2.0769 calls=60
[pipeline-stage] world map build mean-ms=0.0000 peak-call-ms=0.0010 calls=60
[pipeline-stage] SIM metadata mean-ms=0.0005 peak-call-ms=0.0233 calls=60
[pipeline-stage] town canvas mean-ms=0.0000 peak-call-ms=0.0014 calls=60
[pipeline-stage] frame snapshot mean-ms=0.0008 peak-call-ms=0.0330 calls=60
[pipeline-stage] upload mean-ms=0.0077 peak-call-ms=0.3990 calls=60
[pipeline-stage] presentation mean-ms=0.0403 peak-call-ms=0.1718 calls=2293
[pipeline-stage] CRT/resolve mean-ms=0.0003 peak-call-ms=0.0138 calls=4586
[pipeline-stage] host UI mean-ms=0.0038 peak-call-ms=0.0338 calls=2293
[pipeline-stage] settings UI mean-ms=0.0001 peak-call-ms=0.0009 calls=2293
[pipeline-stage] present/wait mean-ms=0.2313 peak-call-ms=2.6427 calls=2293
[pipeline-stage] pacing/sleep mean-ms=0.0002 peak-call-ms=0.0009 calls=2293
[pipeline-stage] housekeeping mean-ms=0.0000 peak-call-ms=0.0018 calls=60
[pipeline-stage] PPU setup mean-ms=0.0001 peak-call-ms=0.0080 calls=60
[pipeline-stage] PPU scanout mean-ms=0.0476 peak-call-ms=2.0381 calls=60
[pipeline-stage] PPU finish mean-ms=0.0001 peak-call-ms=0.0110 calls=60
[pipeline-work] ticks=0.03 repre=0.97 draws=0.0 vertices=0 upload-MiB=0.004 depth-MiB=0.000 depth-copy-MiB=0.000 depth-copy-calls=0.00 jobs=0.00 helpers=0.00 fallback=0.00 failed=0.00 (per-present)
[pipeline-traffic] upload-calls=0.03 skipped=0.00 scan-MiB=0.032 upload-MiB=0.004 mirror-realloc=0.00 (per-present)
[pipeline-atlas] reuse=0.00 copy-MiB=0.000 copy-calls=0.00 (per-present; copies are GPU-only)
[pipeline-path] cpu-project=0.00 cpu-stage=0.00 gpu-reuse=0.00 publish=0.00 opt-out=0.00 limit=0.00 rejected=0.00 (events/present, not view fallbacks)
[pipeline-perf] scene=Native/menu host=0 map=00/07 output=1280x800 frames=2313 fps=2287.6 cadence-ms=0.437 p95=0.488 max=11.482 refresh=3 vsync=0 cap=0 gpu-ms=unavailable
[pipeline-stage] events/input mean-ms=0.0532 peak-call-ms=8.2777 calls=2313
[pipeline-stage] emulation mean-ms=0.0045 peak-call-ms=1.2106 calls=61
[pipeline-stage] PPU + capture mean-ms=0.0488 peak-call-ms=2.1793 calls=61
[pipeline-stage] world map build mean-ms=0.0000 peak-call-ms=0.0009 calls=61
[pipeline-stage] SIM metadata mean-ms=0.0005 peak-call-ms=0.0337 calls=61
[pipeline-stage] town canvas mean-ms=0.0000 peak-call-ms=0.0015 calls=61
[pipeline-stage] frame snapshot mean-ms=0.0008 peak-call-ms=0.0369 calls=61
[pipeline-stage] upload mean-ms=0.0080 peak-call-ms=0.4200 calls=61
[pipeline-stage] presentation mean-ms=0.0421 peak-call-ms=0.1895 calls=2313
[pipeline-stage] CRT/resolve mean-ms=0.0003 peak-call-ms=0.0100 calls=4626
[pipeline-stage] host UI mean-ms=0.0039 peak-call-ms=0.0225 calls=2313
[pipeline-stage] settings UI mean-ms=0.0002 peak-call-ms=0.0147 calls=2313
[pipeline-stage] present/wait mean-ms=0.2244 peak-call-ms=2.5491 calls=2313
[pipeline-stage] pacing/sleep mean-ms=0.0002 peak-call-ms=0.0009 calls=2313
[pipeline-stage] housekeeping mean-ms=0.0000 peak-call-ms=0.0025 calls=61
[pipeline-stage] PPU setup mean-ms=0.0001 peak-call-ms=0.0305 calls=61
[pipeline-stage] PPU scanout mean-ms=0.0479 peak-call-ms=2.1440 calls=61
[pipeline-stage] PPU finish mean-ms=0.0001 peak-call-ms=0.0039 calls=61
[pipeline-work] ticks=0.03 repre=0.97 draws=0.0 vertices=0 upload-MiB=0.005 depth-MiB=0.000 depth-copy-MiB=0.000 depth-copy-calls=0.00 jobs=0.00 helpers=0.00 fallback=0.00 failed=0.00 (per-present)
[pipeline-traffic] upload-calls=0.03 skipped=0.00 scan-MiB=0.032 upload-MiB=0.005 mirror-realloc=0.00 (per-present)
[pipeline-atlas] reuse=0.00 copy-MiB=0.000 copy-calls=0.00 (per-present; copies are GPU-only)
[pipeline-path] cpu-project=0.00 cpu-stage=0.00 gpu-reuse=0.00 publish=0.00 opt-out=0.00 limit=0.00 rejected=0.00 (events/present, not view fallbacks)
[music] stop [music:song-01] (driver halt $F0)
[widescreen] gf=898 $18=00 $19=09 -> WIDE clamp=00 mirror=00 repeat=00 bands=0/811c9dc5 normal=00 hud=0/0/0 left-only-y=0 bg-plan=0 source=none/none hle=00
[sim-worldmap] HLE built from sim state at gf=898 after world-navigation entry (0 tiles changed)
[music] src=1C:A7CC song=01 -> [music:song-08] game-assets/audio/advent.ogg
[pipeline-perf] scene=Native/menu host=0 map=00/09 output=1280x800 frames=3016 fps=2993.0 cadence-ms=0.334 p95=0.393 max=11.242 refresh=3 vsync=0 cap=0 gpu-ms=unavailable
[pipeline-stage] events/input mean-ms=0.0489 peak-call-ms=8.2139 calls=3016
[pipeline-stage] emulation mean-ms=0.0054 peak-call-ms=3.2980 calls=61
[pipeline-stage] PPU + capture mean-ms=0.0171 peak-call-ms=1.7273 calls=61
[pipeline-stage] world map build mean-ms=0.0001 peak-call-ms=0.1181 calls=61
[pipeline-stage] SIM metadata mean-ms=0.0007 peak-call-ms=0.0464 calls=61
[pipeline-stage] town canvas mean-ms=0.0000 peak-call-ms=0.0016 calls=61
[pipeline-stage] frame snapshot mean-ms=0.0006 peak-call-ms=0.1241 calls=61
[pipeline-stage] upload mean-ms=0.0030 peak-call-ms=1.0271 calls=61
[pipeline-stage] presentation mean-ms=0.0080 peak-call-ms=0.1077 calls=3016
[pipeline-stage] CRT/resolve mean-ms=0.0002 peak-call-ms=0.0102 calls=6032
[pipeline-stage] host UI mean-ms=0.0034 peak-call-ms=0.0727 calls=3016
[pipeline-stage] settings UI mean-ms=0.0001 peak-call-ms=0.0009 calls=3016
[pipeline-stage] present/wait mean-ms=0.1966 peak-call-ms=2.4839 calls=3016
[pipeline-stage] pacing/sleep mean-ms=0.0002 peak-call-ms=0.0009 calls=3016
[pipeline-stage] housekeeping mean-ms=0.0000 peak-call-ms=0.0017 calls=61
[pipeline-stage] PPU setup mean-ms=0.0001 peak-call-ms=0.0052 calls=61
[pipeline-stage] PPU scanout mean-ms=0.0167 peak-call-ms=1.7054 calls=61
[pipeline-stage] PPU finish mean-ms=0.0000 peak-call-ms=0.0013 calls=61
[pipeline-work] ticks=0.02 repre=0.98 draws=0.0 vertices=0 upload-MiB=0.004 depth-MiB=0.000 depth-copy-MiB=0.000 depth-copy-calls=0.00 jobs=0.00 helpers=0.00 fallback=0.00 failed=0.00 (per-present)
[pipeline-traffic] upload-calls=0.01 skipped=0.00 scan-MiB=0.010 upload-MiB=0.004 mirror-realloc=0.00 (per-present)
[pipeline-atlas] reuse=0.00 copy-MiB=0.000 copy-calls=0.00 (per-present; copies are GPU-only)
[pipeline-path] cpu-project=0.00 cpu-stage=0.00 gpu-reuse=0.00 publish=0.00 opt-out=0.00 limit=0.00 rejected=0.00 (events/present, not view fallbacks)
[pipeline-perf] scene=Native/menu host=0 map=00/09 output=1280x800 frames=2890 fps=2888.5 cadence-ms=0.346 p95=0.395 max=10.516 refresh=3 vsync=0 cap=0 gpu-ms=unavailable
[pipeline-stage] events/input mean-ms=0.0492 peak-call-ms=8.2910 calls=2890
[pipeline-stage] emulation mean-ms=0.0030 peak-call-ms=1.1283 calls=60
[pipeline-stage] PPU + capture mean-ms=0.0198 peak-call-ms=1.3459 calls=60
[pipeline-stage] world map build mean-ms=0.0000 peak-call-ms=0.0024 calls=60
[pipeline-stage] SIM metadata mean-ms=0.0007 peak-call-ms=0.0741 calls=60
[pipeline-stage] town canvas mean-ms=0.0000 peak-call-ms=0.0016 calls=60
[pipeline-stage] frame snapshot mean-ms=0.0007 peak-call-ms=0.0671 calls=60
[pipeline-stage] upload mean-ms=0.0072 peak-call-ms=0.5153 calls=60
[pipeline-stage] presentation mean-ms=0.0088 peak-call-ms=0.1388 calls=2890
[pipeline-stage] CRT/resolve mean-ms=0.0003 peak-call-ms=0.0085 calls=5780
[pipeline-stage] host UI mean-ms=0.0039 peak-call-ms=0.1344 calls=2890
[pipeline-stage] settings UI mean-ms=0.0001 peak-call-ms=0.0078 calls=2890
[pipeline-stage] present/wait mean-ms=0.2027 peak-call-ms=2.6034 calls=2890
[pipeline-stage] pacing/sleep mean-ms=0.0002 peak-call-ms=0.0071 calls=2890
[pipeline-stage] housekeeping mean-ms=0.0000 peak-call-ms=0.0018 calls=60
[pipeline-stage] PPU setup mean-ms=0.0001 peak-call-ms=0.0056 calls=60
[pipeline-stage] PPU scanout mean-ms=0.0194 peak-call-ms=1.3266 calls=60
[pipeline-stage] PPU finish mean-ms=0.0000 peak-call-ms=0.0014 calls=60
[pipeline-work] ticks=0.02 repre=0.98 draws=0.0 vertices=0 upload-MiB=0.010 depth-MiB=0.000 depth-copy-MiB=0.000 depth-copy-calls=0.00 jobs=0.00 helpers=0.00 fallback=0.00 failed=0.00 (per-present)
[pipeline-traffic] upload-calls=0.02 skipped=0.00 scan-MiB=0.016 upload-MiB=0.010 mirror-realloc=0.00 (per-present)
[pipeline-atlas] reuse=0.00 copy-MiB=0.000 copy-calls=0.00 (per-present; copies are GPU-only)
[pipeline-path] cpu-project=0.00 cpu-stage=0.00 gpu-reuse=0.00 publish=0.00 opt-out=0.00 limit=0.00 rejected=0.00 (events/present, not view fallbacks)
[pipeline-perf] scene=Native/menu host=0 map=00/09 output=1280x800 frames=2949 fps=2945.0 cadence-ms=0.340 p95=0.390 max=10.402 refresh=3 vsync=0 cap=0 gpu-ms=unavailable
[pipeline-stage] events/input mean-ms=0.0476 peak-call-ms=8.2375 calls=2949
[pipeline-stage] emulation mean-ms=0.0031 peak-call-ms=1.2372 calls=61
[pipeline-stage] PPU + capture mean-ms=0.0196 peak-call-ms=1.2106 calls=61
[pipeline-stage] world map build mean-ms=0.0000 peak-call-ms=0.0089 calls=61
[pipeline-stage] SIM metadata mean-ms=0.0007 peak-call-ms=0.0491 calls=61
[pipeline-stage] town canvas mean-ms=0.0000 peak-call-ms=0.0015 calls=61
[pipeline-stage] frame snapshot mean-ms=0.0006 peak-call-ms=0.0400 calls=61
[pipeline-stage] upload mean-ms=0.0069 peak-call-ms=0.4225 calls=61
[pipeline-stage] presentation mean-ms=0.0080 peak-call-ms=0.1009 calls=2949
[pipeline-stage] CRT/resolve mean-ms=0.0002 peak-call-ms=0.0008 calls=5898
[pipeline-stage] host UI mean-ms=0.0034 peak-call-ms=0.0971 calls=2949
[pipeline-stage] settings UI mean-ms=0.0001 peak-call-ms=0.0117 calls=2949
[pipeline-stage] present/wait mean-ms=0.1987 peak-call-ms=2.5496 calls=2949
[pipeline-stage] pacing/sleep mean-ms=0.0002 peak-call-ms=0.0010 calls=2949
[pipeline-stage] housekeeping mean-ms=0.0000 peak-call-ms=0.0017 calls=61
[pipeline-stage] PPU setup mean-ms=0.0001 peak-call-ms=0.0139 calls=61
[pipeline-stage] PPU scanout mean-ms=0.0192 peak-call-ms=1.1897 calls=61
[pipeline-stage] PPU finish mean-ms=0.0000 peak-call-ms=0.0079 calls=61
[pipeline-work] ticks=0.02 repre=0.98 draws=0.0 vertices=0 upload-MiB=0.010 depth-MiB=0.000 depth-copy-MiB=0.000 depth-copy-calls=0.00 jobs=0.00 helpers=0.00 fallback=0.00 failed=0.00 (per-present)
[pipeline-traffic] upload-calls=0.02 skipped=0.00 scan-MiB=0.017 upload-MiB=0.010 mirror-realloc=0.00 (per-present)
[pipeline-atlas] reuse=0.00 copy-MiB=0.000 copy-calls=0.00 (per-present; copies are GPU-only)
[pipeline-path] cpu-project=0.00 cpu-stage=0.00 gpu-reuse=0.00 publish=0.00 opt-out=0.00 limit=0.00 rejected=0.00 (events/present, not view fallbacks)
[pipeline-perf] scene=Native/menu host=0 map=00/09 output=1280x800 frames=2869 fps=2867.4 cadence-ms=0.349 p95=0.386 max=10.317 refresh=3 vsync=0 cap=0 gpu-ms=unavailable
[pipeline-stage] events/input mean-ms=0.0510 peak-call-ms=8.3032 calls=2869
[pipeline-stage] emulation mean-ms=0.0035 peak-call-ms=1.3862 calls=60
[pipeline-stage] PPU + capture mean-ms=0.0203 peak-call-ms=1.3852 calls=60
[pipeline-stage] world map build mean-ms=0.0000 peak-call-ms=0.0026 calls=60
[pipeline-stage] SIM metadata mean-ms=0.0007 peak-call-ms=0.0716 calls=60
[pipeline-stage] town canvas mean-ms=0.0000 peak-call-ms=0.0018 calls=60
[pipeline-stage] frame snapshot mean-ms=0.0006 peak-call-ms=0.0536 calls=60
[pipeline-stage] upload mean-ms=0.0071 peak-call-ms=0.4668 calls=60
[pipeline-stage] presentation mean-ms=0.0081 peak-call-ms=0.1285 calls=2869
[pipeline-stage] CRT/resolve mean-ms=0.0002 peak-call-ms=0.0007 calls=5738
[pipeline-stage] host UI mean-ms=0.0035 peak-call-ms=0.1246 calls=2869
[pipeline-stage] settings UI mean-ms=0.0001 peak-call-ms=0.0097 calls=2869
[pipeline-stage] present/wait mean-ms=0.2021 peak-call-ms=2.4693 calls=2869
[pipeline-stage] pacing/sleep mean-ms=0.0002 peak-call-ms=0.0009 calls=2869
[pipeline-stage] housekeeping mean-ms=0.0000 peak-call-ms=0.0018 calls=60
[pipeline-stage] PPU setup mean-ms=0.0001 peak-call-ms=0.0058 calls=60
[pipeline-stage] PPU scanout mean-ms=0.0198 peak-call-ms=1.3674 calls=60
[pipeline-stage] PPU finish mean-ms=0.0000 peak-call-ms=0.0014 calls=60
[pipeline-work] ticks=0.02 repre=0.98 draws=0.0 vertices=0 upload-MiB=0.012 depth-MiB=0.000 depth-copy-MiB=0.000 depth-copy-calls=0.00 jobs=0.00 helpers=0.00 fallback=0.00 failed=0.00 (per-present)
[pipeline-traffic] upload-calls=0.02 skipped=0.00 scan-MiB=0.010 upload-MiB=0.012 mirror-realloc=0.00 (per-present)
[pipeline-atlas] reuse=0.00 copy-MiB=0.000 copy-calls=0.00 (per-present; copies are GPU-only)
[pipeline-path] cpu-project=0.00 cpu-stage=0.00 gpu-reuse=0.00 publish=0.00 opt-out=0.00 limit=0.00 rejected=0.00 (events/present, not view fallbacks)
[pipeline-perf] scene=Native/menu host=0 map=00/09 output=1280x800 frames=3033 fps=3031.6 cadence-ms=0.330 p95=0.388 max=10.293 refresh=3 vsync=0 cap=0 gpu-ms=unavailable
[pipeline-stage] events/input mean-ms=0.0483 peak-call-ms=8.2320 calls=3033
[pipeline-stage] emulation mean-ms=0.0023 peak-call-ms=0.8067 calls=60
[pipeline-stage] PPU + capture mean-ms=0.0182 peak-call-ms=1.1995 calls=60
[pipeline-stage] world map build mean-ms=0.0000 peak-call-ms=0.0022 calls=60
[pipeline-stage] SIM metadata mean-ms=0.0006 peak-call-ms=0.0492 calls=60
[pipeline-stage] town canvas mean-ms=0.0000 peak-call-ms=0.0016 calls=60
[pipeline-stage] frame snapshot mean-ms=0.0006 peak-call-ms=0.0432 calls=60
[pipeline-stage] upload mean-ms=0.0066 peak-call-ms=0.4377 calls=60
[pipeline-stage] presentation mean-ms=0.0078 peak-call-ms=0.1109 calls=3033
[pipeline-stage] CRT/resolve mean-ms=0.0002 peak-call-ms=0.0008 calls=6066
[pipeline-stage] host UI mean-ms=0.0033 peak-call-ms=0.0583 calls=3033
[pipeline-stage] settings UI mean-ms=0.0001 peak-call-ms=0.0008 calls=3033
[pipeline-stage] present/wait mean-ms=0.1933 peak-call-ms=2.4500 calls=3033
[pipeline-stage] pacing/sleep mean-ms=0.0002 peak-call-ms=0.0008 calls=3033
[pipeline-stage] housekeeping mean-ms=0.0000 peak-call-ms=0.0017 calls=60
[pipeline-stage] PPU setup mean-ms=0.0001 peak-call-ms=0.0145 calls=60
[pipeline-stage] PPU scanout mean-ms=0.0178 peak-call-ms=1.1800 calls=60
[pipeline-stage] PPU finish mean-ms=0.0000 peak-call-ms=0.0012 calls=60
[pipeline-work] ticks=0.02 repre=0.98 draws=0.0 vertices=0 upload-MiB=0.012 depth-MiB=0.000 depth-copy-MiB=0.000 depth-copy-calls=0.00 jobs=0.00 helpers=0.00 fallback=0.00 failed=0.00 (per-present)
[pipeline-traffic] upload-calls=0.02 skipped=0.00 scan-MiB=0.008 upload-MiB=0.012 mirror-realloc=0.00 (per-present)
[pipeline-atlas] reuse=0.00 copy-MiB=0.000 copy-calls=0.00 (per-present; copies are GPU-only)
[pipeline-path] cpu-project=0.00 cpu-stage=0.00 gpu-reuse=0.00 publish=0.00 opt-out=0.00 limit=0.00 rejected=0.00 (events/present, not view fallbacks)
[pipeline-perf] scene=Native/menu host=0 map=00/09 output=1280x800 frames=3019 fps=3017.3 cadence-ms=0.331 p95=0.380 max=10.221 refresh=3 vsync=0 cap=0 gpu-ms=unavailable
[pipeline-stage] events/input mean-ms=0.0489 peak-call-ms=8.1588 calls=3019
[pipeline-stage] emulation mean-ms=0.0028 peak-call-ms=1.3226 calls=60
[pipeline-stage] PPU + capture mean-ms=0.0184 peak-call-ms=1.2675 calls=60
[pipeline-stage] world map build mean-ms=0.0000 peak-call-ms=0.0024 calls=60
[pipeline-stage] SIM metadata mean-ms=0.0006 peak-call-ms=0.0401 calls=60
[pipeline-stage] town canvas mean-ms=0.0000 peak-call-ms=0.0014 calls=60
[pipeline-stage] frame snapshot mean-ms=0.0006 peak-call-ms=0.0386 calls=60
[pipeline-stage] upload mean-ms=0.0065 peak-call-ms=0.4264 calls=60
[pipeline-stage] presentation mean-ms=0.0078 peak-call-ms=0.1349 calls=3019
[pipeline-stage] CRT/resolve mean-ms=0.0002 peak-call-ms=0.0008 calls=6038
[pipeline-stage] host UI mean-ms=0.0033 peak-call-ms=0.1310 calls=3019
[pipeline-stage] settings UI mean-ms=0.0001 peak-call-ms=0.0008 calls=3019
[pipeline-stage] present/wait mean-ms=0.1935 peak-call-ms=2.5172 calls=3019
[pipeline-stage] pacing/sleep mean-ms=0.0002 peak-call-ms=0.0149 calls=3019
[pipeline-stage] housekeeping mean-ms=0.0000 peak-call-ms=0.0016 calls=60
[pipeline-stage] PPU setup mean-ms=0.0001 peak-call-ms=0.0134 calls=60
[pipeline-stage] PPU scanout mean-ms=0.0180 peak-call-ms=1.2477 calls=60
[pipeline-stage] PPU finish mean-ms=0.0000 peak-call-ms=0.0013 calls=60
[pipeline-work] ticks=0.02 repre=0.98 draws=0.0 vertices=0 upload-MiB=0.012 depth-MiB=0.000 depth-copy-MiB=0.000 depth-copy-calls=0.00 jobs=0.00 helpers=0.00 fallback=0.00 failed=0.00 (per-present)
[pipeline-traffic] upload-calls=0.02 skipped=0.00 scan-MiB=0.004 upload-MiB=0.012 mirror-realloc=0.00 (per-present)
[pipeline-atlas] reuse=0.00 copy-MiB=0.000 copy-calls=0.00 (per-present; copies are GPU-only)
[pipeline-path] cpu-project=0.00 cpu-stage=0.00 gpu-reuse=0.00 publish=0.00 opt-out=0.00 limit=0.00 rejected=0.00 (events/present, not view fallbacks)
[pipeline-perf] scene=Native/menu host=0 map=00/09 output=1280x800 frames=3016 fps=3007.4 cadence-ms=0.333 p95=0.369 max=10.355 refresh=3 vsync=0 cap=0 gpu-ms=unavailable
[pipeline-stage] events/input mean-ms=0.0488 peak-call-ms=8.0837 calls=3016
[pipeline-stage] emulation mean-ms=0.0022 peak-call-ms=0.9391 calls=60
[pipeline-stage] PPU + capture mean-ms=0.0191 peak-call-ms=1.3244 calls=60
[pipeline-stage] world map build mean-ms=0.0000 peak-call-ms=0.0088 calls=60
[pipeline-stage] SIM metadata mean-ms=0.0007 peak-call-ms=0.0430 calls=60
[pipeline-stage] town canvas mean-ms=0.0000 peak-call-ms=0.0016 calls=60
[pipeline-stage] frame snapshot mean-ms=0.0006 peak-call-ms=0.0375 calls=60
[pipeline-stage] upload mean-ms=0.0067 peak-call-ms=0.5012 calls=60
[pipeline-stage] presentation mean-ms=0.0077 peak-call-ms=0.1395 calls=3016
[pipeline-stage] CRT/resolve mean-ms=0.0002 peak-call-ms=0.0104 calls=6032
[pipeline-stage] host UI mean-ms=0.0032 peak-call-ms=0.1225 calls=3016
[pipeline-stage] settings UI mean-ms=0.0001 peak-call-ms=0.0008 calls=3016
[pipeline-stage] present/wait mean-ms=0.1942 peak-call-ms=2.5516 calls=3016
[pipeline-stage] pacing/sleep mean-ms=0.0002 peak-call-ms=0.0102 calls=3016
[pipeline-stage] housekeeping mean-ms=0.0000 peak-call-ms=0.0025 calls=60
[pipeline-stage] PPU setup mean-ms=0.0001 peak-call-ms=0.0135 calls=60
[pipeline-stage] PPU scanout mean-ms=0.0187 peak-call-ms=1.3070 calls=60
[pipeline-stage] PPU finish mean-ms=0.0000 peak-call-ms=0.0014 calls=60
[pipeline-work] ticks=0.02 repre=0.98 draws=0.0 vertices=0 upload-MiB=0.012 depth-MiB=0.000 depth-copy-MiB=0.000 depth-copy-calls=0.00 jobs=0.00 helpers=0.00 fallback=0.00 failed=0.00 (per-present)
[pipeline-traffic] upload-calls=0.02 skipped=0.00 scan-MiB=0.001 upload-MiB=0.012 mirror-realloc=0.00 (per-present)
[pipeline-atlas] reuse=0.00 copy-MiB=0.000 copy-calls=0.00 (per-present; copies are GPU-only)
[pipeline-path] cpu-project=0.00 cpu-stage=0.00 gpu-reuse=0.00 publish=0.00 opt-out=0.00 limit=0.00 rejected=0.00 (events/present, not view fallbacks)
[pipeline-perf] scene=Native/menu host=0 map=00/09 output=1280x800 frames=3270 fps=3268.5 cadence-ms=0.306 p95=0.351 max=9.691 refresh=3 vsync=0 cap=0 gpu-ms=unavailable
[pipeline-stage] events/input mean-ms=0.0483 peak-call-ms=8.2870 calls=3270
[pipeline-stage] emulation mean-ms=0.0023 peak-call-ms=1.3874 calls=60
[pipeline-stage] PPU + capture mean-ms=0.0037 peak-call-ms=0.8638 calls=60
[pipeline-stage] world map build mean-ms=0.0000 peak-call-ms=0.0027 calls=60
[pipeline-stage] SIM metadata mean-ms=0.0007 peak-call-ms=0.0502 calls=60
[pipeline-stage] town canvas mean-ms=0.0000 peak-call-ms=0.0017 calls=60
[pipeline-stage] frame snapshot mean-ms=0.0006 peak-call-ms=0.0433 calls=60
[pipeline-stage] upload mean-ms=0.0014 peak-call-ms=0.3323 calls=60
[pipeline-stage] presentation mean-ms=0.0076 peak-call-ms=0.1301 calls=3270
[pipeline-stage] CRT/resolve mean-ms=0.0003 peak-call-ms=0.0730 calls=6540
[pipeline-stage] host UI mean-ms=0.0032 peak-call-ms=0.0433 calls=3270
[pipeline-stage] settings UI mean-ms=0.0001 peak-call-ms=0.0159 calls=3270
[pipeline-stage] present/wait mean-ms=0.1892 peak-call-ms=1.4729 calls=3270
[pipeline-stage] pacing/sleep mean-ms=0.0002 peak-call-ms=0.0006 calls=3270
[pipeline-stage] housekeeping mean-ms=0.0000 peak-call-ms=0.0018 calls=60
[pipeline-stage] PPU setup mean-ms=0.0001 peak-call-ms=0.0067 calls=60
[pipeline-stage] PPU scanout mean-ms=0.0033 peak-call-ms=0.8455 calls=60
[pipeline-stage] PPU finish mean-ms=0.0000 peak-call-ms=0.0017 calls=60
[pipeline-work] ticks=0.02 repre=0.98 draws=0.0 vertices=0 upload-MiB=0.002 depth-MiB=0.000 depth-copy-MiB=0.000 depth-copy-calls=0.00 jobs=0.00 helpers=0.00 fallback=0.00 failed=0.00 (per-present)
[pipeline-traffic] upload-calls=0.00 skipped=0.00 scan-MiB=0.010 upload-MiB=0.002 mirror-realloc=0.00 (per-present)
[pipeline-atlas] reuse=0.00 copy-MiB=0.000 copy-calls=0.00 (per-present; copies are GPU-only)
[pipeline-path] cpu-project=0.00 cpu-stage=0.00 gpu-reuse=0.00 publish=0.00 opt-out=0.00 limit=0.00 rejected=0.00 (events/present, not view fallbacks)
[pipeline-perf] scene=Native/menu host=0 map=00/09 output=1280x800 frames=3256 fps=3254.5 cadence-ms=0.307 p95=0.373 max=9.275 refresh=3 vsync=0 cap=0 gpu-ms=unavailable
[pipeline-stage] events/input mean-ms=0.0485 peak-call-ms=8.1625 calls=3256
[pipeline-stage] emulation mean-ms=0.0019 peak-call-ms=1.3998 calls=61
[pipeline-stage] PPU + capture mean-ms=0.0017 peak-call-ms=0.2043 calls=61
[pipeline-stage] world map build mean-ms=0.0000 peak-call-ms=0.0034 calls=61
[pipeline-stage] SIM metadata mean-ms=0.0008 peak-call-ms=0.0631 calls=61
[pipeline-stage] town canvas mean-ms=0.0000 peak-call-ms=0.0021 calls=61
[pipeline-stage] frame snapshot mean-ms=0.0008 peak-call-ms=0.1717 calls=61
[pipeline-stage] upload mean-ms=0.0009 peak-call-ms=0.1023 calls=61
[pipeline-stage] presentation mean-ms=0.0080 peak-call-ms=0.1573 calls=3256
[pipeline-stage] CRT/resolve mean-ms=0.0002 peak-call-ms=0.0012 calls=6512
[pipeline-stage] host UI mean-ms=0.0035 peak-call-ms=0.1529 calls=3256
[pipeline-stage] settings UI mean-ms=0.0001 peak-call-ms=0.0081 calls=3256
[pipeline-stage] present/wait mean-ms=0.1920 peak-call-ms=1.4631 calls=3256
[pipeline-stage] pacing/sleep mean-ms=0.0002 peak-call-ms=0.0008 calls=3256
[pipeline-stage] housekeeping mean-ms=0.0000 peak-call-ms=0.0020 calls=61
[pipeline-stage] PPU setup mean-ms=0.0001 peak-call-ms=0.0151 calls=61
[pipeline-stage] PPU scanout mean-ms=0.0012 peak-call-ms=0.1804 calls=61
[pipeline-stage] PPU finish mean-ms=0.0000 peak-call-ms=0.0017 calls=61
[pipeline-work] ticks=0.02 repre=0.98 draws=0.0 vertices=0 upload-MiB=0.000 depth-MiB=0.000 depth-copy-MiB=0.000 depth-copy-calls=0.00 jobs=0.00 helpers=0.00 fallback=0.00 failed=0.00 (per-present)
[pipeline-traffic] upload-calls=0.00 skipped=0.00 scan-MiB=0.012 upload-MiB=0.000 mirror-realloc=0.00 (per-present)
[pipeline-atlas] reuse=0.00 copy-MiB=0.000 copy-calls=0.00 (per-present; copies are GPU-only)
[pipeline-path] cpu-project=0.00 cpu-stage=0.00 gpu-reuse=0.00 publish=0.00 opt-out=0.00 limit=0.00 rejected=0.00 (events/present, not view fallbacks)
[pipeline-perf] scene=Native/menu host=0 map=00/09 output=1280x800 frames=3059 fps=3057.6 cadence-ms=0.327 p95=0.374 max=9.068 refresh=3 vsync=0 cap=0 gpu-ms=unavailable
[pipeline-stage] events/input mean-ms=0.0487 peak-call-ms=8.2540 calls=3059
[pipeline-stage] emulation mean-ms=0.0019 peak-call-ms=1.5852 calls=60
[pipeline-stage] PPU + capture mean-ms=0.0017 peak-call-ms=0.1731 calls=60
[pipeline-stage] world map build mean-ms=0.0000 peak-call-ms=0.0029 calls=60
[pipeline-stage] SIM metadata mean-ms=0.0009 peak-call-ms=0.1396 calls=60
[pipeline-stage] town canvas mean-ms=0.0000 peak-call-ms=0.0024 calls=60
[pipeline-stage] frame snapshot mean-ms=0.0008 peak-call-ms=0.0659 calls=60
[pipeline-stage] upload mean-ms=0.0009 peak-call-ms=0.0684 calls=60
[pipeline-stage] presentation mean-ms=0.0103 peak-call-ms=0.2228 calls=3059
[pipeline-stage] CRT/resolve mean-ms=0.0003 peak-call-ms=0.0226 calls=6118
[pipeline-stage] host UI mean-ms=0.0048 peak-call-ms=0.2188 calls=3059
[pipeline-stage] settings UI mean-ms=0.0002 peak-call-ms=0.0089 calls=3059
[pipeline-stage] present/wait mean-ms=0.2063 peak-call-ms=1.3010 calls=3059
[pipeline-stage] pacing/sleep mean-ms=0.0002 peak-call-ms=0.0086 calls=3059
[pipeline-stage] housekeeping mean-ms=0.0000 peak-call-ms=0.0021 calls=60
[pipeline-stage] PPU setup mean-ms=0.0001 peak-call-ms=0.0071 calls=60
[pipeline-stage] PPU scanout mean-ms=0.0013 peak-call-ms=0.1497 calls=60
[pipeline-stage] PPU finish mean-ms=0.0000 peak-call-ms=0.0413 calls=60
[pipeline-work] ticks=0.02 repre=0.98 draws=0.0 vertices=0 upload-MiB=0.000 depth-MiB=0.000 depth-copy-MiB=0.000 depth-copy-calls=0.00 jobs=0.00 helpers=0.00 fallback=0.00 failed=0.00 (per-present)
[pipeline-traffic] upload-calls=0.00 skipped=0.00 scan-MiB=0.012 upload-MiB=0.000 mirror-realloc=0.00 (per-present)
[pipeline-atlas] reuse=0.00 copy-MiB=0.000 copy-calls=0.00 (per-present; copies are GPU-only)
[pipeline-path] cpu-project=0.00 cpu-stage=0.00 gpu-reuse=0.00 publish=0.00 opt-out=0.00 limit=0.00 rejected=0.00 (events/present, not view fallbacks)
[pipeline-perf] scene=Native/menu host=0 map=00/09 output=1280x800 frames=3296 fps=3294.8 cadence-ms=0.304 p95=0.362 max=9.105 refresh=3 vsync=0 cap=0 gpu-ms=unavailable
[pipeline-stage] events/input mean-ms=0.0479 peak-call-ms=8.2527 calls=3296
[pipeline-stage] emulation mean-ms=0.0014 peak-call-ms=1.4342 calls=60
[pipeline-stage] PPU + capture mean-ms=0.0015 peak-call-ms=0.0961 calls=60
[pipeline-stage] world map build mean-ms=0.0000 peak-call-ms=0.0031 calls=60
[pipeline-stage] SIM metadata mean-ms=0.0009 peak-call-ms=0.1384 calls=60
[pipeline-stage] town canvas mean-ms=0.0000 peak-call-ms=0.0020 calls=60
[pipeline-stage] frame snapshot mean-ms=0.0007 peak-call-ms=0.0661 calls=60
[pipeline-stage] upload mean-ms=0.0008 peak-call-ms=0.0605 calls=60
[pipeline-stage] presentation mean-ms=0.0076 peak-call-ms=0.1149 calls=3296
[pipeline-stage] CRT/resolve mean-ms=0.0003 peak-call-ms=0.1021 calls=6592
[pipeline-stage] host UI mean-ms=0.0032 peak-call-ms=0.0187 calls=3296
[pipeline-stage] settings UI mean-ms=0.0001 peak-call-ms=0.0014 calls=3296
[pipeline-stage] present/wait mean-ms=0.1903 peak-call-ms=1.3280 calls=3296
[pipeline-stage] pacing/sleep mean-ms=0.0002 peak-call-ms=0.0099 calls=3296
[pipeline-stage] housekeeping mean-ms=0.0000 peak-call-ms=0.0022 calls=60
[pipeline-stage] PPU setup mean-ms=0.0001 peak-call-ms=0.0078 calls=60
[pipeline-stage] PPU scanout mean-ms=0.0011 peak-call-ms=0.0742 calls=60
[pipeline-stage] PPU finish mean-ms=0.0000 peak-call-ms=0.0016 calls=60
[pipeline-work] ticks=0.02 repre=0.98 draws=0.0 vertices=0 upload-MiB=0.000 depth-MiB=0.000 depth-copy-MiB=0.000 depth-copy-calls=0.00 jobs=0.00 helpers=0.00 fallback=0.00 failed=0.00 (per-present)
[pipeline-traffic] upload-calls=0.00 skipped=0.00 scan-MiB=0.011 upload-MiB=0.000 mirror-realloc=0.00 (per-present)
[pipeline-atlas] reuse=0.00 copy-MiB=0.000 copy-calls=0.00 (per-present; copies are GPU-only)
[pipeline-path] cpu-project=0.00 cpu-stage=0.00 gpu-reuse=0.00 publish=0.00 opt-out=0.00 limit=0.00 rejected=0.00 (events/present, not view fallbacks)
[pipeline-perf] scene=Native/menu host=0 map=00/09 output=1280x800 frames=3155 fps=3153.7 cadence-ms=0.317 p95=0.377 max=9.526 refresh=3 vsync=0 cap=0 gpu-ms=unavailable
[pipeline-stage] events/input mean-ms=0.0496 peak-call-ms=8.2363 calls=3155
[pipeline-stage] emulation mean-ms=0.0020 peak-call-ms=1.3219 calls=60
[pipeline-stage] PPU + capture mean-ms=0.0016 peak-call-ms=0.1262 calls=60
[pipeline-stage] world map build mean-ms=0.0000 peak-call-ms=0.0031 calls=60
[pipeline-stage] SIM metadata mean-ms=0.0009 peak-call-ms=0.0601 calls=60
[pipeline-stage] town canvas mean-ms=0.0000 peak-call-ms=0.0020 calls=60
[pipeline-stage] frame snapshot mean-ms=0.0008 peak-call-ms=0.0583 calls=60
[pipeline-stage] upload mean-ms=0.0009 peak-call-ms=0.0667 calls=60
[pipeline-stage] presentation mean-ms=0.0080 peak-call-ms=0.1459 calls=3155
[pipeline-stage] CRT/resolve mean-ms=0.0002 peak-call-ms=0.0009 calls=6310
[pipeline-stage] host UI mean-ms=0.0034 peak-call-ms=0.0343 calls=3155
[pipeline-stage] settings UI mean-ms=0.0001 peak-call-ms=0.0010 calls=3155
[pipeline-stage] present/wait mean-ms=0.1981 peak-call-ms=1.1785 calls=3155
[pipeline-stage] pacing/sleep mean-ms=0.0002 peak-call-ms=0.0006 calls=3155
[pipeline-stage] housekeeping mean-ms=0.0000 peak-call-ms=0.0016 calls=60
[pipeline-stage] PPU setup mean-ms=0.0001 peak-call-ms=0.0070 calls=60
[pipeline-stage] PPU scanout mean-ms=0.0012 peak-call-ms=0.0974 calls=60
[pipeline-stage] PPU finish mean-ms=0.0000 peak-call-ms=0.0016 calls=60
[pipeline-work] ticks=0.02 repre=0.98 draws=0.0 vertices=0 upload-MiB=0.000 depth-MiB=0.000 depth-copy-MiB=0.000 depth-copy-calls=0.00 jobs=0.00 helpers=0.00 fallback=0.00 failed=0.00 (per-present)
[pipeline-traffic] upload-calls=0.00 skipped=0.00 scan-MiB=0.012 upload-MiB=0.000 mirror-realloc=0.00 (per-present)
[pipeline-atlas] reuse=0.00 copy-MiB=0.000 copy-calls=0.00 (per-present; copies are GPU-only)
[pipeline-path] cpu-project=0.00 cpu-stage=0.00 gpu-reuse=0.00 publish=0.00 opt-out=0.00 limit=0.00 rejected=0.00 (events/present, not view fallbacks)
[music] stop [music:song-08] (driver halt $F0)
[action-bg-hle] full world-layer provider enabled
[action-bg-hle] fallback=forced-blank map=04/04 BG1
[widescreen] gf=1323 $18=04 $19=04 -> WIDE clamp=00 mirror=00 repeat=00 bands=0/811c9dc5 normal=00 hud=40/88/168 left-only-y=28 bg-plan=1 source=world/world hle=00
[action-fx] first scene accents captured: actors=0/0 decorations=1/1 (lighting=1 particles=1)
[act-enter] $18=04 $19=04 at game-frame 1323
[music] src=1B:8554 song=01 authentic — drop game-assets/audio/song-05.ogg to replace ([music:song-05])
[action-room-scene] ROM-derived world source enabled
[widescreen] gf=1324 $18=04 $19=04 -> WIDE clamp=00 mirror=00 repeat=00 bands=0/811c9dc5 normal=00 hud=40/88/168 left-only-y=28 bg-plan=1 source=world/world hle=03
[video-geometry] 16:10 square-PAR -> 120 extra columns/side (render width 496)
[diorama] ON via AR_DIORAMA_AT at gf=1330
[gpu-fx] DOF shader ready
[gpu-fx] rim light shader ready
[pipeline-perf] scene=Action 3D host=0 map=04/04 output=1280x800 frames=497 fps=491.1 cadence-ms=2.036 p95=9.363 max=20.414 refresh=3 vsync=0 cap=0 gpu-ms=unavailable
[pipeline-stage] events/input mean-ms=0.0707 peak-call-ms=8.2475 calls=497
[pipeline-stage] emulation mean-ms=0.0276 peak-call-ms=1.2972 calls=62
[pipeline-stage] PPU + capture mean-ms=0.6742 peak-call-ms=7.4997 calls=62
[pipeline-stage] world map build mean-ms=0.0001 peak-call-ms=0.0009 calls=62
[pipeline-stage] SIM metadata mean-ms=0.0032 peak-call-ms=0.0481 calls=62
[pipeline-stage] town canvas mean-ms=0.0001 peak-call-ms=0.0015 calls=62
[pipeline-stage] frame snapshot mean-ms=0.0068 peak-call-ms=0.0851 calls=62
[pipeline-stage] upload mean-ms=0.3295 peak-call-ms=6.3290 calls=62
[pipeline-stage] presentation mean-ms=0.1932 peak-call-ms=1.3867 calls=497
[pipeline-stage] CRT/resolve mean-ms=0.0006 peak-call-ms=0.0016 calls=994
[pipeline-stage] host UI mean-ms=0.0049 peak-call-ms=0.0380 calls=497
[pipeline-stage] settings UI mean-ms=0.0003 peak-call-ms=0.0011 calls=497
[pipeline-stage] present/wait mean-ms=0.6957 peak-call-ms=2.5860 calls=497
[pipeline-stage] pacing/sleep mean-ms=0.0003 peak-call-ms=0.0015 calls=497
[pipeline-stage] housekeeping mean-ms=0.0011 peak-call-ms=0.4765 calls=62
[pipeline-stage] PPU setup mean-ms=0.0065 peak-call-ms=0.8333 calls=62
[pipeline-stage] PPU scanout mean-ms=0.6632 peak-call-ms=6.6623 calls=62
[pipeline-stage] PPU finish mean-ms=0.0005 peak-call-ms=0.0055 calls=62
[pipeline-stage] action total mean-ms=0.1857 peak-call-ms=1.3696 calls=497
[pipeline-stage] action upload mean-ms=0.1312 peak-call-ms=3.2028 calls=62
[pipeline-stage] action analysis mean-ms=0.1834 peak-call-ms=3.8653 calls=62
[pipeline-stage] action setup mean-ms=0.0065 peak-call-ms=0.8317 calls=62
[pipeline-stage] action scanout mean-ms=0.6631 peak-call-ms=6.6618 calls=62
[pipeline-stage] action finish mean-ms=0.0004 peak-call-ms=0.0051 calls=62
[pipeline-stage] action host-post mean-ms=0.0062 peak-call-ms=0.0719 calls=62
[pipeline-stage] action synthesis mean-ms=0.0574 peak-call-ms=0.2712 calls=497
[pipeline-stage] action mesh mean-ms=0.0036 peak-call-ms=0.0263 calls=1491
[pipeline-stage] action supersample mean-ms=0.0302 peak-call-ms=0.4417 calls=497
[pipeline-stage] action DOF mean-ms=0.0308 peak-call-ms=0.7780 calls=497
[pipeline-stage] action submit mean-ms=0.0103 peak-call-ms=0.0194 calls=1988
[pipeline-stage] action callback mean-ms=0.0037 peak-call-ms=0.0338 calls=1988
[pipeline-work] ticks=0.12 repre=0.88 draws=4.0 vertices=364 upload-MiB=0.072 depth-MiB=0.000 depth-copy-MiB=0.000 depth-copy-calls=0.00 jobs=0.00 helpers=0.00 fallback=0.00 failed=0.00 (per-present)
[pipeline-traffic] upload-calls=0.33 skipped=0.07 scan-MiB=0.521 upload-MiB=0.072 mirror-realloc=0.01 (per-present)
[pipeline-atlas] reuse=0.00 copy-MiB=0.000 copy-calls=0.00 (per-present; copies are GPU-only)
[pipeline-path] cpu-project=0.00 cpu-stage=0.00 gpu-reuse=0.00 publish=0.00 opt-out=0.00 limit=0.00 rejected=0.00 (events/present, not view fallbacks)
[action-fx] first BG1-high lava geometry submitted (Diorama, depth-ordered)
[pipeline-perf] scene=Action 3D host=0 map=04/04 output=1280x800 frames=538 fps=536.5 cadence-ms=1.864 p95=8.982 max=17.494 refresh=3 vsync=0 cap=0 gpu-ms=unavailable
[pipeline-stage] events/input mean-ms=0.0659 peak-call-ms=8.0602 calls=538
[pipeline-stage] emulation mean-ms=0.0237 peak-call-ms=1.1752 calls=60
[pipeline-stage] PPU + capture mean-ms=0.5474 peak-call-ms=5.2191 calls=60
[pipeline-stage] world map build mean-ms=0.0001 peak-call-ms=0.0010 calls=60
[pipeline-stage] SIM metadata mean-ms=0.0028 peak-call-ms=0.0364 calls=60
[pipeline-stage] town canvas mean-ms=0.0001 peak-call-ms=0.0017 calls=60
[pipeline-stage] frame snapshot mean-ms=0.0063 peak-call-ms=0.0756 calls=60
[pipeline-stage] upload mean-ms=0.2284 peak-call-ms=3.8793 calls=60
[pipeline-stage] presentation mean-ms=0.2162 peak-call-ms=0.4011 calls=538
[pipeline-stage] CRT/resolve mean-ms=0.0006 peak-call-ms=0.0011 calls=1076
[pipeline-stage] host UI mean-ms=0.0050 peak-call-ms=0.0372 calls=538
[pipeline-stage] settings UI mean-ms=0.0004 peak-call-ms=0.0329 calls=538
[pipeline-stage] present/wait mean-ms=0.7077 peak-call-ms=2.4237 calls=538
[pipeline-stage] pacing/sleep mean-ms=0.0004 peak-call-ms=0.0143 calls=538
[pipeline-stage] housekeeping mean-ms=0.0001 peak-call-ms=0.0023 calls=60
[pipeline-stage] PPU setup mean-ms=0.0043 peak-call-ms=0.0631 calls=60
[pipeline-stage] PPU scanout mean-ms=0.5374 peak-call-ms=5.1356 calls=60
[pipeline-stage] PPU finish mean-ms=0.0021 peak-call-ms=0.0321 calls=60
[pipeline-stage] action total mean-ms=0.2087 peak-call-ms=0.3872 calls=538
[pipeline-stage] action upload mean-ms=0.0975 peak-call-ms=1.4857 calls=60
[pipeline-stage] action analysis mean-ms=0.1223 peak-call-ms=2.5624 calls=60
[pipeline-stage] action setup mean-ms=0.0043 peak-call-ms=0.0628 calls=60
[pipeline-stage] action scanout mean-ms=0.5374 peak-call-ms=5.1349 calls=60
[pipeline-stage] action finish mean-ms=0.0021 peak-call-ms=0.0318 calls=60
[pipeline-stage] action host-post mean-ms=0.0055 peak-call-ms=0.0635 calls=60
[pipeline-stage] action synthesis mean-ms=0.0543 peak-call-ms=0.1757 calls=538
[pipeline-stage] action mesh mean-ms=0.0036 peak-call-ms=0.0202 calls=1614
[pipeline-stage] action supersample mean-ms=0.0284 peak-call-ms=0.0761 calls=538
[pipeline-stage] action DOF mean-ms=0.0336 peak-call-ms=0.1211 calls=538
[pipeline-stage] action submit mean-ms=0.0103 peak-call-ms=0.0304 calls=2152
[pipeline-stage] action callback mean-ms=0.0248 peak-call-ms=0.0577 calls=2152
[pipeline-work] ticks=0.11 repre=0.89 draws=4.0 vertices=364 upload-MiB=0.049 depth-MiB=0.000 depth-copy-MiB=0.000 depth-copy-calls=0.00 jobs=0.00 helpers=0.00 fallback=0.00 failed=0.00 (per-present)
[pipeline-traffic] upload-calls=0.22 skipped=0.12 scan-MiB=0.467 upload-MiB=0.049 mirror-realloc=0.00 (per-present)
[pipeline-atlas] reuse=0.00 copy-MiB=0.000 copy-calls=0.00 (per-present; copies are GPU-only)
[pipeline-path] cpu-project=0.00 cpu-stage=0.00 gpu-reuse=0.00 publish=0.00 opt-out=0.00 limit=0.00 rejected=0.00 (events/present, not view fallbacks)
[pipeline-perf] scene=Action 3D host=0 map=04/04 output=1280x800 frames=612 fps=607.5 cadence-ms=1.646 p95=6.826 max=13.993 refresh=3 vsync=0 cap=0 gpu-ms=unavailable
[pipeline-stage] events/input mean-ms=0.0578 peak-call-ms=7.7767 calls=612
[pipeline-stage] emulation mean-ms=0.0199 peak-call-ms=1.3438 calls=61
[pipeline-stage] PPU + capture mean-ms=0.4805 peak-call-ms=6.6352 calls=61
[pipeline-stage] world map build mean-ms=0.0001 peak-call-ms=0.0010 calls=61
[pipeline-stage] SIM metadata mean-ms=0.0025 peak-call-ms=0.0662 calls=61
[pipeline-stage] town canvas mean-ms=0.0002 peak-call-ms=0.0296 calls=61
[pipeline-stage] frame snapshot mean-ms=0.0056 peak-call-ms=0.0684 calls=61
[pipeline-stage] upload mean-ms=0.0852 peak-call-ms=3.6968 calls=61
[pipeline-stage] presentation mean-ms=0.1799 peak-call-ms=0.3101 calls=612
[pipeline-stage] CRT/resolve mean-ms=0.0006 peak-call-ms=0.0012 calls=1224
[pipeline-stage] host UI mean-ms=0.0048 peak-call-ms=0.0455 calls=612
[pipeline-stage] settings UI mean-ms=0.0003 peak-call-ms=0.0277 calls=612
[pipeline-stage] present/wait mean-ms=0.7517 peak-call-ms=2.4027 calls=612
[pipeline-stage] pacing/sleep mean-ms=0.0003 peak-call-ms=0.0148 calls=612
[pipeline-stage] housekeeping mean-ms=0.0001 peak-call-ms=0.0020 calls=61
[pipeline-stage] PPU setup mean-ms=0.0039 peak-call-ms=0.0537 calls=61
[pipeline-stage] PPU scanout mean-ms=0.4712 peak-call-ms=6.5125 calls=61
[pipeline-stage] PPU finish mean-ms=0.0021 peak-call-ms=0.0319 calls=61
[pipeline-stage] action total mean-ms=0.1726 peak-call-ms=0.2972 calls=612
[pipeline-stage] action upload mean-ms=0.0463 peak-call-ms=2.6083 calls=61
[pipeline-stage] action analysis mean-ms=0.0315 peak-call-ms=1.0223 calls=61
[pipeline-stage] action setup mean-ms=0.0038 peak-call-ms=0.0533 calls=61
[pipeline-stage] action scanout mean-ms=0.4712 peak-call-ms=6.5119 calls=61
[pipeline-stage] action finish mean-ms=0.0021 peak-call-ms=0.0316 calls=61
[pipeline-stage] action host-post mean-ms=0.0050 peak-call-ms=0.0893 calls=61
[pipeline-stage] action synthesis mean-ms=0.0005 peak-call-ms=0.0014 calls=612
[pipeline-stage] action mesh mean-ms=0.0037 peak-call-ms=0.0342 calls=1836
[pipeline-stage] action supersample mean-ms=0.0286 peak-call-ms=0.0843 calls=612
[pipeline-stage] action DOF mean-ms=0.0446 peak-call-ms=0.1102 calls=612
[pipeline-stage] action submit mean-ms=0.0106 peak-call-ms=0.0316 calls=2448
[pipeline-stage] action callback mean-ms=0.0293 peak-call-ms=0.0633 calls=2448
[pipeline-work] ticks=0.10 repre=0.90 draws=4.0 vertices=364 upload-MiB=0.000 depth-MiB=0.000 depth-copy-MiB=0.000 depth-copy-calls=0.00 jobs=0.00 helpers=0.00 fallback=0.00 failed=0.00 (per-present)
[pipeline-traffic] upload-calls=0.07 skipped=0.24 scan-MiB=0.396 upload-MiB=0.000 mirror-realloc=0.00 (per-present)
[pipeline-atlas] reuse=0.00 copy-MiB=0.000 copy-calls=0.00 (per-present; copies are GPU-only)
[pipeline-path] cpu-project=0.00 cpu-stage=0.00 gpu-reuse=0.00 publish=0.00 opt-out=0.00 limit=0.00 rejected=0.00 (events/present, not view fallbacks)
[action-fx] first scene accent geometry submitted: 1 effect(s), 586 vertices / 1548 indices (lighting=1 particles=1)
[pipeline-perf] scene=Action 3D host=0 map=04/04 output=1280x800 frames=583 fps=578.4 cadence-ms=1.729 p95=7.013 max=15.768 refresh=3 vsync=0 cap=0 gpu-ms=unavailable
[pipeline-stage] events/input mean-ms=0.0619 peak-call-ms=8.1481 calls=583
[pipeline-stage] emulation mean-ms=0.0233 peak-call-ms=1.2276 calls=60
[pipeline-stage] PPU + capture mean-ms=0.4963 peak-call-ms=5.1340 calls=60
[pipeline-stage] world map build mean-ms=0.0001 peak-call-ms=0.0009 calls=60
[pipeline-stage] SIM metadata mean-ms=0.0026 peak-call-ms=0.0314 calls=60
[pipeline-stage] town canvas mean-ms=0.0001 peak-call-ms=0.0016 calls=60
[pipeline-stage] frame snapshot mean-ms=0.0058 peak-call-ms=0.0720 calls=60
[pipeline-stage] upload mean-ms=0.1136 peak-call-ms=2.8340 calls=60
[pipeline-stage] presentation mean-ms=0.2144 peak-call-ms=0.3963 calls=583
[pipeline-stage] CRT/resolve mean-ms=0.0006 peak-call-ms=0.0013 calls=1166
[pipeline-stage] host UI mean-ms=0.0048 peak-call-ms=0.0225 calls=583
[pipeline-stage] settings UI mean-ms=0.0003 peak-call-ms=0.0015 calls=583
[pipeline-stage] present/wait mean-ms=0.7462 peak-call-ms=2.8467 calls=583
[pipeline-stage] pacing/sleep mean-ms=0.0003 peak-call-ms=0.0011 calls=583
[pipeline-stage] housekeeping mean-ms=0.0001 peak-call-ms=0.0039 calls=60
[pipeline-stage] PPU setup mean-ms=0.0040 peak-call-ms=0.0556 calls=60
[pipeline-stage] PPU scanout mean-ms=0.4868 peak-call-ms=5.0250 calls=60
[pipeline-stage] PPU finish mean-ms=0.0023 peak-call-ms=0.0338 calls=60
[pipeline-stage] action total mean-ms=0.2071 peak-call-ms=0.3787 calls=583
[pipeline-stage] action upload mean-ms=0.0571 peak-call-ms=0.7306 calls=60
[pipeline-stage] action analysis mean-ms=0.0486 peak-call-ms=2.0583 calls=60
[pipeline-stage] action setup mean-ms=0.0039 peak-call-ms=0.0553 calls=60
[pipeline-stage] action scanout mean-ms=0.4867 peak-call-ms=5.0244 calls=60
[pipeline-stage] action finish mean-ms=0.0022 peak-call-ms=0.0335 calls=60
[pipeline-stage] action host-post mean-ms=0.0050 peak-call-ms=0.0582 calls=60
[pipeline-stage] action synthesis mean-ms=0.0452 peak-call-ms=0.1656 calls=583
[pipeline-stage] action mesh mean-ms=0.0037 peak-call-ms=0.0301 calls=1749
[pipeline-stage] action supersample mean-ms=0.0285 peak-call-ms=0.0671 calls=583
[pipeline-stage] action DOF mean-ms=0.0346 peak-call-ms=0.1107 calls=583
[pipeline-stage] action submit mean-ms=0.0103 peak-call-ms=0.0257 calls=2332
[pipeline-stage] action callback mean-ms=0.0303 peak-call-ms=0.0654 calls=2352
[pipeline-work] ticks=0.10 repre=0.90 draws=4.0 vertices=364 upload-MiB=0.004 depth-MiB=0.000 depth-copy-MiB=0.000 depth-copy-calls=0.00 jobs=0.00 helpers=0.00 fallback=0.00 failed=0.00 (per-present)
[pipeline-traffic] upload-calls=0.10 skipped=0.21 scan-MiB=0.417 upload-MiB=0.004 mirror-realloc=0.00 (per-present)
[pipeline-atlas] reuse=0.00 copy-MiB=0.000 copy-calls=0.00 (per-present; copies are GPU-only)
[pipeline-path] cpu-project=0.00 cpu-stage=0.00 gpu-reuse=0.00 publish=0.00 opt-out=0.00 limit=0.00 rejected=0.00 (events/present, not view fallbacks)
[pipeline-perf] scene=Action 3D host=0 map=04/04 output=1280x800 frames=522 fps=516.5 cadence-ms=1.936 p95=8.996 max=17.137 refresh=3 vsync=0 cap=0 gpu-ms=unavailable
[pipeline-stage] events/input mean-ms=0.0546 peak-call-ms=7.9451 calls=522
[pipeline-stage] emulation mean-ms=0.0221 peak-call-ms=1.0917 calls=61
[pipeline-stage] PPU + capture mean-ms=0.5622 peak-call-ms=5.0665 calls=61
[pipeline-stage] world map build mean-ms=0.0001 peak-call-ms=0.0009 calls=61
[pipeline-stage] SIM metadata mean-ms=0.0030 peak-call-ms=0.0590 calls=61
[pipeline-stage] town canvas mean-ms=0.0002 peak-call-ms=0.0126 calls=61
[pipeline-stage] frame snapshot mean-ms=0.0068 peak-call-ms=0.0935 calls=61
[pipeline-stage] upload mean-ms=0.2924 peak-call-ms=4.4010 calls=61
[pipeline-stage] presentation mean-ms=0.2705 peak-call-ms=0.4581 calls=522
[pipeline-stage] CRT/resolve mean-ms=0.0006 peak-call-ms=0.0013 calls=1044
[pipeline-stage] host UI mean-ms=0.0051 peak-call-ms=0.0299 calls=522
[pipeline-stage] settings UI mean-ms=0.0004 peak-call-ms=0.0013 calls=522
[pipeline-stage] present/wait mean-ms=0.6490 peak-call-ms=2.1254 calls=522
[pipeline-stage] pacing/sleep mean-ms=0.0004 peak-call-ms=0.0179 calls=522
[pipeline-stage] housekeeping mean-ms=0.0002 peak-call-ms=0.0037 calls=61
[pipeline-stage] PPU setup mean-ms=0.0046 peak-call-ms=0.0809 calls=61
[pipeline-stage] PPU scanout mean-ms=0.5516 peak-call-ms=4.9731 calls=61
[pipeline-stage] PPU finish mean-ms=0.0024 peak-call-ms=0.0584 calls=61
[pipeline-stage] action total mean-ms=0.2628 peak-call-ms=0.4434 calls=522
[pipeline-stage] action upload mean-ms=0.1192 peak-call-ms=1.3483 calls=61
[pipeline-stage] action analysis mean-ms=0.1642 peak-call-ms=3.0794 calls=61
[pipeline-stage] action setup mean-ms=0.0045 peak-call-ms=0.0805 calls=61
[pipeline-stage] action scanout mean-ms=0.5515 peak-call-ms=4.9723 calls=61
[pipeline-stage] action finish mean-ms=0.0024 peak-call-ms=0.0581 calls=61
[pipeline-stage] action host-post mean-ms=0.0058 peak-call-ms=0.0820 calls=61
[pipeline-stage] action synthesis mean-ms=0.0988 peak-call-ms=0.1612 calls=522
[pipeline-stage] action mesh mean-ms=0.0035 peak-call-ms=0.0105 calls=1566
[pipeline-stage] action supersample mean-ms=0.0274 peak-call-ms=0.0640 calls=522
[pipeline-stage] action DOF mean-ms=0.0258 peak-call-ms=0.0562 calls=522
[pipeline-stage] action submit mean-ms=0.0096 peak-call-ms=0.0301 calls=2088
[pipeline-stage] action callback mean-ms=0.0411 peak-call-ms=0.0600 calls=2341
[pipeline-work] ticks=0.12 repre=0.88 draws=4.0 vertices=364 upload-MiB=0.074 depth-MiB=0.000 depth-copy-MiB=0.000 depth-copy-calls=0.00 jobs=0.00 helpers=0.00 fallback=0.00 failed=0.00 (per-present)
[pipeline-traffic] upload-calls=0.28 skipped=0.07 scan-MiB=0.449 upload-MiB=0.074 mirror-realloc=0.00 (per-present)
[pipeline-atlas] reuse=0.00 copy-MiB=0.000 copy-calls=0.00 (per-present; copies are GPU-only)
[pipeline-path] cpu-project=0.00 cpu-stage=0.00 gpu-reuse=0.00 publish=0.00 opt-out=0.00 limit=0.00 rejected=0.00 (events/present, not view fallbacks)
[pipeline-perf] scene=Action 3D host=0 map=04/04 output=1280x800 frames=488 fps=485.8 cadence-ms=2.059 p95=8.984 max=16.929 refresh=3 vsync=0 cap=0 gpu-ms=unavailable
[pipeline-stage] events/input mean-ms=0.0699 peak-call-ms=7.7544 calls=488
[pipeline-stage] emulation mean-ms=0.0304 peak-call-ms=1.2670 calls=60
[pipeline-stage] PPU + capture mean-ms=0.5944 peak-call-ms=5.0897 calls=60
[pipeline-stage] world map build mean-ms=0.0001 peak-call-ms=0.0009 calls=60
[pipeline-stage] SIM metadata mean-ms=0.0031 peak-call-ms=0.0361 calls=60
[pipeline-stage] town canvas mean-ms=0.0001 peak-call-ms=0.0018 calls=60
[pipeline-stage] frame snapshot mean-ms=0.0073 peak-call-ms=0.0845 calls=60
[pipeline-stage] upload mean-ms=0.2552 peak-call-ms=4.6912 calls=60
[pipeline-stage] presentation mean-ms=0.2525 peak-call-ms=1.1431 calls=488
[pipeline-stage] CRT/resolve mean-ms=0.0006 peak-call-ms=0.0011 calls=976
[pipeline-stage] host UI mean-ms=0.0050 peak-call-ms=0.0210 calls=488
[pipeline-stage] settings UI mean-ms=0.0004 peak-call-ms=0.0011 calls=488
[pipeline-stage] present/wait mean-ms=0.7788 peak-call-ms=2.5076 calls=488
[pipeline-stage] pacing/sleep mean-ms=0.0003 peak-call-ms=0.0014 calls=488
[pipeline-stage] housekeeping mean-ms=0.0002 peak-call-ms=0.0022 calls=60
[pipeline-stage] PPU setup mean-ms=0.0048 peak-call-ms=0.0541 calls=60
[pipeline-stage] PPU scanout mean-ms=0.5835 peak-call-ms=4.9986 calls=60
[pipeline-stage] PPU finish mean-ms=0.0021 peak-call-ms=0.0446 calls=60
[pipeline-stage] action total mean-ms=0.2448 peak-call-ms=1.1336 calls=488
[pipeline-stage] action upload mean-ms=0.1133 peak-call-ms=1.8938 calls=60
[pipeline-stage] action analysis mean-ms=0.1324 peak-call-ms=2.7261 calls=60
[pipeline-stage] action setup mean-ms=0.0047 peak-call-ms=0.0538 calls=60
[pipeline-stage] action scanout mean-ms=0.5834 peak-call-ms=4.9981 calls=60
[pipeline-stage] action finish mean-ms=0.0021 peak-call-ms=0.0443 calls=60
[pipeline-stage] action host-post mean-ms=0.0060 peak-call-ms=0.0617 calls=60
[pipeline-stage] action synthesis mean-ms=0.0926 peak-call-ms=0.1570 calls=488
[pipeline-stage] action mesh mean-ms=0.0049 peak-call-ms=0.0271 calls=2044
[pipeline-stage] action supersample mean-ms=0.0388 peak-call-ms=0.1300 calls=778
[pipeline-stage] action DOF mean-ms=0.0265 peak-call-ms=0.0770 calls=488
[pipeline-stage] action submit mean-ms=0.0111 peak-call-ms=0.0212 calls=2242
[pipeline-stage] action callback mean-ms=0.0160 peak-call-ms=0.0585 calls=2334
[pipeline-work] ticks=0.12 repre=0.88 draws=4.6 vertices=401 upload-MiB=0.055 depth-MiB=0.000 depth-copy-MiB=0.000 depth-copy-calls=0.00 jobs=0.00 helpers=0.00 fallback=0.00 failed=0.00 (per-present)
[pipeline-traffic] upload-calls=0.23 skipped=0.22 scan-MiB=0.533 upload-MiB=0.055 mirror-realloc=0.00 (per-present)
[pipeline-atlas] reuse=0.00 copy-MiB=0.000 copy-calls=0.00 (per-present; copies are GPU-only)
[pipeline-path] cpu-project=0.00 cpu-stage=0.00 gpu-reuse=0.00 publish=0.00 opt-out=0.00 limit=0.00 rejected=0.00 (events/present, not view fallbacks)
[pipeline-perf] scene=Action 3D host=0 map=04/04 output=1280x800 frames=404 fps=398.4 cadence-ms=2.510 p95=9.959 max=18.211 refresh=3 vsync=0 cap=0 gpu-ms=unavailable
[pipeline-stage] events/input mean-ms=0.0649 peak-call-ms=7.7542 calls=404
[pipeline-stage] emulation mean-ms=0.0331 peak-call-ms=1.2680 calls=61
[pipeline-stage] PPU + capture mean-ms=0.7449 peak-call-ms=5.2751 calls=61
[pipeline-stage] world map build mean-ms=0.0001 peak-call-ms=0.0010 calls=61
[pipeline-stage] SIM metadata mean-ms=0.0040 peak-call-ms=0.0597 calls=61
[pipeline-stage] town canvas mean-ms=0.0002 peak-call-ms=0.0018 calls=61
[pipeline-stage] frame snapshot mean-ms=0.0090 peak-call-ms=0.1230 calls=61
[pipeline-stage] upload mean-ms=0.5381 peak-call-ms=4.4547 calls=61
[pipeline-stage] presentation mean-ms=0.3116 peak-call-ms=0.5561 calls=404
[pipeline-stage] CRT/resolve mean-ms=0.0006 peak-call-ms=0.0015 calls=808
[pipeline-stage] host UI mean-ms=0.0051 peak-call-ms=0.0377 calls=404
[pipeline-stage] settings UI mean-ms=0.0004 peak-call-ms=0.0129 calls=404
[pipeline-stage] present/wait mean-ms=0.7330 peak-call-ms=2.3404 calls=404
[pipeline-stage] pacing/sleep mean-ms=0.0003 peak-call-ms=0.0011 calls=404
[pipeline-stage] housekeeping mean-ms=0.0002 peak-call-ms=0.0019 calls=61
[pipeline-stage] PPU setup mean-ms=0.0059 peak-call-ms=0.0926 calls=61
[pipeline-stage] PPU scanout mean-ms=0.7305 peak-call-ms=5.1314 calls=61
[pipeline-stage] PPU finish mean-ms=0.0035 peak-call-ms=0.0550 calls=61
[pipeline-stage] action total mean-ms=0.3036 peak-call-ms=0.5425 calls=404
[pipeline-stage] action upload mean-ms=0.1970 peak-call-ms=1.4806 calls=61
[pipeline-stage] action analysis mean-ms=0.3296 peak-call-ms=3.0456 calls=61
[pipeline-stage] action setup mean-ms=0.0059 peak-call-ms=0.0923 calls=61
[pipeline-stage] action scanout mean-ms=0.7304 peak-call-ms=5.1309 calls=61
[pipeline-stage] action finish mean-ms=0.0035 peak-call-ms=0.0546 calls=61
[pipeline-stage] action host-post mean-ms=0.0076 peak-call-ms=0.0847 calls=61
[pipeline-stage] action synthesis mean-ms=0.1034 peak-call-ms=0.1812 calls=404
[pipeline-stage] action mesh mean-ms=0.0057 peak-call-ms=0.0132 calls=2020
[pipeline-stage] action supersample mean-ms=0.0465 peak-call-ms=0.0770 calls=808
[pipeline-stage] action DOF mean-ms=0.0269 peak-call-ms=0.1362 calls=404
[pipeline-stage] action submit mean-ms=0.0118 peak-call-ms=0.0204 calls=2020
[pipeline-stage] action callback mean-ms=0.0471 peak-call-ms=0.0893 calls=2145
[pipeline-work] ticks=0.15 repre=0.85 draws=5.0 vertices=427 upload-MiB=0.148 depth-MiB=0.000 depth-copy-MiB=0.000 depth-copy-calls=0.00 jobs=0.00 helpers=0.00 fallback=0.00 failed=0.00 (per-present)
[pipeline-traffic] upload-calls=0.56 skipped=0.04 scan-MiB=0.570 upload-MiB=0.148 mirror-realloc=0.00 (per-present)
[pipeline-atlas] reuse=0.00 copy-MiB=0.000 copy-calls=0.00 (per-present; copies are GPU-only)
[pipeline-path] cpu-project=0.00 cpu-stage=0.00 gpu-reuse=0.00 publish=0.00 opt-out=0.00 limit=0.00 rejected=0.00 (events/present, not view fallbacks)
[pipeline-perf] scene=Action 3D host=0 map=04/04 output=1280x800 frames=406 fps=404.0 cadence-ms=2.475 p95=9.858 max=15.152 refresh=3 vsync=0 cap=0 gpu-ms=unavailable
[pipeline-stage] events/input mean-ms=0.0643 peak-call-ms=7.5795 calls=406
[pipeline-stage] emulation mean-ms=0.0320 peak-call-ms=1.2055 calls=60
[pipeline-stage] PPU + capture mean-ms=0.7149 peak-call-ms=5.1718 calls=60
[pipeline-stage] world map build mean-ms=0.0001 peak-call-ms=0.0010 calls=60
[pipeline-stage] SIM metadata mean-ms=0.0037 peak-call-ms=0.0331 calls=60
[pipeline-stage] town canvas mean-ms=0.0002 peak-call-ms=0.0089 calls=60
[pipeline-stage] frame snapshot mean-ms=0.0088 peak-call-ms=0.0807 calls=60
[pipeline-stage] upload mean-ms=0.4517 peak-call-ms=4.9471 calls=60
[pipeline-stage] presentation mean-ms=0.3629 peak-call-ms=1.5441 calls=406
[pipeline-stage] CRT/resolve mean-ms=0.0006 peak-call-ms=0.0012 calls=812
[pipeline-stage] host UI mean-ms=0.0053 peak-call-ms=0.0197 calls=406
[pipeline-stage] settings UI mean-ms=0.0004 peak-call-ms=0.0012 calls=406
[pipeline-stage] present/wait mean-ms=0.7643 peak-call-ms=2.4709 calls=406
[pipeline-stage] pacing/sleep mean-ms=0.0004 peak-call-ms=0.0013 calls=406
[pipeline-stage] housekeeping mean-ms=0.0002 peak-call-ms=0.0032 calls=60
[pipeline-stage] PPU setup mean-ms=0.0057 peak-call-ms=0.0541 calls=60
[pipeline-stage] PPU scanout mean-ms=0.7037 peak-call-ms=5.0651 calls=60
[pipeline-stage] PPU finish mean-ms=0.0006 peak-call-ms=0.0075 calls=60
[pipeline-stage] action total mean-ms=0.3547 peak-call-ms=1.5328 calls=406
[pipeline-stage] action upload mean-ms=0.1784 peak-call-ms=2.6413 calls=60
[pipeline-stage] action analysis mean-ms=0.2613 peak-call-ms=3.1456 calls=60
[pipeline-stage] action setup mean-ms=0.0057 peak-call-ms=0.0534 calls=60
[pipeline-stage] action scanout mean-ms=0.7036 peak-call-ms=5.0644 calls=60
[pipeline-stage] action finish mean-ms=0.0005 peak-call-ms=0.0071 calls=60
[pipeline-stage] action host-post mean-ms=0.0089 peak-call-ms=0.7427 calls=60
[pipeline-stage] action synthesis mean-ms=0.1193 peak-call-ms=0.5173 calls=406
[pipeline-stage] action mesh mean-ms=0.0058 peak-call-ms=0.0237 calls=2030
[pipeline-stage] action supersample mean-ms=0.0583 peak-call-ms=0.2978 calls=812
[pipeline-stage] action DOF mean-ms=0.0338 peak-call-ms=0.7844 calls=406
[pipeline-stage] action submit mean-ms=0.0117 peak-call-ms=0.0239 calls=2030
[pipeline-stage] action callback mean-ms=0.0507 peak-call-ms=0.0944 calls=2030
[pipeline-work] ticks=0.15 repre=0.85 draws=5.0 vertices=427 upload-MiB=0.110 depth-MiB=0.000 depth-copy-MiB=0.000 depth-copy-calls=0.00 jobs=0.00 helpers=0.00 fallback=0.00 failed=0.00 (per-present)
[pipeline-traffic] upload-calls=0.47 skipped=0.13 scan-MiB=0.606 upload-MiB=0.110 mirror-realloc=0.00 (per-present)
[pipeline-atlas] reuse=0.00 copy-MiB=0.000 copy-calls=0.00 (per-present; copies are GPU-only)
[pipeline-path] cpu-project=0.00 cpu-stage=0.00 gpu-reuse=0.00 publish=0.00 opt-out=0.00 limit=0.00 rejected=0.00 (events/present, not view fallbacks)
[pipeline-perf] scene=Action 3D host=0 map=04/04 output=1280x800 frames=414 fps=412.4 cadence-ms=2.425 p95=9.967 max=18.301 refresh=3 vsync=0 cap=0 gpu-ms=unavailable
[pipeline-stage] events/input mean-ms=0.0634 peak-call-ms=7.7037 calls=414
[pipeline-stage] emulation mean-ms=0.0345 peak-call-ms=1.0807 calls=61
[pipeline-stage] PPU + capture mean-ms=0.7153 peak-call-ms=5.1767 calls=61
[pipeline-stage] world map build mean-ms=0.0001 peak-call-ms=0.0008 calls=61
[pipeline-stage] SIM metadata mean-ms=0.0037 peak-call-ms=0.0270 calls=61
[pipeline-stage] town canvas mean-ms=0.0002 peak-call-ms=0.0068 calls=61
[pipeline-stage] frame snapshot mean-ms=0.0087 peak-call-ms=0.0892 calls=61
[pipeline-stage] upload mean-ms=0.4429 peak-call-ms=4.2172 calls=61
[pipeline-stage] presentation mean-ms=0.3285 peak-call-ms=1.1667 calls=414
[pipeline-stage] CRT/resolve mean-ms=0.0006 peak-call-ms=0.0011 calls=828
[pipeline-stage] host UI mean-ms=0.0053 peak-call-ms=0.0314 calls=414
[pipeline-stage] settings UI mean-ms=0.0004 peak-call-ms=0.0012 calls=414
[pipeline-stage] present/wait mean-ms=0.7735 peak-call-ms=2.2624 calls=414
[pipeline-stage] pacing/sleep mean-ms=0.0004 peak-call-ms=0.0245 calls=414
[pipeline-stage] housekeeping mean-ms=0.0002 peak-call-ms=0.0038 calls=61
[pipeline-stage] PPU setup mean-ms=0.0058 peak-call-ms=0.0547 calls=61
[pipeline-stage] PPU scanout mean-ms=0.7043 peak-call-ms=5.0855 calls=61
[pipeline-stage] PPU finish mean-ms=0.0006 peak-call-ms=0.0129 calls=61
[pipeline-stage] action total mean-ms=0.3204 peak-call-ms=1.1554 calls=414
[pipeline-stage] action upload mean-ms=0.1713 peak-call-ms=1.5783 calls=61
[pipeline-stage] action analysis mean-ms=0.2603 peak-call-ms=2.5947 calls=61
[pipeline-stage] action setup mean-ms=0.0057 peak-call-ms=0.0534 calls=61
[pipeline-stage] action scanout mean-ms=0.7042 peak-call-ms=5.0850 calls=61
[pipeline-stage] action finish mean-ms=0.0005 peak-call-ms=0.0126 calls=61
[pipeline-stage] action host-post mean-ms=0.0072 peak-call-ms=0.0596 calls=61
[pipeline-stage] action synthesis mean-ms=0.1026 peak-call-ms=0.4009 calls=414
[pipeline-stage] action mesh mean-ms=0.0057 peak-call-ms=0.0176 calls=2070
[pipeline-stage] action supersample mean-ms=0.0493 peak-call-ms=0.1947 calls=828
[pipeline-stage] action DOF mean-ms=0.0281 peak-call-ms=0.1687 calls=414
[pipeline-stage] action submit mean-ms=0.0119 peak-call-ms=0.0252 calls=2070
[pipeline-stage] action callback mean-ms=0.0556 peak-call-ms=0.0937 calls=2070
[pipeline-work] ticks=0.15 repre=0.85 draws=5.0 vertices=427 upload-MiB=0.109 depth-MiB=0.000 depth-copy-MiB=0.000 depth-copy-calls=0.00 jobs=0.00 helpers=0.00 fallback=0.00 failed=0.00 (per-present)
[pipeline-traffic] upload-calls=0.44 skipped=0.15 scan-MiB=0.612 upload-MiB=0.109 mirror-realloc=0.00 (per-present)
[pipeline-atlas] reuse=0.00 copy-MiB=0.000 copy-calls=0.00 (per-present; copies are GPU-only)
[pipeline-path] cpu-project=0.00 cpu-stage=0.00 gpu-reuse=0.00 publish=0.00 opt-out=0.00 limit=0.00 rejected=0.00 (events/present, not view fallbacks)
[pipeline-perf] scene=Action 3D host=0 map=04/04 output=1280x800 frames=393 fps=391.9 cadence-ms=2.552 p95=10.091 max=19.179 refresh=3 vsync=0 cap=0 gpu-ms=unavailable
[pipeline-stage] events/input mean-ms=0.0676 peak-call-ms=7.9758 calls=393
[pipeline-stage] emulation mean-ms=0.0313 peak-call-ms=0.9888 calls=60
[pipeline-stage] PPU + capture mean-ms=0.7495 peak-call-ms=5.4473 calls=60
[pipeline-stage] world map build mean-ms=0.0001 peak-call-ms=0.0008 calls=60
[pipeline-stage] SIM metadata mean-ms=0.0039 peak-call-ms=0.0359 calls=60
[pipeline-stage] town canvas mean-ms=0.0002 peak-call-ms=0.0015 calls=60
[pipeline-stage] frame snapshot mean-ms=0.0088 peak-call-ms=0.0739 calls=60
[pipeline-stage] upload mean-ms=0.5494 peak-call-ms=5.2864 calls=60
[pipeline-stage] presentation mean-ms=0.3249 peak-call-ms=1.0762 calls=393
[pipeline-stage] CRT/resolve mean-ms=0.0006 peak-call-ms=0.0014 calls=786
[pipeline-stage] host UI mean-ms=0.0053 peak-call-ms=0.0423 calls=393
[pipeline-stage] settings UI mean-ms=0.0004 peak-call-ms=0.0015 calls=393
[pipeline-stage] present/wait mean-ms=0.7444 peak-call-ms=2.3117 calls=393
[pipeline-stage] pacing/sleep mean-ms=0.0004 peak-call-ms=0.0012 calls=393
[pipeline-stage] housekeeping mean-ms=0.0002 peak-call-ms=0.0033 calls=60
[pipeline-stage] PPU setup mean-ms=0.0058 peak-call-ms=0.0513 calls=60
[pipeline-stage] PPU scanout mean-ms=0.7339 peak-call-ms=5.3745 calls=60
[pipeline-stage] PPU finish mean-ms=0.0050 peak-call-ms=0.0607 calls=60
[pipeline-stage] action total mean-ms=0.3167 peak-call-ms=1.0625 calls=393
[pipeline-stage] action upload mean-ms=0.2070 peak-call-ms=2.7812 calls=60
[pipeline-stage] action analysis mean-ms=0.3307 peak-call-ms=3.1978 calls=60
[pipeline-stage] action setup mean-ms=0.0057 peak-call-ms=0.0507 calls=60
[pipeline-stage] action scanout mean-ms=0.7338 peak-call-ms=5.3739 calls=60
[pipeline-stage] action finish mean-ms=0.0050 peak-call-ms=0.0604 calls=60
[pipeline-stage] action host-post mean-ms=0.0075 peak-call-ms=0.0589 calls=60
[pipeline-stage] action synthesis mean-ms=0.1135 peak-call-ms=0.8324 calls=393
[pipeline-stage] action mesh mean-ms=0.0058 peak-call-ms=0.0168 calls=1965
[pipeline-stage] action supersample mean-ms=0.0476 peak-call-ms=0.2546 calls=786
[pipeline-stage] action DOF mean-ms=0.0267 peak-call-ms=0.0851 calls=393
[pipeline-stage] action submit mean-ms=0.0117 peak-call-ms=0.0147 calls=1965
[pipeline-stage] action callback mean-ms=0.0490 peak-call-ms=0.0950 calls=1965
[pipeline-work] ticks=0.15 repre=0.85 draws=5.0 vertices=427 upload-MiB=0.163 depth-MiB=0.000 depth-copy-MiB=0.000 depth-copy-calls=0.00 jobs=0.00 helpers=0.00 fallback=0.00 failed=0.00 (per-present)
[pipeline-traffic] upload-calls=0.55 skipped=0.06 scan-MiB=0.597 upload-MiB=0.163 mirror-realloc=0.00 (per-present)
[pipeline-atlas] reuse=0.00 copy-MiB=0.000 copy-calls=0.00 (per-present; copies are GPU-only)
[pipeline-path] cpu-project=0.00 cpu-stage=0.00 gpu-reuse=0.00 publish=0.00 opt-out=0.00 limit=0.00 rejected=0.00 (events/present, not view fallbacks)
[pipeline-perf] scene=Action 3D host=0 map=04/04 output=1280x800 frames=412 fps=410.6 cadence-ms=2.435 p95=10.034 max=18.697 refresh=3 vsync=0 cap=0 gpu-ms=unavailable
[pipeline-stage] events/input mean-ms=0.0657 peak-call-ms=8.1852 calls=412
[pipeline-stage] emulation mean-ms=0.0320 peak-call-ms=1.2102 calls=60
[pipeline-stage] PPU + capture mean-ms=0.7264 peak-call-ms=5.6804 calls=60
[pipeline-stage] world map build mean-ms=0.0001 peak-call-ms=0.0092 calls=60
[pipeline-stage] SIM metadata mean-ms=0.0037 peak-call-ms=0.0309 calls=60
[pipeline-stage] town canvas mean-ms=0.0002 peak-call-ms=0.0015 calls=60
[pipeline-stage] frame snapshot mean-ms=0.0085 peak-call-ms=0.0781 calls=60
[pipeline-stage] upload mean-ms=0.4455 peak-call-ms=4.7381 calls=60
[pipeline-stage] presentation mean-ms=0.2991 peak-call-ms=0.4796 calls=412
[pipeline-stage] CRT/resolve mean-ms=0.0006 peak-call-ms=0.0011 calls=824
[pipeline-stage] host UI mean-ms=0.0053 peak-call-ms=0.0469 calls=412
[pipeline-stage] settings UI mean-ms=0.0004 peak-call-ms=0.0011 calls=412
[pipeline-stage] present/wait mean-ms=0.7829 peak-call-ms=2.3110 calls=412
[pipeline-stage] pacing/sleep mean-ms=0.0004 peak-call-ms=0.0012 calls=412
[pipeline-stage] housekeeping mean-ms=0.0002 peak-call-ms=0.0115 calls=60
[pipeline-stage] PPU setup mean-ms=0.0058 peak-call-ms=0.0535 calls=60
[pipeline-stage] PPU scanout mean-ms=0.7147 peak-call-ms=5.6079 calls=60
[pipeline-stage] PPU finish mean-ms=0.0012 peak-call-ms=0.0256 calls=60
[pipeline-stage] action total mean-ms=0.2910 peak-call-ms=0.4536 calls=412
[pipeline-stage] action upload mean-ms=0.1726 peak-call-ms=1.7255 calls=60
[pipeline-stage] action analysis mean-ms=0.2617 peak-call-ms=3.2301 calls=60
[pipeline-stage] action setup mean-ms=0.0057 peak-call-ms=0.0525 calls=60
[pipeline-stage] action scanout mean-ms=0.7146 peak-call-ms=5.6071 calls=60
[pipeline-stage] action finish mean-ms=0.0012 peak-call-ms=0.0252 calls=60
[pipeline-stage] action host-post mean-ms=0.0072 peak-call-ms=0.0748 calls=60
[pipeline-stage] action synthesis mean-ms=0.1047 peak-call-ms=0.2749 calls=412
[pipeline-stage] action mesh mean-ms=0.0058 peak-call-ms=0.0140 calls=2060
[pipeline-stage] action supersample mean-ms=0.0476 peak-call-ms=0.0603 calls=824
[pipeline-stage] action DOF mean-ms=0.0276 peak-call-ms=0.0926 calls=412
[pipeline-stage] action submit mean-ms=0.0119 peak-call-ms=0.0311 calls=2060
[pipeline-stage] action callback mean-ms=0.0345 peak-call-ms=0.0760 calls=2060
[pipeline-work] ticks=0.15 repre=0.85 draws=5.0 vertices=427 upload-MiB=0.116 depth-MiB=0.000 depth-copy-MiB=0.000 depth-copy-calls=0.00 jobs=0.00 helpers=0.00 fallback=0.00 failed=0.00 (per-present)
[pipeline-traffic] upload-calls=0.43 skipped=0.16 scan-MiB=0.600 upload-MiB=0.116 mirror-realloc=0.00 (per-present)
[pipeline-atlas] reuse=0.00 copy-MiB=0.000 copy-calls=0.00 (per-present; copies are GPU-only)
[pipeline-path] cpu-project=0.00 cpu-stage=0.00 gpu-reuse=0.00 publish=0.00 opt-out=0.00 limit=0.00 rejected=0.00 (events/present, not view fallbacks)
[pipeline-perf] scene=Action 3D host=0 map=04/04 output=1280x800 frames=398 fps=396.2 cadence-ms=2.524 p95=10.261 max=19.623 refresh=3 vsync=0 cap=0 gpu-ms=unavailable
[pipeline-stage] events/input mean-ms=0.0659 peak-call-ms=7.8273 calls=398
[pipeline-stage] emulation mean-ms=0.0304 peak-call-ms=0.8143 calls=61
[pipeline-stage] PPU + capture mean-ms=0.7734 peak-call-ms=5.4258 calls=61
[pipeline-stage] world map build mean-ms=0.0001 peak-call-ms=0.0009 calls=61
[pipeline-stage] SIM metadata mean-ms=0.0038 peak-call-ms=0.0325 calls=61
[pipeline-stage] town canvas mean-ms=0.0002 peak-call-ms=0.0016 calls=61
[pipeline-stage] frame snapshot mean-ms=0.0089 peak-call-ms=0.0959 calls=61
[pipeline-stage] upload mean-ms=0.4881 peak-call-ms=5.2981 calls=61
[pipeline-stage] presentation mean-ms=0.3140 peak-call-ms=0.4811 calls=398
[pipeline-stage] CRT/resolve mean-ms=0.0007 peak-call-ms=0.0426 calls=796
[pipeline-stage] host UI mean-ms=0.0053 peak-call-ms=0.0229 calls=398
[pipeline-stage] settings UI mean-ms=0.0004 peak-call-ms=0.0140 calls=398
[pipeline-stage] present/wait mean-ms=0.7916 peak-call-ms=2.5127 calls=398
[pipeline-stage] pacing/sleep mean-ms=0.0004 peak-call-ms=0.0012 calls=398
[pipeline-stage] housekeeping mean-ms=0.0003 peak-call-ms=0.0293 calls=61
[pipeline-stage] PPU setup mean-ms=0.0059 peak-call-ms=0.0537 calls=61
[pipeline-stage] PPU scanout mean-ms=0.7604 peak-call-ms=5.3417 calls=61
[pipeline-stage] PPU finish mean-ms=0.0024 peak-call-ms=0.0333 calls=61
[pipeline-stage] action total mean-ms=0.3057 peak-call-ms=0.4744 calls=398
[pipeline-stage] action upload mean-ms=0.1905 peak-call-ms=2.7546 calls=61
[pipeline-stage] action analysis mean-ms=0.2858 peak-call-ms=3.8216 calls=61
[pipeline-stage] action setup mean-ms=0.0058 peak-call-ms=0.0529 calls=61
[pipeline-stage] action scanout mean-ms=0.7603 peak-call-ms=5.3410 calls=61
[pipeline-stage] action finish mean-ms=0.0024 peak-call-ms=0.0329 calls=61
[pipeline-stage] action host-post mean-ms=0.0075 peak-call-ms=0.0575 calls=61
[pipeline-stage] action synthesis mean-ms=0.1009 peak-call-ms=0.2026 calls=398
[pipeline-stage] action mesh mean-ms=0.0059 peak-call-ms=0.0395 calls=1990
[pipeline-stage] action supersample mean-ms=0.0477 peak-call-ms=0.1766 calls=796
[pipeline-stage] action DOF mean-ms=0.0277 peak-call-ms=0.0811 calls=398
[pipeline-stage] action submit mean-ms=0.0118 peak-call-ms=0.0378 calls=1990
[pipeline-stage] action callback mean-ms=0.0495 peak-call-ms=0.1102 calls=2118
[pipeline-work] ticks=0.15 repre=0.85 draws=5.0 vertices=427 upload-MiB=0.121 depth-MiB=0.000 depth-copy-MiB=0.000 depth-copy-calls=0.00 jobs=0.00 helpers=0.00 fallback=0.00 failed=0.00 (per-present)
[pipeline-traffic] upload-calls=0.44 skipped=0.17 scan-MiB=0.597 upload-MiB=0.121 mirror-realloc=0.00 (per-present)
[pipeline-atlas] reuse=0.00 copy-MiB=0.000 copy-calls=0.00 (per-present; copies are GPU-only)
[pipeline-path] cpu-project=0.00 cpu-stage=0.00 gpu-reuse=0.00 publish=0.00 opt-out=0.00 limit=0.00 rejected=0.00 (events/present, not view fallbacks)
[pipeline-perf] scene=Action 3D host=0 map=04/04 output=1280x800 frames=401 fps=396.1 cadence-ms=2.525 p95=10.075 max=17.922 refresh=3 vsync=0 cap=0 gpu-ms=unavailable
[pipeline-stage] events/input mean-ms=0.0677 peak-call-ms=8.2283 calls=401
[pipeline-stage] emulation mean-ms=0.0335 peak-call-ms=1.0395 calls=61
[pipeline-stage] PPU + capture mean-ms=0.7633 peak-call-ms=5.4251 calls=61
[pipeline-stage] world map build mean-ms=0.0001 peak-call-ms=0.0011 calls=61
[pipeline-stage] SIM metadata mean-ms=0.0038 peak-call-ms=0.0306 calls=61
[pipeline-stage] town canvas mean-ms=0.0002 peak-call-ms=0.0015 calls=61
[pipeline-stage] frame snapshot mean-ms=0.0087 peak-call-ms=0.0702 calls=61
[pipeline-stage] upload mean-ms=0.5404 peak-call-ms=4.4000 calls=61
[pipeline-stage] presentation mean-ms=0.2981 peak-call-ms=0.5151 calls=401
[pipeline-stage] CRT/resolve mean-ms=0.0006 peak-call-ms=0.0011 calls=802
[pipeline-stage] host UI mean-ms=0.0050 peak-call-ms=0.0195 calls=401
[pipeline-stage] settings UI mean-ms=0.0004 peak-call-ms=0.0150 calls=401
[pipeline-stage] present/wait mean-ms=0.7388 peak-call-ms=2.2348 calls=401
[pipeline-stage] pacing/sleep mean-ms=0.0004 peak-call-ms=0.0011 calls=401
[pipeline-stage] housekeeping mean-ms=0.0002 peak-call-ms=0.0120 calls=61
[pipeline-stage] PPU setup mean-ms=0.0058 peak-call-ms=0.0536 calls=61
[pipeline-stage] PPU scanout mean-ms=0.7490 peak-call-ms=5.3301 calls=61
[pipeline-stage] PPU finish mean-ms=0.0035 peak-call-ms=0.0651 calls=61
[pipeline-stage] action total mean-ms=0.2902 peak-call-ms=0.5030 calls=401
[pipeline-stage] action upload mean-ms=0.1900 peak-call-ms=1.8772 calls=61
[pipeline-stage] action analysis mean-ms=0.3387 peak-call-ms=2.6608 calls=61
[pipeline-stage] action setup mean-ms=0.0058 peak-call-ms=0.0532 calls=61
[pipeline-stage] action scanout mean-ms=0.7489 peak-call-ms=5.3295 calls=61
[pipeline-stage] action finish mean-ms=0.0035 peak-call-ms=0.0648 calls=61
[pipeline-stage] action host-post mean-ms=0.0074 peak-call-ms=0.0637 calls=61
[pipeline-stage] action synthesis mean-ms=0.1110 peak-call-ms=0.1795 calls=401
[pipeline-stage] action mesh mean-ms=0.0056 peak-call-ms=0.0024 calls=2005
[pipeline-stage] action supersample mean-ms=0.0459 peak-call-ms=0.0570 calls=802
[pipeline-stage] action DOF mean-ms=0.0265 peak-call-ms=0.0577 calls=401
[pipeline-stage] action submit mean-ms=0.0116 peak-call-ms=0.0274 calls=2005
[pipeline-stage] action callback mean-ms=0.0324 peak-call-ms=0.0637 calls=2084
[pipeline-work] ticks=0.15 repre=0.85 draws=5.0 vertices=427 upload-MiB=0.136 depth-MiB=0.000 depth-copy-MiB=0.000 depth-copy-calls=0.00 jobs=0.00 helpers=0.00 fallback=0.00 failed=0.00 (per-present)
[pipeline-traffic] upload-calls=0.56 skipped=0.05 scan-MiB=0.611 upload-MiB=0.136 mirror-realloc=0.00 (per-present)
[pipeline-atlas] reuse=0.00 copy-MiB=0.000 copy-calls=0.00 (per-present; copies are GPU-only)
[pipeline-path] cpu-project=0.00 cpu-stage=0.00 gpu-reuse=0.00 publish=0.00 opt-out=0.00 limit=0.00 rejected=0.00 (events/present, not view fallbacks)
[pipeline-perf] scene=Action 3D host=0 map=04/04 output=1280x800 frames=475 fps=473.6 cadence-ms=2.112 p95=9.482 max=18.194 refresh=3 vsync=0 cap=0 gpu-ms=unavailable
[pipeline-stage] events/input mean-ms=0.0573 peak-call-ms=8.1621 calls=475
[pipeline-stage] emulation mean-ms=0.0248 peak-call-ms=0.6990 calls=60
[pipeline-stage] PPU + capture mean-ms=0.6367 peak-call-ms=5.3932 calls=60
[pipeline-stage] world map build mean-ms=0.0001 peak-call-ms=0.0009 calls=60
[pipeline-stage] SIM metadata mean-ms=0.0032 peak-call-ms=0.0294 calls=60
[pipeline-stage] town canvas mean-ms=0.0002 peak-call-ms=0.0260 calls=60
[pipeline-stage] frame snapshot mean-ms=0.0072 peak-call-ms=0.0766 calls=60
[pipeline-stage] upload mean-ms=0.3366 peak-call-ms=4.8703 calls=60
[pipeline-stage] presentation mean-ms=0.2597 peak-call-ms=0.4337 calls=475
[pipeline-stage] CRT/resolve mean-ms=0.0006 peak-call-ms=0.0011 calls=950
[pipeline-stage] host UI mean-ms=0.0050 peak-call-ms=0.0219 calls=475
[pipeline-stage] settings UI mean-ms=0.0004 peak-call-ms=0.0011 calls=475
[pipeline-stage] present/wait mean-ms=0.7190 peak-call-ms=2.3627 calls=475
[pipeline-stage] pacing/sleep mean-ms=0.0004 peak-call-ms=0.0146 calls=475
[pipeline-stage] housekeeping mean-ms=0.0002 peak-call-ms=0.0029 calls=60
[pipeline-stage] PPU setup mean-ms=0.0048 peak-call-ms=0.0685 calls=60
[pipeline-stage] PPU scanout mean-ms=0.6259 peak-call-ms=5.3026 calls=60
[pipeline-stage] PPU finish mean-ms=0.0018 peak-call-ms=0.0301 calls=60
[pipeline-stage] action total mean-ms=0.2521 peak-call-ms=0.4239 calls=475
[pipeline-stage] action upload mean-ms=0.1364 peak-call-ms=2.6696 calls=60
[pipeline-stage] action analysis mean-ms=0.1903 peak-call-ms=3.4918 calls=60
[pipeline-stage] action setup mean-ms=0.0048 peak-call-ms=0.0682 calls=60
[pipeline-stage] action scanout mean-ms=0.6258 peak-call-ms=5.3020 calls=60
[pipeline-stage] action finish mean-ms=0.0018 peak-call-ms=0.0298 calls=60
[pipeline-stage] action host-post mean-ms=0.0062 peak-call-ms=0.0741 calls=60
[pipeline-stage] action synthesis mean-ms=0.0952 peak-call-ms=0.1617 calls=475
[pipeline-stage] action mesh mean-ms=0.0044 peak-call-ms=0.0379 calls=1747
[pipeline-stage] action supersample mean-ms=0.0342 peak-call-ms=0.0647 calls=636
[pipeline-stage] action DOF mean-ms=0.0262 peak-call-ms=0.0553 calls=475
[pipeline-stage] action submit mean-ms=0.0104 peak-call-ms=0.0352 calls=2061
[pipeline-stage] action callback mean-ms=0.0284 peak-call-ms=0.0804 calls=2288
[pipeline-work] ticks=0.13 repre=0.87 draws=4.3 vertices=385 upload-MiB=0.078 depth-MiB=0.000 depth-copy-MiB=0.000 depth-copy-calls=0.00 jobs=0.00 helpers=0.00 fallback=0.00 failed=0.00 (per-present)
[pipeline-traffic] upload-calls=0.30 skipped=0.13 scan-MiB=0.546 upload-MiB=0.078 mirror-realloc=0.00 (per-present)
[pipeline-atlas] reuse=0.00 copy-MiB=0.000 copy-calls=0.00 (per-present; copies are GPU-only)
[pipeline-path] cpu-project=0.00 cpu-stage=0.00 gpu-reuse=0.00 publish=0.00 opt-out=0.00 limit=0.00 rejected=0.00 (events/present, not view fallbacks)
[pipeline-perf] scene=Action 3D host=0 map=04/04 output=1280x800 frames=514 fps=513.0 cadence-ms=1.949 p95=9.158 max=17.557 refresh=3 vsync=0 cap=0 gpu-ms=unavailable
[pipeline-stage] events/input mean-ms=0.0535 peak-call-ms=7.9228 calls=514
[pipeline-stage] emulation mean-ms=0.0300 peak-call-ms=1.4339 calls=60
[pipeline-stage] PPU + capture mean-ms=0.5865 peak-call-ms=5.4140 calls=60
[pipeline-stage] world map build mean-ms=0.0001 peak-call-ms=0.0011 calls=60
[pipeline-stage] SIM metadata mean-ms=0.0030 peak-call-ms=0.0353 calls=60
[pipeline-stage] town canvas mean-ms=0.0001 peak-call-ms=0.0015 calls=60
[pipeline-stage] frame snapshot mean-ms=0.0066 peak-call-ms=0.0722 calls=60
[pipeline-stage] upload mean-ms=0.2756 peak-call-ms=4.8530 calls=60
[pipeline-stage] presentation mean-ms=0.2271 peak-call-ms=0.4703 calls=514
[pipeline-stage] CRT/resolve mean-ms=0.0006 peak-call-ms=0.0220 calls=1028
[pipeline-stage] host UI mean-ms=0.0049 peak-call-ms=0.0212 calls=514
[pipeline-stage] settings UI mean-ms=0.0004 peak-call-ms=0.0015 calls=514
[pipeline-stage] present/wait mean-ms=0.7015 peak-call-ms=2.2329 calls=514
[pipeline-stage] pacing/sleep mean-ms=0.0003 peak-call-ms=0.0014 calls=514
[pipeline-stage] housekeeping mean-ms=0.0002 peak-call-ms=0.0024 calls=60
[pipeline-stage] PPU setup mean-ms=0.0046 peak-call-ms=0.0722 calls=60
[pipeline-stage] PPU scanout mean-ms=0.5778 peak-call-ms=5.3457 calls=60
[pipeline-stage] PPU finish mean-ms=0.0005 peak-call-ms=0.0058 calls=60
[pipeline-stage] action total mean-ms=0.2196 peak-call-ms=0.4570 calls=514
[pipeline-stage] action upload mean-ms=0.1155 peak-call-ms=2.5310 calls=60
[pipeline-stage] action analysis mean-ms=0.1513 peak-call-ms=3.4732 calls=60
[pipeline-stage] action setup mean-ms=0.0046 peak-call-ms=0.0713 calls=60
[pipeline-stage] action scanout mean-ms=0.5777 peak-call-ms=5.3450 calls=60
[pipeline-stage] action finish mean-ms=0.0004 peak-call-ms=0.0054 calls=60
[pipeline-stage] action host-post mean-ms=0.0058 peak-call-ms=0.0595 calls=60
[pipeline-stage] action synthesis mean-ms=0.0952 peak-call-ms=0.1941 calls=514
[pipeline-stage] action mesh mean-ms=0.0036 peak-call-ms=0.0189 calls=1542
[pipeline-stage] action supersample mean-ms=0.0279 peak-call-ms=0.0652 calls=514
[pipeline-stage] action DOF mean-ms=0.0264 peak-call-ms=0.0668 calls=514
[pipeline-stage] action submit mean-ms=0.0100 peak-call-ms=0.0500 calls=2056
[pipeline-stage] action callback mean-ms=0.0087 peak-call-ms=0.0274 calls=2056
[pipeline-work] ticks=0.12 repre=0.88 draws=4.0 vertices=364 upload-MiB=0.063 depth-MiB=0.000 depth-copy-MiB=0.000 depth-copy-calls=0.00 jobs=0.00 helpers=0.00 fallback=0.00 failed=0.00 (per-present)
[pipeline-traffic] upload-calls=0.25 skipped=0.11 scan-MiB=0.482 upload-MiB=0.063 mirror-realloc=0.00 (per-present)
[pipeline-atlas] reuse=0.00 copy-MiB=0.000 copy-calls=0.00 (per-present; copies are GPU-only)
[pipeline-path] cpu-project=0.00 cpu-stage=0.00 gpu-reuse=0.00 publish=0.00 opt-out=0.00 limit=0.00 rejected=0.00 (events/present, not view fallbacks)
[pipeline-perf] scene=Action 3D host=0 map=04/04 output=1280x800 frames=477 fps=475.9 cadence-ms=2.101 p95=9.661 max=19.159 refresh=3 vsync=0 cap=0 gpu-ms=unavailable
[pipeline-stage] events/input mean-ms=0.0732 peak-call-ms=8.2247 calls=477
[pipeline-stage] emulation mean-ms=0.0286 peak-call-ms=1.1324 calls=61
[pipeline-stage] PPU + capture mean-ms=0.6589 peak-call-ms=5.5437 calls=61
[pipeline-stage] world map build mean-ms=0.0001 peak-call-ms=0.0009 calls=61
[pipeline-stage] SIM metadata mean-ms=0.0032 peak-call-ms=0.0343 calls=61
[pipeline-stage] town canvas mean-ms=0.0001 peak-call-ms=0.0015 calls=61
[pipeline-stage] frame snapshot mean-ms=0.0070 peak-call-ms=0.0705 calls=61
[pipeline-stage] upload mean-ms=0.3737 peak-call-ms=4.7316 calls=61
[pipeline-stage] presentation mean-ms=0.2611 peak-call-ms=0.4336 calls=477
[pipeline-stage] CRT/resolve mean-ms=0.0006 peak-call-ms=0.0015 calls=954
[pipeline-stage] host UI mean-ms=0.0052 peak-call-ms=0.0277 calls=477
[pipeline-stage] settings UI mean-ms=0.0004 peak-call-ms=0.0012 calls=477
[pipeline-stage] present/wait mean-ms=0.6468 peak-call-ms=2.2190 calls=477
[pipeline-stage] pacing/sleep mean-ms=0.0004 peak-call-ms=0.0126 calls=477
[pipeline-stage] housekeeping mean-ms=0.0002 peak-call-ms=0.0023 calls=61
[pipeline-stage] PPU setup mean-ms=0.0051 peak-call-ms=0.0873 calls=61
[pipeline-stage] PPU scanout mean-ms=0.6490 peak-call-ms=5.4515 calls=61
[pipeline-stage] PPU finish mean-ms=0.0009 peak-call-ms=0.0133 calls=61
[pipeline-stage] action total mean-ms=0.2532 peak-call-ms=0.4206 calls=477
[pipeline-stage] action upload mean-ms=0.1557 peak-call-ms=2.7429 calls=61
[pipeline-stage] action analysis mean-ms=0.2081 peak-call-ms=2.7162 calls=61
[pipeline-stage] action setup mean-ms=0.0050 peak-call-ms=0.0864 calls=61
[pipeline-stage] action scanout mean-ms=0.6490 peak-call-ms=5.4507 calls=61
[pipeline-stage] action finish mean-ms=0.0008 peak-call-ms=0.0129 calls=61
[pipeline-stage] action host-post mean-ms=0.0063 peak-call-ms=0.0692 calls=61
[pipeline-stage] action synthesis mean-ms=0.1020 peak-call-ms=0.1705 calls=477
[pipeline-stage] action mesh mean-ms=0.0036 peak-call-ms=0.0027 calls=1431
[pipeline-stage] action supersample mean-ms=0.0282 peak-call-ms=0.0698 calls=477
[pipeline-stage] action DOF mean-ms=0.0262 peak-call-ms=0.0609 calls=477
[pipeline-stage] action submit mean-ms=0.0101 peak-call-ms=0.0235 calls=1908
[pipeline-stage] action callback mean-ms=0.0296 peak-call-ms=0.0995 calls=1908
[pipeline-work] ticks=0.13 repre=0.87 draws=4.0 vertices=364 upload-MiB=0.102 depth-MiB=0.000 depth-copy-MiB=0.000 depth-copy-calls=0.00 jobs=0.00 helpers=0.00 fallback=0.00 failed=0.00 (per-present)
[pipeline-traffic] upload-calls=0.33 skipped=0.06 scan-MiB=0.550 upload-MiB=0.102 mirror-realloc=0.00 (per-present)
[pipeline-atlas] reuse=0.00 copy-MiB=0.000 copy-calls=0.00 (per-present; copies are GPU-only)
[pipeline-path] cpu-project=0.00 cpu-stage=0.00 gpu-reuse=0.00 publish=0.00 opt-out=0.00 limit=0.00 rejected=0.00 (events/present, not view fallbacks)
[pipeline-perf] scene=Action 3D host=0 map=04/04 output=1280x800 frames=496 fps=494.9 cadence-ms=2.021 p95=9.444 max=17.845 refresh=3 vsync=0 cap=0 gpu-ms=unavailable
[pipeline-stage] events/input mean-ms=0.0548 peak-call-ms=8.0156 calls=496
[pipeline-stage] emulation mean-ms=0.0223 peak-call-ms=0.8111 calls=60
[pipeline-stage] PPU + capture mean-ms=0.6093 peak-call-ms=5.2830 calls=60
[pipeline-stage] world map build mean-ms=0.0001 peak-call-ms=0.0010 calls=60
[pipeline-stage] SIM metadata mean-ms=0.0032 peak-call-ms=0.0522 calls=60
[pipeline-stage] town canvas mean-ms=0.0001 peak-call-ms=0.0016 calls=60
[pipeline-stage] frame snapshot mean-ms=0.0066 peak-call-ms=0.0751 calls=60
[pipeline-stage] upload mean-ms=0.3421 peak-call-ms=3.5676 calls=60
[pipeline-stage] presentation mean-ms=0.2971 peak-call-ms=0.4654 calls=496
[pipeline-stage] CRT/resolve mean-ms=0.0007 peak-call-ms=0.0221 calls=992
[pipeline-stage] host UI mean-ms=0.0050 peak-call-ms=0.0239 calls=496
[pipeline-stage] settings UI mean-ms=0.0004 peak-call-ms=0.0016 calls=496
[pipeline-stage] present/wait mean-ms=0.6202 peak-call-ms=1.9011 calls=496
[pipeline-stage] pacing/sleep mean-ms=0.0003 peak-call-ms=0.0013 calls=496
[pipeline-stage] housekeeping mean-ms=0.0002 peak-call-ms=0.0018 calls=60
[pipeline-stage] PPU setup mean-ms=0.0046 peak-call-ms=0.0536 calls=60
[pipeline-stage] PPU scanout mean-ms=0.5984 peak-call-ms=5.1725 calls=60
[pipeline-stage] PPU finish mean-ms=0.0025 peak-call-ms=0.0387 calls=60
[pipeline-stage] action total mean-ms=0.2893 peak-call-ms=0.4535 calls=496
[pipeline-stage] action upload mean-ms=0.1380 peak-call-ms=1.4394 calls=60
[pipeline-stage] action analysis mean-ms=0.1948 peak-call-ms=2.1047 calls=60
[pipeline-stage] action setup mean-ms=0.0046 peak-call-ms=0.0532 calls=60
[pipeline-stage] action scanout mean-ms=0.5983 peak-call-ms=5.1720 calls=60
[pipeline-stage] action finish mean-ms=0.0024 peak-call-ms=0.0384 calls=60
[pipeline-stage] action host-post mean-ms=0.0060 peak-call-ms=0.0746 calls=60
[pipeline-stage] action synthesis mean-ms=0.0990 peak-call-ms=0.1699 calls=496
[pipeline-stage] action mesh mean-ms=0.0035 peak-call-ms=0.0339 calls=1488
[pipeline-stage] action supersample mean-ms=0.0283 peak-call-ms=0.0780 calls=496
[pipeline-stage] action DOF mean-ms=0.0259 peak-call-ms=0.0778 calls=496
[pipeline-stage] action submit mean-ms=0.0098 peak-call-ms=0.0354 calls=1984
[pipeline-stage] action callback mean-ms=0.0634 peak-call-ms=0.1072 calls=1984
[pipeline-work] ticks=0.12 repre=0.88 draws=4.0 vertices=364 upload-MiB=0.093 depth-MiB=0.000 depth-copy-MiB=0.000 depth-copy-calls=0.00 jobs=0.00 helpers=0.00 fallback=0.00 failed=0.00 (per-present)
[pipeline-traffic] upload-calls=0.30 skipped=0.06 scan-MiB=0.524 upload-MiB=0.093 mirror-realloc=0.00 (per-present)
[pipeline-atlas] reuse=0.00 copy-MiB=0.000 copy-calls=0.00 (per-present; copies are GPU-only)
[pipeline-path] cpu-project=0.00 cpu-stage=0.00 gpu-reuse=0.00 publish=0.00 opt-out=0.00 limit=0.00 rejected=0.00 (events/present, not view fallbacks)
[pipeline-perf] scene=Action 3D host=0 map=04/04 output=1280x800 frames=422 fps=416.3 cadence-ms=2.402 p95=10.162 max=18.396 refresh=3 vsync=0 cap=0 gpu-ms=unavailable
[pipeline-stage] events/input mean-ms=0.0625 peak-call-ms=7.9765 calls=422
[pipeline-stage] emulation mean-ms=0.0363 peak-call-ms=1.2371 calls=61
[pipeline-stage] PPU + capture mean-ms=0.7403 peak-call-ms=5.5137 calls=61
[pipeline-stage] world map build mean-ms=0.0001 peak-call-ms=0.0009 calls=61
[pipeline-stage] SIM metadata mean-ms=0.0037 peak-call-ms=0.0424 calls=61
[pipeline-stage] town canvas mean-ms=0.0002 peak-call-ms=0.0015 calls=61
[pipeline-stage] frame snapshot mean-ms=0.0080 peak-call-ms=0.0754 calls=61
[pipeline-stage] upload mean-ms=0.5516 peak-call-ms=5.2445 calls=61
[pipeline-stage] presentation mean-ms=0.3219 peak-call-ms=0.4893 calls=422
[pipeline-stage] CRT/resolve mean-ms=0.0007 peak-call-ms=0.0129 calls=844
[pipeline-stage] host UI mean-ms=0.0053 peak-call-ms=0.0250 calls=422
[pipeline-stage] settings UI mean-ms=0.0004 peak-call-ms=0.0011 calls=422
[pipeline-stage] present/wait mean-ms=0.6088 peak-call-ms=2.3472 calls=422
[pipeline-stage] pacing/sleep mean-ms=0.0003 peak-call-ms=0.0011 calls=422
[pipeline-stage] housekeeping mean-ms=0.0002 peak-call-ms=0.0023 calls=61
[pipeline-stage] PPU setup mean-ms=0.0056 peak-call-ms=0.0841 calls=61
[pipeline-stage] PPU scanout mean-ms=0.7292 peak-call-ms=5.4228 calls=61
[pipeline-stage] PPU finish mean-ms=0.0008 peak-call-ms=0.0285 calls=61
[pipeline-stage] action total mean-ms=0.3136 peak-call-ms=0.4794 calls=422
[pipeline-stage] action upload mean-ms=0.2109 peak-call-ms=2.8455 calls=61
[pipeline-stage] action analysis mean-ms=0.3297 peak-call-ms=3.1728 calls=61
[pipeline-stage] action setup mean-ms=0.0056 peak-call-ms=0.0836 calls=61
[pipeline-stage] action scanout mean-ms=0.7291 peak-call-ms=5.4222 calls=61
[pipeline-stage] action finish mean-ms=0.0008 peak-call-ms=0.0282 calls=61
[pipeline-stage] action host-post mean-ms=0.0071 peak-call-ms=0.0698 calls=61
[pipeline-stage] action synthesis mean-ms=0.1080 peak-call-ms=0.1781 calls=422
[pipeline-stage] action mesh mean-ms=0.0038 peak-call-ms=0.0027 calls=1362
[pipeline-stage] action supersample mean-ms=0.0302 peak-call-ms=0.0652 calls=470
[pipeline-stage] action DOF mean-ms=0.0258 peak-call-ms=0.0724 calls=422
[pipeline-stage] action submit mean-ms=0.0102 peak-call-ms=0.0211 calls=1736
[pipeline-stage] action callback mean-ms=0.0730 peak-call-ms=0.1132 calls=1736
[pipeline-work] ticks=0.14 repre=0.86 draws=4.1 vertices=371 upload-MiB=0.167 depth-MiB=0.000 depth-copy-MiB=0.000 depth-copy-calls=0.00 jobs=0.00 helpers=0.00 fallback=0.00 failed=0.00 (per-present)
[pipeline-traffic] upload-calls=0.46 skipped=0.00 scan-MiB=0.529 upload-MiB=0.167 mirror-realloc=0.00 (per-present)
[pipeline-atlas] reuse=0.00 copy-MiB=0.000 copy-calls=0.00 (per-present; copies are GPU-only)
[pipeline-path] cpu-project=0.00 cpu-stage=0.00 gpu-reuse=0.00 publish=0.00 opt-out=0.00 limit=0.00 rejected=0.00 (events/present, not view fallbacks)
[pipeline-perf] scene=Action 3D host=0 map=04/04 output=1280x800 frames=365 fps=363.7 cadence-ms=2.749 p95=10.507 max=18.625 refresh=3 vsync=0 cap=0 gpu-ms=unavailable
[pipeline-stage] events/input mean-ms=0.0694 peak-call-ms=7.4343 calls=365
[pipeline-stage] emulation mean-ms=0.0333 peak-call-ms=0.7414 calls=60
[pipeline-stage] PPU + capture mean-ms=0.8585 peak-call-ms=5.8341 calls=60
[pipeline-stage] world map build mean-ms=0.0001 peak-call-ms=0.0009 calls=60
[pipeline-stage] SIM metadata mean-ms=0.0041 peak-call-ms=0.0265 calls=60
[pipeline-stage] town canvas mean-ms=0.0002 peak-call-ms=0.0094 calls=60
[pipeline-stage] frame snapshot mean-ms=0.0090 peak-call-ms=0.0661 calls=60
[pipeline-stage] upload mean-ms=0.6345 peak-call-ms=5.1496 calls=60
[pipeline-stage] presentation mean-ms=0.3416 peak-call-ms=0.5104 calls=365
[pipeline-stage] CRT/resolve mean-ms=0.0007 peak-call-ms=0.0012 calls=730
[pipeline-stage] host UI mean-ms=0.0052 peak-call-ms=0.0261 calls=365
[pipeline-stage] settings UI mean-ms=0.0004 peak-call-ms=0.0012 calls=365
[pipeline-stage] present/wait mean-ms=0.7245 peak-call-ms=2.3337 calls=365
[pipeline-stage] pacing/sleep mean-ms=0.0004 peak-call-ms=0.0222 calls=365
[pipeline-stage] housekeeping mean-ms=0.0002 peak-call-ms=0.0020 calls=60
[pipeline-stage] PPU setup mean-ms=0.0063 peak-call-ms=0.0631 calls=60
[pipeline-stage] PPU scanout mean-ms=0.8452 peak-call-ms=5.7625 calls=60
[pipeline-stage] PPU finish mean-ms=0.0018 peak-call-ms=0.0456 calls=60
[pipeline-stage] action total mean-ms=0.3333 peak-call-ms=0.5008 calls=365
[pipeline-stage] action upload mean-ms=0.2236 peak-call-ms=2.5865 calls=60
[pipeline-stage] action analysis mean-ms=0.3983 peak-call-ms=3.5484 calls=60
[pipeline-stage] action setup mean-ms=0.0062 peak-call-ms=0.0622 calls=60
[pipeline-stage] action scanout mean-ms=0.8451 peak-call-ms=5.7619 calls=60
[pipeline-stage] action finish mean-ms=0.0018 peak-call-ms=0.0453 calls=60
[pipeline-stage] action host-post mean-ms=0.0080 peak-call-ms=0.0560 calls=60
[pipeline-stage] action synthesis mean-ms=0.1128 peak-call-ms=0.1860 calls=365
[pipeline-stage] action mesh mean-ms=0.0057 peak-call-ms=0.0131 calls=1825
[pipeline-stage] action supersample mean-ms=0.0477 peak-call-ms=0.0695 calls=730
[pipeline-stage] action DOF mean-ms=0.0271 peak-call-ms=0.0670 calls=365
[pipeline-stage] action submit mean-ms=0.0117 peak-call-ms=0.0216 calls=1825
[pipeline-stage] action callback mean-ms=0.0657 peak-call-ms=0.1098 calls=1825
[pipeline-work] ticks=0.16 repre=0.84 draws=5.0 vertices=427 upload-MiB=0.155 depth-MiB=0.000 depth-copy-MiB=0.000 depth-copy-calls=0.00 jobs=0.00 helpers=0.00 fallback=0.00 failed=0.00 (per-present)
[pipeline-traffic] upload-calls=0.63 skipped=0.03 scan-MiB=0.769 upload-MiB=0.155 mirror-realloc=0.00 (per-present)
[pipeline-atlas] reuse=0.00 copy-MiB=0.000 copy-calls=0.00 (per-present; copies are GPU-only)
[pipeline-path] cpu-project=0.00 cpu-stage=0.00 gpu-reuse=0.00 publish=0.00 opt-out=0.00 limit=0.00 rejected=0.00 (events/present, not view fallbacks)
[pipeline-perf] scene=Action 3D host=0 map=04/04 output=1280x800 frames=380 fps=375.9 cadence-ms=2.660 p95=10.384 max=18.987 refresh=3 vsync=0 cap=0 gpu-ms=unavailable
[pipeline-stage] events/input mean-ms=0.0697 peak-call-ms=7.9867 calls=380
[pipeline-stage] emulation mean-ms=0.0306 peak-call-ms=0.6856 calls=61
[pipeline-stage] PPU + capture mean-ms=0.8528 peak-call-ms=5.7468 calls=61
[pipeline-stage] world map build mean-ms=0.0001 peak-call-ms=0.0008 calls=61
[pipeline-stage] SIM metadata mean-ms=0.0040 peak-call-ms=0.0427 calls=61
[pipeline-stage] town canvas mean-ms=0.0002 peak-call-ms=0.0016 calls=61
[pipeline-stage] frame snapshot mean-ms=0.0088 peak-call-ms=0.0688 calls=61
[pipeline-stage] upload mean-ms=0.5973 peak-call-ms=4.8426 calls=61
[pipeline-stage] presentation mean-ms=0.3172 peak-call-ms=0.4795 calls=380
[pipeline-stage] CRT/resolve mean-ms=0.0007 peak-call-ms=0.0194 calls=760
[pipeline-stage] host UI mean-ms=0.0051 peak-call-ms=0.0140 calls=380
[pipeline-stage] settings UI mean-ms=0.0004 peak-call-ms=0.0012 calls=380
[pipeline-stage] present/wait mean-ms=0.7088 peak-call-ms=2.1478 calls=380
[pipeline-stage] pacing/sleep mean-ms=0.0004 peak-call-ms=0.0151 calls=380
[pipeline-stage] housekeeping mean-ms=0.0002 peak-call-ms=0.0020 calls=61
[pipeline-stage] PPU setup mean-ms=0.0063 peak-call-ms=0.0722 calls=61
[pipeline-stage] PPU scanout mean-ms=0.8376 peak-call-ms=5.6407 calls=61
[pipeline-stage] PPU finish mean-ms=0.0037 peak-call-ms=0.0488 calls=61
[pipeline-stage] action total mean-ms=0.3091 peak-call-ms=0.4677 calls=380
[pipeline-stage] action upload mean-ms=0.2068 peak-call-ms=1.4538 calls=61
[pipeline-stage] action analysis mean-ms=0.3771 peak-call-ms=3.4409 calls=61
[pipeline-stage] action setup mean-ms=0.0063 peak-call-ms=0.0712 calls=61
[pipeline-stage] action scanout mean-ms=0.8375 peak-call-ms=5.6401 calls=61
[pipeline-stage] action finish mean-ms=0.0036 peak-call-ms=0.0485 calls=61
[pipeline-stage] action host-post mean-ms=0.0078 peak-call-ms=0.0677 calls=61
[pipeline-stage] action synthesis mean-ms=0.1117 peak-call-ms=0.1801 calls=380
[pipeline-stage] action mesh mean-ms=0.0058 peak-call-ms=0.0206 calls=1900
[pipeline-stage] action supersample mean-ms=0.0467 peak-call-ms=0.0669 calls=760
[pipeline-stage] action DOF mean-ms=0.0265 peak-call-ms=0.0652 calls=380
[pipeline-stage] action submit mean-ms=0.0117 peak-call-ms=0.0232 calls=1900
[pipeline-stage] action callback mean-ms=0.0474 peak-call-ms=0.0915 calls=1900
[pipeline-work] ticks=0.16 repre=0.84 draws=5.0 vertices=427 upload-MiB=0.132 depth-MiB=0.000 depth-copy-MiB=0.000 depth-copy-calls=0.00 jobs=0.00 helpers=0.00 fallback=0.00 failed=0.00 (per-present)
[pipeline-traffic] upload-calls=0.62 skipped=0.02 scan-MiB=0.751 upload-MiB=0.132 mirror-realloc=0.00 (per-present)
[pipeline-atlas] reuse=0.00 copy-MiB=0.000 copy-calls=0.00 (per-present; copies are GPU-only)
[pipeline-path] cpu-project=0.00 cpu-stage=0.00 gpu-reuse=0.00 publish=0.00 opt-out=0.00 limit=0.00 rejected=0.00 (events/present, not view fallbacks)
[widescreen] gf=2573 $18=04 $19=05 -> WIDE clamp=00 mirror=00 repeat=02 bands=0/811c9dc5 normal=00 hud=40/88/168 left-only-y=28 bg-plan=1 source=world/viewport hle=00
[widescreen] gf=2574 $18=04 $19=05 -> WIDE clamp=00 mirror=00 repeat=02 bands=0/811c9dc5 normal=00 hud=40/88/168 left-only-y=28 bg-plan=1 source=world/viewport hle=01
[pipeline-perf] scene=Action 3D host=0 map=04/05 output=1280x800 frames=449 fps=445.5 cadence-ms=2.245 p95=9.654 max=19.445 refresh=3 vsync=0 cap=0 gpu-ms=unavailable
[pipeline-stage] events/input mean-ms=0.0578 peak-call-ms=7.9465 calls=449
[pipeline-stage] emulation mean-ms=0.0293 peak-call-ms=1.1515 calls=61
[pipeline-stage] PPU + capture mean-ms=0.8311 peak-call-ms=7.8301 calls=61
[pipeline-stage] world map build mean-ms=0.0001 peak-call-ms=0.0009 calls=61
[pipeline-stage] SIM metadata mean-ms=0.0034 peak-call-ms=0.0355 calls=61
[pipeline-stage] town canvas mean-ms=0.0002 peak-call-ms=0.0014 calls=61
[pipeline-stage] frame snapshot mean-ms=0.0069 peak-call-ms=0.0655 calls=61
[pipeline-stage] upload mean-ms=0.3040 peak-call-ms=5.3061 calls=61
[pipeline-stage] presentation mean-ms=0.2144 peak-call-ms=0.5461 calls=449
[pipeline-stage] CRT/resolve mean-ms=0.0006 peak-call-ms=0.0014 calls=898
[pipeline-stage] host UI mean-ms=0.0050 peak-call-ms=0.0243 calls=449
[pipeline-stage] settings UI mean-ms=0.0004 peak-call-ms=0.0163 calls=449
[pipeline-stage] present/wait mean-ms=0.7343 peak-call-ms=3.3054 calls=449
[pipeline-stage] pacing/sleep mean-ms=0.0004 peak-call-ms=0.0370 calls=449
[pipeline-stage] housekeeping mean-ms=0.0002 peak-call-ms=0.0199 calls=61
[pipeline-stage] PPU setup mean-ms=0.0053 peak-call-ms=0.0825 calls=61
[pipeline-stage] PPU scanout mean-ms=0.8163 peak-call-ms=6.4224 calls=61
[pipeline-stage] PPU finish mean-ms=0.0005 peak-call-ms=0.0062 calls=61
[pipeline-stage] action total mean-ms=0.2066 peak-call-ms=0.5328 calls=396
[pipeline-stage] action upload mean-ms=0.1437 peak-call-ms=3.0088 calls=61
[pipeline-stage] action analysis mean-ms=0.1426 peak-call-ms=2.3022 calls=61
[pipeline-stage] action setup mean-ms=0.0052 peak-call-ms=0.0817 calls=61
[pipeline-stage] action scanout mean-ms=0.8162 peak-call-ms=6.4217 calls=61
[pipeline-stage] action finish mean-ms=0.0005 peak-call-ms=0.0059 calls=61
[pipeline-stage] action host-post mean-ms=0.0066 peak-call-ms=0.0697 calls=61
[pipeline-stage] action synthesis mean-ms=0.0707 peak-call-ms=0.3259 calls=396
[pipeline-stage] action mesh mean-ms=0.0052 peak-call-ms=0.0264 calls=1980
[pipeline-stage] action supersample mean-ms=0.0416 peak-call-ms=0.0649 calls=792
[pipeline-stage] action DOF mean-ms=0.0258 peak-call-ms=0.1029 calls=396
[pipeline-stage] action submit mean-ms=0.0106 peak-call-ms=0.0270 calls=1980
[pipeline-stage] action callback mean-ms=0.0066 peak-call-ms=0.0335 calls=1980
[pipeline-work] ticks=0.14 repre=0.86 draws=4.4 vertices=377 upload-MiB=0.070 depth-MiB=0.000 depth-copy-MiB=0.000 depth-copy-calls=0.00 jobs=0.00 helpers=0.00 fallback=0.00 failed=0.00 (per-present)
[pipeline-traffic] upload-calls=0.31 skipped=0.26 scan-MiB=0.613 upload-MiB=0.070 mirror-realloc=0.00 (per-present)
[pipeline-atlas] reuse=0.00 copy-MiB=0.000 copy-calls=0.00 (per-present; copies are GPU-only)
[pipeline-path] cpu-project=0.00 cpu-stage=0.00 gpu-reuse=0.00 publish=0.00 opt-out=0.00 limit=0.00 rejected=0.00 (events/present, not view fallbacks)
[present-cadence] tick-presents=3000 re-presents=83094 max-represent-alpha=1.000 no-present-no-sleep=0
[dump] wrote runs/20260912-171959/dump_state.txt + wram/sram/dispatch_log (exit)
[action-bg-hle] provider-summary frames=1363 preflight={layers:2604,tiles:2458419,mismatches:0,outside:0} eligible=2604 layers=2604 lookups=37327808 batches=1821120 tiles=36882048 outside=445760 band-cache={builds:0,hits:0}
[action-room-scene] provider-summary layers=2604 live-fallbacks=0
[action-room-load-hle] summary command5=2 command4=4 bytes=14592
[action-room-gfx-hle] summary command7=3 command6=3 bytes=24960
[action-room-video-hle] summary command3=2 bytes=56
[run-dir] all diagnostics from this run: runs/20260912-171959/  (share with: zip -r report.zip runs/20260912-171959)
